{
  "type": "FeatureCollection",
  "features": [
    {
      "type": "Feature",
      "properties": {
        "name": "Waldo Expedition Route — d030-300_East_8th_Street-Ellis-KS_to_Buttes_Windmill-Weld_County-CO-USA",
        "description": "GPS track exported from Gaia GPS (d030-300_East_8th_Street-Ellis-KS_to_Buttes_Windmill-Weld_County-CO-USA.gpx)",
        "sourceFile": "d030-300_East_8th_Street-Ellis-KS_to_Buttes_Windmill-Weld_County-CO-USA.gpx",
        "generated": "2026-07-24T02:35:25.082Z",
        "pointCount": 4281,
        "distanceKm": 572.219
      },
      "geometry": {
        "type": "LineString",
        "coordinates": [
          [
            -99.555715,
            38.939587,
            645.7
          ],
          [
            -99.555696,
            38.939534,
            641
          ],
          [
            -99.555744,
            38.939478,
            646
          ],
          [
            -99.555816,
            38.939438,
            646
          ],
          [
            -99.556016,
            38.939487,
            646.2
          ],
          [
            -99.556394,
            38.939677,
            645.9
          ],
          [
            -99.556509,
            38.939713,
            646.1
          ],
          [
            -99.556552,
            38.939716,
            646
          ],
          [
            -99.556579,
            38.939694,
            646
          ],
          [
            -99.556596,
            38.939649,
            646
          ],
          [
            -99.556585,
            38.939602,
            646.4
          ],
          [
            -99.556528,
            38.939529,
            646
          ],
          [
            -99.556516,
            38.939441,
            641
          ],
          [
            -99.556581,
            38.939295,
            646
          ],
          [
            -99.556625,
            38.939275,
            646
          ],
          [
            -99.55668,
            38.939272,
            646
          ],
          [
            -99.556727,
            38.939295,
            647.7
          ],
          [
            -99.556872,
            38.93991,
            646
          ],
          [
            -99.556983,
            38.939997,
            646.4
          ],
          [
            -99.556948,
            38.939979,
            644
          ],
          [
            -99.556908,
            38.939993,
            646.4
          ],
          [
            -99.556918,
            38.940023,
            645
          ],
          [
            -99.556971,
            38.940037,
            640
          ],
          [
            -99.556944,
            38.940011,
            646
          ],
          [
            -99.556844,
            38.939984,
            643
          ],
          [
            -99.556808,
            38.939987,
            645
          ],
          [
            -99.556728,
            38.940052,
            642
          ],
          [
            -99.556689,
            38.940059,
            644
          ],
          [
            -99.556742,
            38.940044,
            645
          ],
          [
            -99.556806,
            38.939976,
            643
          ],
          [
            -99.556839,
            38.939972,
            645
          ],
          [
            -99.556957,
            38.940024,
            646
          ],
          [
            -99.556959,
            38.939991,
            645
          ],
          [
            -99.556938,
            38.939984,
            646
          ],
          [
            -99.556918,
            38.940022,
            644
          ],
          [
            -99.556866,
            38.94008,
            644
          ],
          [
            -99.556892,
            38.940113,
            646
          ],
          [
            -99.556947,
            38.940116,
            641
          ],
          [
            -99.556996,
            38.940081,
            644
          ],
          [
            -99.556841,
            38.940021,
            645.9
          ],
          [
            -99.55691,
            38.940024,
            645
          ],
          [
            -99.556958,
            38.93998,
            645
          ],
          [
            -99.556877,
            38.940091,
            645
          ],
          [
            -99.556913,
            38.940131,
            646
          ],
          [
            -99.556895,
            38.940106,
            646
          ],
          [
            -99.556941,
            38.940057,
            645
          ],
          [
            -99.556941,
            38.940013,
            640
          ],
          [
            -99.556907,
            38.940035,
            642
          ],
          [
            -99.556878,
            38.940095,
            644
          ],
          [
            -99.556933,
            38.940094,
            646
          ],
          [
            -99.556935,
            38.939995,
            645
          ],
          [
            -99.556969,
            38.940022,
            640
          ],
          [
            -99.556954,
            38.939989,
            644
          ],
          [
            -99.557193,
            38.940042,
            647
          ],
          [
            -99.557156,
            38.940022,
            649.6
          ],
          [
            -99.557534,
            38.940234,
            648.2
          ],
          [
            -99.557668,
            38.94029,
            647.9
          ],
          [
            -99.557874,
            38.940342,
            647.4
          ],
          [
            -99.558126,
            38.940362,
            647.4
          ],
          [
            -99.55838,
            38.940365,
            647.5
          ],
          [
            -99.55845,
            38.940313,
            647.5
          ],
          [
            -99.558759,
            38.940303,
            647.7
          ],
          [
            -99.560216,
            38.940342,
            649.1
          ],
          [
            -99.560263,
            38.94033,
            648
          ],
          [
            -99.560254,
            38.9404,
            649
          ],
          [
            -99.560242,
            38.941411,
            648.3
          ],
          [
            -99.560257,
            38.941482,
            648.4
          ],
          [
            -99.560224,
            38.941798,
            648.7
          ],
          [
            -99.560205,
            38.942591,
            648
          ],
          [
            -99.560164,
            38.943278,
            648.6
          ],
          [
            -99.560128,
            38.944225,
            651.6
          ],
          [
            -99.560209,
            38.944356,
            652
          ],
          [
            -99.560136,
            38.946696,
            659.5
          ],
          [
            -99.560113,
            38.947149,
            659.9
          ],
          [
            -99.560102,
            38.947946,
            659.3
          ],
          [
            -99.560045,
            38.95002,
            657.1
          ],
          [
            -99.560066,
            38.95061,
            656.8
          ],
          [
            -99.560091,
            38.950679,
            656.7
          ],
          [
            -99.560094,
            38.950722,
            656.6
          ],
          [
            -99.560269,
            38.95079,
            656.5
          ],
          [
            -99.560359,
            38.95076,
            656.5
          ],
          [
            -99.561084,
            38.950598,
            657.3
          ],
          [
            -99.561325,
            38.950558,
            657.6
          ],
          [
            -99.562217,
            38.950349,
            659.6
          ],
          [
            -99.562361,
            38.950297,
            660
          ],
          [
            -99.562645,
            38.950232,
            660.6
          ],
          [
            -99.562977,
            38.950167,
            661.1
          ],
          [
            -99.563321,
            38.950119,
            661.7
          ],
          [
            -99.563497,
            38.950125,
            661.8
          ],
          [
            -99.563675,
            38.950101,
            661.9
          ],
          [
            -99.563862,
            38.950123,
            661.9
          ],
          [
            -99.566153,
            38.950182,
            661.4
          ],
          [
            -99.569176,
            38.950299,
            661.8
          ],
          [
            -99.569418,
            38.950259,
            661.8
          ],
          [
            -99.570368,
            38.950286,
            661.7
          ],
          [
            -99.572057,
            38.950308,
            660.8
          ],
          [
            -99.575495,
            38.950323,
            660.1
          ],
          [
            -99.577166,
            38.95032,
            661.7
          ],
          [
            -99.578134,
            38.95033,
            662.6
          ],
          [
            -99.578439,
            38.950301,
            662.9
          ],
          [
            -99.589255,
            38.950376,
            664
          ],
          [
            -99.589521,
            38.950359,
            664
          ],
          [
            -99.591908,
            38.950364,
            664.2
          ],
          [
            -99.592717,
            38.950379,
            664.2
          ],
          [
            -99.593796,
            38.950431,
            664.5
          ],
          [
            -99.594336,
            38.950476,
            664.6
          ],
          [
            -99.594872,
            38.950533,
            664.6
          ],
          [
            -99.59595,
            38.950686,
            665
          ],
          [
            -99.59628,
            38.950692,
            665.2
          ],
          [
            -99.59681,
            38.950793,
            665.4
          ],
          [
            -99.597599,
            38.950961,
            665.8
          ],
          [
            -99.598112,
            38.951085,
            665.9
          ],
          [
            -99.59862,
            38.951221,
            666.1
          ],
          [
            -99.59938,
            38.951446,
            666.2
          ],
          [
            -99.600129,
            38.951693,
            666.4
          ],
          [
            -99.607064,
            38.954054,
            665.4
          ],
          [
            -99.607374,
            38.954119,
            665.3
          ],
          [
            -99.61481,
            38.956635,
            667.6
          ],
          [
            -99.61514,
            38.956708,
            667.8
          ],
          [
            -99.622299,
            38.959137,
            672.8
          ],
          [
            -99.622573,
            38.959211,
            672.9
          ],
          [
            -99.623113,
            38.959382,
            673.2
          ],
          [
            -99.623433,
            38.959453,
            673.3
          ],
          [
            -99.62581,
            38.96019,
            672.6
          ],
          [
            -99.627603,
            38.960716,
            671.7
          ],
          [
            -99.627868,
            38.960776,
            671.6
          ],
          [
            -99.629152,
            38.961146,
            671
          ],
          [
            -99.629441,
            38.961199,
            670.9
          ],
          [
            -99.638622,
            38.963893,
            680.2
          ],
          [
            -99.638956,
            38.963943,
            680.3
          ],
          [
            -99.64688,
            38.966277,
            683.4
          ],
          [
            -99.64709,
            38.966319,
            683.6
          ],
          [
            -99.647831,
            38.966532,
            684.3
          ],
          [
            -99.648067,
            38.966624,
            684.5
          ],
          [
            -99.648803,
            38.966837,
            685.5
          ],
          [
            -99.649055,
            38.966885,
            685.7
          ],
          [
            -99.654995,
            38.968599,
            683.9
          ],
          [
            -99.655342,
            38.968672,
            683.8
          ],
          [
            -99.67057,
            38.973104,
            686.6
          ],
          [
            -99.670943,
            38.973167,
            686.4
          ],
          [
            -99.674156,
            38.974086,
            686.5
          ],
          [
            -99.689735,
            38.978591,
            697.3
          ],
          [
            -99.691093,
            38.978959,
            697.6
          ],
          [
            -99.691503,
            38.979034,
            697.7
          ],
          [
            -99.692365,
            38.979224,
            698.1
          ],
          [
            -99.693224,
            38.979396,
            698.7
          ],
          [
            -99.69408,
            38.979547,
            699.2
          ],
          [
            -99.694937,
            38.979674,
            699.7
          ],
          [
            -99.696067,
            38.979814,
            700.3
          ],
          [
            -99.696619,
            38.979869,
            700.6
          ],
          [
            -99.697977,
            38.979969,
            701.6
          ],
          [
            -99.698249,
            38.979968,
            701.9
          ],
          [
            -99.699579,
            38.980025,
            704.6
          ],
          [
            -99.69984,
            38.980052,
            705.2
          ],
          [
            -99.700349,
            38.980073,
            706.5
          ],
          [
            -99.700598,
            38.980066,
            707.2
          ],
          [
            -99.700844,
            38.980093,
            707.9
          ],
          [
            -99.704001,
            38.980217,
            716.9
          ],
          [
            -99.704307,
            38.980195,
            717.7
          ],
          [
            -99.70822,
            38.980351,
            729
          ],
          [
            -99.718542,
            38.980793,
            722.4
          ],
          [
            -99.723129,
            38.981007,
            724.5
          ],
          [
            -99.72341,
            38.981005,
            724.4
          ],
          [
            -99.723692,
            38.98104,
            724.3
          ],
          [
            -99.723971,
            38.98106,
            724.3
          ],
          [
            -99.724364,
            38.981035,
            724.3
          ],
          [
            -99.725212,
            38.98112,
            724
          ],
          [
            -99.726069,
            38.981229,
            723.5
          ],
          [
            -99.72693,
            38.981361,
            722.8
          ],
          [
            -99.727509,
            38.981461,
            722.5
          ],
          [
            -99.728378,
            38.981631,
            722
          ],
          [
            -99.728957,
            38.98176,
            722
          ],
          [
            -99.732406,
            38.982621,
            720.8
          ],
          [
            -99.732761,
            38.982651,
            720.8
          ],
          [
            -99.741986,
            38.984889,
            725.1
          ],
          [
            -99.7423,
            38.984946,
            725.4
          ],
          [
            -99.74665,
            38.985974,
            730
          ],
          [
            -99.74705,
            38.986035,
            730.3
          ],
          [
            -99.753251,
            38.987552,
            732.8
          ],
          [
            -99.753552,
            38.987607,
            732.8
          ],
          [
            -99.760005,
            38.989132,
            734.9
          ],
          [
            -99.760397,
            38.989193,
            734.9
          ],
          [
            -99.769764,
            38.991453,
            735.5
          ],
          [
            -99.770126,
            38.991522,
            735.3
          ],
          [
            -99.776546,
            38.993039,
            736.1
          ],
          [
            -99.77692,
            38.993097,
            736.1
          ],
          [
            -99.787052,
            38.995546,
            739.4
          ],
          [
            -99.787421,
            38.995581,
            739.5
          ],
          [
            -99.795102,
            38.997439,
            741.9
          ],
          [
            -99.795386,
            38.997489,
            742
          ],
          [
            -99.795955,
            38.997617,
            742.1
          ],
          [
            -99.796281,
            38.997661,
            742.1
          ],
          [
            -99.798859,
            38.998223,
            741.8
          ],
          [
            -99.800562,
            38.998543,
            741.3
          ],
          [
            -99.800862,
            38.99858,
            741.1
          ],
          [
            -99.802048,
            38.998783,
            740.9
          ],
          [
            -99.802402,
            38.998861,
            740.7
          ],
          [
            -99.802995,
            38.998964,
            740.4
          ],
          [
            -99.803237,
            38.998989,
            740.3
          ],
          [
            -99.803597,
            38.99905,
            740.1
          ],
          [
            -99.803866,
            38.999066,
            739.9
          ],
          [
            -99.810358,
            39.00022,
            740
          ],
          [
            -99.810721,
            39.000254,
            740.1
          ],
          [
            -99.818614,
            39.001653,
            742.1
          ],
          [
            -99.818919,
            39.001688,
            742.2
          ],
          [
            -99.819827,
            39.001843,
            742.4
          ],
          [
            -99.820154,
            39.001871,
            742.4
          ],
          [
            -99.828316,
            39.003316,
            746
          ],
          [
            -99.828683,
            39.003335,
            746.2
          ],
          [
            -99.834692,
            39.00442,
            745
          ],
          [
            -99.835042,
            39.004433,
            744.9
          ],
          [
            -99.840478,
            39.005411,
            744.2
          ],
          [
            -99.840796,
            39.005419,
            744.3
          ],
          [
            -99.842785,
            39.005765,
            744.9
          ],
          [
            -99.847425,
            39.006595,
            745.8
          ],
          [
            -99.84778,
            39.006616,
            745.8
          ],
          [
            -99.850066,
            39.007008,
            746.1
          ],
          [
            -99.855182,
            39.007923,
            745.7
          ],
          [
            -99.855587,
            39.007949,
            745.4
          ],
          [
            -99.861248,
            39.008949,
            743.2
          ],
          [
            -99.863042,
            39.009299,
            743.5
          ],
          [
            -99.863415,
            39.00934,
            743.8
          ],
          [
            -99.872699,
            39.011287,
            752.1
          ],
          [
            -99.873043,
            39.011325,
            751.8
          ],
          [
            -99.881939,
            39.013183,
            745.2
          ],
          [
            -99.882308,
            39.013218,
            745.4
          ],
          [
            -99.8862,
            39.014035,
            748.8
          ],
          [
            -99.887243,
            39.014271,
            749.6
          ],
          [
            -99.887493,
            39.014317,
            749.8
          ],
          [
            -99.888402,
            39.014645,
            750
          ],
          [
            -99.888805,
            39.014811,
            749.5
          ],
          [
            -99.889703,
            39.015205,
            746.9
          ],
          [
            -99.889879,
            39.015258,
            746.6
          ],
          [
            -99.889916,
            39.015296,
            746.6
          ],
          [
            -99.890041,
            39.015306,
            748
          ],
          [
            -99.890134,
            39.015285,
            748.7
          ],
          [
            -99.890179,
            39.015249,
            748.7
          ],
          [
            -99.890212,
            39.015194,
            748.7
          ],
          [
            -99.890231,
            39.015124,
            748.7
          ],
          [
            -99.890239,
            39.015042,
            748.7
          ],
          [
            -99.890222,
            39.01494,
            748.6
          ],
          [
            -99.890166,
            39.014789,
            748.7
          ],
          [
            -99.89016,
            39.014682,
            748.7
          ],
          [
            -99.890138,
            39.012728,
            749.1
          ],
          [
            -99.890155,
            39.012618,
            749.1
          ],
          [
            -99.890183,
            39.012577,
            749.1
          ],
          [
            -99.890227,
            39.012551,
            749.1
          ],
          [
            -99.890271,
            39.012544,
            749.1
          ],
          [
            -99.890316,
            39.012552,
            749.1
          ],
          [
            -99.89035,
            39.01257,
            749.1
          ],
          [
            -99.890589,
            39.01282,
            749.1
          ],
          [
            -99.890599,
            39.012858,
            749.4
          ],
          [
            -99.890759,
            39.013037,
            750.6
          ],
          [
            -99.89079,
            39.013045,
            750.7
          ],
          [
            -99.890799,
            39.013092,
            750.6
          ],
          [
            -99.890855,
            39.013174,
            750.5
          ],
          [
            -99.890826,
            39.013193,
            750
          ],
          [
            -99.890847,
            39.013127,
            750.4
          ],
          [
            -99.890773,
            39.013177,
            750.4
          ],
          [
            -99.890788,
            39.013203,
            750
          ],
          [
            -99.890825,
            39.013226,
            750.4
          ],
          [
            -99.890954,
            39.013256,
            749.8
          ],
          [
            -99.891207,
            39.013287,
            749.1
          ],
          [
            -99.891327,
            39.013279,
            748.9
          ],
          [
            -99.891383,
            39.01326,
            748.8
          ],
          [
            -99.891429,
            39.013231,
            748.6
          ],
          [
            -99.891462,
            39.013192,
            748.5
          ],
          [
            -99.891482,
            39.013144,
            748.3
          ],
          [
            -99.891589,
            39.01309,
            748.3
          ],
          [
            -99.891479,
            39.013037,
            748.3
          ],
          [
            -99.891439,
            39.012927,
            748.4
          ],
          [
            -99.891519,
            39.012836,
            748.4
          ],
          [
            -99.891489,
            39.01278,
            748.3
          ],
          [
            -99.8914,
            39.01267,
            748.2
          ],
          [
            -99.891332,
            39.012553,
            748.2
          ],
          [
            -99.891221,
            39.012269,
            748.6
          ],
          [
            -99.891191,
            39.012229,
            748.8
          ],
          [
            -99.89099,
            39.012215,
            748
          ],
          [
            -99.890879,
            39.012239,
            749.1
          ],
          [
            -99.890836,
            39.01226,
            749.1
          ],
          [
            -99.890807,
            39.012293,
            749.1
          ],
          [
            -99.890802,
            39.012329,
            749
          ],
          [
            -99.890827,
            39.012367,
            749
          ],
          [
            -99.890932,
            39.012406,
            749
          ],
          [
            -99.890996,
            39.012462,
            748
          ],
          [
            -99.891009,
            39.012512,
            748
          ],
          [
            -99.890998,
            39.012552,
            748
          ],
          [
            -99.890942,
            39.012625,
            748
          ],
          [
            -99.890694,
            39.012759,
            748
          ],
          [
            -99.890578,
            39.012801,
            750.9
          ],
          [
            -99.890486,
            39.01285,
            748
          ],
          [
            -99.890522,
            39.012956,
            748.2
          ],
          [
            -99.890436,
            39.013004,
            748
          ],
          [
            -99.890321,
            39.012974,
            748
          ],
          [
            -99.890411,
            39.013018,
            747
          ],
          [
            -99.890274,
            39.012925,
            749
          ],
          [
            -99.890189,
            39.012959,
            749.2
          ],
          [
            -99.890154,
            39.012992,
            749.3
          ],
          [
            -99.890074,
            39.013042,
            749.3
          ],
          [
            -99.890117,
            39.013098,
            749.2
          ],
          [
            -99.890115,
            39.01317,
            749.1
          ],
          [
            -99.890076,
            39.013242,
            749.1
          ],
          [
            -99.890081,
            39.01412,
            747.8
          ],
          [
            -99.890097,
            39.014245,
            747.7
          ],
          [
            -99.890104,
            39.015231,
            747
          ],
          [
            -99.890084,
            39.015281,
            747
          ],
          [
            -99.890091,
            39.015363,
            746.9
          ],
          [
            -99.890218,
            39.015351,
            746.9
          ],
          [
            -99.890488,
            39.015368,
            746.5
          ],
          [
            -99.890976,
            39.015373,
            746.9
          ],
          [
            -99.891153,
            39.015389,
            747
          ],
          [
            -99.891269,
            39.015359,
            747.2
          ],
          [
            -99.891423,
            39.015388,
            747.4
          ],
          [
            -99.891944,
            39.015384,
            748.1
          ],
          [
            -99.892083,
            39.015367,
            748.3
          ],
          [
            -99.892593,
            39.015393,
            748.7
          ],
          [
            -99.892961,
            39.015431,
            748.8
          ],
          [
            -99.895897,
            39.015976,
            749
          ],
          [
            -99.899091,
            39.016641,
            747.4
          ],
          [
            -99.908276,
            39.018528,
            748.2
          ],
          [
            -99.916055,
            39.020112,
            755
          ],
          [
            -99.923263,
            39.021593,
            755.4
          ],
          [
            -99.929556,
            39.022872,
            753.8
          ],
          [
            -99.930147,
            39.022975,
            753.6
          ],
          [
            -99.930443,
            39.023017,
            753.6
          ],
          [
            -99.931342,
            39.023127,
            753.3
          ],
          [
            -99.93224,
            39.023202,
            753.7
          ],
          [
            -99.933432,
            39.023256,
            754.7
          ],
          [
            -99.933731,
            39.023244,
            755
          ],
          [
            -99.934325,
            39.023247,
            755.4
          ],
          [
            -99.934629,
            39.023262,
            755.5
          ],
          [
            -99.937897,
            39.02322,
            757.7
          ],
          [
            -99.943375,
            39.023193,
            759.9
          ],
          [
            -99.945796,
            39.023191,
            758.2
          ],
          [
            -99.947532,
            39.023175,
            756.8
          ],
          [
            -99.958864,
            39.023155,
            752.9
          ],
          [
            -99.967292,
            39.023124,
            755.5
          ],
          [
            -99.982469,
            39.0231,
            763
          ],
          [
            -99.984605,
            39.023104,
            764.1
          ],
          [
            -99.987966,
            39.023084,
            765.5
          ],
          [
            -99.988822,
            39.023091,
            765.5
          ],
          [
            -99.98973,
            39.023114,
            765.2
          ],
          [
            -99.991468,
            39.023187,
            764.8
          ],
          [
            -100.000947,
            39.023497,
            763.4
          ],
          [
            -100.003051,
            39.02359,
            763.4
          ],
          [
            -100.005189,
            39.02366,
            764.3
          ],
          [
            -100.006032,
            39.023671,
            764.9
          ],
          [
            -100.006642,
            39.023665,
            765.5
          ],
          [
            -100.00755,
            39.023629,
            766
          ],
          [
            -100.012453,
            39.023337,
            769
          ],
          [
            -100.015273,
            39.02319,
            771
          ],
          [
            -100.015902,
            39.02317,
            771.3
          ],
          [
            -100.016844,
            39.023156,
            771.7
          ],
          [
            -100.028374,
            39.023229,
            775.4
          ],
          [
            -100.075627,
            39.023445,
            776.6
          ],
          [
            -100.096798,
            39.023533,
            780.1
          ],
          [
            -100.097788,
            39.023549,
            780.3
          ],
          [
            -100.099404,
            39.023603,
            780.5
          ],
          [
            -100.106765,
            39.023903,
            782
          ],
          [
            -100.107972,
            39.023932,
            782.4
          ],
          [
            -100.111334,
            39.023943,
            783.9
          ],
          [
            -100.112862,
            39.023963,
            784.5
          ],
          [
            -100.130798,
            39.024104,
            792.3
          ],
          [
            -100.1633,
            39.023886,
            787.5
          ],
          [
            -100.164228,
            39.023892,
            787.3
          ],
          [
            -100.165158,
            39.023932,
            786.7
          ],
          [
            -100.166091,
            39.024013,
            786.1
          ],
          [
            -100.167626,
            39.024205,
            786
          ],
          [
            -100.168528,
            39.024369,
            786
          ],
          [
            -100.169121,
            39.024498,
            785.9
          ],
          [
            -100.16971,
            39.024642,
            786.1
          ],
          [
            -100.170859,
            39.024963,
            786.7
          ],
          [
            -100.171427,
            39.025141,
            787
          ],
          [
            -100.172254,
            39.025434,
            787.9
          ],
          [
            -100.172795,
            39.025654,
            788.6
          ],
          [
            -100.1736,
            39.026007,
            789.9
          ],
          [
            -100.174902,
            39.026641,
            791.7
          ],
          [
            -100.178296,
            39.028263,
            796
          ],
          [
            -100.183742,
            39.03084,
            799.7
          ],
          [
            -100.185577,
            39.031721,
            800.8
          ],
          [
            -100.187932,
            39.032823,
            801.8
          ],
          [
            -100.189233,
            39.033446,
            802.5
          ],
          [
            -100.221943,
            39.048839,
            804.5
          ],
          [
            -100.22455,
            39.050051,
            808
          ],
          [
            -100.238166,
            39.056461,
            815.6
          ],
          [
            -100.238856,
            39.056808,
            816.1
          ],
          [
            -100.239077,
            39.056929,
            816.2
          ],
          [
            -100.239466,
            39.057174,
            816.6
          ],
          [
            -100.239801,
            39.057419,
            816.8
          ],
          [
            -100.239934,
            39.057557,
            816.7
          ],
          [
            -100.240725,
            39.058173,
            814.4
          ],
          [
            -100.240854,
            39.058246,
            814.2
          ],
          [
            -100.241148,
            39.058465,
            813.9
          ],
          [
            -100.241287,
            39.058556,
            814.1
          ],
          [
            -100.241344,
            39.058563,
            814.2
          ],
          [
            -100.241504,
            39.058651,
            814.4
          ],
          [
            -100.24144,
            39.058722,
            814.5
          ],
          [
            -100.24144,
            39.059039,
            814.6
          ],
          [
            -100.241423,
            39.059119,
            814.3
          ],
          [
            -100.241437,
            39.059164,
            814.2
          ],
          [
            -100.241388,
            39.059186,
            814.1
          ],
          [
            -100.241282,
            39.059199,
            813.9
          ],
          [
            -100.241255,
            39.059156,
            813.9
          ],
          [
            -100.24116,
            39.059116,
            814.1
          ],
          [
            -100.241107,
            39.059073,
            814.3
          ],
          [
            -100.24107,
            39.059074,
            814.6
          ],
          [
            -100.241036,
            39.059052,
            813
          ],
          [
            -100.241029,
            39.059009,
            804
          ],
          [
            -100.240999,
            39.059029,
            812
          ],
          [
            -100.240897,
            39.058972,
            812
          ],
          [
            -100.240906,
            39.058973,
            808
          ],
          [
            -100.240893,
            39.058947,
            811
          ],
          [
            -100.240898,
            39.058899,
            812
          ],
          [
            -100.240925,
            39.058876,
            812
          ],
          [
            -100.240965,
            39.058871,
            812
          ],
          [
            -100.241008,
            39.058943,
            816.9
          ],
          [
            -100.241038,
            39.058932,
            816.7
          ],
          [
            -100.241125,
            39.058927,
            816.5
          ],
          [
            -100.241356,
            39.058955,
            816.1
          ],
          [
            -100.241428,
            39.058943,
            816.1
          ],
          [
            -100.241484,
            39.058902,
            815.8
          ],
          [
            -100.241353,
            39.059154,
            811.3
          ],
          [
            -100.241388,
            39.059129,
            811.3
          ],
          [
            -100.241459,
            39.059039,
            811.4
          ],
          [
            -100.241509,
            39.05884,
            810.8
          ],
          [
            -100.241504,
            39.058749,
            810.7
          ],
          [
            -100.241558,
            39.058666,
            815.7
          ],
          [
            -100.241507,
            39.058547,
            815.9
          ],
          [
            -100.241572,
            39.058667,
            815.9
          ],
          [
            -100.24169,
            39.058499,
            816
          ],
          [
            -100.241925,
            39.058338,
            816.2
          ],
          [
            -100.24233,
            39.058735,
            816.4
          ],
          [
            -100.2424,
            39.058847,
            816.6
          ],
          [
            -100.243229,
            39.059054,
            818
          ],
          [
            -100.243789,
            39.059174,
            818.4
          ],
          [
            -100.243928,
            39.059213,
            818.5
          ],
          [
            -100.244466,
            39.059434,
            818.2
          ],
          [
            -100.245586,
            39.059956,
            818
          ],
          [
            -100.247014,
            39.060585,
            818.8
          ],
          [
            -100.25431,
            39.06402,
            822.6
          ],
          [
            -100.254606,
            39.064185,
            822.6
          ],
          [
            -100.265048,
            39.069102,
            819.5
          ],
          [
            -100.293042,
            39.082228,
            824
          ],
          [
            -100.321546,
            39.095567,
            824.6
          ],
          [
            -100.322709,
            39.096067,
            825.1
          ],
          [
            -100.322983,
            39.096171,
            825.2
          ],
          [
            -100.323872,
            39.09648,
            825.6
          ],
          [
            -100.324664,
            39.096717,
            826
          ],
          [
            -100.325524,
            39.096945,
            826.3
          ],
          [
            -100.326392,
            39.097141,
            826.7
          ],
          [
            -100.326688,
            39.097181,
            826.7
          ],
          [
            -100.327566,
            39.097329,
            827.1
          ],
          [
            -100.32846,
            39.097447,
            827.6
          ],
          [
            -100.329359,
            39.097531,
            828
          ],
          [
            -100.329969,
            39.097574,
            828.4
          ],
          [
            -100.330886,
            39.097607,
            828.8
          ],
          [
            -100.331798,
            39.097612,
            829.9
          ],
          [
            -100.332107,
            39.097611,
            830.3
          ],
          [
            -100.332445,
            39.097587,
            830.7
          ],
          [
            -100.333962,
            39.097568,
            832.7
          ],
          [
            -100.340396,
            39.097522,
            833.5
          ],
          [
            -100.356678,
            39.097437,
            839.4
          ],
          [
            -100.3571,
            39.097457,
            839.4
          ],
          [
            -100.371274,
            39.097374,
            843.9
          ],
          [
            -100.37792,
            39.097345,
            846.4
          ],
          [
            -100.378282,
            39.097362,
            846.7
          ],
          [
            -100.394278,
            39.097257,
            852.1
          ],
          [
            -100.394633,
            39.097273,
            852.2
          ],
          [
            -100.3971,
            39.097263,
            852.6
          ],
          [
            -100.410389,
            39.097173,
            852.3
          ],
          [
            -100.410764,
            39.097194,
            852.4
          ],
          [
            -100.41201,
            39.097212,
            852.7
          ],
          [
            -100.412935,
            39.097251,
            852.8
          ],
          [
            -100.413865,
            39.097304,
            852.7
          ],
          [
            -100.414792,
            39.097373,
            852.9
          ],
          [
            -100.416338,
            39.097531,
            852.8
          ],
          [
            -100.417867,
            39.097729,
            853
          ],
          [
            -100.419083,
            39.09792,
            852.6
          ],
          [
            -100.420292,
            39.098139,
            851.1
          ],
          [
            -100.443965,
            39.102737,
            854.2
          ],
          [
            -100.444388,
            39.102881,
            854.1
          ],
          [
            -100.469587,
            39.107755,
            860.9
          ],
          [
            -100.470028,
            39.107875,
            860.8
          ],
          [
            -100.480214,
            39.109848,
            862.1
          ],
          [
            -100.484665,
            39.110722,
            862.8
          ],
          [
            -100.486176,
            39.111007,
            862.2
          ],
          [
            -100.487699,
            39.111253,
            861.4
          ],
          [
            -100.489602,
            39.111478,
            861.2
          ],
          [
            -100.490527,
            39.111566,
            861.1
          ],
          [
            -100.491455,
            39.11164,
            860.8
          ],
          [
            -100.492692,
            39.111711,
            860.1
          ],
          [
            -100.493933,
            39.111747,
            859.8
          ],
          [
            -100.500129,
            39.111792,
            857.4
          ],
          [
            -100.501737,
            39.111792,
            857.3
          ],
          [
            -100.517198,
            39.111937,
            863.9
          ],
          [
            -100.517581,
            39.111926,
            864.1
          ],
          [
            -100.533965,
            39.112078,
            869.2
          ],
          [
            -100.536138,
            39.112082,
            870.4
          ],
          [
            -100.538637,
            39.112048,
            871.3
          ],
          [
            -100.542051,
            39.112022,
            871.8
          ],
          [
            -100.562203,
            39.111794,
            873.1
          ],
          [
            -100.573745,
            39.111676,
            878.4
          ],
          [
            -100.582992,
            39.111693,
            882.4
          ],
          [
            -100.584618,
            39.111682,
            883.3
          ],
          [
            -100.587106,
            39.111681,
            884.6
          ],
          [
            -100.597908,
            39.111697,
            890.9
          ],
          [
            -100.599833,
            39.111688,
            891.4
          ],
          [
            -100.602878,
            39.111701,
            891.8
          ],
          [
            -100.607849,
            39.111705,
            890.5
          ],
          [
            -100.60814,
            39.111725,
            890.5
          ],
          [
            -100.608823,
            39.111727,
            890.5
          ],
          [
            -100.620235,
            39.111733,
            892.9
          ],
          [
            -100.620927,
            39.111745,
            892.7
          ],
          [
            -100.624351,
            39.111743,
            889.3
          ],
          [
            -100.625842,
            39.111753,
            887
          ],
          [
            -100.62831,
            39.111746,
            884.5
          ],
          [
            -100.634218,
            39.111751,
            885.7
          ],
          [
            -100.634584,
            39.111766,
            885.6
          ],
          [
            -100.646933,
            39.111773,
            891.7
          ],
          [
            -100.647628,
            39.111789,
            892.2
          ],
          [
            -100.655095,
            39.111803,
            897.1
          ],
          [
            -100.683003,
            39.111821,
            900.4
          ],
          [
            -100.686113,
            39.111853,
            900.5
          ],
          [
            -100.701917,
            39.112091,
            899.5
          ],
          [
            -100.722719,
            39.11239,
            901.9
          ],
          [
            -100.724011,
            39.112422,
            902.5
          ],
          [
            -100.739475,
            39.112649,
            907.3
          ],
          [
            -100.743204,
            39.112642,
            909.2
          ],
          [
            -100.748184,
            39.112611,
            911.1
          ],
          [
            -100.76004,
            39.112559,
            911.4
          ],
          [
            -100.764014,
            39.112528,
            913
          ],
          [
            -100.767112,
            39.112519,
            914.4
          ],
          [
            -100.772078,
            39.112485,
            915.8
          ],
          [
            -100.789838,
            39.11243,
            925.4
          ],
          [
            -100.791389,
            39.112417,
            925.7
          ],
          [
            -100.794741,
            39.112416,
            926.6
          ],
          [
            -100.79511,
            39.112421,
            926.7
          ],
          [
            -100.795981,
            39.112453,
            926.8
          ],
          [
            -100.796289,
            39.112475,
            926.9
          ],
          [
            -100.796902,
            39.112541,
            926.9
          ],
          [
            -100.797816,
            39.112684,
            926.9
          ],
          [
            -100.798418,
            39.112809,
            927.1
          ],
          [
            -100.798775,
            39.112894,
            927.2
          ],
          [
            -100.799595,
            39.113116,
            927.4
          ],
          [
            -100.799887,
            39.113206,
            927.4
          ],
          [
            -100.800452,
            39.113401,
            927.7
          ],
          [
            -100.801281,
            39.113735,
            927.9
          ],
          [
            -100.801816,
            39.113983,
            927.9
          ],
          [
            -100.802076,
            39.114114,
            927.9
          ],
          [
            -100.802839,
            39.114537,
            927.8
          ],
          [
            -100.803324,
            39.114837,
            927.9
          ],
          [
            -100.803561,
            39.114996,
            928
          ],
          [
            -100.804012,
            39.115327,
            928
          ],
          [
            -100.804656,
            39.115852,
            928
          ],
          [
            -100.805059,
            39.116222,
            927.8
          ],
          [
            -100.805234,
            39.116421,
            927.8
          ],
          [
            -100.805429,
            39.116714,
            927.8
          ],
          [
            -100.808293,
            39.119871,
            931
          ],
          [
            -100.811805,
            39.123781,
            935.8
          ],
          [
            -100.81308,
            39.12515,
            935.1
          ],
          [
            -100.81447,
            39.126718,
            933.3
          ],
          [
            -100.816165,
            39.128588,
            930.5
          ],
          [
            -100.817375,
            39.129969,
            929.3
          ],
          [
            -100.822512,
            39.135641,
            925.9
          ],
          [
            -100.823927,
            39.137218,
            924.5
          ],
          [
            -100.824785,
            39.138212,
            924.1
          ],
          [
            -100.825311,
            39.138804,
            923.7
          ],
          [
            -100.827424,
            39.141115,
            920.5
          ],
          [
            -100.832206,
            39.146405,
            913.3
          ],
          [
            -100.835925,
            39.150537,
            920
          ],
          [
            -100.836624,
            39.151328,
            920.7
          ],
          [
            -100.837102,
            39.151888,
            921.3
          ],
          [
            -100.837318,
            39.152186,
            921.4
          ],
          [
            -100.838128,
            39.153208,
            922.4
          ],
          [
            -100.83907,
            39.154446,
            923.6
          ],
          [
            -100.849577,
            39.168516,
            936.8
          ],
          [
            -100.854601,
            39.175261,
            931.9
          ],
          [
            -100.855217,
            39.176067,
            930.8
          ],
          [
            -100.855706,
            39.176661,
            930.1
          ],
          [
            -100.856233,
            39.177239,
            929.5
          ],
          [
            -100.856839,
            39.177863,
            929
          ],
          [
            -100.857419,
            39.178396,
            928.5
          ],
          [
            -100.861218,
            39.181758,
            925.6
          ],
          [
            -100.866694,
            39.186641,
            928
          ],
          [
            -100.867529,
            39.187371,
            928.8
          ],
          [
            -100.873007,
            39.192263,
            933.1
          ],
          [
            -100.874159,
            39.193323,
            933.5
          ],
          [
            -100.876485,
            39.195371,
            934.1
          ],
          [
            -100.877068,
            39.195896,
            934.4
          ],
          [
            -100.87821,
            39.196964,
            934.7
          ],
          [
            -100.878576,
            39.197329,
            934.9
          ],
          [
            -100.879111,
            39.197885,
            935.3
          ],
          [
            -100.879634,
            39.198452,
            935.5
          ],
          [
            -100.880143,
            39.199022,
            935.8
          ],
          [
            -100.880635,
            39.199601,
            936
          ],
          [
            -100.880952,
            39.199994,
            936.1
          ],
          [
            -100.881411,
            39.200593,
            936.3
          ],
          [
            -100.881998,
            39.201401,
            936.5
          ],
          [
            -100.882103,
            39.201688,
            936.6
          ],
          [
            -100.882801,
            39.202711,
            937.1
          ],
          [
            -100.888799,
            39.211721,
            942.2
          ],
          [
            -100.891798,
            39.216195,
            947.6
          ],
          [
            -100.897145,
            39.224219,
            952
          ],
          [
            -100.897775,
            39.225118,
            952.2
          ],
          [
            -100.898221,
            39.225719,
            952
          ],
          [
            -100.898803,
            39.226471,
            951.8
          ],
          [
            -100.899437,
            39.227257,
            951.6
          ],
          [
            -100.900925,
            39.228989,
            951.2
          ],
          [
            -100.902699,
            39.231133,
            950.4
          ],
          [
            -100.904916,
            39.233791,
            947.8
          ],
          [
            -100.905847,
            39.234917,
            947.4
          ],
          [
            -100.906751,
            39.236055,
            947.3
          ],
          [
            -100.909414,
            39.239252,
            947.1
          ],
          [
            -100.91342,
            39.244104,
            947
          ],
          [
            -100.913731,
            39.244478,
            947
          ],
          [
            -100.913954,
            39.244721,
            947
          ],
          [
            -100.9301,
            39.264191,
            935.4
          ],
          [
            -100.932192,
            39.266693,
            934.7
          ],
          [
            -100.937775,
            39.273425,
            943.7
          ],
          [
            -100.939011,
            39.274929,
            944.7
          ],
          [
            -100.942266,
            39.278831,
            948.2
          ],
          [
            -100.943655,
            39.280523,
            949.8
          ],
          [
            -100.944756,
            39.281837,
            951.1
          ],
          [
            -100.94772,
            39.285432,
            953.4
          ],
          [
            -100.950597,
            39.288869,
            955.2
          ],
          [
            -100.953713,
            39.292644,
            954.2
          ],
          [
            -100.961761,
            39.302337,
            952.6
          ],
          [
            -100.96451,
            39.305646,
            953.1
          ],
          [
            -100.965326,
            39.306615,
            953.6
          ],
          [
            -100.966004,
            39.307379,
            954.7
          ],
          [
            -100.966548,
            39.307929,
            955.8
          ],
          [
            -100.966932,
            39.308285,
            956.2
          ],
          [
            -100.967529,
            39.308802,
            957.2
          ],
          [
            -100.968148,
            39.309302,
            958.5
          ],
          [
            -100.968534,
            39.309587,
            959.1
          ],
          [
            -100.968981,
            39.309894,
            959.6
          ],
          [
            -100.969671,
            39.310336,
            960.4
          ],
          [
            -100.970143,
            39.31062,
            960.8
          ],
          [
            -100.97111,
            39.311158,
            961.8
          ],
          [
            -100.971513,
            39.311319,
            962.2
          ],
          [
            -100.972018,
            39.31156,
            963.2
          ],
          [
            -100.972791,
            39.3119,
            964.8
          ],
          [
            -100.973857,
            39.312318,
            967.3
          ],
          [
            -100.984619,
            39.316193,
            966.5
          ],
          [
            -100.985701,
            39.316586,
            966.5
          ],
          [
            -100.986502,
            39.316902,
            966.3
          ],
          [
            -100.98728,
            39.317244,
            966
          ],
          [
            -100.988043,
            39.317611,
            965.3
          ],
          [
            -100.988784,
            39.317999,
            964.9
          ],
          [
            -100.989265,
            39.318275,
            964.6
          ],
          [
            -100.989957,
            39.318708,
            964.3
          ],
          [
            -100.990625,
            39.319164,
            964.5
          ],
          [
            -100.99127,
            39.319644,
            965
          ],
          [
            -100.991684,
            39.319974,
            965
          ],
          [
            -100.99208,
            39.320316,
            965.2
          ],
          [
            -100.992651,
            39.32085,
            965.5
          ],
          [
            -100.993018,
            39.321216,
            965.5
          ],
          [
            -100.993234,
            39.321518,
            965.7
          ],
          [
            -100.993587,
            39.321892,
            965.9
          ],
          [
            -100.996825,
            39.325444,
            968
          ],
          [
            -100.99804,
            39.326764,
            967.5
          ],
          [
            -100.999928,
            39.32885,
            966.3
          ],
          [
            -101.006827,
            39.336375,
            960.7
          ],
          [
            -101.007884,
            39.337548,
            961
          ],
          [
            -101.026862,
            39.358319,
            969.3
          ],
          [
            -101.027533,
            39.359029,
            970.2
          ],
          [
            -101.027904,
            39.359393,
            970.5
          ],
          [
            -101.028295,
            39.359754,
            970.8
          ],
          [
            -101.028896,
            39.360268,
            971.3
          ],
          [
            -101.030269,
            39.361233,
            972.4
          ],
          [
            -101.031194,
            39.36182,
            972.7
          ],
          [
            -101.031911,
            39.36223,
            972.7
          ],
          [
            -101.032863,
            39.362694,
            972.8
          ],
          [
            -101.033552,
            39.363007,
            972.9
          ],
          [
            -101.033725,
            39.363178,
            972.9
          ],
          [
            -101.034526,
            39.363629,
            973.2
          ],
          [
            -101.034867,
            39.363884,
            974.3
          ],
          [
            -101.035011,
            39.364021,
            975.1
          ],
          [
            -101.035488,
            39.364325,
            977.2
          ],
          [
            -101.035795,
            39.364472,
            978.1
          ],
          [
            -101.036071,
            39.364568,
            978.8
          ],
          [
            -101.036304,
            39.364629,
            979.6
          ],
          [
            -101.036623,
            39.36467,
            980.6
          ],
          [
            -101.036599,
            39.364821,
            980.6
          ],
          [
            -101.036597,
            39.365988,
            978.8
          ],
          [
            -101.036614,
            39.366128,
            978.5
          ],
          [
            -101.036567,
            39.370631,
            975.5
          ],
          [
            -101.036554,
            39.374878,
            976.6
          ],
          [
            -101.036562,
            39.377756,
            977
          ],
          [
            -101.036547,
            39.380251,
            977.7
          ],
          [
            -101.036514,
            39.383108,
            976.4
          ],
          [
            -101.036521,
            39.383309,
            976.4
          ],
          [
            -101.036548,
            39.383381,
            976.3
          ],
          [
            -101.036534,
            39.383437,
            976
          ],
          [
            -101.036675,
            39.383422,
            975.8
          ],
          [
            -101.040404,
            39.383395,
            973.9
          ],
          [
            -101.040546,
            39.38341,
            974.1
          ],
          [
            -101.042727,
            39.383381,
            975
          ],
          [
            -101.044216,
            39.383373,
            973.8
          ],
          [
            -101.045523,
            39.383344,
            970.9
          ],
          [
            -101.045686,
            39.383349,
            970.3
          ],
          [
            -101.045792,
            39.383367,
            968
          ],
          [
            -101.045855,
            39.383358,
            968.6
          ],
          [
            -101.045892,
            39.383364,
            968.4
          ],
          [
            -101.045881,
            39.383461,
            968.4
          ],
          [
            -101.045866,
            39.384618,
            967.8
          ],
          [
            -101.045877,
            39.385513,
            967.2
          ],
          [
            -101.045857,
            39.385653,
            966.9
          ],
          [
            -101.045832,
            39.387121,
            965
          ],
          [
            -101.045944,
            39.387196,
            965
          ],
          [
            -101.045985,
            39.387655,
            965.5
          ],
          [
            -101.045991,
            39.387964,
            965.6
          ],
          [
            -101.045831,
            39.388068,
            965.6
          ],
          [
            -101.04583,
            39.388281,
            965.2
          ],
          [
            -101.045818,
            39.388395,
            965.1
          ],
          [
            -101.045843,
            39.38895,
            964.4
          ],
          [
            -101.045822,
            39.389061,
            964.3
          ],
          [
            -101.045818,
            39.389402,
            964
          ],
          [
            -101.045871,
            39.389518,
            963.7
          ],
          [
            -101.045887,
            39.38987,
            962.9
          ],
          [
            -101.045815,
            39.389989,
            962.4
          ],
          [
            -101.045805,
            39.391301,
            959.4
          ],
          [
            -101.045792,
            39.39186,
            959.2
          ],
          [
            -101.045818,
            39.392316,
            959.7
          ],
          [
            -101.045804,
            39.392453,
            959.8
          ],
          [
            -101.045804,
            39.394122,
            962
          ],
          [
            -101.045775,
            39.394495,
            962
          ],
          [
            -101.045809,
            39.395173,
            962.2
          ],
          [
            -101.045792,
            39.395271,
            962.1
          ],
          [
            -101.045803,
            39.396124,
            961.7
          ],
          [
            -101.045821,
            39.397059,
            962.3
          ],
          [
            -101.045836,
            39.397119,
            962.1
          ],
          [
            -101.046099,
            39.397144,
            961.7
          ],
          [
            -101.046843,
            39.397063,
            961.4
          ],
          [
            -101.046982,
            39.397076,
            961.4
          ],
          [
            -101.048389,
            39.397078,
            962.9
          ],
          [
            -101.048515,
            39.396965,
            963
          ],
          [
            -101.048901,
            39.396954,
            963.3
          ],
          [
            -101.049032,
            39.397077,
            963.4
          ],
          [
            -101.049157,
            39.397077,
            963.6
          ],
          [
            -101.049321,
            39.397107,
            963.6
          ],
          [
            -101.050202,
            39.397064,
            964.6
          ],
          [
            -101.050332,
            39.397074,
            964.6
          ],
          [
            -101.052174,
            39.397071,
            966.3
          ],
          [
            -101.0523,
            39.397107,
            966.2
          ],
          [
            -101.053072,
            39.397059,
            966.9
          ],
          [
            -101.053202,
            39.39707,
            967
          ],
          [
            -101.055849,
            39.397076,
            967.6
          ],
          [
            -101.0559,
            39.397068,
            967.7
          ],
          [
            -101.055859,
            39.397048,
            967.9
          ],
          [
            -101.055857,
            39.397899,
            966
          ],
          [
            -101.055845,
            39.398,
            966.5
          ],
          [
            -101.055438,
            39.397998,
            966.1
          ],
          [
            -101.055221,
            39.398014,
            966.2
          ],
          [
            -101.054777,
            39.398012,
            966
          ],
          [
            -101.054706,
            39.398157,
            967.2
          ],
          [
            -101.054702,
            39.398221,
            967.3
          ],
          [
            -101.054714,
            39.398292,
            967.2
          ],
          [
            -101.054706,
            39.398369,
            967.1
          ],
          [
            -101.054705,
            39.398947,
            967.1
          ],
          [
            -101.054713,
            39.399452,
            967.4
          ],
          [
            -101.054725,
            39.399555,
            967.5
          ],
          [
            -101.054713,
            39.399663,
            967.6
          ],
          [
            -101.054705,
            39.401358,
            965.3
          ],
          [
            -101.054715,
            39.401633,
            965.4
          ],
          [
            -101.054699,
            39.40177,
            965.4
          ],
          [
            -101.054678,
            39.404229,
            959.1
          ],
          [
            -101.054689,
            39.40473,
            958.1
          ],
          [
            -101.054675,
            39.404899,
            958
          ],
          [
            -101.054665,
            39.406809,
            957.1
          ],
          [
            -101.054677,
            39.406981,
            957
          ],
          [
            -101.054659,
            39.407157,
            956.9
          ],
          [
            -101.054638,
            39.408716,
            956.5
          ],
          [
            -101.05465,
            39.408903,
            956.5
          ],
          [
            -101.054635,
            39.409077,
            956.4
          ],
          [
            -101.054621,
            39.410999,
            956.7
          ],
          [
            -101.054638,
            39.411363,
            957.3
          ],
          [
            -101.054617,
            39.411542,
            957.7
          ],
          [
            -101.054595,
            39.414284,
            963.7
          ],
          [
            -101.054609,
            39.414689,
            964
          ],
          [
            -101.054591,
            39.41483,
            964.3
          ],
          [
            -101.054577,
            39.417082,
            966.2
          ],
          [
            -101.054583,
            39.417883,
            966.8
          ],
          [
            -101.054562,
            39.41808,
            967
          ],
          [
            -101.054546,
            39.420312,
            968.3
          ],
          [
            -101.054561,
            39.420529,
            968.5
          ],
          [
            -101.054542,
            39.420737,
            968.7
          ],
          [
            -101.054525,
            39.422671,
            969.3
          ],
          [
            -101.054533,
            39.424436,
            970.3
          ],
          [
            -101.054512,
            39.424655,
            970.4
          ],
          [
            -101.054489,
            39.426582,
            971.7
          ],
          [
            -101.054484,
            39.42724,
            971.9
          ],
          [
            -101.054498,
            39.428131,
            972.5
          ],
          [
            -101.054477,
            39.428348,
            972.6
          ],
          [
            -101.054456,
            39.431194,
            974.6
          ],
          [
            -101.054463,
            39.43186,
            975
          ],
          [
            -101.054448,
            39.43208,
            975.2
          ],
          [
            -101.054364,
            39.442338,
            981.3
          ],
          [
            -101.054356,
            39.444745,
            981.2
          ],
          [
            -101.054225,
            39.463151,
            982
          ],
          [
            -101.054238,
            39.463325,
            981.7
          ],
          [
            -101.05422,
            39.463546,
            981.4
          ],
          [
            -101.054216,
            39.463993,
            980.5
          ],
          [
            -101.054207,
            39.465725,
            981.4
          ],
          [
            -101.054222,
            39.465966,
            981.7
          ],
          [
            -101.054204,
            39.466185,
            981.8
          ],
          [
            -101.054179,
            39.469928,
            975.1
          ],
          [
            -101.054199,
            39.470164,
            974.4
          ],
          [
            -101.054176,
            39.470383,
            973.7
          ],
          [
            -101.054165,
            39.472118,
            971.2
          ],
          [
            -101.054181,
            39.472343,
            971.1
          ],
          [
            -101.05416,
            39.472562,
            970.9
          ],
          [
            -101.054143,
            39.474477,
            971.8
          ],
          [
            -101.054155,
            39.474704,
            972.1
          ],
          [
            -101.05414,
            39.474923,
            972.1
          ],
          [
            -101.054123,
            39.47763,
            960.2
          ],
          [
            -101.054108,
            39.481422,
            942
          ],
          [
            -101.054126,
            39.481661,
            941.9
          ],
          [
            -101.054106,
            39.481886,
            941.7
          ],
          [
            -101.054092,
            39.48383,
            943.2
          ],
          [
            -101.054103,
            39.484044,
            943.5
          ],
          [
            -101.054087,
            39.484263,
            943.8
          ],
          [
            -101.054062,
            39.486455,
            945.8
          ],
          [
            -101.054061,
            39.486675,
            945.9
          ],
          [
            -101.054082,
            39.48689,
            946
          ],
          [
            -101.054061,
            39.487109,
            946.4
          ],
          [
            -101.054036,
            39.491926,
            947.2
          ],
          [
            -101.054055,
            39.492364,
            947.5
          ],
          [
            -101.054033,
            39.492576,
            948
          ],
          [
            -101.054027,
            39.49428,
            955.8
          ],
          [
            -101.054039,
            39.494493,
            956.8
          ],
          [
            -101.054023,
            39.494712,
            957.6
          ],
          [
            -101.054008,
            39.496486,
            960.5
          ],
          [
            -101.054028,
            39.496715,
            960.8
          ],
          [
            -101.054006,
            39.496934,
            961
          ],
          [
            -101.053994,
            39.498894,
            962
          ],
          [
            -101.054006,
            39.499125,
            962.1
          ],
          [
            -101.05399,
            39.49956,
            962.2
          ],
          [
            -101.053982,
            39.501759,
            959.6
          ],
          [
            -101.054002,
            39.501936,
            959.3
          ],
          [
            -101.053979,
            39.502155,
            959.1
          ],
          [
            -101.053963,
            39.504109,
            959.3
          ],
          [
            -101.053979,
            39.504329,
            959.9
          ],
          [
            -101.053961,
            39.504544,
            960.6
          ],
          [
            -101.053955,
            39.506524,
            963.5
          ],
          [
            -101.053897,
            39.513971,
            970.3
          ],
          [
            -101.053897,
            39.514411,
            970.7
          ],
          [
            -101.053916,
            39.514856,
            970.8
          ],
          [
            -101.053895,
            39.515076,
            970.9
          ],
          [
            -101.053893,
            39.517054,
            971.2
          ],
          [
            -101.053914,
            39.517232,
            970.9
          ],
          [
            -101.053893,
            39.517449,
            970.8
          ],
          [
            -101.053882,
            39.520072,
            970.8
          ],
          [
            -101.053901,
            39.520517,
            970.8
          ],
          [
            -101.053882,
            39.520738,
            970.8
          ],
          [
            -101.05388,
            39.521404,
            970.8
          ],
          [
            -101.05388,
            39.522937,
            970.6
          ],
          [
            -101.053896,
            39.523167,
            970.6
          ],
          [
            -101.053881,
            39.523386,
            970.6
          ],
          [
            -101.053858,
            39.535624,
            973.8
          ],
          [
            -101.053878,
            39.535838,
            973.9
          ],
          [
            -101.053858,
            39.536062,
            973.9
          ],
          [
            -101.05385,
            39.545467,
            972.6
          ],
          [
            -101.05387,
            39.545685,
            972.6
          ],
          [
            -101.053849,
            39.545906,
            972.6
          ],
          [
            -101.053844,
            39.547874,
            972.5
          ],
          [
            -101.053863,
            39.548118,
            972.5
          ],
          [
            -101.053845,
            39.548337,
            972.5
          ],
          [
            -101.053838,
            39.552448,
            971.9
          ],
          [
            -101.053854,
            39.552674,
            971.9
          ],
          [
            -101.053836,
            39.552893,
            971.9
          ],
          [
            -101.053832,
            39.55442,
            972.3
          ],
          [
            -101.053833,
            39.554903,
            972.5
          ],
          [
            -101.053853,
            39.55511,
            972.6
          ],
          [
            -101.053833,
            39.555329,
            972.6
          ],
          [
            -101.053826,
            39.558165,
            972.4
          ],
          [
            -101.053837,
            39.56338,
            971.8
          ],
          [
            -101.053855,
            39.563614,
            971.6
          ],
          [
            -101.05384,
            39.563833,
            971.4
          ],
          [
            -101.053848,
            39.565803,
            969.5
          ],
          [
            -101.05387,
            39.56603,
            969.2
          ],
          [
            -101.053851,
            39.566249,
            968.9
          ],
          [
            -101.05386,
            39.568215,
            966.8
          ],
          [
            -101.053882,
            39.568436,
            966.5
          ],
          [
            -101.053863,
            39.568653,
            966.2
          ],
          [
            -101.053875,
            39.570618,
            965.8
          ],
          [
            -101.053897,
            39.570833,
            965.9
          ],
          [
            -101.053877,
            39.571051,
            966
          ],
          [
            -101.053887,
            39.573023,
            966.8
          ],
          [
            -101.053906,
            39.573264,
            967
          ],
          [
            -101.053889,
            39.573484,
            967.2
          ],
          [
            -101.053892,
            39.574314,
            967.6
          ],
          [
            -101.053902,
            39.575414,
            967.4
          ],
          [
            -101.053922,
            39.575646,
            967.3
          ],
          [
            -101.053911,
            39.575865,
            967.3
          ],
          [
            -101.053933,
            39.576304,
            967.3
          ],
          [
            -101.05397,
            39.576743,
            967.2
          ],
          [
            -101.054027,
            39.577224,
            967.2
          ],
          [
            -101.05413,
            39.577831,
            967.2
          ],
          [
            -101.054272,
            39.578482,
            967.3
          ],
          [
            -101.054291,
            39.578702,
            967.3
          ],
          [
            -101.05583,
            39.586903,
            952.8
          ],
          [
            -101.05702,
            39.593307,
            933.4
          ],
          [
            -101.057247,
            39.594601,
            935.4
          ],
          [
            -101.057333,
            39.595252,
            937.5
          ],
          [
            -101.057422,
            39.596296,
            941.8
          ],
          [
            -101.057472,
            39.597175,
            945.5
          ],
          [
            -101.057502,
            39.597405,
            946.3
          ],
          [
            -101.057484,
            39.597624,
            947.1
          ],
          [
            -101.057475,
            39.599387,
            950.9
          ],
          [
            -101.057421,
            39.603352,
            957
          ],
          [
            -101.057424,
            39.604229,
            958
          ],
          [
            -101.057402,
            39.604448,
            958.3
          ],
          [
            -101.057273,
            39.614254,
            966.2
          ],
          [
            -101.057285,
            39.614708,
            966.4
          ],
          [
            -101.057265,
            39.614927,
            966.5
          ],
          [
            -101.057235,
            39.617556,
            967
          ],
          [
            -101.057247,
            39.617779,
            967
          ],
          [
            -101.05723,
            39.618,
            966.9
          ],
          [
            -101.057203,
            39.620585,
            967
          ],
          [
            -101.057218,
            39.621028,
            966.9
          ],
          [
            -101.057196,
            39.621292,
            966.9
          ],
          [
            -101.057177,
            39.623438,
            965.9
          ],
          [
            -101.057183,
            39.624319,
            965.2
          ],
          [
            -101.057166,
            39.624536,
            965.1
          ],
          [
            -101.057147,
            39.626504,
            965.4
          ],
          [
            -101.057159,
            39.626742,
            965.5
          ],
          [
            -101.057142,
            39.626961,
            965.7
          ],
          [
            -101.057122,
            39.629147,
            967
          ],
          [
            -101.057134,
            39.629378,
            967.1
          ],
          [
            -101.057117,
            39.629597,
            967.1
          ],
          [
            -101.057103,
            39.630909,
            967.7
          ],
          [
            -101.057094,
            39.632009,
            968.3
          ],
          [
            -101.057106,
            39.632229,
            968.5
          ],
          [
            -101.057089,
            39.632405,
            968.5
          ],
          [
            -101.057065,
            39.634601,
            968.3
          ],
          [
            -101.057078,
            39.634821,
            968.1
          ],
          [
            -101.057059,
            39.635087,
            967.8
          ],
          [
            -101.057037,
            39.637007,
            966.2
          ],
          [
            -101.057052,
            39.637452,
            966
          ],
          [
            -101.057031,
            39.637671,
            965.9
          ],
          [
            -101.057013,
            39.639415,
            965.6
          ],
          [
            -101.057026,
            39.639856,
            965.6
          ],
          [
            -101.057006,
            39.640075,
            965.6
          ],
          [
            -101.056986,
            39.641826,
            965.4
          ],
          [
            -101.057,
            39.642285,
            965.1
          ],
          [
            -101.056978,
            39.642505,
            965
          ],
          [
            -101.056957,
            39.644244,
            966.3
          ],
          [
            -101.056967,
            39.644459,
            966.9
          ],
          [
            -101.056953,
            39.644675,
            967.4
          ],
          [
            -101.056932,
            39.646613,
            970
          ],
          [
            -101.056939,
            39.646841,
            970.2
          ],
          [
            -101.056927,
            39.647107,
            970.4
          ],
          [
            -101.056906,
            39.649032,
            971.9
          ],
          [
            -101.056916,
            39.649489,
            972.1
          ],
          [
            -101.056898,
            39.649708,
            972.2
          ],
          [
            -101.056881,
            39.651462,
            972.6
          ],
          [
            -101.056892,
            39.651675,
            972.6
          ],
          [
            -101.056875,
            39.651892,
            972.6
          ],
          [
            -101.056856,
            39.653647,
            972.7
          ],
          [
            -101.056869,
            39.653865,
            972.7
          ],
          [
            -101.05685,
            39.654082,
            972.7
          ],
          [
            -101.056831,
            39.655812,
            972.5
          ],
          [
            -101.056844,
            39.656225,
            972.6
          ],
          [
            -101.056825,
            39.656423,
            972.8
          ],
          [
            -101.056805,
            39.658031,
            972.9
          ],
          [
            -101.056807,
            39.659135,
            972.6
          ],
          [
            -101.05679,
            39.659355,
            972.5
          ],
          [
            -101.056764,
            39.66111,
            971.7
          ],
          [
            -101.056769,
            39.661555,
            971.6
          ],
          [
            -101.056756,
            39.661775,
            971.5
          ],
          [
            -101.056734,
            39.663525,
            971.1
          ],
          [
            -101.056743,
            39.663762,
            971
          ],
          [
            -101.056728,
            39.663981,
            970.8
          ],
          [
            -101.056701,
            39.665955,
            968.8
          ],
          [
            -101.056709,
            39.666187,
            968.6
          ],
          [
            -101.056695,
            39.666402,
            968.5
          ],
          [
            -101.056682,
            39.667279,
            967.6
          ],
          [
            -101.05667,
            39.668371,
            966.8
          ],
          [
            -101.056677,
            39.668543,
            966.7
          ],
          [
            -101.056663,
            39.668807,
            966.6
          ],
          [
            -101.056651,
            39.669638,
            966.4
          ],
          [
            -101.056632,
            39.67117,
            966.5
          ],
          [
            -101.056642,
            39.671394,
            966.5
          ],
          [
            -101.056627,
            39.671613,
            966.5
          ],
          [
            -101.056591,
            39.6747,
            965.2
          ],
          [
            -101.056602,
            39.674919,
            964.8
          ],
          [
            -101.056588,
            39.675142,
            964.4
          ],
          [
            -101.056562,
            39.676895,
            961
          ],
          [
            -101.056574,
            39.677345,
            960.1
          ],
          [
            -101.056552,
            39.677564,
            959.6
          ],
          [
            -101.056534,
            39.679307,
            958
          ],
          [
            -101.056549,
            39.679743,
            957.6
          ],
          [
            -101.056525,
            39.679961,
            957.5
          ],
          [
            -101.056501,
            39.681668,
            955.9
          ],
          [
            -101.056512,
            39.682122,
            955.9
          ],
          [
            -101.056492,
            39.682337,
            955.9
          ],
          [
            -101.056473,
            39.684085,
            956.8
          ],
          [
            -101.056485,
            39.684527,
            957
          ],
          [
            -101.056464,
            39.684746,
            957.2
          ],
          [
            -101.056456,
            39.685404,
            957.6
          ],
          [
            -101.056445,
            39.687606,
            957.4
          ],
          [
            -101.056454,
            39.688938,
            953.4
          ],
          [
            -101.056431,
            39.689157,
            952.7
          ],
          [
            -101.056428,
            39.689376,
            952.1
          ],
          [
            -101.056418,
            39.692196,
            955.1
          ],
          [
            -101.056423,
            39.694824,
            948.2
          ],
          [
            -101.056408,
            39.696496,
            934.8
          ],
          [
            -101.056409,
            39.698734,
            928.4
          ],
          [
            -101.056418,
            39.69895,
            929.1
          ],
          [
            -101.056405,
            39.699166,
            930.1
          ],
          [
            -101.056395,
            39.701743,
            938.3
          ],
          [
            -101.056396,
            39.703493,
            939.5
          ],
          [
            -101.056408,
            39.703712,
            939.7
          ],
          [
            -101.05639,
            39.703928,
            940
          ],
          [
            -101.056381,
            39.70612,
            941.5
          ],
          [
            -101.056394,
            39.706508,
            941.8
          ],
          [
            -101.056378,
            39.706729,
            942
          ],
          [
            -101.056374,
            39.707599,
            943.4
          ],
          [
            -101.056369,
            39.711121,
            949
          ],
          [
            -101.05638,
            39.711341,
            949.3
          ],
          [
            -101.056361,
            39.71156,
            949.6
          ],
          [
            -101.056357,
            39.713311,
            952
          ],
          [
            -101.056376,
            39.713753,
            952.9
          ],
          [
            -101.056356,
            39.713972,
            953.4
          ],
          [
            -101.056353,
            39.715503,
            956.8
          ],
          [
            -101.056373,
            39.715943,
            957.5
          ],
          [
            -101.056352,
            39.716162,
            957.9
          ],
          [
            -101.056351,
            39.717705,
            959.1
          ],
          [
            -101.056371,
            39.718149,
            959.3
          ],
          [
            -101.056349,
            39.718368,
            959.4
          ],
          [
            -101.056348,
            39.718587,
            959.5
          ],
          [
            -101.056341,
            39.720558,
            960.7
          ],
          [
            -101.056356,
            39.720951,
            960.9
          ],
          [
            -101.056338,
            39.72117,
            960.9
          ],
          [
            -101.056332,
            39.722926,
            961.1
          ],
          [
            -101.056351,
            39.723377,
            960.8
          ],
          [
            -101.056331,
            39.723597,
            960.7
          ],
          [
            -101.05633,
            39.724035,
            960.7
          ],
          [
            -101.05633,
            39.725343,
            960.5
          ],
          [
            -101.056344,
            39.725572,
            960.5
          ],
          [
            -101.05633,
            39.725791,
            960.3
          ],
          [
            -101.056331,
            39.727541,
            959.8
          ],
          [
            -101.056342,
            39.727756,
            959.8
          ],
          [
            -101.056331,
            39.727975,
            959.7
          ],
          [
            -101.056314,
            39.729941,
            958.7
          ],
          [
            -101.056321,
            39.730176,
            958.7
          ],
          [
            -101.056294,
            39.730395,
            958.6
          ],
          [
            -101.056242,
            39.731007,
            958.5
          ],
          [
            -101.056153,
            39.731653,
            958.2
          ],
          [
            -101.056071,
            39.732083,
            958
          ],
          [
            -101.05591,
            39.732758,
            957.6
          ],
          [
            -101.055789,
            39.733184,
            957.1
          ],
          [
            -101.055651,
            39.733606,
            956.5
          ],
          [
            -101.055407,
            39.734262,
            955.1
          ],
          [
            -101.055138,
            39.734886,
            952.8
          ],
          [
            -101.053688,
            39.737975,
            939.4
          ],
          [
            -101.052827,
            39.739851,
            931.7
          ],
          [
            -101.052643,
            39.740259,
            930.6
          ],
          [
            -101.052562,
            39.740485,
            930.6
          ],
          [
            -101.052448,
            39.740678,
            930.4
          ],
          [
            -101.051983,
            39.741653,
            932.3
          ],
          [
            -101.051628,
            39.742435,
            935
          ],
          [
            -101.05156,
            39.742624,
            935.5
          ],
          [
            -101.051384,
            39.742967,
            936.8
          ],
          [
            -101.05082,
            39.744144,
            939.7
          ],
          [
            -101.049755,
            39.746484,
            937.3
          ],
          [
            -101.048519,
            39.749096,
            941.3
          ],
          [
            -101.048043,
            39.750162,
            939.9
          ],
          [
            -101.04778,
            39.750832,
            938.1
          ],
          [
            -101.04761,
            39.75133,
            936.2
          ],
          [
            -101.047361,
            39.752187,
            932.6
          ],
          [
            -101.047256,
            39.752653,
            930.6
          ],
          [
            -101.047224,
            39.752888,
            929.7
          ],
          [
            -101.047174,
            39.753124,
            928.7
          ],
          [
            -101.047114,
            39.753604,
            926.5
          ],
          [
            -101.047067,
            39.754084,
            924.9
          ],
          [
            -101.047025,
            39.754812,
            924.2
          ],
          [
            -101.047034,
            39.75504,
            924
          ],
          [
            -101.047019,
            39.75527,
            924.1
          ],
          [
            -101.047021,
            39.75682,
            928.6
          ],
          [
            -101.047036,
            39.757093,
            929.2
          ],
          [
            -101.047022,
            39.757272,
            929.8
          ],
          [
            -101.047006,
            39.758216,
            932.2
          ],
          [
            -101.04702,
            39.75956,
            934.5
          ],
          [
            -101.046998,
            39.7607,
            935.7
          ],
          [
            -101.047017,
            39.761162,
            936.1
          ],
          [
            -101.046997,
            39.761389,
            936.2
          ],
          [
            -101.046993,
            39.76341,
            938.4
          ],
          [
            -101.047001,
            39.763628,
            938.7
          ],
          [
            -101.04699,
            39.763894,
            939
          ],
          [
            -101.046979,
            39.765402,
            940.7
          ],
          [
            -101.046979,
            39.765848,
            941.2
          ],
          [
            -101.046995,
            39.766298,
            941.8
          ],
          [
            -101.046979,
            39.766518,
            942
          ],
          [
            -101.046971,
            39.768314,
            940.4
          ],
          [
            -101.046985,
            39.768532,
            939.5
          ],
          [
            -101.046969,
            39.768758,
            938.5
          ],
          [
            -101.046966,
            39.769448,
            935.9
          ],
          [
            -101.046968,
            39.770367,
            932.3
          ],
          [
            -101.046977,
            39.770615,
            931.5
          ],
          [
            -101.046963,
            39.770844,
            930.8
          ],
          [
            -101.046952,
            39.772861,
            930.6
          ],
          [
            -101.046964,
            39.773083,
            930.9
          ],
          [
            -101.046948,
            39.773303,
            931.2
          ],
          [
            -101.046945,
            39.773738,
            931.5
          ],
          [
            -101.046947,
            39.776864,
            926.3
          ],
          [
            -101.046931,
            39.778,
            928.1
          ],
          [
            -101.046928,
            39.780762,
            931.1
          ],
          [
            -101.04691,
            39.783326,
            919.1
          ],
          [
            -101.04691,
            39.783801,
            917
          ],
          [
            -101.04693,
            39.784049,
            916.1
          ],
          [
            -101.04691,
            39.784282,
            915.3
          ],
          [
            -101.046896,
            39.786118,
            912.3
          ],
          [
            -101.046898,
            39.788146,
            905.1
          ],
          [
            -101.046887,
            39.789252,
            898.1
          ],
          [
            -101.046891,
            39.789999,
            894.1
          ],
          [
            -101.046909,
            39.790193,
            892.7
          ],
          [
            -101.046889,
            39.790428,
            891.3
          ],
          [
            -101.046885,
            39.790903,
            888.7
          ],
          [
            -101.046859,
            39.796116,
            878.5
          ],
          [
            -101.046876,
            39.796318,
            878.4
          ],
          [
            -101.046861,
            39.796498,
            878.4
          ],
          [
            -101.046855,
            39.798362,
            877.5
          ],
          [
            -101.046874,
            39.798679,
            877
          ],
          [
            -101.046853,
            39.798834,
            876.7
          ],
          [
            -101.04685,
            39.799448,
            875.7
          ],
          [
            -101.046937,
            39.799599,
            875.5
          ],
          [
            -101.047005,
            39.800352,
            873.7
          ],
          [
            -101.046844,
            39.800497,
            873.4
          ],
          [
            -101.046839,
            39.801255,
            872.1
          ],
          [
            -101.046935,
            39.801381,
            871.9
          ],
          [
            -101.046972,
            39.802035,
            871.6
          ],
          [
            -101.046836,
            39.802157,
            871.5
          ],
          [
            -101.046831,
            39.804256,
            870.8
          ],
          [
            -101.046846,
            39.8044,
            870.8
          ],
          [
            -101.04683,
            39.804549,
            870.8
          ],
          [
            -101.046826,
            39.805693,
            870.8
          ],
          [
            -101.046937,
            39.805827,
            870.8
          ],
          [
            -101.046949,
            39.805952,
            870.8
          ],
          [
            -101.046823,
            39.806074,
            870.8
          ],
          [
            -101.046823,
            39.806185,
            870.8
          ],
          [
            -101.046842,
            39.806301,
            870.7
          ],
          [
            -101.046821,
            39.80639,
            870.6
          ],
          [
            -101.04682,
            39.806528,
            870.8
          ],
          [
            -101.047033,
            39.806609,
            871
          ],
          [
            -101.04713,
            39.806597,
            870.8
          ],
          [
            -101.04724,
            39.80663,
            870.7
          ],
          [
            -101.047366,
            39.806615,
            870
          ],
          [
            -101.047656,
            39.806607,
            870.3
          ],
          [
            -101.048159,
            39.806565,
            870.1
          ],
          [
            -101.04834,
            39.806572,
            870.2
          ],
          [
            -101.049523,
            39.806556,
            871
          ],
          [
            -101.049754,
            39.806564,
            871.1
          ],
          [
            -101.050359,
            39.806527,
            871.8
          ],
          [
            -101.05062,
            39.806539,
            872
          ],
          [
            -101.052458,
            39.806521,
            876.4
          ],
          [
            -101.053157,
            39.80649,
            879.3
          ],
          [
            -101.053395,
            39.806501,
            880.5
          ],
          [
            -101.05591,
            39.806465,
            893.1
          ],
          [
            -101.056163,
            39.806473,
            894.1
          ],
          [
            -101.056834,
            39.80644,
            897.1
          ],
          [
            -101.057057,
            39.806447,
            897.9
          ],
          [
            -101.05839,
            39.806444,
            900.4
          ],
          [
            -101.058613,
            39.806361,
            900.6
          ],
          [
            -101.059055,
            39.806342,
            900.7
          ],
          [
            -101.059286,
            39.806443,
            900.7
          ],
          [
            -101.059729,
            39.806427,
            900.8
          ],
          [
            -101.059948,
            39.806443,
            900.8
          ],
          [
            -101.061705,
            39.806447,
            901.7
          ],
          [
            -101.06232,
            39.806433,
            902.2
          ],
          [
            -101.062534,
            39.806448,
            902.3
          ],
          [
            -101.06515,
            39.806458,
            905.9
          ],
          [
            -101.065595,
            39.806439,
            906.8
          ],
          [
            -101.065819,
            39.806455,
            907.3
          ],
          [
            -101.067891,
            39.806459,
            911.3
          ],
          [
            -101.068133,
            39.806469,
            911.7
          ],
          [
            -101.068596,
            39.806456,
            912.5
          ],
          [
            -101.07075,
            39.806475,
            911.4
          ],
          [
            -101.071222,
            39.806463,
            910.3
          ],
          [
            -101.07146,
            39.806475,
            909.7
          ],
          [
            -101.077474,
            39.806522,
            917.4
          ],
          [
            -101.077718,
            39.806534,
            917.7
          ],
          [
            -101.078393,
            39.806518,
            919.7
          ],
          [
            -101.078611,
            39.80653,
            920.4
          ],
          [
            -101.080741,
            39.80654,
            925.2
          ],
          [
            -101.080899,
            39.806548,
            925.6
          ],
          [
            -101.081267,
            39.806533,
            926.5
          ],
          [
            -101.081364,
            39.806546,
            926.5
          ],
          [
            -101.081499,
            39.806549,
            926.7
          ],
          [
            -101.081535,
            39.806538,
            926.8
          ],
          [
            -101.081665,
            39.806608,
            926.5
          ],
          [
            -101.081715,
            39.806595,
            926.5
          ],
          [
            -101.081859,
            39.806603,
            926.7
          ],
          [
            -101.082032,
            39.806534,
            926.8
          ],
          [
            -101.082441,
            39.806328,
            927.3
          ],
          [
            -101.082586,
            39.80629,
            927.5
          ],
          [
            -101.083206,
            39.806053,
            928.2
          ],
          [
            -101.083899,
            39.805783,
            928.7
          ],
          [
            -101.084269,
            39.805616,
            929.1
          ],
          [
            -101.084476,
            39.80555,
            929.3
          ],
          [
            -101.085287,
            39.805223,
            930.9
          ],
          [
            -101.086771,
            39.804616,
            933.2
          ],
          [
            -101.087031,
            39.804495,
            933.4
          ],
          [
            -101.087219,
            39.804431,
            933.6
          ],
          [
            -101.087445,
            39.804338,
            933.6
          ],
          [
            -101.089474,
            39.803493,
            935.7
          ],
          [
            -101.089704,
            39.803389,
            935.7
          ],
          [
            -101.092446,
            39.80227,
            936.7
          ],
          [
            -101.092684,
            39.802187,
            936.8
          ],
          [
            -101.095319,
            39.801176,
            938.8
          ],
          [
            -101.095553,
            39.801072,
            938.9
          ],
          [
            -101.095798,
            39.800992,
            939.1
          ],
          [
            -101.098705,
            39.799884,
            938.7
          ],
          [
            -101.099377,
            39.799613,
            938.8
          ],
          [
            -101.099627,
            39.799533,
            938.5
          ],
          [
            -101.102068,
            39.798602,
            937.6
          ],
          [
            -101.102303,
            39.7985,
            937.6
          ],
          [
            -101.102548,
            39.798417,
            937.6
          ],
          [
            -101.10522,
            39.797402,
            940.1
          ],
          [
            -101.105693,
            39.797199,
            940.9
          ],
          [
            -101.105944,
            39.797121,
            941.2
          ],
          [
            -101.107651,
            39.796469,
            942.8
          ],
          [
            -101.108141,
            39.796266,
            942.9
          ],
          [
            -101.108391,
            39.796185,
            943
          ],
          [
            -101.111011,
            39.795183,
            940.5
          ],
          [
            -101.111257,
            39.795078,
            940.3
          ],
          [
            -101.111505,
            39.794994,
            939.9
          ],
          [
            -101.113733,
            39.794146,
            937.7
          ],
          [
            -101.114138,
            39.793976,
            937.5
          ],
          [
            -101.114395,
            39.793893,
            937.7
          ],
          [
            -101.116589,
            39.793055,
            939.7
          ],
          [
            -101.116827,
            39.792954,
            939.9
          ],
          [
            -101.117073,
            39.792869,
            940.1
          ],
          [
            -101.119503,
            39.791941,
            942.8
          ],
          [
            -101.119987,
            39.791741,
            943
          ],
          [
            -101.120238,
            39.791661,
            943.2
          ],
          [
            -101.122665,
            39.790732,
            944.8
          ],
          [
            -101.123144,
            39.790534,
            945
          ],
          [
            -101.123394,
            39.790454,
            945.1
          ],
          [
            -101.125769,
            39.789549,
            947
          ],
          [
            -101.126252,
            39.789352,
            947.6
          ],
          [
            -101.126551,
            39.78925,
            947.8
          ],
          [
            -101.128925,
            39.788341,
            949.8
          ],
          [
            -101.129414,
            39.788165,
            950.3
          ],
          [
            -101.129891,
            39.787961,
            950.6
          ],
          [
            -101.130143,
            39.787876,
            950.8
          ],
          [
            -101.132327,
            39.787042,
            952.1
          ],
          [
            -101.132578,
            39.786955,
            952.3
          ],
          [
            -101.133292,
            39.786655,
            953.1
          ],
          [
            -101.133543,
            39.786576,
            953.3
          ],
          [
            -101.134757,
            39.786119,
            954.6
          ],
          [
            -101.13601,
            39.785701,
            955.1
          ],
          [
            -101.13627,
            39.785645,
            955.1
          ],
          [
            -101.136986,
            39.785454,
            955.9
          ],
          [
            -101.137554,
            39.785316,
            956.6
          ],
          [
            -101.139081,
            39.785009,
            957.6
          ],
          [
            -101.139352,
            39.784982,
            957.7
          ],
          [
            -101.140151,
            39.784873,
            957.3
          ],
          [
            -101.14179,
            39.78472,
            956.5
          ],
          [
            -101.143135,
            39.784692,
            956
          ],
          [
            -101.146967,
            39.784691,
            954.3
          ],
          [
            -101.147233,
            39.784683,
            954
          ],
          [
            -101.149676,
            39.784696,
            952.7
          ],
          [
            -101.149944,
            39.784684,
            952.5
          ],
          [
            -101.152581,
            39.78469,
            952.1
          ],
          [
            -101.152876,
            39.784703,
            952.5
          ],
          [
            -101.153733,
            39.784674,
            953.4
          ],
          [
            -101.153947,
            39.78469,
            953.8
          ],
          [
            -101.156383,
            39.784689,
            959
          ],
          [
            -101.156647,
            39.784706,
            959.4
          ],
          [
            -101.157731,
            39.784672,
            961.6
          ],
          [
            -101.158006,
            39.784688,
            962.2
          ],
          [
            -101.159899,
            39.784687,
            965.6
          ],
          [
            -101.160187,
            39.784703,
            966.1
          ],
          [
            -101.160993,
            39.784677,
            967.5
          ],
          [
            -101.161809,
            39.784685,
            968.9
          ],
          [
            -101.163435,
            39.784672,
            970.9
          ],
          [
            -101.163726,
            39.784701,
            971
          ],
          [
            -101.164536,
            39.784668,
            971.4
          ],
          [
            -101.167263,
            39.784675,
            970.5
          ],
          [
            -101.167481,
            39.78466,
            970.1
          ],
          [
            -101.169916,
            39.784664,
            965.5
          ],
          [
            -101.17019,
            39.784685,
            964.9
          ],
          [
            -101.171005,
            39.784653,
            963.3
          ],
          [
            -101.171275,
            39.784667,
            962.5
          ],
          [
            -101.172622,
            39.78467,
            958.9
          ],
          [
            -101.172891,
            39.784696,
            958.3
          ],
          [
            -101.173984,
            39.784669,
            955.9
          ],
          [
            -101.174254,
            39.784681,
            955.2
          ],
          [
            -101.175596,
            39.78469,
            953.1
          ],
          [
            -101.175886,
            39.784719,
            953
          ],
          [
            -101.176958,
            39.784688,
            952.4
          ],
          [
            -101.177228,
            39.784702,
            952.2
          ],
          [
            -101.180205,
            39.784721,
            951
          ],
          [
            -101.180425,
            39.784752,
            950.9
          ],
          [
            -101.181776,
            39.784715,
            950.9
          ],
          [
            -101.182102,
            39.784733,
            950.7
          ],
          [
            -101.184214,
            39.784745,
            949.5
          ],
          [
            -101.184499,
            39.784771,
            949.6
          ],
          [
            -101.185851,
            39.784739,
            949.2
          ],
          [
            -101.186121,
            39.784754,
            949.1
          ],
          [
            -101.188293,
            39.784765,
            947.5
          ],
          [
            -101.188575,
            39.784795,
            947.2
          ],
          [
            -101.189396,
            39.784768,
            945.8
          ],
          [
            -101.19156,
            39.784785,
            940
          ],
          [
            -101.191828,
            39.784812,
            939.3
          ],
          [
            -101.192646,
            39.784788,
            937.2
          ],
          [
            -101.192916,
            39.784805,
            936.5
          ],
          [
            -101.195079,
            39.784816,
            930.5
          ],
          [
            -101.195363,
            39.784829,
            929.7
          ],
          [
            -101.195903,
            39.784811,
            928.3
          ],
          [
            -101.198343,
            39.784837,
            924.6
          ],
          [
            -101.198822,
            39.784824,
            924
          ],
          [
            -101.199093,
            39.784837,
            923.6
          ],
          [
            -101.202424,
            39.784855,
            921.3
          ],
          [
            -101.202904,
            39.784843,
            920.9
          ],
          [
            -101.203174,
            39.78486,
            920.6
          ],
          [
            -101.205056,
            39.78487,
            920.7
          ],
          [
            -101.205604,
            39.784859,
            921.3
          ],
          [
            -101.205874,
            39.784874,
            921.6
          ],
          [
            -101.209117,
            39.784894,
            929.6
          ],
          [
            -101.209367,
            39.784885,
            930.1
          ],
          [
            -101.20964,
            39.784898,
            930.8
          ],
          [
            -101.212338,
            39.784919,
            938.9
          ],
          [
            -101.212577,
            39.784944,
            939.8
          ],
          [
            -101.213662,
            39.784912,
            942.4
          ],
          [
            -101.213932,
            39.784927,
            943
          ],
          [
            -101.215552,
            39.784935,
            947
          ],
          [
            -101.215881,
            39.784971,
            947.9
          ],
          [
            -101.217171,
            39.784947,
            951.1
          ],
          [
            -101.217441,
            39.784968,
            951.9
          ],
          [
            -101.219873,
            39.785059,
            959.5
          ],
          [
            -101.220125,
            39.785101,
            960.2
          ],
          [
            -101.221496,
            39.785107,
            964.6
          ],
          [
            -101.221765,
            39.785134,
            965.3
          ],
          [
            -101.224475,
            39.785232,
            970.9
          ],
          [
            -101.224756,
            39.785261,
            971.2
          ],
          [
            -101.22557,
            39.785238,
            972.2
          ],
          [
            -101.22584,
            39.785254,
            972.5
          ],
          [
            -101.22799,
            39.785269,
            975.4
          ],
          [
            -101.228258,
            39.785262,
            975.7
          ],
          [
            -101.232265,
            39.785293,
            980.1
          ],
          [
            -101.232814,
            39.785278,
            980.5
          ],
          [
            -101.233084,
            39.785294,
            980.7
          ],
          [
            -101.235255,
            39.785305,
            982.8
          ],
          [
            -101.235525,
            39.785297,
            983
          ],
          [
            -101.2358,
            39.785308,
            983.3
          ],
          [
            -101.237972,
            39.785326,
            984.9
          ],
          [
            -101.238513,
            39.78531,
            985.3
          ],
          [
            -101.238783,
            39.785324,
            985.2
          ],
          [
            -101.240955,
            39.785341,
            986.4
          ],
          [
            -101.241495,
            39.785325,
            986.3
          ],
          [
            -101.241765,
            39.78534,
            986.5
          ],
          [
            -101.244474,
            39.785356,
            986.4
          ],
          [
            -101.245019,
            39.785342,
            986.3
          ],
          [
            -101.245238,
            39.785356,
            986.4
          ],
          [
            -101.247403,
            39.785373,
            986.2
          ],
          [
            -101.247948,
            39.785356,
            986.2
          ],
          [
            -101.248273,
            39.785373,
            986
          ],
          [
            -101.250717,
            39.785388,
            985.7
          ],
          [
            -101.251276,
            39.78537,
            986
          ],
          [
            -101.251555,
            39.785388,
            986.2
          ],
          [
            -101.253512,
            39.785404,
            987.3
          ],
          [
            -101.254075,
            39.785389,
            987.4
          ],
          [
            -101.254355,
            39.785401,
            987.5
          ],
          [
            -101.257484,
            39.785421,
            988.5
          ],
          [
            -101.258055,
            39.785406,
            988.7
          ],
          [
            -101.258339,
            39.785419,
            988.8
          ],
          [
            -101.260338,
            39.785435,
            989.5
          ],
          [
            -101.260906,
            39.785418,
            989.6
          ],
          [
            -101.26119,
            39.785433,
            989.8
          ],
          [
            -101.263772,
            39.785445,
            991.6
          ],
          [
            -101.26459,
            39.785457,
            992.4
          ],
          [
            -101.265229,
            39.785439,
            993.2
          ],
          [
            -101.265457,
            39.785455,
            993.5
          ],
          [
            -101.269244,
            39.785472,
            997.7
          ],
          [
            -101.269533,
            39.785464,
            997.9
          ],
          [
            -101.269821,
            39.785475,
            998.2
          ],
          [
            -101.27419,
            39.7855,
            1001.8
          ],
          [
            -101.274771,
            39.785485,
            1002.1
          ],
          [
            -101.27506,
            39.785501,
            1002.2
          ],
          [
            -101.278248,
            39.785519,
            1003
          ],
          [
            -101.278783,
            39.785513,
            1003.3
          ],
          [
            -101.279076,
            39.785524,
            1003.6
          ],
          [
            -101.281969,
            39.785536,
            1004.5
          ],
          [
            -101.282847,
            39.785538,
            1004.2
          ],
          [
            -101.283138,
            39.78553,
            1004
          ],
          [
            -101.283427,
            39.785544,
            1003.8
          ],
          [
            -101.286942,
            39.785563,
            999.9
          ],
          [
            -101.287516,
            39.785548,
            999.1
          ],
          [
            -101.287805,
            39.785564,
            998.8
          ],
          [
            -101.289803,
            39.785571,
            1000.3
          ],
          [
            -101.290381,
            39.785561,
            1001
          ],
          [
            -101.290674,
            39.785576,
            1001.5
          ],
          [
            -101.292718,
            39.785585,
            1004.5
          ],
          [
            -101.293234,
            39.785578,
            1005.3
          ],
          [
            -101.293527,
            39.78559,
            1005.6
          ],
          [
            -101.295558,
            39.785602,
            1008.2
          ],
          [
            -101.296152,
            39.785593,
            1008.9
          ],
          [
            -101.29644,
            39.785605,
            1009.3
          ],
          [
            -101.299644,
            39.785623,
            1011
          ],
          [
            -101.30023,
            39.785605,
            1011.1
          ],
          [
            -101.300519,
            39.785623,
            1011.1
          ],
          [
            -101.304017,
            39.78564,
            1011.8
          ],
          [
            -101.304306,
            39.785631,
            1011.9
          ],
          [
            -101.30459,
            39.785643,
            1011.8
          ],
          [
            -101.307721,
            39.785658,
            1013.6
          ],
          [
            -101.308298,
            39.785641,
            1013.9
          ],
          [
            -101.308648,
            39.78566,
            1013.9
          ],
          [
            -101.311219,
            39.78568,
            1016
          ],
          [
            -101.311793,
            39.785664,
            1016.4
          ],
          [
            -101.312086,
            39.785677,
            1016.7
          ],
          [
            -101.314997,
            39.785691,
            1017.7
          ],
          [
            -101.315286,
            39.785683,
            1017.7
          ],
          [
            -101.315574,
            39.785693,
            1017.8
          ],
          [
            -101.317894,
            39.785704,
            1018.4
          ],
          [
            -101.318486,
            39.785691,
            1018.6
          ],
          [
            -101.318775,
            39.785706,
            1018.8
          ],
          [
            -101.321673,
            39.785717,
            1019.4
          ],
          [
            -101.322199,
            39.78571,
            1019.3
          ],
          [
            -101.322488,
            39.785721,
            1019.2
          ],
          [
            -101.326245,
            39.785739,
            1020.3
          ],
          [
            -101.326835,
            39.785727,
            1020.4
          ],
          [
            -101.327129,
            39.785742,
            1020.4
          ],
          [
            -101.3306,
            39.785757,
            1020.6
          ],
          [
            -101.331213,
            39.785748,
            1021
          ],
          [
            -101.331506,
            39.78576,
            1021
          ],
          [
            -101.334112,
            39.785772,
            1021.5
          ],
          [
            -101.33469,
            39.785763,
            1021.6
          ],
          [
            -101.334979,
            39.785777,
            1021.7
          ],
          [
            -101.33585,
            39.785781,
            1021.8
          ],
          [
            -101.337583,
            39.785787,
            1022.3
          ],
          [
            -101.338175,
            39.785775,
            1022.6
          ],
          [
            -101.338411,
            39.785791,
            1022.7
          ],
          [
            -101.341015,
            39.785801,
            1023.7
          ],
          [
            -101.341312,
            39.785794,
            1023.7
          ],
          [
            -101.341607,
            39.785803,
            1023.8
          ],
          [
            -101.344803,
            39.785817,
            1024
          ],
          [
            -101.345385,
            39.785802,
            1023.8
          ],
          [
            -101.345674,
            39.785818,
            1023.7
          ],
          [
            -101.346257,
            39.785812,
            1023.4
          ],
          [
            -101.347132,
            39.785778,
            1022.7
          ],
          [
            -101.347984,
            39.785721,
            1021.7
          ],
          [
            -101.349131,
            39.785591,
            1021.2
          ],
          [
            -101.350267,
            39.785421,
            1020.8
          ],
          [
            -101.3514,
            39.785237,
            1020.8
          ],
          [
            -101.351688,
            39.785181,
            1020.9
          ],
          [
            -101.351972,
            39.785145,
            1020.9
          ],
          [
            -101.35282,
            39.785007,
            1020.9
          ],
          [
            -101.3539,
            39.784825,
            1021
          ],
          [
            -101.354196,
            39.784766,
            1021.1
          ],
          [
            -101.35448,
            39.784727,
            1021.2
          ],
          [
            -101.356752,
            39.784352,
            1021.6
          ],
          [
            -101.357035,
            39.784293,
            1021.7
          ],
          [
            -101.357321,
            39.784258,
            1021.7
          ],
          [
            -101.3638,
            39.783185,
            1029.9
          ],
          [
            -101.364322,
            39.783082,
            1030.1
          ],
          [
            -101.364589,
            39.78305,
            1030.2
          ],
          [
            -101.365866,
            39.782809,
            1031.1
          ],
          [
            -101.368571,
            39.782252,
            1032.4
          ],
          [
            -101.369719,
            39.781956,
            1032.7
          ],
          [
            -101.369972,
            39.781949,
            1032.7
          ],
          [
            -101.371414,
            39.781653,
            1033.1
          ],
          [
            -101.371674,
            39.781614,
            1033.1
          ],
          [
            -101.371915,
            39.781557,
            1033.1
          ],
          [
            -101.375006,
            39.781047,
            1033.7
          ],
          [
            -101.375815,
            39.780905,
            1034.1
          ],
          [
            -101.376084,
            39.780872,
            1034.1
          ],
          [
            -101.37906,
            39.78038,
            1033.2
          ],
          [
            -101.379337,
            39.780325,
            1033
          ],
          [
            -101.379612,
            39.780289,
            1032.7
          ],
          [
            -101.381765,
            39.779945,
            1031.7
          ],
          [
            -101.383131,
            39.779756,
            1030.7
          ],
          [
            -101.385609,
            39.779454,
            1030.5
          ],
          [
            -101.385907,
            39.779402,
            1030.5
          ],
          [
            -101.386196,
            39.779384,
            1030.7
          ],
          [
            -101.387617,
            39.779206,
            1031.4
          ],
          [
            -101.388458,
            39.779089,
            1031.6
          ],
          [
            -101.388749,
            39.779035,
            1031.7
          ],
          [
            -101.38903,
            39.779004,
            1031.9
          ],
          [
            -101.390694,
            39.778738,
            1032.1
          ],
          [
            -101.392631,
            39.778404,
            1032.5
          ],
          [
            -101.392918,
            39.778369,
            1032.4
          ],
          [
            -101.395967,
            39.777864,
            1031.7
          ],
          [
            -101.396802,
            39.777712,
            1031.6
          ],
          [
            -101.397084,
            39.777679,
            1031.6
          ],
          [
            -101.420873,
            39.773744,
            1041.4
          ],
          [
            -101.421161,
            39.773684,
            1041.4
          ],
          [
            -101.421442,
            39.77365,
            1041.5
          ],
          [
            -101.427268,
            39.772684,
            1042.7
          ],
          [
            -101.428382,
            39.772484,
            1042.8
          ],
          [
            -101.42866,
            39.772453,
            1042.8
          ],
          [
            -101.432208,
            39.771865,
            1043.1
          ],
          [
            -101.432552,
            39.771797,
            1043
          ],
          [
            -101.43283,
            39.771762,
            1043.1
          ],
          [
            -101.437225,
            39.771026,
            1045
          ],
          [
            -101.437559,
            39.770978,
            1045.2
          ],
          [
            -101.441105,
            39.77039,
            1046.8
          ],
          [
            -101.441957,
            39.770239,
            1047.2
          ],
          [
            -101.442238,
            39.770203,
            1047.2
          ],
          [
            -101.446392,
            39.769512,
            1049.3
          ],
          [
            -101.448273,
            39.769184,
            1049.5
          ],
          [
            -101.44856,
            39.769153,
            1049.3
          ],
          [
            -101.451667,
            39.768638,
            1049.4
          ],
          [
            -101.45246,
            39.768493,
            1049.6
          ],
          [
            -101.452741,
            39.76846,
            1049.8
          ],
          [
            -101.456067,
            39.767908,
            1050.5
          ],
          [
            -101.456922,
            39.76775,
            1050.5
          ],
          [
            -101.457204,
            39.767719,
            1050.5
          ],
          [
            -101.460251,
            39.767214,
            1050.3
          ],
          [
            -101.461037,
            39.767073,
            1050.2
          ],
          [
            -101.461317,
            39.767038,
            1050.2
          ],
          [
            -101.464918,
            39.76644,
            1049.8
          ],
          [
            -101.465481,
            39.766335,
            1050
          ],
          [
            -101.465761,
            39.766301,
            1050
          ],
          [
            -101.469085,
            39.765748,
            1050.7
          ],
          [
            -101.469647,
            39.765643,
            1050.9
          ],
          [
            -101.469928,
            39.765609,
            1051
          ],
          [
            -101.473808,
            39.764963,
            1052.1
          ],
          [
            -101.474362,
            39.76486,
            1052.1
          ],
          [
            -101.474642,
            39.764825,
            1052.1
          ],
          [
            -101.477919,
            39.764273,
            1053.5
          ],
          [
            -101.480695,
            39.763818,
            1055.2
          ],
          [
            -101.481253,
            39.76371,
            1055.5
          ],
          [
            -101.481535,
            39.763679,
            1055.7
          ],
          [
            -101.483747,
            39.763311,
            1057.2
          ],
          [
            -101.484014,
            39.763256,
            1057.4
          ],
          [
            -101.484303,
            39.763219,
            1057.6
          ],
          [
            -101.487078,
            39.762756,
            1059.2
          ],
          [
            -101.487371,
            39.762699,
            1059.4
          ],
          [
            -101.487646,
            39.762663,
            1059.5
          ],
          [
            -101.490699,
            39.762156,
            1060
          ],
          [
            -101.491548,
            39.762001,
            1060.4
          ],
          [
            -101.491771,
            39.761977,
            1060.5
          ],
          [
            -101.495097,
            39.761424,
            1060.5
          ],
          [
            -101.496487,
            39.761178,
            1059.9
          ],
          [
            -101.496769,
            39.761146,
            1059.8
          ],
          [
            -101.499819,
            39.760639,
            1060.6
          ],
          [
            -101.500706,
            39.760481,
            1060.9
          ],
          [
            -101.500924,
            39.760455,
            1060.7
          ],
          [
            -101.504526,
            39.759854,
            1060.3
          ],
          [
            -101.505101,
            39.759749,
            1060.3
          ],
          [
            -101.505377,
            39.759713,
            1060.6
          ],
          [
            -101.508698,
            39.759161,
            1062.4
          ],
          [
            -101.509489,
            39.759016,
            1063
          ],
          [
            -101.509769,
            39.758983,
            1063.1
          ],
          [
            -101.512796,
            39.758473,
            1065.9
          ],
          [
            -101.513075,
            39.758419,
            1066
          ],
          [
            -101.513415,
            39.758374,
            1066.3
          ],
          [
            -101.516423,
            39.757873,
            1066.8
          ],
          [
            -101.517264,
            39.757719,
            1065.3
          ],
          [
            -101.51755,
            39.757687,
            1064.7
          ],
          [
            -101.520184,
            39.757248,
            1060.4
          ],
          [
            -101.520948,
            39.757108,
            1059.7
          ],
          [
            -101.521206,
            39.757078,
            1059.4
          ],
          [
            -101.524532,
            39.756524,
            1056.9
          ],
          [
            -101.525168,
            39.756408,
            1057.2
          ],
          [
            -101.526517,
            39.756249,
            1057.9
          ],
          [
            -101.52759,
            39.756178,
            1058.1
          ],
          [
            -101.528016,
            39.756165,
            1058
          ],
          [
            -101.52932,
            39.756179,
            1058.4
          ],
          [
            -101.530971,
            39.756275,
            1058.4
          ],
          [
            -101.531175,
            39.756145,
            1058.2
          ],
          [
            -101.531566,
            39.756137,
            1058.5
          ],
          [
            -101.53175,
            39.756294,
            1058.6
          ],
          [
            -101.531943,
            39.756334,
            1058.7
          ],
          [
            -101.533919,
            39.756444,
            1060
          ],
          [
            -101.534338,
            39.756323,
            1060.5
          ],
          [
            -101.534535,
            39.756478,
            1060.5
          ],
          [
            -101.53494,
            39.756484,
            1060.8
          ],
          [
            -101.535102,
            39.75653,
            1061.1
          ],
          [
            -101.537779,
            39.756696,
            1064.5
          ],
          [
            -101.538166,
            39.756703,
            1064.7
          ],
          [
            -101.538354,
            39.756731,
            1064.7
          ],
          [
            -101.540444,
            39.756857,
            1066
          ],
          [
            -101.540828,
            39.756875,
            1066.1
          ],
          [
            -101.541368,
            39.756882,
            1066.6
          ],
          [
            -101.541535,
            39.7569,
            1066.7
          ],
          [
            -101.542062,
            39.756907,
            1067.4
          ],
          [
            -101.542151,
            39.756953,
            1067.5
          ],
          [
            -101.542106,
            39.757018,
            1067.4
          ],
          [
            -101.542111,
            39.757877,
            1066.8
          ],
          [
            -101.542089,
            39.761513,
            1066.1
          ],
          [
            -101.542107,
            39.761748,
            1066.3
          ],
          [
            -101.542085,
            39.76196,
            1066.3
          ],
          [
            -101.542071,
            39.763943,
            1066.1
          ],
          [
            -101.542086,
            39.764185,
            1066.1
          ],
          [
            -101.542066,
            39.764407,
            1066.1
          ],
          [
            -101.542043,
            39.766414,
            1066
          ],
          [
            -101.542058,
            39.766872,
            1065.8
          ],
          [
            -101.542036,
            39.767093,
            1065.8
          ],
          [
            -101.542023,
            39.769096,
            1065.5
          ],
          [
            -101.542033,
            39.769343,
            1065.4
          ],
          [
            -101.542018,
            39.769566,
            1065.5
          ],
          [
            -101.542,
            39.771301,
            1065.5
          ],
          [
            -101.54201,
            39.771541,
            1065.5
          ],
          [
            -101.541996,
            39.771764,
            1065.4
          ],
          [
            -101.541993,
            39.772033,
            1065.4
          ],
          [
            -101.541982,
            39.773764,
            1065.4
          ],
          [
            -101.542001,
            39.774215,
            1065.5
          ],
          [
            -101.541978,
            39.774438,
            1065.5
          ],
          [
            -101.541967,
            39.775994,
            1065.9
          ],
          [
            -101.541984,
            39.776456,
            1066.1
          ],
          [
            -101.54196,
            39.776679,
            1066.1
          ],
          [
            -101.54194,
            39.778691,
            1065
          ],
          [
            -101.541956,
            39.779131,
            1065.2
          ],
          [
            -101.541934,
            39.779354,
            1065.2
          ],
          [
            -101.541926,
            39.78092,
            1064.8
          ],
          [
            -101.541937,
            39.781369,
            1064.7
          ],
          [
            -101.541923,
            39.781594,
            1064.8
          ],
          [
            -101.541911,
            39.783146,
            1064.5
          ],
          [
            -101.541911,
            39.783571,
            1064.5
          ],
          [
            -101.541921,
            39.78379,
            1064.5
          ],
          [
            -101.541903,
            39.784013,
            1064.5
          ],
          [
            -101.541886,
            39.78579,
            1065.5
          ],
          [
            -101.541903,
            39.78624,
            1065.9
          ],
          [
            -101.541883,
            39.786463,
            1065.9
          ],
          [
            -101.541867,
            39.787354,
            1066.3
          ],
          [
            -101.541858,
            39.788245,
            1067
          ],
          [
            -101.541866,
            39.788468,
            1067.1
          ],
          [
            -101.541854,
            39.788693,
            1067.1
          ],
          [
            -101.541827,
            39.791143,
            1067.3
          ],
          [
            -101.541844,
            39.79182,
            1067.4
          ],
          [
            -101.54182,
            39.792045,
            1067.4
          ],
          [
            -101.541791,
            39.794474,
            1066.4
          ],
          [
            -101.541808,
            39.794922,
            1066.3
          ],
          [
            -101.541786,
            39.795144,
            1066.3
          ],
          [
            -101.541776,
            39.795809,
            1066.2
          ],
          [
            -101.541764,
            39.796938,
            1066.3
          ],
          [
            -101.541775,
            39.79716,
            1066.2
          ],
          [
            -101.541759,
            39.797383,
            1066.1
          ],
          [
            -101.541734,
            39.799165,
            1064.1
          ],
          [
            -101.541744,
            39.799616,
            1063.8
          ],
          [
            -101.541723,
            39.799839,
            1063.8
          ],
          [
            -101.541696,
            39.80139,
            1063.6
          ],
          [
            -101.541705,
            39.801852,
            1063.6
          ],
          [
            -101.541685,
            39.802075,
            1063.5
          ],
          [
            -101.541652,
            39.803852,
            1063.6
          ],
          [
            -101.541642,
            39.804525,
            1063.7
          ],
          [
            -101.541653,
            39.804985,
            1063.5
          ],
          [
            -101.541632,
            39.805206,
            1063.5
          ],
          [
            -101.541595,
            39.807425,
            1062.4
          ],
          [
            -101.541598,
            39.807843,
            1061.9
          ],
          [
            -101.541581,
            39.808066,
            1061.7
          ],
          [
            -101.541572,
            39.808511,
            1061.4
          ],
          [
            -101.541537,
            39.810737,
            1061.4
          ],
          [
            -101.541546,
            39.811191,
            1061.3
          ],
          [
            -101.541522,
            39.811413,
            1061.3
          ],
          [
            -101.541482,
            39.813641,
            1060.8
          ],
          [
            -101.541492,
            39.814085,
            1060.8
          ],
          [
            -101.541468,
            39.814309,
            1060.8
          ],
          [
            -101.541413,
            39.816533,
            1060.6
          ],
          [
            -101.541417,
            39.817204,
            1060.5
          ],
          [
            -101.541391,
            39.817426,
            1060.3
          ],
          [
            -101.541338,
            39.819429,
            1060.3
          ],
          [
            -101.541341,
            39.819894,
            1060
          ],
          [
            -101.541319,
            39.820117,
            1059.9
          ],
          [
            -101.541252,
            39.822521,
            1059.2
          ],
          [
            -101.541253,
            39.822984,
            1059.1
          ],
          [
            -101.541232,
            39.823206,
            1058.9
          ],
          [
            -101.541172,
            39.825222,
            1058.9
          ],
          [
            -101.54118,
            39.825441,
            1059
          ],
          [
            -101.54116,
            39.825663,
            1059
          ],
          [
            -101.541105,
            39.827459,
            1059
          ],
          [
            -101.541112,
            39.827903,
            1058.8
          ],
          [
            -101.541089,
            39.828125,
            1058.9
          ],
          [
            -101.541069,
            39.829236,
            1058.8
          ],
          [
            -101.541061,
            39.831027,
            1058.8
          ],
          [
            -101.541071,
            39.831248,
            1058.7
          ],
          [
            -101.541062,
            39.831471,
            1058.5
          ],
          [
            -101.541065,
            39.833246,
            1058
          ],
          [
            -101.541079,
            39.83365,
            1057.9
          ],
          [
            -101.541067,
            39.833872,
            1058.1
          ],
          [
            -101.541075,
            39.835896,
            1058.7
          ],
          [
            -101.541089,
            39.836119,
            1058.7
          ],
          [
            -101.541076,
            39.836342,
            1058.8
          ],
          [
            -101.541073,
            39.836784,
            1058.8
          ],
          [
            -101.541078,
            39.838124,
            1058.5
          ],
          [
            -101.541098,
            39.838582,
            1058.5
          ],
          [
            -101.541078,
            39.838805,
            1058.6
          ],
          [
            -101.541077,
            39.840594,
            1056.9
          ],
          [
            -101.541098,
            39.841049,
            1056.4
          ],
          [
            -101.541077,
            39.841272,
            1056.1
          ],
          [
            -101.541081,
            39.843047,
            1055.2
          ],
          [
            -101.541095,
            39.843275,
            1054.9
          ],
          [
            -101.541082,
            39.843454,
            1054.6
          ],
          [
            -101.541088,
            39.845685,
            1050.6
          ],
          [
            -101.541104,
            39.845921,
            1050.3
          ],
          [
            -101.541089,
            39.846144,
            1049.8
          ],
          [
            -101.541086,
            39.848385,
            1044.3
          ],
          [
            -101.541098,
            39.848604,
            1044.2
          ],
          [
            -101.541084,
            39.848827,
            1044.1
          ],
          [
            -101.541083,
            39.849718,
            1043.1
          ],
          [
            -101.54109,
            39.850606,
            1043.3
          ],
          [
            -101.541112,
            39.851064,
            1043.2
          ],
          [
            -101.541097,
            39.851288,
            1042.4
          ],
          [
            -101.541112,
            39.854345,
            1023.1
          ],
          [
            -101.541127,
            39.854863,
            1020.8
          ],
          [
            -101.541113,
            39.855107,
            1019.7
          ],
          [
            -101.541101,
            39.857033,
            1012.8
          ],
          [
            -101.541107,
            39.857473,
            1012.1
          ],
          [
            -101.54112,
            39.857703,
            1011.7
          ],
          [
            -101.541101,
            39.85793,
            1011.2
          ],
          [
            -101.541105,
            39.859291,
            1007.9
          ],
          [
            -101.541125,
            39.85974,
            1008.5
          ],
          [
            -101.541108,
            39.859961,
            1008.7
          ],
          [
            -101.54111,
            39.86197,
            1012.6
          ],
          [
            -101.541124,
            39.862198,
            1012.8
          ],
          [
            -101.541102,
            39.86242,
            1013.1
          ],
          [
            -101.541109,
            39.863978,
            1016.7
          ],
          [
            -101.541119,
            39.864198,
            1017.7
          ],
          [
            -101.541105,
            39.864421,
            1018.8
          ],
          [
            -101.541103,
            39.867143,
            1023.1
          ],
          [
            -101.541111,
            39.8685,
            1016.1
          ],
          [
            -101.54113,
            39.868949,
            1013.9
          ],
          [
            -101.541111,
            39.869168,
            1013.5
          ],
          [
            -101.541121,
            39.870235,
            1013.9
          ],
          [
            -101.541115,
            39.870675,
            1013.4
          ],
          [
            -101.541128,
            39.870898,
            1013.2
          ],
          [
            -101.54111,
            39.871122,
            1012.7
          ],
          [
            -101.541105,
            39.87378,
            1004.2
          ],
          [
            -101.541123,
            39.87445,
            1004.6
          ],
          [
            -101.541105,
            39.874669,
            1004.7
          ],
          [
            -101.54111,
            39.876463,
            1004
          ],
          [
            -101.541122,
            39.876693,
            1003.2
          ],
          [
            -101.541109,
            39.876929,
            1002.6
          ],
          [
            -101.541115,
            39.878747,
            1004.4
          ],
          [
            -101.541129,
            39.878981,
            1004.6
          ],
          [
            -101.541116,
            39.879214,
            1004.7
          ],
          [
            -101.541117,
            39.879921,
            1002.5
          ],
          [
            -101.541105,
            39.880343,
            1001.1
          ],
          [
            -101.541112,
            39.881051,
            1000.8
          ],
          [
            -101.541127,
            39.881274,
            1001.8
          ],
          [
            -101.54111,
            39.882409,
            1001.4
          ],
          [
            -101.541114,
            39.882882,
            1000.3
          ],
          [
            -101.541126,
            39.883127,
            999.8
          ],
          [
            -101.541111,
            39.88336,
            999.3
          ],
          [
            -101.541099,
            39.884742,
            996.4
          ],
          [
            -101.541105,
            39.884981,
            995.4
          ],
          [
            -101.541128,
            39.885214,
            994.5
          ],
          [
            -101.541132,
            39.885448,
            993.4
          ],
          [
            -101.541168,
            39.885681,
            991.9
          ],
          [
            -101.54122,
            39.885916,
            990.7
          ],
          [
            -101.541284,
            39.886141,
            989.6
          ],
          [
            -101.541364,
            39.886368,
            988.8
          ],
          [
            -101.541461,
            39.886586,
            988.5
          ],
          [
            -101.541572,
            39.886797,
            988.6
          ],
          [
            -101.542048,
            39.887618,
            989.1
          ],
          [
            -101.542248,
            39.888024,
            990.5
          ],
          [
            -101.54246,
            39.889113,
            995.5
          ],
          [
            -101.54247,
            39.889559,
            997
          ],
          [
            -101.542467,
            39.893311,
            985.2
          ],
          [
            -101.542486,
            39.894263,
            986
          ],
          [
            -101.542464,
            39.894435,
            986.5
          ],
          [
            -101.542451,
            39.894886,
            988.2
          ],
          [
            -101.542429,
            39.895108,
            989.2
          ],
          [
            -101.542393,
            39.895322,
            990.5
          ],
          [
            -101.54234,
            39.895537,
            991.9
          ],
          [
            -101.542087,
            39.896193,
            995.9
          ],
          [
            -101.541571,
            39.897268,
            1001
          ],
          [
            -101.541375,
            39.897718,
            1001.8
          ],
          [
            -101.541296,
            39.897949,
            1001.9
          ],
          [
            -101.541232,
            39.898186,
            1001.8
          ],
          [
            -101.541184,
            39.898427,
            1001.7
          ],
          [
            -101.541153,
            39.8989,
            1000.9
          ],
          [
            -101.54114,
            39.899593,
            999.9
          ],
          [
            -101.541131,
            39.903699,
            998.5
          ],
          [
            -101.541156,
            39.904154,
            1000.1
          ],
          [
            -101.541135,
            39.904427,
            1001
          ],
          [
            -101.541138,
            39.905791,
            1001.9
          ],
          [
            -101.541155,
            39.906035,
            1001.3
          ],
          [
            -101.541138,
            39.906275,
            1000.7
          ],
          [
            -101.541135,
            39.907878,
            1003.8
          ],
          [
            -101.541159,
            39.908336,
            1004.5
          ],
          [
            -101.541138,
            39.908566,
            1004.9
          ],
          [
            -101.541138,
            39.909262,
            1005.8
          ],
          [
            -101.54115,
            39.91066,
            1005.1
          ],
          [
            -101.541166,
            39.911142,
            1003.6
          ],
          [
            -101.541148,
            39.911375,
            1002.3
          ],
          [
            -101.541157,
            39.913,
            997.2
          ],
          [
            -101.541149,
            39.91323,
            996.7
          ],
          [
            -101.541152,
            39.914794,
            1000.4
          ],
          [
            -101.541167,
            39.915008,
            1001.5
          ],
          [
            -101.541153,
            39.915234,
            1002.4
          ],
          [
            -101.541156,
            39.916168,
            1004.2
          ],
          [
            -101.54116,
            39.916596,
            1004.8
          ],
          [
            -101.54118,
            39.917132,
            1005.4
          ],
          [
            -101.541166,
            39.917316,
            1005.6
          ],
          [
            -101.541187,
            39.919867,
            1008.3
          ],
          [
            -101.541204,
            39.920093,
            1008.4
          ],
          [
            -101.54119,
            39.920323,
            1008.5
          ],
          [
            -101.541209,
            39.922858,
            1010.9
          ],
          [
            -101.541233,
            39.923582,
            1011.5
          ],
          [
            -101.541216,
            39.923812,
            1011.4
          ],
          [
            -101.541228,
            39.925206,
            1010.8
          ],
          [
            -101.541249,
            39.925676,
            1010.5
          ],
          [
            -101.54123,
            39.925906,
            1010.3
          ],
          [
            -101.541247,
            39.928465,
            1004.3
          ],
          [
            -101.541262,
            39.928711,
            1002.8
          ],
          [
            -101.54125,
            39.928946,
            1000.7
          ],
          [
            -101.541257,
            39.931188,
            991.2
          ],
          [
            -101.541275,
            39.93189,
            989.1
          ],
          [
            -101.541264,
            39.932122,
            988.3
          ],
          [
            -101.541267,
            39.933731,
            983.3
          ],
          [
            -101.54128,
            39.933981,
            982.6
          ],
          [
            -101.541266,
            39.93421,
            982.1
          ],
          [
            -101.541269,
            39.935126,
            980.9
          ],
          [
            -101.541308,
            39.938122,
            988.5
          ],
          [
            -101.541336,
            39.938585,
            989.5
          ],
          [
            -101.541321,
            39.938822,
            989.6
          ],
          [
            -101.541343,
            39.940449,
            992.6
          ],
          [
            -101.541365,
            39.940686,
            993.6
          ],
          [
            -101.541353,
            39.940912,
            994.2
          ],
          [
            -101.541387,
            39.944557,
            991.5
          ],
          [
            -101.541408,
            39.944842,
            991.2
          ],
          [
            -101.541386,
            39.94503,
            990.2
          ],
          [
            -101.541393,
            39.94551,
            987.8
          ],
          [
            -101.541388,
            39.94622,
            986
          ],
          [
            -101.541404,
            39.946683,
            987.6
          ],
          [
            -101.541405,
            39.948454,
            996.2
          ],
          [
            -101.541417,
            39.948679,
            997
          ],
          [
            -101.541409,
            39.948915,
            997.8
          ],
          [
            -101.541425,
            39.950555,
            1004.8
          ],
          [
            -101.54144,
            39.95079,
            1004.7
          ],
          [
            -101.541434,
            39.951027,
            1004.7
          ],
          [
            -101.541449,
            39.952946,
            996.7
          ],
          [
            -101.541474,
            39.954472,
            996.3
          ],
          [
            -101.541493,
            39.954872,
            996.2
          ],
          [
            -101.541482,
            39.955069,
            996.4
          ],
          [
            -101.541497,
            39.956598,
            991.9
          ],
          [
            -101.541512,
            39.956869,
            991.3
          ],
          [
            -101.541504,
            39.957076,
            990.8
          ],
          [
            -101.541534,
            39.958763,
            986
          ],
          [
            -101.541559,
            39.959215,
            983.7
          ],
          [
            -101.54154,
            39.959441,
            982.7
          ],
          [
            -101.541561,
            39.961061,
            975.4
          ],
          [
            -101.541575,
            39.961307,
            974.6
          ],
          [
            -101.541569,
            39.961537,
            973.8
          ],
          [
            -101.541598,
            39.963399,
            968.6
          ],
          [
            -101.541622,
            39.963648,
            968.2
          ],
          [
            -101.541606,
            39.963885,
            968
          ],
          [
            -101.541627,
            39.96527,
            968.8
          ],
          [
            -101.541651,
            39.965494,
            969
          ],
          [
            -101.541632,
            39.96572,
            969.3
          ],
          [
            -101.541654,
            39.967287,
            971
          ],
          [
            -101.541673,
            39.967516,
            971.2
          ],
          [
            -101.541661,
            39.967744,
            971.2
          ],
          [
            -101.541683,
            39.969533,
            974.3
          ],
          [
            -101.541699,
            39.969745,
            975.1
          ],
          [
            -101.541686,
            39.969966,
            975.9
          ],
          [
            -101.541704,
            39.971667,
            979.7
          ],
          [
            -101.541728,
            39.972069,
            979.6
          ],
          [
            -101.541714,
            39.972286,
            979.5
          ],
          [
            -101.541748,
            39.974041,
            972.2
          ],
          [
            -101.541766,
            39.974296,
            971.6
          ],
          [
            -101.541757,
            39.974518,
            971.2
          ],
          [
            -101.541789,
            39.976396,
            972.3
          ],
          [
            -101.541814,
            39.976811,
            972.4
          ],
          [
            -101.541801,
            39.977019,
            972.4
          ],
          [
            -101.541842,
            39.979606,
            966.2
          ],
          [
            -101.541861,
            39.979848,
            964.7
          ],
          [
            -101.54185,
            39.980071,
            962.9
          ],
          [
            -101.541877,
            39.981708,
            952.4
          ],
          [
            -101.541903,
            39.981957,
            951.5
          ],
          [
            -101.541886,
            39.982191,
            950.8
          ],
          [
            -101.541915,
            39.983815,
            949.5
          ],
          [
            -101.541932,
            39.984005,
            949.3
          ],
          [
            -101.541924,
            39.984237,
            949.1
          ],
          [
            -101.541956,
            39.985841,
            944.7
          ],
          [
            -101.54198,
            39.986095,
            943.6
          ],
          [
            -101.541963,
            39.986323,
            942.5
          ],
          [
            -101.541985,
            39.987715,
            937.4
          ],
          [
            -101.542007,
            39.987959,
            936.9
          ],
          [
            -101.541993,
            39.988197,
            936.7
          ],
          [
            -101.541996,
            39.98843,
            936.5
          ],
          [
            -101.542028,
            39.989818,
            935.4
          ],
          [
            -101.54205,
            39.990073,
            935.3
          ],
          [
            -101.54204,
            39.990303,
            935.2
          ],
          [
            -101.542079,
            39.992091,
            934.2
          ],
          [
            -101.5421,
            39.992308,
            934
          ],
          [
            -101.542088,
            39.992528,
            933.7
          ],
          [
            -101.542122,
            39.994329,
            926.9
          ],
          [
            -101.542146,
            39.994569,
            926.3
          ],
          [
            -101.54213,
            39.994799,
            925.9
          ],
          [
            -101.542167,
            39.996581,
            924.3
          ],
          [
            -101.542189,
            39.996817,
            924.2
          ],
          [
            -101.542177,
            39.997044,
            924
          ],
          [
            -101.542217,
            39.998811,
            923.5
          ],
          [
            -101.542238,
            39.99903,
            923.5
          ],
          [
            -101.542228,
            39.999246,
            923.4
          ],
          [
            -101.542271,
            40.001391,
            922.4
          ],
          [
            -101.5423,
            40.001838,
            922.2
          ],
          [
            -101.542285,
            40.00205,
            922.1
          ],
          [
            -101.542289,
            40.002694,
            921.6
          ],
          [
            -101.54232,
            40.003779,
            921.3
          ],
          [
            -101.542338,
            40.004,
            921.3
          ],
          [
            -101.54233,
            40.004219,
            921.1
          ],
          [
            -101.542371,
            40.006178,
            920.5
          ],
          [
            -101.542393,
            40.006394,
            920.5
          ],
          [
            -101.542381,
            40.006615,
            920.5
          ],
          [
            -101.542416,
            40.008388,
            920.9
          ],
          [
            -101.542438,
            40.0088,
            921.5
          ],
          [
            -101.542432,
            40.00902,
            921.8
          ],
          [
            -101.542447,
            40.009659,
            923
          ],
          [
            -101.542439,
            40.010285,
            923.7
          ],
          [
            -101.542484,
            40.011145,
            923.9
          ],
          [
            -101.542481,
            40.011573,
            923.5
          ],
          [
            -101.542513,
            40.013316,
            923.1
          ],
          [
            -101.542529,
            40.013547,
            923.7
          ],
          [
            -101.54252,
            40.013766,
            924.2
          ],
          [
            -101.542527,
            40.014196,
            925.9
          ],
          [
            -101.542568,
            40.015652,
            933.6
          ],
          [
            -101.542586,
            40.015856,
            934.8
          ],
          [
            -101.542574,
            40.016057,
            935.9
          ],
          [
            -101.542601,
            40.017613,
            943.3
          ],
          [
            -101.542627,
            40.017972,
            944.3
          ],
          [
            -101.542613,
            40.018145,
            944.5
          ],
          [
            -101.542619,
            40.018486,
            944.9
          ],
          [
            -101.542651,
            40.020135,
            942.4
          ],
          [
            -101.542679,
            40.020454,
            941.4
          ],
          [
            -101.542664,
            40.020605,
            940.9
          ],
          [
            -101.542702,
            40.021867,
            935
          ],
          [
            -101.543682,
            40.021873,
            932.5
          ],
          [
            -101.544501,
            40.021794,
            932.7
          ],
          [
            -101.544951,
            40.021796,
            933.6
          ],
          [
            -101.545186,
            40.021816,
            934
          ],
          [
            -101.545419,
            40.021811,
            934.3
          ],
          [
            -101.54641,
            40.021823,
            935.6
          ],
          [
            -101.547131,
            40.021788,
            936.3
          ],
          [
            -101.551215,
            40.021782,
            938.3
          ],
          [
            -101.551751,
            40.021764,
            938.2
          ],
          [
            -101.552017,
            40.021775,
            938.2
          ],
          [
            -101.554508,
            40.021773,
            936.9
          ],
          [
            -101.555074,
            40.021753,
            936.5
          ],
          [
            -101.555354,
            40.021767,
            936.3
          ],
          [
            -101.559133,
            40.021767,
            933.5
          ],
          [
            -101.559707,
            40.021747,
            933.1
          ],
          [
            -101.559997,
            40.021758,
            932.9
          ],
          [
            -101.562603,
            40.021756,
            931.4
          ],
          [
            -101.563187,
            40.021737,
            931
          ],
          [
            -101.563477,
            40.021749,
            930.8
          ],
          [
            -101.566095,
            40.02175,
            929.3
          ],
          [
            -101.566674,
            40.021727,
            928.9
          ],
          [
            -101.566903,
            40.021741,
            928.8
          ],
          [
            -101.570105,
            40.021739,
            926.8
          ],
          [
            -101.57069,
            40.021722,
            926.5
          ],
          [
            -101.570975,
            40.021732,
            926.3
          ],
          [
            -101.573586,
            40.02173,
            927.3
          ],
          [
            -101.574166,
            40.021713,
            927.6
          ],
          [
            -101.574456,
            40.021721,
            927.7
          ],
          [
            -101.577066,
            40.021717,
            929
          ],
          [
            -101.577649,
            40.021697,
            929
          ],
          [
            -101.577939,
            40.021709,
            928.9
          ],
          [
            -101.580572,
            40.0217,
            928.9
          ],
          [
            -101.580861,
            40.021686,
            928.8
          ],
          [
            -101.581146,
            40.0217,
            928.7
          ],
          [
            -101.583416,
            40.021694,
            928.4
          ],
          [
            -101.583706,
            40.021679,
            928.4
          ],
          [
            -101.584052,
            40.021694,
            928.4
          ],
          [
            -101.586325,
            40.02169,
            928.6
          ],
          [
            -101.586615,
            40.021677,
            928.7
          ],
          [
            -101.5869,
            40.021685,
            928.9
          ],
          [
            -101.590672,
            40.021674,
            929.3
          ],
          [
            -101.590962,
            40.021659,
            929.1
          ],
          [
            -101.591252,
            40.021671,
            929.2
          ],
          [
            -101.593568,
            40.021666,
            929.7
          ],
          [
            -101.593864,
            40.021658,
            929.8
          ],
          [
            -101.594158,
            40.021665,
            929.9
          ],
          [
            -101.596756,
            40.021658,
            930.6
          ],
          [
            -101.59763,
            40.021651,
            931
          ],
          [
            -101.597915,
            40.021639,
            931.2
          ],
          [
            -101.598205,
            40.021653,
            931.4
          ],
          [
            -101.600771,
            40.021647,
            933.6
          ],
          [
            -101.601061,
            40.021635,
            933.6
          ],
          [
            -101.601412,
            40.021643,
            933.8
          ],
          [
            -101.60396,
            40.021637,
            933.9
          ],
          [
            -101.604547,
            40.02162,
            933.9
          ],
          [
            -101.604837,
            40.021633,
            933.8
          ],
          [
            -101.607447,
            40.021618,
            934.6
          ],
          [
            -101.607735,
            40.021606,
            934.8
          ],
          [
            -101.608025,
            40.021616,
            934.7
          ],
          [
            -101.61034,
            40.021607,
            936.2
          ],
          [
            -101.610923,
            40.021585,
            936.5
          ],
          [
            -101.611217,
            40.021599,
            936.7
          ],
          [
            -101.614064,
            40.021585,
            937.3
          ],
          [
            -101.614952,
            40.021565,
            937.2
          ],
          [
            -101.615246,
            40.021579,
            937.2
          ],
          [
            -101.615536,
            40.021578,
            937.1
          ],
          [
            -101.618797,
            40.021553,
            935.2
          ],
          [
            -101.619309,
            40.021532,
            935.2
          ],
          [
            -101.619594,
            40.021543,
            935.4
          ],
          [
            -101.622486,
            40.021522,
            938
          ],
          [
            -101.623057,
            40.021501,
            938.5
          ],
          [
            -101.623347,
            40.021516,
            938.8
          ],
          [
            -101.626247,
            40.021496,
            941.4
          ],
          [
            -101.626852,
            40.021478,
            942
          ],
          [
            -101.627142,
            40.021491,
            942.2
          ],
          [
            -101.6283,
            40.021491,
            943.4
          ],
          [
            -101.628885,
            40.021504,
            943.7
          ],
          [
            -101.629747,
            40.021549,
            943.8
          ],
          [
            -101.631788,
            40.021764,
            943.2
          ],
          [
            -101.634573,
            40.022184,
            942.4
          ],
          [
            -101.635445,
            40.022302,
            942.5
          ],
          [
            -101.635721,
            40.022357,
            942.5
          ],
          [
            -101.638834,
            40.022825,
            942.7
          ],
          [
            -101.640273,
            40.023034,
            942.6
          ],
          [
            -101.64056,
            40.023067,
            942.5
          ],
          [
            -101.64084,
            40.023125,
            942.5
          ],
          [
            -101.645233,
            40.023792,
            941.3
          ],
          [
            -101.64575,
            40.023853,
            941.2
          ],
          [
            -101.645958,
            40.023896,
            941
          ],
          [
            -101.649919,
            40.024498,
            939.6
          ],
          [
            -101.650498,
            40.024567,
            939.2
          ],
          [
            -101.650779,
            40.024623,
            939.1
          ],
          [
            -101.654191,
            40.025139,
            938.5
          ],
          [
            -101.65478,
            40.025224,
            938.2
          ],
          [
            -101.655067,
            40.025256,
            938
          ],
          [
            -101.655348,
            40.025314,
            937.9
          ],
          [
            -101.658754,
            40.02583,
            936.6
          ],
          [
            -101.659051,
            40.025866,
            936.5
          ],
          [
            -101.659333,
            40.025918,
            936.5
          ],
          [
            -101.660469,
            40.026091,
            936.3
          ],
          [
            -101.662421,
            40.026379,
            936.2
          ],
          [
            -101.662758,
            40.026437,
            936.2
          ],
          [
            -101.666687,
            40.027031,
            937.6
          ],
          [
            -101.666974,
            40.027065,
            937.7
          ],
          [
            -101.667252,
            40.027116,
            937.7
          ],
          [
            -101.670668,
            40.02763,
            939.3
          ],
          [
            -101.671809,
            40.02779,
            939.8
          ],
          [
            -101.672093,
            40.027845,
            940
          ],
          [
            -101.678896,
            40.028871,
            943.5
          ],
          [
            -101.679182,
            40.028904,
            943.6
          ],
          [
            -101.679463,
            40.028959,
            943.7
          ],
          [
            -101.681168,
            40.029217,
            944.4
          ],
          [
            -101.682306,
            40.029386,
            944.9
          ],
          [
            -101.682884,
            40.02946,
            945.2
          ],
          [
            -101.683164,
            40.029517,
            945.4
          ],
          [
            -101.683449,
            40.029561,
            945.5
          ],
          [
            -101.686018,
            40.029945,
            945.2
          ],
          [
            -101.686325,
            40.029983,
            945.2
          ],
          [
            -101.687459,
            40.030165,
            944.8
          ],
          [
            -101.690005,
            40.030549,
            944.5
          ],
          [
            -101.691157,
            40.030706,
            945.2
          ],
          [
            -101.691434,
            40.030761,
            945.6
          ],
          [
            -101.691999,
            40.030832,
            946.2
          ],
          [
            -101.692793,
            40.030913,
            947.3
          ],
          [
            -101.693374,
            40.030953,
            947.9
          ],
          [
            -101.694245,
            40.030993,
            949.2
          ],
          [
            -101.694829,
            40.031004,
            950
          ],
          [
            -101.696005,
            40.030982,
            951.3
          ],
          [
            -101.697166,
            40.030917,
            952.4
          ],
          [
            -101.698901,
            40.030759,
            953.1
          ],
          [
            -101.699186,
            40.030718,
            953.1
          ],
          [
            -101.699475,
            40.030701,
            953.2
          ],
          [
            -101.700342,
            40.030616,
            953.3
          ],
          [
            -101.702355,
            40.03041,
            953.1
          ],
          [
            -101.703215,
            40.030308,
            953.1
          ],
          [
            -101.703504,
            40.030289,
            953.3
          ],
          [
            -101.706976,
            40.029922,
            954.6
          ],
          [
            -101.707261,
            40.029905,
            954.5
          ],
          [
            -101.710371,
            40.029617,
            957.1
          ],
          [
            -101.710655,
            40.029605,
            957.7
          ],
          [
            -101.712724,
            40.029434,
            960.7
          ],
          [
            -101.714985,
            40.029223,
            963.8
          ],
          [
            -101.715272,
            40.029186,
            964.2
          ],
          [
            -101.715566,
            40.029171,
            964.1
          ],
          [
            -101.719593,
            40.028785,
            963.3
          ],
          [
            -101.719869,
            40.028751,
            963.3
          ],
          [
            -101.721874,
            40.028564,
            964.1
          ],
          [
            -101.723031,
            40.028442,
            965.1
          ],
          [
            -101.723324,
            40.02843,
            965.2
          ],
          [
            -101.724415,
            40.028354,
            965.5
          ],
          [
            -101.725275,
            40.028331,
            965.3
          ],
          [
            -101.726492,
            40.028346,
            965.3
          ],
          [
            -101.728512,
            40.028441,
            964.1
          ],
          [
            -101.729976,
            40.028494,
            963.1
          ],
          [
            -101.730261,
            40.028522,
            963.1
          ],
          [
            -101.733752,
            40.028677,
            960.7
          ],
          [
            -101.734329,
            40.028715,
            960.4
          ],
          [
            -101.737508,
            40.028859,
            959.5
          ],
          [
            -101.737802,
            40.028865,
            959.3
          ],
          [
            -101.739818,
            40.029015,
            958.7
          ],
          [
            -101.741791,
            40.029217,
            957.9
          ],
          [
            -101.742077,
            40.029267,
            957.6
          ],
          [
            -101.743493,
            40.029472,
            956.8
          ],
          [
            -101.744615,
            40.029667,
            956.5
          ],
          [
            -101.745756,
            40.029889,
            956.7
          ],
          [
            -101.746594,
            40.030066,
            956.5
          ],
          [
            -101.748242,
            40.030462,
            956.5
          ],
          [
            -101.752962,
            40.031631,
            955.1
          ],
          [
            -101.754925,
            40.032095,
            956
          ],
          [
            -101.756,
            40.032262,
            956.4
          ],
          [
            -101.756577,
            40.032313,
            956.6
          ],
          [
            -101.75745,
            40.032344,
            956.5
          ],
          [
            -101.758036,
            40.03233,
            956.7
          ],
          [
            -101.758615,
            40.032292,
            956.8
          ],
          [
            -101.759457,
            40.032213,
            956.7
          ],
          [
            -101.760018,
            40.0321,
            957
          ],
          [
            -101.76057,
            40.031963,
            957.3
          ],
          [
            -101.76085,
            40.031907,
            957.5
          ],
          [
            -101.763913,
            40.031185,
            958.9
          ],
          [
            -101.764182,
            40.03111,
            959
          ],
          [
            -101.764464,
            40.031059,
            959.1
          ],
          [
            -101.766704,
            40.030531,
            960.3
          ],
          [
            -101.76697,
            40.030459,
            960.4
          ],
          [
            -101.767251,
            40.030404,
            960.6
          ],
          [
            -101.769469,
            40.029883,
            961.9
          ],
          [
            -101.769972,
            40.029748,
            962.2
          ],
          [
            -101.770255,
            40.029698,
            962.4
          ],
          [
            -101.772474,
            40.029179,
            963.6
          ],
          [
            -101.772756,
            40.029097,
            963.7
          ],
          [
            -101.773039,
            40.029046,
            963.7
          ],
          [
            -101.776363,
            40.028264,
            965
          ],
          [
            -101.776924,
            40.028121,
            965
          ],
          [
            -101.777211,
            40.028065,
            965
          ],
          [
            -101.783319,
            40.026632,
            964.7
          ],
          [
            -101.785209,
            40.026179,
            964.9
          ],
          [
            -101.785482,
            40.026104,
            965
          ],
          [
            -101.785764,
            40.02605,
            964.9
          ],
          [
            -101.788529,
            40.025408,
            967.5
          ],
          [
            -101.789625,
            40.025135,
            970.2
          ],
          [
            -101.789908,
            40.025085,
            970.8
          ],
          [
            -101.792969,
            40.024367,
            977
          ],
          [
            -101.793806,
            40.024194,
            977.7
          ],
          [
            -101.794369,
            40.024095,
            978.4
          ],
          [
            -101.79522,
            40.023971,
            979.5
          ],
          [
            -101.79607,
            40.023873,
            980.3
          ],
          [
            -101.796355,
            40.023846,
            980.6
          ],
          [
            -101.797833,
            40.023759,
            982
          ],
          [
            -101.798698,
            40.023745,
            982.4
          ],
          [
            -101.799794,
            40.023768,
            982.9
          ],
          [
            -101.802131,
            40.023972,
            983
          ],
          [
            -101.802975,
            40.024099,
            982.8
          ],
          [
            -101.80725,
            40.024844,
            980.3
          ],
          [
            -101.807521,
            40.024908,
            980
          ],
          [
            -101.810322,
            40.025414,
            975.1
          ],
          [
            -101.815688,
            40.026372,
            973.5
          ],
          [
            -101.817636,
            40.02671,
            974.2
          ],
          [
            -101.818197,
            40.026819,
            974.5
          ],
          [
            -101.82102,
            40.027328,
            975.8
          ],
          [
            -101.822162,
            40.027498,
            976.4
          ],
          [
            -101.822743,
            40.027566,
            976.8
          ],
          [
            -101.823605,
            40.027628,
            977.3
          ],
          [
            -101.823893,
            40.027662,
            977.5
          ],
          [
            -101.825049,
            40.027713,
            977.9
          ],
          [
            -101.825631,
            40.027715,
            978.4
          ],
          [
            -101.826507,
            40.027699,
            978.8
          ],
          [
            -101.827379,
            40.027651,
            979.2
          ],
          [
            -101.828236,
            40.02758,
            980
          ],
          [
            -101.828801,
            40.027496,
            980.1
          ],
          [
            -101.829091,
            40.027477,
            980.2
          ],
          [
            -101.834789,
            40.026783,
            981.9
          ],
          [
            -101.835073,
            40.026738,
            981.8
          ],
          [
            -101.835362,
            40.026713,
            981.7
          ],
          [
            -101.838215,
            40.026368,
            981
          ],
          [
            -101.838779,
            40.026284,
            981.2
          ],
          [
            -101.839073,
            40.026264,
            981.3
          ],
          [
            -101.842505,
            40.025849,
            983
          ],
          [
            -101.843363,
            40.025734,
            983.8
          ],
          [
            -101.843651,
            40.02571,
            984
          ],
          [
            -101.846761,
            40.025326,
            986.4
          ],
          [
            -101.848202,
            40.025158,
            987.3
          ],
          [
            -101.850196,
            40.024882,
            988.6
          ],
          [
            -101.850754,
            40.024785,
            989.1
          ],
          [
            -101.851048,
            40.02476,
            989.3
          ],
          [
            -101.853329,
            40.024435,
            990.4
          ],
          [
            -101.853904,
            40.024339,
            990.4
          ],
          [
            -101.854196,
            40.024312,
            990.4
          ],
          [
            -101.857327,
            40.023866,
            989.6
          ],
          [
            -101.858192,
            40.023731,
            989.5
          ],
          [
            -101.85848,
            40.023701,
            989.7
          ],
          [
            -101.861326,
            40.023294,
            990.2
          ],
          [
            -101.861858,
            40.023206,
            990.3
          ],
          [
            -101.862146,
            40.023178,
            990.3
          ],
          [
            -101.864987,
            40.022772,
            991.4
          ],
          [
            -101.865279,
            40.022719,
            991.5
          ],
          [
            -101.865566,
            40.02269,
            991.6
          ],
          [
            -101.868403,
            40.022282,
            993.4
          ],
          [
            -101.868972,
            40.022185,
            993.6
          ],
          [
            -101.869261,
            40.022158,
            993.8
          ],
          [
            -101.871846,
            40.021779,
            994.7
          ],
          [
            -101.875263,
            40.0213,
            996
          ],
          [
            -101.876074,
            40.021175,
            996
          ],
          [
            -101.876361,
            40.021144,
            996.1
          ],
          [
            -101.879774,
            40.020655,
            995.9
          ],
          [
            -101.880348,
            40.020563,
            996.1
          ],
          [
            -101.880635,
            40.020532,
            996.2
          ],
          [
            -101.883759,
            40.020085,
            998.6
          ],
          [
            -101.884607,
            40.01995,
            999.3
          ],
          [
            -101.884899,
            40.019922,
            999.5
          ],
          [
            -101.888039,
            40.019472,
            999.8
          ],
          [
            -101.888612,
            40.019375,
            999.8
          ],
          [
            -101.888904,
            40.019347,
            999.9
          ],
          [
            -101.892315,
            40.018857,
            999.8
          ],
          [
            -101.893119,
            40.018726,
            999.8
          ],
          [
            -101.893405,
            40.0187,
            999.8
          ],
          [
            -101.896246,
            40.018294,
            1001.3
          ],
          [
            -101.896835,
            40.018196,
            1001.6
          ],
          [
            -101.897121,
            40.018168,
            1001.8
          ],
          [
            -101.900251,
            40.017718,
            1004.5
          ],
          [
            -101.901121,
            40.017581,
            1005.1
          ],
          [
            -101.902265,
            40.01745,
            1005.8
          ],
          [
            -101.905172,
            40.017192,
            1007.4
          ],
          [
            -101.905462,
            40.01718,
            1007.4
          ],
          [
            -101.908881,
            40.016892,
            1007.8
          ],
          [
            -101.909167,
            40.016858,
            1007.7
          ],
          [
            -101.909457,
            40.016844,
            1007.7
          ],
          [
            -101.911758,
            40.016651,
            1007.7
          ],
          [
            -101.912351,
            40.016589,
            1007.5
          ],
          [
            -101.912641,
            40.016576,
            1007.7
          ],
          [
            -101.915233,
            40.016357,
            1007.9
          ],
          [
            -101.916398,
            40.016256,
            1007.4
          ],
          [
            -101.916675,
            40.016222,
            1007.4
          ],
          [
            -101.916965,
            40.016209,
            1007.4
          ],
          [
            -101.920438,
            40.015914,
            1006.8
          ],
          [
            -101.920727,
            40.015897,
            1006.6
          ],
          [
            -101.923319,
            40.015682,
            1006.1
          ],
          [
            -101.924712,
            40.015562,
            1005.3
          ],
          [
            -101.924994,
            40.015528,
            1005.2
          ],
          [
            -101.925293,
            40.015514,
            1005.3
          ],
          [
            -101.927076,
            40.015365,
            1005.2
          ],
          [
            -101.928148,
            40.01526,
            1004.8
          ],
          [
            -101.929199,
            40.015116,
            1004.6
          ],
          [
            -101.929697,
            40.015016,
            1004.8
          ],
          [
            -101.929942,
            40.014985,
            1004.6
          ],
          [
            -101.930877,
            40.014788,
            1003.7
          ],
          [
            -101.931101,
            40.014735,
            1003.6
          ],
          [
            -101.931312,
            40.014671,
            1003.5
          ],
          [
            -101.931971,
            40.014524,
            1003.5
          ],
          [
            -101.932186,
            40.014467,
            1003.2
          ],
          [
            -101.9324,
            40.014448,
            1003.1
          ],
          [
            -101.933417,
            40.014138,
            1002.9
          ],
          [
            -101.934047,
            40.014022,
            1003.3
          ],
          [
            -101.934462,
            40.013957,
            1003.2
          ],
          [
            -101.934663,
            40.013932,
            1003.4
          ],
          [
            -101.934888,
            40.013933,
            1003.4
          ],
          [
            -101.935491,
            40.01385,
            1003.6
          ],
          [
            -101.936315,
            40.013858,
            1003.3
          ],
          [
            -101.936943,
            40.013852,
            1002.9
          ],
          [
            -101.937166,
            40.013874,
            1002.9
          ],
          [
            -101.937585,
            40.013844,
            1002.9
          ],
          [
            -101.939626,
            40.013869,
            1004
          ],
          [
            -101.939836,
            40.013921,
            1003.8
          ],
          [
            -101.94176,
            40.013838,
            1005.1
          ],
          [
            -101.9422,
            40.013849,
            1004.9
          ],
          [
            -101.942857,
            40.013847,
            1005.1
          ],
          [
            -101.943077,
            40.013907,
            1004.9
          ],
          [
            -101.944415,
            40.013853,
            1005.4
          ],
          [
            -101.946336,
            40.01386,
            1006.7
          ],
          [
            -101.946862,
            40.013858,
            1006.7
          ],
          [
            -101.947114,
            40.013845,
            1006.8
          ],
          [
            -101.947366,
            40.013861,
            1006.9
          ],
          [
            -101.948658,
            40.013868,
            1007.5
          ],
          [
            -101.949182,
            40.013884,
            1007.6
          ],
          [
            -101.949706,
            40.013921,
            1008
          ],
          [
            -101.950547,
            40.014028,
            1008
          ],
          [
            -101.951287,
            40.014167,
            1007.8
          ],
          [
            -101.952066,
            40.014367,
            1007.5
          ],
          [
            -101.95384,
            40.015032,
            1006
          ],
          [
            -101.954533,
            40.015388,
            1006
          ],
          [
            -101.95517,
            40.015777,
            1006
          ],
          [
            -101.955369,
            40.015916,
            1006.1
          ],
          [
            -101.956884,
            40.017254,
            1003.4
          ],
          [
            -101.961979,
            40.022825,
            1000.9
          ],
          [
            -101.962162,
            40.022998,
            1000.9
          ],
          [
            -101.962309,
            40.023186,
            1000.9
          ],
          [
            -101.963917,
            40.02495,
            1000.8
          ],
          [
            -101.964143,
            40.025169,
            1000.8
          ],
          [
            -101.964256,
            40.02532,
            1000.8
          ],
          [
            -101.965736,
            40.02694,
            1000.5
          ],
          [
            -101.965914,
            40.027121,
            1000.5
          ],
          [
            -101.966073,
            40.027309,
            1000.4
          ],
          [
            -101.967551,
            40.028929,
            1000.8
          ],
          [
            -101.967747,
            40.02912,
            1001.3
          ],
          [
            -101.967896,
            40.029307,
            1001.6
          ],
          [
            -101.96937,
            40.030923,
            1004.8
          ],
          [
            -101.969555,
            40.0311,
            1005.2
          ],
          [
            -101.969706,
            40.03129,
            1005.5
          ],
          [
            -101.970207,
            40.031832,
            1006.3
          ],
          [
            -101.970901,
            40.032538,
            1006.8
          ],
          [
            -101.971085,
            40.032712,
            1006.9
          ],
          [
            -101.971471,
            40.033038,
            1007
          ],
          [
            -101.971649,
            40.03321,
            1006.8
          ],
          [
            -101.972002,
            40.033504,
            1006.4
          ],
          [
            -101.972647,
            40.034007,
            1005.9
          ],
          [
            -101.973448,
            40.034572,
            1006.6
          ],
          [
            -101.974111,
            40.034994,
            1006.6
          ],
          [
            -101.974794,
            40.035394,
            1006.7
          ],
          [
            -101.975279,
            40.035652,
            1006.8
          ],
          [
            -101.97552,
            40.035769,
            1006.8
          ],
          [
            -101.975751,
            40.035898,
            1007
          ],
          [
            -101.976482,
            40.036247,
            1007.6
          ],
          [
            -101.977229,
            40.036571,
            1008.6
          ],
          [
            -101.978233,
            40.036988,
            1009.1
          ],
          [
            -101.979521,
            40.037502,
            1009.6
          ],
          [
            -101.979762,
            40.03762,
            1009.7
          ],
          [
            -101.983291,
            40.039083,
            1010.4
          ],
          [
            -101.98357,
            40.039184,
            1010.4
          ],
          [
            -101.983764,
            40.039279,
            1010.4
          ],
          [
            -101.985273,
            40.039907,
            1010.2
          ],
          [
            -101.986531,
            40.040427,
            1010.1
          ],
          [
            -101.986812,
            40.040529,
            1010.2
          ],
          [
            -101.987058,
            40.040644,
            1010.4
          ],
          [
            -101.989825,
            40.041792,
            1011
          ],
          [
            -101.990095,
            40.041892,
            1011.1
          ],
          [
            -101.990339,
            40.042005,
            1011.1
          ],
          [
            -101.993119,
            40.043155,
            1011.8
          ],
          [
            -101.993895,
            40.04346,
            1012
          ],
          [
            -101.994139,
            40.043579,
            1012.1
          ],
          [
            -101.996153,
            40.044415,
            1012.6
          ],
          [
            -101.998088,
            40.045278,
            1013
          ],
          [
            -101.99833,
            40.045407,
            1013
          ],
          [
            -102.001016,
            40.046663,
            1013.6
          ],
          [
            -102.001276,
            40.046775,
            1013.7
          ],
          [
            -102.001514,
            40.046896,
            1013.8
          ],
          [
            -102.00423,
            40.048158,
            1014.7
          ],
          [
            -102.004712,
            40.048393,
            1014.9
          ],
          [
            -102.007648,
            40.049765,
            1017.3
          ],
          [
            -102.008161,
            40.049989,
            1017.7
          ],
          [
            -102.008395,
            40.050115,
            1018
          ],
          [
            -102.011088,
            40.051376,
            1019.4
          ],
          [
            -102.01184,
            40.051712,
            1019.6
          ],
          [
            -102.012079,
            40.051838,
            1019.7
          ],
          [
            -102.014961,
            40.053186,
            1020.9
          ],
          [
            -102.01594,
            40.053625,
            1020.8
          ],
          [
            -102.016183,
            40.053755,
            1020.8
          ],
          [
            -102.018877,
            40.055012,
            1021.6
          ],
          [
            -102.019401,
            40.055246,
            1021.9
          ],
          [
            -102.019639,
            40.055368,
            1022
          ],
          [
            -102.022595,
            40.056746,
            1022.9
          ],
          [
            -102.022847,
            40.05685,
            1022.9
          ],
          [
            -102.023083,
            40.056973,
            1022.9
          ],
          [
            -102.024555,
            40.057653,
            1023.6
          ],
          [
            -102.025573,
            40.058074,
            1024.4
          ],
          [
            -102.025827,
            40.058165,
            1024.6
          ],
          [
            -102.026359,
            40.058334,
            1025.1
          ],
          [
            -102.026616,
            40.058439,
            1025.3
          ],
          [
            -102.027415,
            40.058689,
            1025.7
          ],
          [
            -102.02823,
            40.058909,
            1026.1
          ],
          [
            -102.029599,
            40.059242,
            1026.2
          ],
          [
            -102.029823,
            40.059304,
            1026.2
          ],
          [
            -102.030383,
            40.059415,
            1026.2
          ],
          [
            -102.030654,
            40.059495,
            1026.1
          ],
          [
            -102.033658,
            40.060214,
            1026.1
          ],
          [
            -102.03394,
            40.060297,
            1026.1
          ],
          [
            -102.03477,
            40.060468,
            1026.2
          ],
          [
            -102.035037,
            40.060545,
            1026.6
          ],
          [
            -102.038893,
            40.061466,
            1029
          ],
          [
            -102.039169,
            40.061521,
            1029.1
          ],
          [
            -102.039442,
            40.061596,
            1029.4
          ],
          [
            -102.044071,
            40.062698,
            1028.3
          ],
          [
            -102.044348,
            40.062752,
            1028.3
          ],
          [
            -102.044667,
            40.062845,
            1028.5
          ],
          [
            -102.047907,
            40.063623,
            1028.4
          ],
          [
            -102.048188,
            40.063677,
            1028.3
          ],
          [
            -102.048456,
            40.063753,
            1028.3
          ],
          [
            -102.053077,
            40.064855,
            1030.2
          ],
          [
            -102.054155,
            40.06514,
            1030.6
          ],
          [
            -102.05495,
            40.06538,
            1031.5
          ],
          [
            -102.055728,
            40.065653,
            1032.2
          ],
          [
            -102.056785,
            40.066089,
            1032.5
          ],
          [
            -102.057781,
            40.066538,
            1032.9
          ],
          [
            -102.060225,
            40.067675,
            1033.6
          ],
          [
            -102.060488,
            40.067777,
            1033.6
          ],
          [
            -102.060721,
            40.067904,
            1033.7
          ],
          [
            -102.062931,
            40.068929,
            1032.3
          ],
          [
            -102.063189,
            40.069034,
            1032.5
          ],
          [
            -102.063431,
            40.06916,
            1032.5
          ],
          [
            -102.068288,
            40.071412,
            1033.5
          ],
          [
            -102.069063,
            40.071759,
            1034.1
          ],
          [
            -102.069297,
            40.071878,
            1034.3
          ],
          [
            -102.072491,
            40.073356,
            1035.9
          ],
          [
            -102.073006,
            40.073577,
            1036.1
          ],
          [
            -102.07324,
            40.073703,
            1036.1
          ],
          [
            -102.075205,
            40.074613,
            1036.3
          ],
          [
            -102.075463,
            40.074718,
            1036.5
          ],
          [
            -102.075701,
            40.074843,
            1036.6
          ],
          [
            -102.078112,
            40.075956,
            1035.8
          ],
          [
            -102.078641,
            40.076183,
            1035.9
          ],
          [
            -102.078923,
            40.076332,
            1035.8
          ],
          [
            -102.080587,
            40.077103,
            1035.7
          ],
          [
            -102.081096,
            40.077316,
            1036.2
          ],
          [
            -102.081885,
            40.077594,
            1036.7
          ],
          [
            -102.082431,
            40.077752,
            1037.3
          ],
          [
            -102.082703,
            40.077821,
            1037.7
          ],
          [
            -102.082949,
            40.077904,
            1038
          ],
          [
            -102.083512,
            40.078003,
            1038.5
          ],
          [
            -102.086264,
            40.078615,
            1041
          ],
          [
            -102.086567,
            40.0787,
            1041.2
          ],
          [
            -102.087404,
            40.078854,
            1041.9
          ],
          [
            -102.087677,
            40.07893,
            1041.9
          ],
          [
            -102.090154,
            40.079482,
            1042.2
          ],
          [
            -102.090436,
            40.079555,
            1042.2
          ],
          [
            -102.090996,
            40.079658,
            1042.1
          ],
          [
            -102.09127,
            40.07973,
            1042
          ],
          [
            -102.095141,
            40.080601,
            1043.1
          ],
          [
            -102.095635,
            40.080696,
            1043.3
          ],
          [
            -102.095904,
            40.080769,
            1043.1
          ],
          [
            -102.096991,
            40.081012,
            1043.5
          ],
          [
            -102.097528,
            40.081121,
            1043.8
          ],
          [
            -102.098066,
            40.081209,
            1044.1
          ],
          [
            -102.09833,
            40.081275,
            1044.2
          ],
          [
            -102.099647,
            40.081385,
            1044.1
          ],
          [
            -102.101145,
            40.081698,
            1043.9
          ],
          [
            -102.102161,
            40.081926,
            1043.9
          ],
          [
            -102.102891,
            40.082123,
            1044.3
          ],
          [
            -102.104586,
            40.082621,
            1045.2
          ],
          [
            -102.105337,
            40.082799,
            1045.6
          ],
          [
            -102.105844,
            40.082883,
            1045.7
          ],
          [
            -102.106356,
            40.082952,
            1046
          ],
          [
            -102.106604,
            40.083005,
            1046
          ],
          [
            -102.106861,
            40.083044,
            1046.1
          ],
          [
            -102.108899,
            40.083294,
            1046.4
          ],
          [
            -102.109222,
            40.083349,
            1046.4
          ],
          [
            -102.109955,
            40.08341,
            1046.5
          ],
          [
            -102.110216,
            40.083451,
            1046.7
          ],
          [
            -102.112591,
            40.083751,
            1047.1
          ],
          [
            -102.113381,
            40.083822,
            1047.3
          ],
          [
            -102.113636,
            40.083867,
            1047.4
          ],
          [
            -102.115465,
            40.084088,
            1048.8
          ],
          [
            -102.115745,
            40.084135,
            1049
          ],
          [
            -102.116529,
            40.084206,
            1049.2
          ],
          [
            -102.11679,
            40.084249,
            1049.2
          ],
          [
            -102.119404,
            40.084566,
            1049.6
          ],
          [
            -102.119681,
            40.084611,
            1049.6
          ],
          [
            -102.120468,
            40.08468,
            1049.6
          ],
          [
            -102.120728,
            40.084726,
            1049.6
          ],
          [
            -102.123024,
            40.085003,
            1049.8
          ],
          [
            -102.123299,
            40.085049,
            1049.8
          ],
          [
            -102.12409,
            40.085117,
            1049.9
          ],
          [
            -102.12435,
            40.085164,
            1050
          ],
          [
            -102.126176,
            40.085383,
            1050.4
          ],
          [
            -102.126449,
            40.085429,
            1050.5
          ],
          [
            -102.126975,
            40.085472,
            1050.8
          ],
          [
            -102.127495,
            40.085547,
            1051
          ],
          [
            -102.129591,
            40.085796,
            1052.2
          ],
          [
            -102.129858,
            40.085839,
            1052.3
          ],
          [
            -102.13038,
            40.085876,
            1052.5
          ],
          [
            -102.13117,
            40.085898,
            1052.8
          ],
          [
            -102.131437,
            40.085922,
            1052.9
          ],
          [
            -102.131699,
            40.085927,
            1053
          ],
          [
            -102.132235,
            40.085927,
            1053
          ],
          [
            -102.132766,
            40.085914,
            1052.8
          ],
          [
            -102.133296,
            40.08589,
            1052.4
          ],
          [
            -102.133832,
            40.085851,
            1052.1
          ],
          [
            -102.134105,
            40.085848,
            1051.8
          ],
          [
            -102.134624,
            40.085771,
            1051.3
          ],
          [
            -102.135089,
            40.085687,
            1051.2
          ],
          [
            -102.135405,
            40.085651,
            1051.2
          ],
          [
            -102.137423,
            40.085327,
            1051.5
          ],
          [
            -102.13769,
            40.085305,
            1051.7
          ],
          [
            -102.138207,
            40.085206,
            1052.3
          ],
          [
            -102.140323,
            40.084935,
            1053.7
          ],
          [
            -102.140577,
            40.084886,
            1054.3
          ],
          [
            -102.142663,
            40.084584,
            1056.2
          ],
          [
            -102.14292,
            40.084529,
            1056.7
          ],
          [
            -102.143184,
            40.084503,
            1057.1
          ],
          [
            -102.144748,
            40.084271,
            1059.9
          ],
          [
            -102.145274,
            40.084175,
            1060.6
          ],
          [
            -102.145535,
            40.084152,
            1060.7
          ],
          [
            -102.146317,
            40.084045,
            1061.9
          ],
          [
            -102.146842,
            40.083994,
            1061.9
          ],
          [
            -102.147932,
            40.083943,
            1061.9
          ],
          [
            -102.148937,
            40.084,
            1061.3
          ],
          [
            -102.154198,
            40.084518,
            1064.1
          ],
          [
            -102.154463,
            40.084533,
            1064.5
          ],
          [
            -102.154726,
            40.08457,
            1064.8
          ],
          [
            -102.155514,
            40.084646,
            1065.6
          ],
          [
            -102.156317,
            40.084698,
            1066.5
          ],
          [
            -102.157388,
            40.084709,
            1066.9
          ],
          [
            -102.157652,
            40.08472,
            1067
          ],
          [
            -102.158181,
            40.084689,
            1066.3
          ],
          [
            -102.158447,
            40.084701,
            1066.1
          ],
          [
            -102.160851,
            40.084686,
            1064.7
          ],
          [
            -102.161112,
            40.084669,
            1064.8
          ],
          [
            -102.161373,
            40.084682,
            1064.7
          ],
          [
            -102.162688,
            40.084676,
            1065
          ],
          [
            -102.163445,
            40.08467,
            1065.7
          ],
          [
            -102.163707,
            40.084655,
            1066.1
          ],
          [
            -102.163973,
            40.084669,
            1066.1
          ],
          [
            -102.16662,
            40.084656,
            1069.1
          ],
          [
            -102.166884,
            40.084663,
            1069.4
          ],
          [
            -102.167418,
            40.084638,
            1070.4
          ],
          [
            -102.16768,
            40.08465,
            1070.9
          ],
          [
            -102.17038,
            40.084634,
            1072.8
          ],
          [
            -102.170643,
            40.084623,
            1072.8
          ],
          [
            -102.17091,
            40.084629,
            1072.8
          ],
          [
            -102.173809,
            40.084567,
            1073.5
          ],
          [
            -102.174106,
            40.084573,
            1073.7
          ],
          [
            -102.174633,
            40.084542,
            1074
          ],
          [
            -102.174895,
            40.084544,
            1074.2
          ],
          [
            -102.178024,
            40.084472,
            1074.6
          ],
          [
            -102.178352,
            40.084476,
            1074.5
          ],
          [
            -102.178874,
            40.084446,
            1074.5
          ],
          [
            -102.179085,
            40.084452,
            1074.4
          ],
          [
            -102.182016,
            40.084392,
            1074
          ],
          [
            -102.182285,
            40.084377,
            1074
          ],
          [
            -102.184931,
            40.084332,
            1073.2
          ],
          [
            -102.186002,
            40.084304,
            1074.2
          ],
          [
            -102.186524,
            40.084272,
            1075.2
          ],
          [
            -102.186787,
            40.084274,
            1075.8
          ],
          [
            -102.187308,
            40.084213,
            1076.6
          ],
          [
            -102.187805,
            40.084114,
            1077.4
          ],
          [
            -102.188064,
            40.084076,
            1077.6
          ],
          [
            -102.188319,
            40.084015,
            1078.1
          ],
          [
            -102.18882,
            40.083867,
            1078.5
          ],
          [
            -102.189063,
            40.08378,
            1078.7
          ],
          [
            -102.19068,
            40.083156,
            1078.5
          ],
          [
            -102.191513,
            40.082947,
            1077
          ],
          [
            -102.19176,
            40.082907,
            1076.6
          ],
          [
            -102.192221,
            40.082857,
            1076.1
          ],
          [
            -102.193842,
            40.082808,
            1073.9
          ],
          [
            -102.198848,
            40.082698,
            1078
          ],
          [
            -102.19966,
            40.082677,
            1079.2
          ],
          [
            -102.199921,
            40.082662,
            1079.5
          ],
          [
            -102.200188,
            40.082672,
            1079.9
          ],
          [
            -102.203377,
            40.082605,
            1081.7
          ],
          [
            -102.203661,
            40.082589,
            1081.5
          ],
          [
            -102.203876,
            40.082595,
            1081.2
          ],
          [
            -102.206503,
            40.082534,
            1082.8
          ],
          [
            -102.207286,
            40.082499,
            1084.5
          ],
          [
            -102.208047,
            40.082378,
            1086
          ],
          [
            -102.208532,
            40.082239,
            1086.7
          ],
          [
            -102.208966,
            40.082062,
            1087.4
          ],
          [
            -102.209344,
            40.081862,
            1087.8
          ],
          [
            -102.209518,
            40.081753,
            1087.8
          ],
          [
            -102.21049,
            40.081085,
            1088.8
          ],
          [
            -102.210958,
            40.080692,
            1089.3
          ],
          [
            -102.211082,
            40.080615,
            1089.4
          ],
          [
            -102.212139,
            40.079829,
            1089.3
          ],
          [
            -102.212366,
            40.07967,
            1089.1
          ],
          [
            -102.212596,
            40.079528,
            1088.8
          ],
          [
            -102.212713,
            40.079466,
            1088.7
          ],
          [
            -102.213282,
            40.079224,
            1088.6
          ],
          [
            -102.213564,
            40.079137,
            1088.6
          ],
          [
            -102.213974,
            40.079051,
            1088.8
          ],
          [
            -102.2144,
            40.078996,
            1088.5
          ],
          [
            -102.218225,
            40.078957,
            1085.3
          ],
          [
            -102.21837,
            40.07897,
            1085.2
          ],
          [
            -102.219235,
            40.078968,
            1084.9
          ],
          [
            -102.21938,
            40.078903,
            1084.9
          ],
          [
            -102.21981,
            40.078881,
            1084.8
          ],
          [
            -102.220246,
            40.078871,
            1084.7
          ],
          [
            -102.220387,
            40.078965,
            1084.9
          ],
          [
            -102.220803,
            40.078963,
            1085.4
          ],
          [
            -102.220933,
            40.078841,
            1085.2
          ],
          [
            -102.221637,
            40.07882,
            1085.1
          ],
          [
            -102.221768,
            40.078961,
            1085.1
          ],
          [
            -102.222028,
            40.078943,
            1084.4
          ],
          [
            -102.222079,
            40.078957,
            1084.4
          ],
          [
            -102.222912,
            40.078954,
            1084.4
          ],
          [
            -102.223032,
            40.078822,
            1084.3
          ],
          [
            -102.223421,
            40.078784,
            1084.8
          ],
          [
            -102.223556,
            40.078951,
            1084.8
          ],
          [
            -102.22412,
            40.078952,
            1084.8
          ],
          [
            -102.224527,
            40.078931,
            1085
          ],
          [
            -102.224663,
            40.078942,
            1084.9
          ],
          [
            -102.225777,
            40.078957,
            1084.7
          ],
          [
            -102.226187,
            40.078977,
            1084.4
          ],
          [
            -102.227008,
            40.079042,
            1083.5
          ],
          [
            -102.227129,
            40.079077,
            1083.5
          ],
          [
            -102.227733,
            40.079089,
            1083.4
          ],
          [
            -102.227838,
            40.079109,
            1083.5
          ],
          [
            -102.229749,
            40.079263,
            1083.5
          ],
          [
            -102.229918,
            40.079302,
            1083.6
          ],
          [
            -102.230262,
            40.079301,
            1083.7
          ],
          [
            -102.230437,
            40.07929,
            1083.7
          ],
          [
            -102.232252,
            40.079096,
            1085.2
          ],
          [
            -102.233625,
            40.078961,
            1085.5
          ],
          [
            -102.234729,
            40.078819,
            1085.7
          ],
          [
            -102.235505,
            40.07874,
            1086.1
          ],
          [
            -102.235616,
            40.078719,
            1086.2
          ],
          [
            -102.235713,
            40.078722,
            1086
          ],
          [
            -102.235727,
            40.07863,
            1085.9
          ],
          [
            -102.23572,
            40.07812,
            1083.8
          ],
          [
            -102.235717,
            40.077984,
            1083.6
          ],
          [
            -102.235699,
            40.077956,
            1083
          ],
          [
            -102.235551,
            40.077898,
            1083.1
          ],
          [
            -102.235355,
            40.078041,
            1082
          ],
          [
            -102.235318,
            40.07808,
            1077
          ],
          [
            -102.235242,
            40.078098,
            1074
          ],
          [
            -102.235208,
            40.078061,
            1080
          ],
          [
            -102.235253,
            40.078051,
            1066
          ],
          [
            -102.235261,
            40.078007,
            1076
          ],
          [
            -102.23525,
            40.077979,
            1074
          ],
          [
            -102.2352,
            40.077979,
            1069.8
          ],
          [
            -102.235234,
            40.078008,
            1070
          ],
          [
            -102.235271,
            40.07802,
            1075
          ],
          [
            -102.235263,
            40.078047,
            1078
          ],
          [
            -102.23521,
            40.078073,
            1077
          ],
          [
            -102.235322,
            40.078075,
            1085
          ],
          [
            -102.23529,
            40.078106,
            1083
          ],
          [
            -102.235288,
            40.078141,
            1084
          ],
          [
            -102.235312,
            40.07817,
            1084
          ],
          [
            -102.235359,
            40.078191,
            1084
          ],
          [
            -102.235406,
            40.078185,
            1084
          ],
          [
            -102.235451,
            40.078152,
            1084
          ],
          [
            -102.235577,
            40.077986,
            1084.1
          ],
          [
            -102.235632,
            40.077954,
            1084.1
          ],
          [
            -102.235692,
            40.07795,
            1084
          ],
          [
            -102.235734,
            40.077965,
            1084.2
          ],
          [
            -102.235757,
            40.077987,
            1084.1
          ],
          [
            -102.235771,
            40.078018,
            1084.1
          ],
          [
            -102.235755,
            40.078488,
            1083.1
          ],
          [
            -102.235745,
            40.078529,
            1082
          ],
          [
            -102.235707,
            40.078592,
            1082.6
          ],
          [
            -102.23563,
            40.078644,
            1082.6
          ],
          [
            -102.235518,
            40.078669,
            1082.6
          ],
          [
            -102.234425,
            40.07876,
            1081.9
          ],
          [
            -102.232324,
            40.079031,
            1083.6
          ],
          [
            -102.230906,
            40.079186,
            1084
          ],
          [
            -102.230422,
            40.079222,
            1083.4
          ],
          [
            -102.230099,
            40.079229,
            1083.4
          ],
          [
            -102.229771,
            40.079221,
            1083.3
          ],
          [
            -102.229548,
            40.079229,
            1083.2
          ],
          [
            -102.229394,
            40.07922,
            1083
          ],
          [
            -102.228812,
            40.07917,
            1082.7
          ],
          [
            -102.228675,
            40.079145,
            1082.6
          ],
          [
            -102.227557,
            40.079052,
            1083.3
          ],
          [
            -102.227505,
            40.07906,
            1083.3
          ],
          [
            -102.227428,
            40.079272,
            1083
          ],
          [
            -102.227421,
            40.079343,
            1082.8
          ],
          [
            -102.227426,
            40.079505,
            1082.8
          ],
          [
            -102.227467,
            40.07987,
            1082.9
          ],
          [
            -102.227524,
            40.080067,
            1082.6
          ],
          [
            -102.227571,
            40.080168,
            1082.4
          ],
          [
            -102.227695,
            40.080362,
            1081.9
          ],
          [
            -102.228517,
            40.081516,
            1082.8
          ],
          [
            -102.228764,
            40.081899,
            1084.7
          ],
          [
            -102.22895,
            40.082078,
            1085.2
          ],
          [
            -102.229424,
            40.082938,
            1088.4
          ],
          [
            -102.229561,
            40.083214,
            1089.5
          ],
          [
            -102.229625,
            40.083371,
            1089.9
          ],
          [
            -102.229678,
            40.083536,
            1090.4
          ],
          [
            -102.229725,
            40.083737,
            1090.8
          ],
          [
            -102.229769,
            40.084048,
            1091.4
          ],
          [
            -102.229779,
            40.084224,
            1091.8
          ],
          [
            -102.229701,
            40.084754,
            1092.7
          ],
          [
            -102.229656,
            40.084932,
            1093.4
          ],
          [
            -102.229538,
            40.085277,
            1095
          ],
          [
            -102.228862,
            40.086977,
            1104.8
          ],
          [
            -102.228529,
            40.087891,
            1106.9
          ],
          [
            -102.228301,
            40.088619,
            1107.8
          ],
          [
            -102.228139,
            40.089173,
            1108.2
          ],
          [
            -102.227993,
            40.08973,
            1108.5
          ],
          [
            -102.227864,
            40.090297,
            1109.1
          ],
          [
            -102.22769,
            40.091254,
            1109.7
          ],
          [
            -102.227635,
            40.091633,
            1109.2
          ],
          [
            -102.227581,
            40.092156,
            1107.8
          ],
          [
            -102.227555,
            40.092533,
            1106.9
          ],
          [
            -102.227542,
            40.092914,
            1106.2
          ],
          [
            -102.227545,
            40.094467,
            1106.4
          ],
          [
            -102.227509,
            40.098067,
            1109.2
          ],
          [
            -102.227465,
            40.099184,
            1108.8
          ],
          [
            -102.227347,
            40.101502,
            1109.4
          ],
          [
            -102.227237,
            40.104122,
            1105.7
          ],
          [
            -102.227229,
            40.104373,
            1105.6
          ],
          [
            -102.227222,
            40.106193,
            1104.1
          ],
          [
            -102.227235,
            40.111197,
            1110.4
          ],
          [
            -102.227228,
            40.113189,
            1114.4
          ],
          [
            -102.227237,
            40.114375,
            1115.4
          ],
          [
            -102.227236,
            40.118388,
            1120.6
          ],
          [
            -102.227268,
            40.119002,
            1120.9
          ],
          [
            -102.227414,
            40.121041,
            1123
          ],
          [
            -102.227442,
            40.121656,
            1124.1
          ],
          [
            -102.227502,
            40.121972,
            1124.4
          ],
          [
            -102.227498,
            40.125297,
            1126.7
          ],
          [
            -102.227508,
            40.127519,
            1129.4
          ],
          [
            -102.227494,
            40.129076,
            1130.7
          ],
          [
            -102.227503,
            40.129518,
            1131
          ],
          [
            -102.227518,
            40.129741,
            1131.2
          ],
          [
            -102.227576,
            40.130181,
            1131.5
          ],
          [
            -102.22766,
            40.130578,
            1131.5
          ],
          [
            -102.227799,
            40.131056,
            1131.5
          ],
          [
            -102.227944,
            40.131439,
            1131.8
          ],
          [
            -102.228145,
            40.131857,
            1132
          ],
          [
            -102.228284,
            40.132101,
            1132
          ],
          [
            -102.228519,
            40.132457,
            1131.8
          ],
          [
            -102.228663,
            40.13265,
            1131.6
          ],
          [
            -102.229162,
            40.133183,
            1131.1
          ],
          [
            -102.229417,
            40.13338,
            1130.8
          ],
          [
            -102.229595,
            40.133551,
            1130.6
          ],
          [
            -102.229975,
            40.133889,
            1130.2
          ],
          [
            -102.235093,
            40.138175,
            1127.4
          ],
          [
            -102.236829,
            40.139646,
            1129.6
          ],
          [
            -102.237117,
            40.139815,
            1130.1
          ],
          [
            -102.244342,
            40.145892,
            1131.6
          ],
          [
            -102.244917,
            40.146394,
            1131.8
          ],
          [
            -102.245275,
            40.146741,
            1132.1
          ],
          [
            -102.245593,
            40.14711,
            1132.1
          ],
          [
            -102.245837,
            40.147514,
            1131.9
          ],
          [
            -102.245948,
            40.147717,
            1131.8
          ],
          [
            -102.246135,
            40.148133,
            1131.5
          ],
          [
            -102.246282,
            40.148561,
            1131.4
          ],
          [
            -102.246328,
            40.148732,
            1131.5
          ],
          [
            -102.246409,
            40.149165,
            1131.5
          ],
          [
            -102.246431,
            40.149601,
            1132
          ],
          [
            -102.246425,
            40.152714,
            1133.9
          ],
          [
            -102.246443,
            40.15299,
            1133.8
          ],
          [
            -102.246407,
            40.158089,
            1135
          ],
          [
            -102.246401,
            40.161376,
            1135.7
          ],
          [
            -102.246357,
            40.166478,
            1136.3
          ],
          [
            -102.246321,
            40.172867,
            1142.3
          ],
          [
            -102.246288,
            40.17532,
            1141.4
          ],
          [
            -102.246287,
            40.176646,
            1141.4
          ],
          [
            -102.246201,
            40.183701,
            1138.1
          ],
          [
            -102.24623,
            40.184036,
            1138.1
          ],
          [
            -102.246196,
            40.186474,
            1138.1
          ],
          [
            -102.246126,
            40.193122,
            1144
          ],
          [
            -102.246145,
            40.197513,
            1144.1
          ],
          [
            -102.246168,
            40.200411,
            1144.3
          ],
          [
            -102.246175,
            40.203061,
            1143.9
          ],
          [
            -102.246136,
            40.205283,
            1141.8
          ],
          [
            -102.245984,
            40.211879,
            1139.8
          ],
          [
            -102.246017,
            40.212215,
            1140.1
          ],
          [
            -102.24595,
            40.215113,
            1140.8
          ],
          [
            -102.245897,
            40.216885,
            1141.2
          ],
          [
            -102.245837,
            40.219992,
            1141.3
          ],
          [
            -102.245679,
            40.226823,
            1141.8
          ],
          [
            -102.245664,
            40.228153,
            1143.5
          ],
          [
            -102.245634,
            40.229268,
            1143.6
          ],
          [
            -102.245607,
            40.231044,
            1142.8
          ],
          [
            -102.245522,
            40.234985,
            1147.4
          ],
          [
            -102.245468,
            40.238621,
            1143.4
          ],
          [
            -102.245467,
            40.23929,
            1142.5
          ],
          [
            -102.245488,
            40.239513,
            1142
          ],
          [
            -102.245362,
            40.24723,
            1139.6
          ],
          [
            -102.245252,
            40.256547,
            1141
          ],
          [
            -102.24526,
            40.256791,
            1141
          ],
          [
            -102.245279,
            40.257011,
            1141
          ],
          [
            -102.245189,
            40.264333,
            1141.3
          ],
          [
            -102.245163,
            40.267177,
            1142.3
          ],
          [
            -102.24513,
            40.268954,
            1141.5
          ],
          [
            -102.24514,
            40.269177,
            1141.3
          ],
          [
            -102.245192,
            40.269617,
            1141.1
          ],
          [
            -102.245292,
            40.270053,
            1140.9
          ],
          [
            -102.245361,
            40.270269,
            1140.8
          ],
          [
            -102.245443,
            40.270483,
            1140.8
          ],
          [
            -102.245641,
            40.270899,
            1140.8
          ],
          [
            -102.24588,
            40.271301,
            1140.8
          ],
          [
            -102.246394,
            40.27193,
            1140.2
          ],
          [
            -102.246566,
            40.272109,
            1139.9
          ],
          [
            -102.246935,
            40.27245,
            1139.5
          ],
          [
            -102.247328,
            40.272779,
            1139.3
          ],
          [
            -102.250743,
            40.275493,
            1139.1
          ],
          [
            -102.251029,
            40.275643,
            1139.1
          ],
          [
            -102.25283,
            40.27709,
            1139.1
          ],
          [
            -102.253164,
            40.277402,
            1138.9
          ],
          [
            -102.253494,
            40.277764,
            1138.7
          ],
          [
            -102.253645,
            40.277955,
            1138.7
          ],
          [
            -102.253783,
            40.278148,
            1138.7
          ],
          [
            -102.25391,
            40.278348,
            1138.8
          ],
          [
            -102.254047,
            40.278593,
            1138.9
          ],
          [
            -102.254104,
            40.278764,
            1139
          ],
          [
            -102.254191,
            40.278976,
            1139.1
          ],
          [
            -102.254328,
            40.279403,
            1139.4
          ],
          [
            -102.25439,
            40.279663,
            1139.5
          ],
          [
            -102.254451,
            40.280057,
            1139.8
          ],
          [
            -102.25447,
            40.2805,
            1139.8
          ],
          [
            -102.254489,
            40.283827,
            1140.3
          ],
          [
            -102.25454,
            40.289599,
            1141
          ],
          [
            -102.254551,
            40.290042,
            1140.9
          ],
          [
            -102.254576,
            40.290221,
            1140.9
          ],
          [
            -102.254582,
            40.290707,
            1141.1
          ],
          [
            -102.254562,
            40.290883,
            1141.1
          ],
          [
            -102.254574,
            40.292217,
            1141.9
          ],
          [
            -102.254597,
            40.29244,
            1142
          ],
          [
            -102.254594,
            40.300755,
            1140.4
          ],
          [
            -102.254622,
            40.306262,
            1138.2
          ],
          [
            -102.254658,
            40.321321,
            1145.6
          ],
          [
            -102.254692,
            40.321599,
            1145.5
          ],
          [
            -102.254693,
            40.323135,
            1147.5
          ],
          [
            -102.25472,
            40.32358,
            1148.9
          ],
          [
            -102.254747,
            40.323799,
            1149.5
          ],
          [
            -102.254827,
            40.324237,
            1151
          ],
          [
            -102.254879,
            40.324456,
            1151.6
          ],
          [
            -102.254993,
            40.324849,
            1152.4
          ],
          [
            -102.255154,
            40.325285,
            1152.5
          ],
          [
            -102.255348,
            40.325713,
            1152
          ],
          [
            -102.255592,
            40.326169,
            1151.5
          ],
          [
            -102.255766,
            40.326317,
            1151.3
          ],
          [
            -102.255895,
            40.326517,
            1151.2
          ],
          [
            -102.256172,
            40.326901,
            1151.1
          ],
          [
            -102.256936,
            40.327833,
            1151.3
          ],
          [
            -102.259888,
            40.331384,
            1150.3
          ],
          [
            -102.260111,
            40.331589,
            1150.5
          ],
          [
            -102.261674,
            40.333463,
            1152.6
          ],
          [
            -102.262601,
            40.334593,
            1153.2
          ],
          [
            -102.26302,
            40.335134,
            1152.7
          ],
          [
            -102.263309,
            40.33557,
            1152.1
          ],
          [
            -102.26352,
            40.335936,
            1151.2
          ],
          [
            -102.263605,
            40.336149,
            1150.8
          ],
          [
            -102.263702,
            40.336359,
            1150.3
          ],
          [
            -102.263858,
            40.336786,
            1149.6
          ],
          [
            -102.263924,
            40.336999,
            1149.1
          ],
          [
            -102.264037,
            40.337431,
            1148.1
          ],
          [
            -102.264124,
            40.337865,
            1147.4
          ],
          [
            -102.264173,
            40.3383,
            1146.7
          ],
          [
            -102.264186,
            40.338518,
            1146.4
          ],
          [
            -102.264191,
            40.33896,
            1146.2
          ],
          [
            -102.26398,
            40.34926,
            1145.1
          ],
          [
            -102.263991,
            40.349535,
            1144.7
          ],
          [
            -102.263931,
            40.351976,
            1142.6
          ],
          [
            -102.263939,
            40.352077,
            1142.6
          ],
          [
            -102.263921,
            40.352157,
            1142.6
          ],
          [
            -102.263931,
            40.352211,
            1142.5
          ],
          [
            -102.267857,
            40.352214,
            1154.3
          ],
          [
            -102.268095,
            40.352226,
            1154.8
          ],
          [
            -102.269481,
            40.352227,
            1160.1
          ],
          [
            -102.271159,
            40.352213,
            1158.4
          ],
          [
            -102.274757,
            40.35222,
            1159.1
          ],
          [
            -102.278374,
            40.352197,
            1160.5
          ],
          [
            -102.280556,
            40.352201,
            1151.6
          ],
          [
            -102.282672,
            40.352193,
            1151.8
          ],
          [
            -102.284563,
            40.352201,
            1156.1
          ],
          [
            -102.287555,
            40.352193,
            1167.2
          ],
          [
            -102.294018,
            40.35221,
            1159.2
          ],
          [
            -102.29673,
            40.352202,
            1154.6
          ],
          [
            -102.302875,
            40.35222,
            1155.2
          ],
          [
            -102.305324,
            40.352204,
            1161.5
          ],
          [
            -102.32046,
            40.352212,
            1155.6
          ],
          [
            -102.32314,
            40.352196,
            1161.2
          ],
          [
            -102.332521,
            40.352204,
            1187.8
          ],
          [
            -102.341289,
            40.352174,
            1165.4
          ],
          [
            -102.343269,
            40.352154,
            1163.3
          ],
          [
            -102.343889,
            40.352164,
            1162.3
          ],
          [
            -102.344035,
            40.352185,
            1162.1
          ],
          [
            -102.344115,
            40.352167,
            1162
          ],
          [
            -102.34421,
            40.352331,
            1161.8
          ],
          [
            -102.344162,
            40.35312,
            1162.2
          ],
          [
            -102.344145,
            40.353635,
            1163.2
          ],
          [
            -102.344149,
            40.353924,
            1163.4
          ],
          [
            -102.344216,
            40.35453,
            1163.1
          ],
          [
            -102.344274,
            40.354847,
            1162.9
          ],
          [
            -102.344355,
            40.355167,
            1162.4
          ],
          [
            -102.344471,
            40.355498,
            1162
          ],
          [
            -102.344555,
            40.355658,
            1161.8
          ],
          [
            -102.344675,
            40.355812,
            1161.7
          ],
          [
            -102.344882,
            40.356133,
            1161.7
          ],
          [
            -102.345695,
            40.357247,
            1163
          ],
          [
            -102.347373,
            40.359422,
            1164.6
          ],
          [
            -102.351712,
            40.365092,
            1173.2
          ],
          [
            -102.352228,
            40.365774,
            1175
          ],
          [
            -102.352339,
            40.365951,
            1175.4
          ],
          [
            -102.352487,
            40.36611,
            1175.8
          ],
          [
            -102.353813,
            40.367864,
            1180.6
          ],
          [
            -102.354389,
            40.36865,
            1180.1
          ],
          [
            -102.355053,
            40.369616,
            1178
          ],
          [
            -102.355145,
            40.369796,
            1177.7
          ],
          [
            -102.35561,
            40.370496,
            1175.9
          ],
          [
            -102.355744,
            40.370663,
            1175
          ],
          [
            -102.357329,
            40.37306,
            1169
          ],
          [
            -102.357535,
            40.373389,
            1168.7
          ],
          [
            -102.357711,
            40.37372,
            1168
          ],
          [
            -102.357785,
            40.373891,
            1167.5
          ],
          [
            -102.357887,
            40.374415,
            1166.6
          ],
          [
            -102.357911,
            40.374594,
            1166.5
          ],
          [
            -102.357935,
            40.375132,
            1166.2
          ],
          [
            -102.357998,
            40.381731,
            1159.6
          ],
          [
            -102.35802,
            40.381922,
            1159.7
          ],
          [
            -102.358034,
            40.382856,
            1160.1
          ],
          [
            -102.358019,
            40.383041,
            1160.3
          ],
          [
            -102.358043,
            40.385275,
            1162
          ],
          [
            -102.358067,
            40.385469,
            1162.2
          ],
          [
            -102.358078,
            40.388732,
            1162.6
          ],
          [
            -102.358066,
            40.388903,
            1162.3
          ],
          [
            -102.358087,
            40.389069,
            1162.2
          ],
          [
            -102.358134,
            40.389238,
            1162.1
          ],
          [
            -102.358381,
            40.389683,
            1162.1
          ],
          [
            -102.358602,
            40.39,
            1161.7
          ],
          [
            -102.359202,
            40.390788,
            1161.6
          ],
          [
            -102.359364,
            40.390966,
            1161.7
          ],
          [
            -102.359575,
            40.391238,
            1161.7
          ],
          [
            -102.359674,
            40.391398,
            1161.6
          ],
          [
            -102.359807,
            40.391539,
            1161.5
          ],
          [
            -102.359927,
            40.391726,
            1161.4
          ],
          [
            -102.360016,
            40.39184,
            1161.3
          ],
          [
            -102.360264,
            40.392122,
            1161.3
          ],
          [
            -102.360399,
            40.39226,
            1161.4
          ],
          [
            -102.360693,
            40.392525,
            1161.4
          ],
          [
            -102.361018,
            40.392776,
            1161.5
          ],
          [
            -102.361204,
            40.392885,
            1161.4
          ],
          [
            -102.363341,
            40.394334,
            1161.1
          ],
          [
            -102.363511,
            40.39447,
            1161.1
          ],
          [
            -102.364067,
            40.394832,
            1161.4
          ],
          [
            -102.365098,
            40.395531,
            1161.3
          ],
          [
            -102.365437,
            40.395724,
            1161.4
          ],
          [
            -102.365606,
            40.3958,
            1161.4
          ],
          [
            -102.365784,
            40.395864,
            1161.3
          ],
          [
            -102.365975,
            40.395889,
            1161.1
          ],
          [
            -102.366167,
            40.3959,
            1160.9
          ],
          [
            -102.367379,
            40.395915,
            1160.8
          ],
          [
            -102.376097,
            40.395912,
            1166.4
          ],
          [
            -102.376329,
            40.39588,
            1165.9
          ],
          [
            -102.3767,
            40.395894,
            1165.2
          ],
          [
            -102.377016,
            40.395925,
            1164.8
          ],
          [
            -102.377151,
            40.395956,
            1164.8
          ],
          [
            -102.377268,
            40.396002,
            1164.8
          ],
          [
            -102.377337,
            40.396085,
            1164.8
          ],
          [
            -102.377385,
            40.396172,
            1164.9
          ],
          [
            -102.377408,
            40.396265,
            1164.8
          ],
          [
            -102.377413,
            40.397046,
            1163.9
          ],
          [
            -102.377494,
            40.401371,
            1170.1
          ],
          [
            -102.377612,
            40.409181,
            1165.3
          ],
          [
            -102.377636,
            40.409339,
            1165.7
          ],
          [
            -102.377638,
            40.40949,
            1166
          ],
          [
            -102.37762,
            40.409639,
            1166.2
          ],
          [
            -102.377631,
            40.409786,
            1166.1
          ],
          [
            -102.377671,
            40.409931,
            1165.7
          ],
          [
            -102.377815,
            40.410174,
            1165.2
          ],
          [
            -102.377901,
            40.410277,
            1165.2
          ],
          [
            -102.37801,
            40.410363,
            1165.1
          ],
          [
            -102.37815,
            40.410432,
            1165.1
          ],
          [
            -102.378308,
            40.410459,
            1165
          ],
          [
            -102.378835,
            40.410473,
            1164.7
          ],
          [
            -102.38297,
            40.410481,
            1164.3
          ],
          [
            -102.385025,
            40.410469,
            1164.5
          ],
          [
            -102.385615,
            40.410451,
            1164.3
          ],
          [
            -102.385816,
            40.410416,
            1164.2
          ],
          [
            -102.386006,
            40.410368,
            1164.2
          ],
          [
            -102.386185,
            40.410308,
            1164.3
          ],
          [
            -102.38636,
            40.410194,
            1164.2
          ],
          [
            -102.386461,
            40.410109,
            1164.2
          ],
          [
            -102.386989,
            40.409601,
            1164.4
          ],
          [
            -102.387356,
            40.409266,
            1164.3
          ],
          [
            -102.387629,
            40.409049,
            1164.2
          ],
          [
            -102.387917,
            40.408868,
            1164.3
          ],
          [
            -102.388071,
            40.408795,
            1164.3
          ],
          [
            -102.388407,
            40.408696,
            1164.2
          ],
          [
            -102.388571,
            40.408711,
            1164.2
          ],
          [
            -102.388718,
            40.408748,
            1164.1
          ],
          [
            -102.388855,
            40.408808,
            1164.1
          ],
          [
            -102.388977,
            40.408885,
            1164
          ],
          [
            -102.389215,
            40.409089,
            1164.1
          ],
          [
            -102.38986,
            40.409683,
            1163.6
          ],
          [
            -102.390136,
            40.40991,
            1164.5
          ],
          [
            -102.390299,
            40.410012,
            1165
          ],
          [
            -102.390478,
            40.410093,
            1165.4
          ],
          [
            -102.390859,
            40.410213,
            1165.7
          ],
          [
            -102.391264,
            40.410307,
            1166.3
          ],
          [
            -102.39187,
            40.410424,
            1166.8
          ],
          [
            -102.392082,
            40.410456,
            1166.8
          ],
          [
            -102.392971,
            40.410499,
            1165.5
          ],
          [
            -102.395864,
            40.410506,
            1166.9
          ],
          [
            -102.396234,
            40.410527,
            1167
          ],
          [
            -102.396406,
            40.410555,
            1167
          ],
          [
            -102.39656,
            40.410601,
            1167
          ],
          [
            -102.396694,
            40.410667,
            1166.8
          ],
          [
            -102.396762,
            40.410766,
            1166.9
          ],
          [
            -102.396788,
            40.410865,
            1166.9
          ],
          [
            -102.396795,
            40.412981,
            1167.4
          ],
          [
            -102.396828,
            40.416725,
            1167.9
          ],
          [
            -102.396834,
            40.418897,
            1168.5
          ],
          [
            -102.396846,
            40.419601,
            1168.4
          ],
          [
            -102.39687,
            40.419781,
            1168.3
          ],
          [
            -102.396879,
            40.420873,
            1167.4
          ],
          [
            -102.396862,
            40.421062,
            1167.3
          ],
          [
            -102.39687,
            40.42125,
            1167.3
          ],
          [
            -102.396906,
            40.421433,
            1167.3
          ],
          [
            -102.396952,
            40.4218,
            1167.4
          ],
          [
            -102.397047,
            40.422356,
            1167.2
          ],
          [
            -102.397082,
            40.422723,
            1167
          ],
          [
            -102.397124,
            40.424899,
            1167.1
          ],
          [
            -102.397131,
            40.425747,
            1167.6
          ],
          [
            -102.397115,
            40.426653,
            1167.8
          ],
          [
            -102.397075,
            40.426868,
            1168
          ],
          [
            -102.397047,
            40.427199,
            1168.8
          ],
          [
            -102.397028,
            40.427795,
            1169.9
          ],
          [
            -102.397047,
            40.427946,
            1170.1
          ],
          [
            -102.397037,
            40.428513,
            1170.4
          ],
          [
            -102.397043,
            40.430196,
            1170.8
          ],
          [
            -102.397095,
            40.433184,
            1172.3
          ],
          [
            -102.397077,
            40.433369,
            1172.7
          ],
          [
            -102.397084,
            40.434121,
            1172.1
          ],
          [
            -102.397099,
            40.434899,
            1172
          ],
          [
            -102.397123,
            40.435097,
            1171.8
          ],
          [
            -102.39714,
            40.436095,
            1169.6
          ],
          [
            -102.397163,
            40.43665,
            1169.1
          ],
          [
            -102.397233,
            40.439392,
            1168
          ],
          [
            -102.397215,
            40.43958,
            1167.7
          ],
          [
            -102.397241,
            40.440943,
            1167.4
          ],
          [
            -102.397265,
            40.441145,
            1167.4
          ],
          [
            -102.397268,
            40.441347,
            1167.5
          ],
          [
            -102.39725,
            40.441553,
            1167.5
          ],
          [
            -102.397342,
            40.448826,
            1170.8
          ],
          [
            -102.397366,
            40.449043,
            1170.6
          ],
          [
            -102.397369,
            40.449256,
            1170.7
          ],
          [
            -102.397373,
            40.449685,
            1170.7
          ],
          [
            -102.397353,
            40.449899,
            1170.8
          ],
          [
            -102.397388,
            40.453013,
            1172.1
          ],
          [
            -102.397397,
            40.453645,
            1172.2
          ],
          [
            -102.397422,
            40.453854,
            1172.3
          ],
          [
            -102.397424,
            40.454063,
            1172.3
          ],
          [
            -102.397405,
            40.454273,
            1172.3
          ],
          [
            -102.397415,
            40.455774,
            1171
          ],
          [
            -102.397419,
            40.455993,
            1171
          ],
          [
            -102.397442,
            40.456213,
            1170.9
          ],
          [
            -102.397457,
            40.457263,
            1171.9
          ],
          [
            -102.397459,
            40.457476,
            1172.3
          ],
          [
            -102.39744,
            40.457689,
            1172.7
          ],
          [
            -102.39747,
            40.460216,
            1173.1
          ],
          [
            -102.397479,
            40.460639,
            1172.8
          ],
          [
            -102.397504,
            40.460851,
            1172.6
          ],
          [
            -102.397509,
            40.461277,
            1172.3
          ],
          [
            -102.39749,
            40.461486,
            1172.2
          ],
          [
            -102.397493,
            40.461699,
            1172.1
          ],
          [
            -102.397498,
            40.461915,
            1172.1
          ],
          [
            -102.397522,
            40.462128,
            1172.3
          ],
          [
            -102.39755,
            40.464708,
            1171.8
          ],
          [
            -102.397531,
            40.464921,
            1171.5
          ],
          [
            -102.397548,
            40.46644,
            1170.8
          ],
          [
            -102.397552,
            40.46666,
            1170.8
          ],
          [
            -102.397577,
            40.466876,
            1170.8
          ],
          [
            -102.397589,
            40.467533,
            1170.7
          ],
          [
            -102.397567,
            40.467749,
            1170.7
          ],
          [
            -102.397569,
            40.468398,
            1170.5
          ],
          [
            -102.39764,
            40.47368,
            1169.7
          ],
          [
            -102.397663,
            40.473907,
            1169.6
          ],
          [
            -102.397688,
            40.475904,
            1170.7
          ],
          [
            -102.397668,
            40.476128,
            1170.8
          ],
          [
            -102.397679,
            40.477472,
            1170
          ],
          [
            -102.397684,
            40.477702,
            1169.8
          ],
          [
            -102.397708,
            40.477932,
            1169.4
          ],
          [
            -102.397737,
            40.479785,
            1168.7
          ],
          [
            -102.397739,
            40.480016,
            1168.4
          ],
          [
            -102.39772,
            40.48025,
            1168.2
          ],
          [
            -102.397724,
            40.480715,
            1167.4
          ],
          [
            -102.397896,
            40.495406,
            1168.7
          ],
          [
            -102.397962,
            40.499968,
            1168.4
          ],
          [
            -102.398071,
            40.509533,
            1170.9
          ],
          [
            -102.398102,
            40.51141,
            1171.4
          ],
          [
            -102.398168,
            40.517442,
            1171.2
          ],
          [
            -102.398261,
            40.528619,
            1171.3
          ],
          [
            -102.398297,
            40.53641,
            1171.3
          ],
          [
            -102.398321,
            40.536645,
            1171.4
          ],
          [
            -102.398296,
            40.536879,
            1171.4
          ],
          [
            -102.398302,
            40.537351,
            1171.4
          ],
          [
            -102.398324,
            40.537586,
            1171.4
          ],
          [
            -102.398333,
            40.53949,
            1172.3
          ],
          [
            -102.398314,
            40.539727,
            1172.3
          ],
          [
            -102.398316,
            40.539969,
            1172.1
          ],
          [
            -102.39834,
            40.540207,
            1171.9
          ],
          [
            -102.398343,
            40.542364,
            1171.4
          ],
          [
            -102.398323,
            40.542595,
            1171.5
          ],
          [
            -102.398317,
            40.545048,
            1172
          ],
          [
            -102.398325,
            40.54787,
            1171
          ],
          [
            -102.398347,
            40.548108,
            1171.2
          ],
          [
            -102.398348,
            40.54835,
            1171.4
          ],
          [
            -102.398325,
            40.548595,
            1171.6
          ],
          [
            -102.398311,
            40.550966,
            1172.2
          ],
          [
            -102.398317,
            40.552314,
            1172.5
          ],
          [
            -102.398338,
            40.552534,
            1172.6
          ],
          [
            -102.398338,
            40.55275,
            1172.6
          ],
          [
            -102.398317,
            40.552967,
            1172.6
          ],
          [
            -102.398299,
            40.561169,
            1165.1
          ],
          [
            -102.398282,
            40.563672,
            1170
          ],
          [
            -102.398281,
            40.56708,
            1168.3
          ],
          [
            -102.398259,
            40.570512,
            1169
          ],
          [
            -102.398266,
            40.571937,
            1168.9
          ],
          [
            -102.398215,
            40.583376,
            1170.1
          ],
          [
            -102.398199,
            40.58905,
            1170.8
          ],
          [
            -102.398199,
            40.595434,
            1168.6
          ],
          [
            -102.398175,
            40.599225,
            1169.3
          ],
          [
            -102.398195,
            40.599359,
            1169.6
          ],
          [
            -102.398175,
            40.600033,
            1170
          ],
          [
            -102.398181,
            40.60008,
            1170
          ],
          [
            -102.398166,
            40.600122,
            1170.4
          ],
          [
            -102.398297,
            40.600178,
            1170.5
          ],
          [
            -102.398551,
            40.600235,
            1170.1
          ],
          [
            -102.402165,
            40.600828,
            1171.5
          ],
          [
            -102.415139,
            40.603032,
            1179
          ],
          [
            -102.427,
            40.605057,
            1180.7
          ],
          [
            -102.429546,
            40.605484,
            1181
          ],
          [
            -102.458649,
            40.610456,
            1187.9
          ],
          [
            -102.465171,
            40.611562,
            1193
          ],
          [
            -102.465727,
            40.611647,
            1193.3
          ],
          [
            -102.466283,
            40.611709,
            1193.3
          ],
          [
            -102.466855,
            40.61175,
            1193.1
          ],
          [
            -102.467699,
            40.611774,
            1193.1
          ],
          [
            -102.474999,
            40.611718,
            1193.9
          ],
          [
            -102.475462,
            40.611727,
            1194
          ],
          [
            -102.47573,
            40.611745,
            1194.1
          ],
          [
            -102.47614,
            40.611795,
            1194.1
          ],
          [
            -102.476366,
            40.611836,
            1194
          ],
          [
            -102.476809,
            40.611938,
            1193.7
          ],
          [
            -102.477249,
            40.612068,
            1193.9
          ],
          [
            -102.477671,
            40.612229,
            1194.2
          ],
          [
            -102.478246,
            40.612552,
            1194.3
          ],
          [
            -102.479952,
            40.6136,
            1194.6
          ],
          [
            -102.480166,
            40.613696,
            1194.6
          ],
          [
            -102.480367,
            40.613805,
            1194.8
          ],
          [
            -102.480786,
            40.614002,
            1195
          ],
          [
            -102.481453,
            40.614254,
            1195.5
          ],
          [
            -102.481911,
            40.614393,
            1195.9
          ],
          [
            -102.482384,
            40.614505,
            1195.8
          ],
          [
            -102.482868,
            40.614594,
            1195.8
          ],
          [
            -102.491188,
            40.615975,
            1198.3
          ],
          [
            -102.535969,
            40.623559,
            1213.1
          ],
          [
            -102.537662,
            40.623853,
            1213.9
          ],
          [
            -102.564362,
            40.628367,
            1220.4
          ],
          [
            -102.592467,
            40.633135,
            1228.1
          ],
          [
            -102.620344,
            40.637839,
            1234.3
          ],
          [
            -102.620808,
            40.637905,
            1234.9
          ],
          [
            -102.621271,
            40.637954,
            1235.6
          ],
          [
            -102.621732,
            40.637987,
            1236
          ],
          [
            -102.622194,
            40.638008,
            1236.3
          ],
          [
            -102.625798,
            40.638035,
            1236.4
          ],
          [
            -102.632802,
            40.638052,
            1239.8
          ],
          [
            -102.633141,
            40.638069,
            1240.1
          ],
          [
            -102.633319,
            40.638089,
            1240.2
          ],
          [
            -102.633672,
            40.638153,
            1240.5
          ],
          [
            -102.63403,
            40.638242,
            1240.6
          ],
          [
            -102.634384,
            40.638357,
            1241.1
          ],
          [
            -102.634737,
            40.638497,
            1241.4
          ],
          [
            -102.6352,
            40.638782,
            1241.8
          ],
          [
            -102.635494,
            40.638992,
            1241.6
          ],
          [
            -102.636514,
            40.639768,
            1242.2
          ],
          [
            -102.636678,
            40.639881,
            1242.2
          ],
          [
            -102.636858,
            40.639978,
            1242.2
          ],
          [
            -102.637192,
            40.640194,
            1242.3
          ],
          [
            -102.637539,
            40.640386,
            1242.5
          ],
          [
            -102.637897,
            40.640559,
            1242.9
          ],
          [
            -102.638273,
            40.64072,
            1242.9
          ],
          [
            -102.638675,
            40.640866,
            1243.1
          ],
          [
            -102.638887,
            40.640931,
            1243
          ],
          [
            -102.639543,
            40.641102,
            1242.9
          ],
          [
            -102.640243,
            40.641239,
            1242.1
          ],
          [
            -102.642462,
            40.641589,
            1241.2
          ],
          [
            -102.645124,
            40.642026,
            1242.5
          ],
          [
            -102.667297,
            40.645746,
            1252
          ],
          [
            -102.675807,
            40.647187,
            1254.4
          ],
          [
            -102.69746,
            40.650818,
            1261.9
          ],
          [
            -102.740625,
            40.658047,
            1274.3
          ],
          [
            -102.750665,
            40.659719,
            1276.3
          ],
          [
            -102.760499,
            40.661366,
            1281.7
          ],
          [
            -102.761876,
            40.661606,
            1282.4
          ],
          [
            -102.769405,
            40.662853,
            1286.6
          ],
          [
            -102.770844,
            40.663106,
            1286.2
          ],
          [
            -102.771699,
            40.663276,
            1286.1
          ],
          [
            -102.771979,
            40.663357,
            1286
          ],
          [
            -102.777795,
            40.664873,
            1285
          ],
          [
            -102.778138,
            40.664947,
            1285.1
          ],
          [
            -102.783641,
            40.6664,
            1284.2
          ],
          [
            -102.797189,
            40.669955,
            1287.7
          ],
          [
            -102.803782,
            40.671671,
            1286.6
          ],
          [
            -102.810302,
            40.673384,
            1288.7
          ],
          [
            -102.821729,
            40.676367,
            1291.9
          ],
          [
            -102.82261,
            40.676577,
            1292.2
          ],
          [
            -102.828229,
            40.677701,
            1293.8
          ],
          [
            -102.830804,
            40.678229,
            1293.8
          ],
          [
            -102.832045,
            40.678469,
            1294
          ],
          [
            -102.833013,
            40.678627,
            1294.5
          ],
          [
            -102.835261,
            40.678936,
            1297.3
          ],
          [
            -102.83588,
            40.679043,
            1298.3
          ],
          [
            -102.83649,
            40.679163,
            1298.7
          ],
          [
            -102.83821,
            40.679517,
            1299.8
          ],
          [
            -102.838581,
            40.679568,
            1300.1
          ],
          [
            -102.838957,
            40.679594,
            1300.4
          ],
          [
            -102.839704,
            40.679606,
            1300.2
          ],
          [
            -102.842514,
            40.679593,
            1299.1
          ],
          [
            -102.851018,
            40.679595,
            1299.8
          ],
          [
            -102.85924,
            40.679559,
            1304.2
          ],
          [
            -102.879122,
            40.679505,
            1311
          ],
          [
            -102.892325,
            40.679451,
            1316.2
          ],
          [
            -102.896018,
            40.67946,
            1319.2
          ],
          [
            -102.914476,
            40.679314,
            1323.9
          ],
          [
            -102.920638,
            40.679226,
            1323
          ],
          [
            -102.930741,
            40.679053,
            1329.8
          ],
          [
            -102.951356,
            40.678831,
            1322.4
          ],
          [
            -102.953822,
            40.67881,
            1319
          ],
          [
            -102.95904,
            40.678798,
            1305.4
          ],
          [
            -102.966719,
            40.67875,
            1301.8
          ],
          [
            -102.983969,
            40.678683,
            1300.1
          ],
          [
            -102.984579,
            40.678657,
            1300.1
          ],
          [
            -102.984879,
            40.678632,
            1300.2
          ],
          [
            -102.985477,
            40.678555,
            1300.8
          ],
          [
            -102.986069,
            40.678445,
            1302.3
          ],
          [
            -102.986363,
            40.678377,
            1303.3
          ],
          [
            -102.98694,
            40.678217,
            1305.9
          ],
          [
            -102.987752,
            40.677883,
            1309
          ],
          [
            -102.988278,
            40.677637,
            1309.6
          ],
          [
            -102.988804,
            40.677377,
            1310.1
          ],
          [
            -102.989016,
            40.677237,
            1310.3
          ],
          [
            -102.996002,
            40.673747,
            1321.6
          ],
          [
            -103.004775,
            40.669402,
            1296.2
          ],
          [
            -103.013538,
            40.665033,
            1285.4
          ],
          [
            -103.021533,
            40.661077,
            1286.9
          ],
          [
            -103.03259,
            40.655575,
            1285.7
          ],
          [
            -103.034698,
            40.65454,
            1284.6
          ],
          [
            -103.046028,
            40.648908,
            1292.5
          ],
          [
            -103.046813,
            40.648532,
            1292.5
          ],
          [
            -103.047355,
            40.648301,
            1292.3
          ],
          [
            -103.047629,
            40.648195,
            1292.2
          ],
          [
            -103.048193,
            40.648,
            1291.5
          ],
          [
            -103.049373,
            40.647717,
            1289.6
          ],
          [
            -103.055553,
            40.646416,
            1287.1
          ],
          [
            -103.055845,
            40.646337,
            1287.2
          ],
          [
            -103.068583,
            40.643676,
            1296.1
          ],
          [
            -103.069837,
            40.643425,
            1296.6
          ],
          [
            -103.083148,
            40.640617,
            1277.5
          ],
          [
            -103.085786,
            40.640071,
            1280.3
          ],
          [
            -103.088184,
            40.639554,
            1279.9
          ],
          [
            -103.116054,
            40.633678,
            1264.1
          ],
          [
            -103.118093,
            40.633256,
            1264.6
          ],
          [
            -103.118991,
            40.633087,
            1264.7
          ],
          [
            -103.120263,
            40.632883,
            1263.7
          ],
          [
            -103.124453,
            40.632311,
            1254.4
          ],
          [
            -103.13935,
            40.630341,
            1245.2
          ],
          [
            -103.140199,
            40.630221,
            1243.5
          ],
          [
            -103.141102,
            40.630072,
            1242.3
          ],
          [
            -103.141992,
            40.629891,
            1241.4
          ],
          [
            -103.142639,
            40.629735,
            1240.9
          ],
          [
            -103.143159,
            40.629596,
            1240.4
          ],
          [
            -103.15108,
            40.627356,
            1232.5
          ],
          [
            -103.153806,
            40.626596,
            1230.7
          ],
          [
            -103.156449,
            40.625886,
            1228
          ],
          [
            -103.157726,
            40.62552,
            1229.4
          ],
          [
            -103.162361,
            40.624229,
            1222.6
          ],
          [
            -103.165752,
            40.62326,
            1215.4
          ],
          [
            -103.167634,
            40.622755,
            1217.6
          ],
          [
            -103.176058,
            40.620395,
            1222
          ],
          [
            -103.178391,
            40.619739,
            1220
          ],
          [
            -103.179581,
            40.61937,
            1217
          ],
          [
            -103.180899,
            40.618992,
            1212.3
          ],
          [
            -103.18146,
            40.618803,
            1211.3
          ],
          [
            -103.181811,
            40.618696,
            1211.6
          ],
          [
            -103.181904,
            40.618687,
            1211.6
          ],
          [
            -103.181876,
            40.61858,
            1211.5
          ],
          [
            -103.182211,
            40.617877,
            1209.2
          ],
          [
            -103.182296,
            40.617573,
            1207.9
          ],
          [
            -103.182315,
            40.617549,
            1207.8
          ],
          [
            -103.182575,
            40.617617,
            1207.7
          ],
          [
            -103.182461,
            40.617643,
            1207.6
          ],
          [
            -103.182575,
            40.617902,
            1206
          ],
          [
            -103.182737,
            40.617904,
            1207.4
          ],
          [
            -103.18283,
            40.618026,
            1206
          ],
          [
            -103.182809,
            40.618068,
            1207.8
          ],
          [
            -103.182822,
            40.618166,
            1199
          ],
          [
            -103.18284,
            40.618201,
            1193.5
          ],
          [
            -103.182798,
            40.618142,
            1197
          ],
          [
            -103.182823,
            40.618157,
            1198
          ],
          [
            -103.182803,
            40.618102,
            1194
          ],
          [
            -103.182799,
            40.618196,
            1195
          ],
          [
            -103.182863,
            40.618144,
            1202.7
          ],
          [
            -103.182844,
            40.618093,
            1199
          ],
          [
            -103.182851,
            40.618202,
            1201
          ],
          [
            -103.182882,
            40.618215,
            1200
          ],
          [
            -103.182855,
            40.618252,
            1199
          ],
          [
            -103.182789,
            40.618275,
            1198
          ],
          [
            -103.182765,
            40.618296,
            1198
          ],
          [
            -103.182759,
            40.618338,
            1198.4
          ],
          [
            -103.182785,
            40.618376,
            1198.3
          ],
          [
            -103.182845,
            40.618416,
            1198.2
          ],
          [
            -103.182905,
            40.618437,
            1198.2
          ],
          [
            -103.182993,
            40.61845,
            1198.1
          ],
          [
            -103.183092,
            40.618451,
            1198.1
          ],
          [
            -103.183741,
            40.618378,
            1198.4
          ],
          [
            -103.184229,
            40.618338,
            1198.7
          ],
          [
            -103.184752,
            40.618311,
            1199.3
          ],
          [
            -103.185107,
            40.618311,
            1199.8
          ],
          [
            -103.185649,
            40.61833,
            1200.3
          ],
          [
            -103.186402,
            40.61838,
            1200.6
          ],
          [
            -103.186995,
            40.618449,
            1201.3
          ],
          [
            -103.187606,
            40.618543,
            1202.3
          ],
          [
            -103.188021,
            40.618627,
            1202.5
          ],
          [
            -103.188616,
            40.618769,
            1202.9
          ],
          [
            -103.189007,
            40.618877,
            1202.8
          ],
          [
            -103.189398,
            40.619003,
            1203.1
          ],
          [
            -103.190164,
            40.619292,
            1203.7
          ],
          [
            -103.196634,
            40.621963,
            1205.4
          ],
          [
            -103.199457,
            40.623115,
            1206.7
          ],
          [
            -103.199707,
            40.623292,
            1206.8
          ],
          [
            -103.202633,
            40.624529,
            1216.4
          ],
          [
            -103.207504,
            40.626631,
            1208.7
          ],
          [
            -103.207755,
            40.626716,
            1208.4
          ],
          [
            -103.207881,
            40.626747,
            1208.5
          ],
          [
            -103.20814,
            40.626786,
            1208.5
          ],
          [
            -103.208561,
            40.62675,
            1209.1
          ],
          [
            -103.208974,
            40.626648,
            1208.8
          ],
          [
            -103.209202,
            40.626567,
            1208.3
          ],
          [
            -103.210202,
            40.626111,
            1207.9
          ],
          [
            -103.210943,
            40.625811,
            1207.6
          ],
          [
            -103.211064,
            40.625769,
            1207.7
          ],
          [
            -103.211151,
            40.625818,
            1207.7
          ],
          [
            -103.211182,
            40.625808,
            1207.7
          ],
          [
            -103.211172,
            40.625732,
            1206
          ],
          [
            -103.211216,
            40.625796,
            1205
          ],
          [
            -103.211339,
            40.62576,
            1208.8
          ],
          [
            -103.211384,
            40.625671,
            1208.9
          ],
          [
            -103.211791,
            40.625577,
            1209.1
          ],
          [
            -103.212438,
            40.625521,
            1209.3
          ],
          [
            -103.212846,
            40.625518,
            1209.2
          ],
          [
            -103.212979,
            40.625576,
            1209.2
          ],
          [
            -103.21339,
            40.625565,
            1209
          ],
          [
            -103.213533,
            40.625507,
            1208.9
          ],
          [
            -103.214923,
            40.625487,
            1209.4
          ],
          [
            -103.215079,
            40.625519,
            1209.3
          ],
          [
            -103.216684,
            40.625478,
            1210.1
          ],
          [
            -103.216844,
            40.625439,
            1210.2
          ],
          [
            -103.21877,
            40.625397,
            1210.4
          ],
          [
            -103.218936,
            40.625422,
            1210.5
          ],
          [
            -103.219073,
            40.625418,
            1210.5
          ],
          [
            -103.219237,
            40.625387,
            1210.4
          ],
          [
            -103.219785,
            40.625374,
            1210.7
          ],
          [
            -103.21988,
            40.625398,
            1210.8
          ],
          [
            -103.220126,
            40.62539,
            1209.4
          ],
          [
            -103.220173,
            40.625378,
            1208
          ],
          [
            -103.22023,
            40.625388,
            1209.3
          ],
          [
            -103.220371,
            40.625384,
            1209.5
          ],
          [
            -103.22047,
            40.62536,
            1209.4
          ],
          [
            -103.220937,
            40.625351,
            1209.7
          ],
          [
            -103.22107,
            40.62537,
            1209.6
          ],
          [
            -103.221207,
            40.625367,
            1209.6
          ],
          [
            -103.221381,
            40.625342,
            1209.6
          ],
          [
            -103.222103,
            40.625327,
            1210.2
          ],
          [
            -103.222222,
            40.625341,
            1210.2
          ],
          [
            -103.225772,
            40.625262,
            1211
          ],
          [
            -103.231503,
            40.625182,
            1212.5
          ],
          [
            -103.233858,
            40.625126,
            1213.5
          ],
          [
            -103.243763,
            40.624824,
            1220.9
          ],
          [
            -103.246038,
            40.624765,
            1222.1
          ],
          [
            -103.246754,
            40.624728,
            1222.7
          ],
          [
            -103.247238,
            40.62469,
            1223
          ],
          [
            -103.247954,
            40.624615,
            1224.4
          ],
          [
            -103.24982,
            40.624354,
            1229.8
          ],
          [
            -103.250524,
            40.624271,
            1231.7
          ],
          [
            -103.251246,
            40.624204,
            1233.5
          ],
          [
            -103.257593,
            40.623792,
            1234.3
          ],
          [
            -103.259054,
            40.623716,
            1234.3
          ],
          [
            -103.260258,
            40.62371,
            1234.5
          ],
          [
            -103.260484,
            40.623693,
            1234.4
          ],
          [
            -103.260706,
            40.623692,
            1234.3
          ],
          [
            -103.260933,
            40.623705,
            1234.2
          ],
          [
            -103.268822,
            40.623644,
            1243.4
          ],
          [
            -103.270862,
            40.62364,
            1245.2
          ],
          [
            -103.280356,
            40.623694,
            1248
          ],
          [
            -103.287443,
            40.623794,
            1251.8
          ],
          [
            -103.294214,
            40.623824,
            1250.9
          ],
          [
            -103.294483,
            40.623844,
            1251.2
          ],
          [
            -103.295853,
            40.623852,
            1252
          ],
          [
            -103.296127,
            40.623852,
            1252
          ],
          [
            -103.296401,
            40.623836,
            1252
          ],
          [
            -103.297761,
            40.623836,
            1252.7
          ],
          [
            -103.298035,
            40.623852,
            1253
          ],
          [
            -103.304235,
            40.623834,
            1259.1
          ],
          [
            -103.304508,
            40.623804,
            1259.2
          ],
          [
            -103.304782,
            40.623803,
            1259.4
          ],
          [
            -103.305056,
            40.623831,
            1259.6
          ],
          [
            -103.311572,
            40.623815,
            1266.8
          ],
          [
            -103.311846,
            40.623773,
            1267.3
          ],
          [
            -103.312115,
            40.623773,
            1267.6
          ],
          [
            -103.312337,
            40.623813,
            1268
          ],
          [
            -103.313423,
            40.623808,
            1269.2
          ],
          [
            -103.313776,
            40.623819,
            1269.4
          ],
          [
            -103.315414,
            40.623814,
            1270.3
          ],
          [
            -103.320847,
            40.623827,
            1283.2
          ],
          [
            -103.329766,
            40.623868,
            1286.8
          ],
          [
            -103.33004,
            40.623885,
            1287.1
          ],
          [
            -103.334951,
            40.623913,
            1288.4
          ],
          [
            -103.349037,
            40.623918,
            1289.3
          ],
          [
            -103.349342,
            40.623946,
            1289.4
          ],
          [
            -103.354248,
            40.623942,
            1292.1
          ],
          [
            -103.374803,
            40.624076,
            1298.6
          ],
          [
            -103.375152,
            40.624101,
            1298.7
          ],
          [
            -103.375478,
            40.624104,
            1298.7
          ],
          [
            -103.393106,
            40.624208,
            1309.8
          ],
          [
            -103.398781,
            40.624254,
            1316.8
          ],
          [
            -103.40633,
            40.62435,
            1316.5
          ],
          [
            -103.408517,
            40.624368,
            1319.3
          ],
          [
            -103.410443,
            40.624372,
            1318.2
          ],
          [
            -103.410717,
            40.624388,
            1317.7
          ],
          [
            -103.411538,
            40.624389,
            1316
          ],
          [
            -103.411808,
            40.624373,
            1315.5
          ],
          [
            -103.416438,
            40.624385,
            1304.3
          ],
          [
            -103.416711,
            40.624402,
            1303.7
          ],
          [
            -103.423158,
            40.624414,
            1287.1
          ],
          [
            -103.425859,
            40.624409,
            1289.3
          ],
          [
            -103.432157,
            40.624425,
            1286.3
          ],
          [
            -103.43255,
            40.62445,
            1285.8
          ],
          [
            -103.434118,
            40.624457,
            1283.8
          ],
          [
            -103.436611,
            40.624443,
            1280.9
          ],
          [
            -103.439827,
            40.624446,
            1277.9
          ],
          [
            -103.446628,
            40.624431,
            1275.8
          ],
          [
            -103.446897,
            40.624448,
            1275.8
          ],
          [
            -103.4488,
            40.624456,
            1275.5
          ],
          [
            -103.44907,
            40.624441,
            1275.6
          ],
          [
            -103.449339,
            40.62446,
            1276.2
          ],
          [
            -103.461517,
            40.624537,
            1283.8
          ],
          [
            -103.465608,
            40.624581,
            1296.7
          ],
          [
            -103.466642,
            40.62458,
            1300.7
          ],
          [
            -103.468006,
            40.624533,
            1305.9
          ],
          [
            -103.468278,
            40.624505,
            1306.8
          ],
          [
            -103.469361,
            40.624454,
            1310.2
          ],
          [
            -103.469636,
            40.624457,
            1311.1
          ],
          [
            -103.479145,
            40.624033,
            1353.2
          ],
          [
            -103.479697,
            40.624004,
            1354.1
          ],
          [
            -103.480245,
            40.623963,
            1354.6
          ],
          [
            -103.480788,
            40.623905,
            1355.1
          ],
          [
            -103.481322,
            40.623822,
            1356
          ],
          [
            -103.48153,
            40.62377,
            1356.4
          ],
          [
            -103.482056,
            40.623667,
            1356.9
          ],
          [
            -103.482628,
            40.62353,
            1357.4
          ],
          [
            -103.483334,
            40.623326,
            1358
          ],
          [
            -103.483872,
            40.623133,
            1358.4
          ],
          [
            -103.484305,
            40.622955,
            1358.4
          ],
          [
            -103.48477,
            40.622742,
            1358.6
          ],
          [
            -103.485443,
            40.622389,
            1359.1
          ],
          [
            -103.485865,
            40.622129,
            1359.4
          ],
          [
            -103.486273,
            40.621855,
            1359.5
          ],
          [
            -103.486652,
            40.621554,
            1359.4
          ],
          [
            -103.486854,
            40.621418,
            1359.5
          ],
          [
            -103.488307,
            40.620192,
            1361
          ],
          [
            -103.495946,
            40.614029,
            1362.4
          ],
          [
            -103.497657,
            40.612667,
            1361.3
          ],
          [
            -103.498056,
            40.612376,
            1361
          ],
          [
            -103.498481,
            40.612101,
            1360.7
          ],
          [
            -103.498924,
            40.611844,
            1360.5
          ],
          [
            -103.499383,
            40.611603,
            1360.4
          ],
          [
            -103.499619,
            40.61149,
            1360.4
          ],
          [
            -103.499872,
            40.6114,
            1360.4
          ],
          [
            -103.500364,
            40.611204,
            1360.9
          ],
          [
            -103.501121,
            40.61095,
            1361.9
          ],
          [
            -103.501909,
            40.610743,
            1362
          ],
          [
            -103.50271,
            40.610589,
            1361.7
          ],
          [
            -103.503255,
            40.610511,
            1361.3
          ],
          [
            -103.503654,
            40.610469,
            1361.2
          ],
          [
            -103.504206,
            40.610428,
            1360.8
          ],
          [
            -103.50476,
            40.61042,
            1361.1
          ],
          [
            -103.505538,
            40.610424,
            1361.6
          ],
          [
            -103.51478,
            40.610556,
            1358.7
          ],
          [
            -103.528888,
            40.610705,
            1367
          ],
          [
            -103.538841,
            40.610792,
            1369.2
          ],
          [
            -103.539191,
            40.610807,
            1369.1
          ],
          [
            -103.550558,
            40.610946,
            1363
          ],
          [
            -103.556338,
            40.610967,
            1367.8
          ],
          [
            -103.558279,
            40.610963,
            1371.5
          ],
          [
            -103.55862,
            40.610977,
            1371.9
          ],
          [
            -103.566381,
            40.610989,
            1384.3
          ],
          [
            -103.570243,
            40.610983,
            1389.3
          ],
          [
            -103.573037,
            40.610922,
            1386.1
          ],
          [
            -103.576903,
            40.61086,
            1382.2
          ],
          [
            -103.58217,
            40.61076,
            1377.4
          ],
          [
            -103.582727,
            40.610755,
            1377.8
          ],
          [
            -103.583075,
            40.610767,
            1377.9
          ],
          [
            -103.591891,
            40.61066,
            1396.8
          ],
          [
            -103.600512,
            40.610582,
            1398.7
          ],
          [
            -103.601565,
            40.610564,
            1399
          ],
          [
            -103.6019,
            40.610574,
            1399.1
          ],
          [
            -103.602953,
            40.610557,
            1399.8
          ],
          [
            -103.606834,
            40.610535,
            1402.1
          ],
          [
            -103.616791,
            40.610446,
            1397.1
          ],
          [
            -103.61717,
            40.610464,
            1397
          ],
          [
            -103.634322,
            40.610296,
            1395.4
          ],
          [
            -103.635988,
            40.61029,
            1398.6
          ],
          [
            -103.652607,
            40.610153,
            1418
          ],
          [
            -103.65288,
            40.610167,
            1418.3
          ],
          [
            -103.657338,
            40.610134,
            1420
          ],
          [
            -103.65797,
            40.61014,
            1419.7
          ],
          [
            -103.669578,
            40.609985,
            1413
          ],
          [
            -103.672075,
            40.609973,
            1410.2
          ],
          [
            -103.673637,
            40.610005,
            1408.7
          ],
          [
            -103.676196,
            40.609985,
            1406.7
          ],
          [
            -103.679647,
            40.609932,
            1405.6
          ],
          [
            -103.680704,
            40.609904,
            1404.6
          ],
          [
            -103.681051,
            40.60993,
            1404.3
          ],
          [
            -103.683731,
            40.609846,
            1402.3
          ],
          [
            -103.685614,
            40.609806,
            1401.8
          ],
          [
            -103.695718,
            40.609666,
            1403.5
          ],
          [
            -103.69755,
            40.609671,
            1405.3
          ],
          [
            -103.704257,
            40.609784,
            1413.9
          ],
          [
            -103.704469,
            40.609804,
            1414.4
          ],
          [
            -103.706027,
            40.609835,
            1417.2
          ],
          [
            -103.706355,
            40.609864,
            1417.4
          ],
          [
            -103.711131,
            40.609946,
            1423.7
          ],
          [
            -103.719463,
            40.610053,
            1417.2
          ],
          [
            -103.725784,
            40.610149,
            1424.4
          ],
          [
            -103.727181,
            40.61019,
            1424.7
          ],
          [
            -103.729731,
            40.610296,
            1426.6
          ],
          [
            -103.747161,
            40.610558,
            1429.8
          ],
          [
            -103.747448,
            40.610578,
            1429.8
          ],
          [
            -103.756961,
            40.610739,
            1431.4
          ],
          [
            -103.757367,
            40.610765,
            1431.4
          ],
          [
            -103.772386,
            40.611008,
            1454.8
          ],
          [
            -103.79241,
            40.61125,
            1441.6
          ],
          [
            -103.799313,
            40.611344,
            1439.9
          ],
          [
            -103.800885,
            40.61137,
            1441.9
          ],
          [
            -103.80121,
            40.611395,
            1442.2
          ],
          [
            -103.801725,
            40.611399,
            1442.7
          ],
          [
            -103.808788,
            40.611298,
            1446.2
          ],
          [
            -103.814444,
            40.611241,
            1447.3
          ],
          [
            -103.814732,
            40.611255,
            1448.2
          ],
          [
            -103.824275,
            40.611173,
            1459
          ],
          [
            -103.825114,
            40.611093,
            1459.6
          ],
          [
            -103.825666,
            40.611009,
            1459.9
          ],
          [
            -103.825935,
            40.610957,
            1460.1
          ],
          [
            -103.826471,
            40.610828,
            1459.7
          ],
          [
            -103.830197,
            40.609813,
            1461.9
          ],
          [
            -103.833686,
            40.608904,
            1464.1
          ],
          [
            -103.838144,
            40.607763,
            1463.9
          ],
          [
            -103.839366,
            40.607417,
            1463.4
          ],
          [
            -103.839644,
            40.607353,
            1463.3
          ],
          [
            -103.839676,
            40.607422,
            1462.9
          ],
          [
            -103.839699,
            40.60755,
            1462.3
          ],
          [
            -103.83973,
            40.607799,
            1462
          ],
          [
            -103.839752,
            40.608111,
            1462
          ],
          [
            -103.839746,
            40.609883,
            1465
          ],
          [
            -103.839755,
            40.610953,
            1467.1
          ],
          [
            -103.839724,
            40.614365,
            1467.1
          ],
          [
            -103.839744,
            40.614565,
            1466.9
          ],
          [
            -103.83974,
            40.615341,
            1466.6
          ],
          [
            -103.839718,
            40.615538,
            1466.6
          ],
          [
            -103.839717,
            40.615735,
            1466.6
          ],
          [
            -103.839737,
            40.615928,
            1466.7
          ],
          [
            -103.839642,
            40.623397,
            1473.2
          ],
          [
            -103.839634,
            40.625905,
            1467.1
          ],
          [
            -103.839642,
            40.629028,
            1458.3
          ],
          [
            -103.839626,
            40.631786,
            1464.3
          ],
          [
            -103.839625,
            40.635001,
            1459.5
          ],
          [
            -103.839603,
            40.639093,
            1452.4
          ],
          [
            -103.839495,
            40.647052,
            1443.2
          ],
          [
            -103.839451,
            40.649401,
            1443.8
          ],
          [
            -103.839426,
            40.649592,
            1444.3
          ],
          [
            -103.83942,
            40.649981,
            1444.9
          ],
          [
            -103.839439,
            40.650176,
            1445.1
          ],
          [
            -103.839429,
            40.650776,
            1445.1
          ],
          [
            -103.839405,
            40.650977,
            1445
          ],
          [
            -103.839382,
            40.652002,
            1443.2
          ],
          [
            -103.839401,
            40.652211,
            1442.4
          ],
          [
            -103.83939,
            40.652846,
            1440.2
          ],
          [
            -103.839365,
            40.653059,
            1439.4
          ],
          [
            -103.839337,
            40.654355,
            1436.1
          ],
          [
            -103.839335,
            40.654572,
            1436
          ],
          [
            -103.839353,
            40.654789,
            1435.8
          ],
          [
            -103.839347,
            40.655218,
            1435.6
          ],
          [
            -103.839322,
            40.655431,
            1435.4
          ],
          [
            -103.839315,
            40.656066,
            1434.7
          ],
          [
            -103.839335,
            40.656279,
            1434.1
          ],
          [
            -103.839334,
            40.657146,
            1431.2
          ],
          [
            -103.839312,
            40.657366,
            1430.9
          ],
          [
            -103.839282,
            40.660787,
            1417.9
          ],
          [
            -103.83926,
            40.66164,
            1415
          ],
          [
            -103.839265,
            40.662061,
            1413.7
          ],
          [
            -103.839293,
            40.662269,
            1413.2
          ],
          [
            -103.83937,
            40.662516,
            1412.7
          ],
          [
            -103.839534,
            40.662866,
            1412.3
          ],
          [
            -103.840085,
            40.663843,
            1414.2
          ],
          [
            -103.840191,
            40.663985,
            1414.9
          ],
          [
            -103.841284,
            40.665809,
            1424.5
          ],
          [
            -103.841509,
            40.666153,
            1426.1
          ],
          [
            -103.841755,
            40.666477,
            1428
          ],
          [
            -103.842035,
            40.666793,
            1430.1
          ],
          [
            -103.842347,
            40.667086,
            1431.8
          ],
          [
            -103.843544,
            40.668109,
            1436.8
          ],
          [
            -103.844071,
            40.668528,
            1437.9
          ],
          [
            -103.844261,
            40.668663,
            1438.1
          ],
          [
            -103.844659,
            40.668918,
            1438.1
          ],
          [
            -103.845083,
            40.669159,
            1438.4
          ],
          [
            -103.845316,
            40.669264,
            1438.5
          ],
          [
            -103.847067,
            40.670195,
            1440.1
          ],
          [
            -103.847629,
            40.670546,
            1440.4
          ],
          [
            -103.847802,
            40.670691,
            1440.4
          ],
          [
            -103.848125,
            40.670994,
            1440.2
          ],
          [
            -103.848408,
            40.671321,
            1440.3
          ],
          [
            -103.848518,
            40.671489,
            1440.2
          ],
          [
            -103.848602,
            40.671664,
            1439.9
          ],
          [
            -103.848653,
            40.671843,
            1439.8
          ],
          [
            -103.848666,
            40.672022,
            1439.6
          ],
          [
            -103.848578,
            40.681311,
            1450.6
          ],
          [
            -103.848529,
            40.688523,
            1442.3
          ],
          [
            -103.848501,
            40.690238,
            1455.1
          ],
          [
            -103.848519,
            40.690426,
            1455.9
          ],
          [
            -103.848504,
            40.691399,
            1458.9
          ],
          [
            -103.848481,
            40.691576,
            1459.2
          ],
          [
            -103.848476,
            40.692099,
            1460
          ],
          [
            -103.848497,
            40.692276,
            1460.2
          ],
          [
            -103.848492,
            40.692821,
            1460.3
          ],
          [
            -103.848469,
            40.693001,
            1460.4
          ],
          [
            -103.848462,
            40.693748,
            1460.4
          ],
          [
            -103.848481,
            40.69394,
            1460.7
          ],
          [
            -103.848465,
            40.695204,
            1463
          ],
          [
            -103.848481,
            40.695366,
            1463.3
          ],
          [
            -103.84852,
            40.695519,
            1463.5
          ],
          [
            -103.84858,
            40.695667,
            1463.6
          ],
          [
            -103.848659,
            40.69581,
            1463.9
          ],
          [
            -103.848765,
            40.695949,
            1464.4
          ],
          [
            -103.848886,
            40.696079,
            1464.6
          ],
          [
            -103.849047,
            40.696188,
            1465.1
          ],
          [
            -103.852129,
            40.698513,
            1465.1
          ],
          [
            -103.852279,
            40.698647,
            1465
          ],
          [
            -103.857632,
            40.702614,
            1468.3
          ],
          [
            -103.857773,
            40.702741,
            1468.5
          ],
          [
            -103.858071,
            40.702967,
            1468.8
          ],
          [
            -103.858237,
            40.703069,
            1469
          ],
          [
            -103.85853,
            40.703306,
            1469.4
          ],
          [
            -103.858797,
            40.703553,
            1469.7
          ],
          [
            -103.858978,
            40.703827,
            1469.9
          ],
          [
            -103.859055,
            40.703969,
            1469.9
          ],
          [
            -103.859111,
            40.704109,
            1469.9
          ],
          [
            -103.859155,
            40.704257,
            1469.8
          ],
          [
            -103.859172,
            40.704403,
            1469.9
          ],
          [
            -103.85919,
            40.705049,
            1469.2
          ],
          [
            -103.859223,
            40.709754,
            1474.1
          ],
          [
            -103.859243,
            40.710848,
            1473.1
          ],
          [
            -103.859252,
            40.712724,
            1473.7
          ],
          [
            -103.859276,
            40.714322,
            1474.2
          ],
          [
            -103.85929,
            40.716644,
            1477.9
          ],
          [
            -103.85931,
            40.71817,
            1479.4
          ],
          [
            -103.859307,
            40.718862,
            1478.9
          ],
          [
            -103.859322,
            40.719911,
            1473.9
          ],
          [
            -103.859349,
            40.72009,
            1472.4
          ],
          [
            -103.859354,
            40.720464,
            1469.3
          ],
          [
            -103.859359,
            40.721613,
            1462.9
          ],
          [
            -103.859337,
            40.721797,
            1462.3
          ],
          [
            -103.859343,
            40.723165,
            1459.7
          ],
          [
            -103.859345,
            40.723362,
            1459.5
          ],
          [
            -103.859368,
            40.723556,
            1459.5
          ],
          [
            -103.859384,
            40.725633,
            1464.2
          ],
          [
            -103.859365,
            40.725778,
            1464.9
          ],
          [
            -103.859391,
            40.72887,
            1471.3
          ],
          [
            -103.859412,
            40.729053,
            1471
          ],
          [
            -103.859417,
            40.73056,
            1472.1
          ],
          [
            -103.859431,
            40.731339,
            1475.1
          ],
          [
            -103.859412,
            40.731534,
            1475.8
          ],
          [
            -103.85942,
            40.731919,
            1477
          ],
          [
            -103.859446,
            40.732109,
            1477.7
          ],
          [
            -103.859453,
            40.732483,
            1479.1
          ],
          [
            -103.859437,
            40.73267,
            1479.9
          ],
          [
            -103.859446,
            40.733243,
            1482.5
          ],
          [
            -103.859467,
            40.734307,
            1484.8
          ],
          [
            -103.85949,
            40.734472,
            1484.6
          ],
          [
            -103.859495,
            40.734969,
            1482.4
          ],
          [
            -103.859476,
            40.735135,
            1481.5
          ],
          [
            -103.859475,
            40.740104,
            1463.4
          ],
          [
            -103.859462,
            40.741425,
            1463.7
          ],
          [
            -103.859474,
            40.743139,
            1465.4
          ],
          [
            -103.859522,
            40.744854,
            1454.4
          ],
          [
            -103.859542,
            40.746785,
            1442.9
          ],
          [
            -103.859563,
            40.747358,
            1442.9
          ],
          [
            -103.859616,
            40.749703,
            1452.6
          ],
          [
            -103.859623,
            40.749872,
            1453.5
          ],
          [
            -103.85965,
            40.750041,
            1454.3
          ],
          [
            -103.859684,
            40.75121,
            1458
          ],
          [
            -103.859662,
            40.751383,
            1458.2
          ],
          [
            -103.85966,
            40.751556,
            1458.3
          ],
          [
            -103.859693,
            40.752746,
            1457.5
          ],
          [
            -103.859701,
            40.753447,
            1456.4
          ],
          [
            -103.859727,
            40.753623,
            1456.1
          ],
          [
            -103.859748,
            40.754542,
            1453.4
          ],
          [
            -103.859729,
            40.754729,
            1453
          ],
          [
            -103.859761,
            40.75624,
            1448.4
          ],
          [
            -103.859774,
            40.75663,
            1447.4
          ],
          [
            -103.859801,
            40.756829,
            1446.8
          ],
          [
            -103.859816,
            40.757461,
            1445.7
          ],
          [
            -103.859825,
            40.75802,
            1445.1
          ],
          [
            -103.859807,
            40.758219,
            1445.1
          ],
          [
            -103.859808,
            40.758414,
            1444.9
          ],
          [
            -103.859816,
            40.758807,
            1444.7
          ],
          [
            -103.859841,
            40.759006,
            1444.5
          ],
          [
            -103.859843,
            40.759201,
            1444.5
          ],
          [
            -103.859823,
            40.7594,
            1444.6
          ],
          [
            -103.859835,
            40.760561,
            1445
          ],
          [
            -103.85984,
            40.760945,
            1445.1
          ],
          [
            -103.859864,
            40.761136,
            1445.3
          ],
          [
            -103.859878,
            40.76227,
            1445.9
          ],
          [
            -103.859857,
            40.762457,
            1445.8
          ],
          [
            -103.859862,
            40.763029,
            1445.8
          ],
          [
            -103.859888,
            40.76322,
            1445.8
          ],
          [
            -103.8599,
            40.763994,
            1446.1
          ],
          [
            -103.859882,
            40.764184,
            1446.2
          ],
          [
            -103.85989,
            40.764768,
            1446.7
          ],
          [
            -103.859915,
            40.764959,
            1447
          ],
          [
            -103.859919,
            40.765153,
            1447.2
          ],
          [
            -103.859901,
            40.765347,
            1447.4
          ],
          [
            -103.859903,
            40.765729,
            1448.1
          ],
          [
            -103.859906,
            40.76592,
            1448.6
          ],
          [
            -103.859931,
            40.766107,
            1448.9
          ],
          [
            -103.859934,
            40.76648,
            1449.4
          ],
          [
            -103.859912,
            40.766664,
            1449.6
          ],
          [
            -103.85993,
            40.768613,
            1452.6
          ],
          [
            -103.859952,
            40.768817,
            1452.8
          ],
          [
            -103.859959,
            40.769475,
            1452.2
          ],
          [
            -103.859939,
            40.769691,
            1451.9
          ],
          [
            -103.859947,
            40.770971,
            1449.4
          ],
          [
            -103.859952,
            40.771165,
            1449
          ],
          [
            -103.859975,
            40.771356,
            1448.6
          ],
          [
            -103.86002,
            40.773912,
            1445
          ],
          [
            -103.860098,
            40.776779,
            1438.2
          ],
          [
            -103.860082,
            40.776978,
            1438
          ],
          [
            -103.860136,
            40.778718,
            1434.6
          ],
          [
            -103.860188,
            40.780927,
            1435.4
          ],
          [
            -103.860215,
            40.781129,
            1436.1
          ],
          [
            -103.860221,
            40.781331,
            1436.8
          ],
          [
            -103.860206,
            40.781533,
            1437.5
          ],
          [
            -103.860211,
            40.781734,
            1438.3
          ],
          [
            -103.860404,
            40.787612,
            1442.8
          ],
          [
            -103.860416,
            40.787663,
            1442.6
          ],
          [
            -103.860592,
            40.787699,
            1442.5
          ],
          [
            -103.86382,
            40.787689,
            1441.4
          ],
          [
            -103.864046,
            40.787703,
            1441.4
          ],
          [
            -103.868338,
            40.78768,
            1446.4
          ],
          [
            -103.873218,
            40.787674,
            1446.4
          ],
          [
            -103.874755,
            40.787663,
            1446.4
          ],
          [
            -103.879356,
            40.787664,
            1449
          ],
          [
            -103.88184,
            40.787645,
            1451.8
          ],
          [
            -103.889972,
            40.78764,
            1460.9
          ],
          [
            -103.891833,
            40.787618,
            1465.9
          ],
          [
            -103.895902,
            40.787607,
            1480.8
          ],
          [
            -103.899047,
            40.787583,
            1478.2
          ],
          [
            -103.901438,
            40.787589,
            1476.9
          ],
          [
            -103.904118,
            40.787582,
            1477.8
          ],
          [
            -103.910333,
            40.787545,
            1491.1
          ],
          [
            -103.914982,
            40.78754,
            1493.1
          ],
          [
            -103.921426,
            40.787515,
            1505.8
          ],
          [
            -103.92432,
            40.78749,
            1511.3
          ],
          [
            -103.928285,
            40.787483,
            1516.2
          ],
          [
            -103.932274,
            40.787432,
            1528.8
          ],
          [
            -103.936503,
            40.787392,
            1535.7
          ],
          [
            -103.938955,
            40.78739,
            1535.9
          ],
          [
            -103.939177,
            40.787371,
            1536
          ],
          [
            -103.939347,
            40.787384,
            1536.3
          ],
          [
            -103.940464,
            40.787367,
            1538.1
          ],
          [
            -103.940733,
            40.787347,
            1538.6
          ],
          [
            -103.943585,
            40.787304,
            1539.8
          ],
          [
            -103.954654,
            40.787198,
            1536.5
          ],
          [
            -103.955778,
            40.78719,
            1536.4
          ],
          [
            -103.956006,
            40.7872,
            1536.8
          ],
          [
            -103.959558,
            40.787172,
            1541.9
          ],
          [
            -103.959776,
            40.787154,
            1542.3
          ],
          [
            -103.960433,
            40.787147,
            1544.1
          ],
          [
            -103.96131,
            40.787146,
            1547.4
          ],
          [
            -103.961744,
            40.787208,
            1549.4
          ],
          [
            -103.962159,
            40.787294,
            1551.4
          ],
          [
            -103.962369,
            40.787316,
            1552.4
          ],
          [
            -103.962584,
            40.787312,
            1553
          ],
          [
            -103.963181,
            40.787155,
            1554.1
          ],
          [
            -103.963356,
            40.787125,
            1554.4
          ],
          [
            -103.963585,
            40.787112,
            1554.6
          ],
          [
            -103.963806,
            40.787117,
            1555
          ],
          [
            -103.965418,
            40.787103,
            1554.4
          ],
          [
            -103.966505,
            40.787082,
            1551.7
          ],
          [
            -103.967821,
            40.787078,
            1549.9
          ],
          [
            -103.971258,
            40.787043,
            1562.3
          ],
          [
            -103.972631,
            40.787019,
            1566.9
          ],
          [
            -103.972914,
            40.787022,
            1567
          ],
          [
            -103.973051,
            40.787033,
            1567
          ],
          [
            -103.973185,
            40.787056,
            1566.8
          ],
          [
            -103.97331,
            40.78709,
            1566.5
          ],
          [
            -103.973493,
            40.787225,
            1565.8
          ],
          [
            -103.973577,
            40.787301,
            1565.7
          ],
          [
            -103.97371,
            40.787461,
            1565.6
          ],
          [
            -103.973763,
            40.787555,
            1565.4
          ],
          [
            -103.973805,
            40.787729,
            1565.1
          ],
          [
            -103.973822,
            40.787866,
            1565.2
          ],
          [
            -103.974079,
            40.791395,
            1561.4
          ],
          [
            -103.974244,
            40.793899,
            1567.5
          ],
          [
            -103.974296,
            40.794155,
            1567.8
          ],
          [
            -103.974357,
            40.794279,
            1567.7
          ],
          [
            -103.974607,
            40.794415,
            1567.3
          ],
          [
            -103.97475,
            40.79444,
            1567.4
          ],
          [
            -103.97506,
            40.794455,
            1567.6
          ],
          [
            -103.978379,
            40.79442,
            1573.2
          ],
          [
            -103.978543,
            40.794432,
            1573.2
          ],
          [
            -103.981306,
            40.79441,
            1566.3
          ],
          [
            -103.981542,
            40.79439,
            1566.8
          ],
          [
            -103.982489,
            40.794375,
            1568.8
          ],
          [
            -103.982729,
            40.794388,
            1569.3
          ],
          [
            -103.985182,
            40.794352,
            1576.9
          ],
          [
            -103.98485,
            40.794354,
            1560
          ],
          [
            -103.986455,
            40.794341,
            1579.7
          ],
          [
            -103.991473,
            40.794262,
            1586.4
          ],
          [
            -103.992974,
            40.794264,
            1589.3
          ],
          [
            -103.993127,
            40.794344,
            1589.3
          ],
          [
            -103.993393,
            40.794463,
            1589.1
          ],
          [
            -103.99353,
            40.794546,
            1588.9
          ],
          [
            -103.99367,
            40.794649,
            1588.8
          ],
          [
            -103.993885,
            40.794829,
            1588.8
          ],
          [
            -103.994394,
            40.795213,
            1589.4
          ],
          [
            -103.994512,
            40.795334,
            1589.7
          ],
          [
            -103.994662,
            40.795551,
            1590.1
          ],
          [
            -103.994816,
            40.79585,
            1591
          ],
          [
            -103.994998,
            40.796304,
            1584
          ],
          [
            -103.995073,
            40.796278,
            1589
          ],
          [
            -103.995084,
            40.79633,
            1592
          ],
          [
            -103.995013,
            40.796394,
            1593.2
          ],
          [
            -103.995044,
            40.796478,
            1593.3
          ],
          [
            -103.995222,
            40.796865,
            1594.1
          ],
          [
            -103.995621,
            40.797678,
            1597.2
          ],
          [
            -103.99595,
            40.798296,
            1600.5
          ],
          [
            -103.996197,
            40.798816,
            1603.3
          ],
          [
            -103.996344,
            40.799103,
            1605.3
          ],
          [
            -103.9964,
            40.799246,
            1606.2
          ],
          [
            -103.996417,
            40.799321,
            1606.5
          ],
          [
            -103.996427,
            40.799462,
            1607.4
          ],
          [
            -103.996407,
            40.799934,
            1610.2
          ],
          [
            -103.996405,
            40.800533,
            1613.9
          ],
          [
            -103.996384,
            40.800876,
            1617.6
          ],
          [
            -103.996343,
            40.801031,
            1619.1
          ],
          [
            -103.996312,
            40.801098,
            1620
          ],
          [
            -103.996237,
            40.801216,
            1622.4
          ],
          [
            -103.995947,
            40.801571,
            1626.5
          ],
          [
            -103.9958,
            40.801839,
            1628.5
          ],
          [
            -103.995617,
            40.802108,
            1630.8
          ],
          [
            -103.995494,
            40.802257,
            1631.9
          ],
          [
            -103.995351,
            40.802406,
            1632
          ],
          [
            -103.995444,
            40.80231,
            1631
          ],
          [
            -103.995417,
            40.802333,
            1632
          ],
          [
            -103.995372,
            40.802311,
            1633.7
          ],
          [
            -103.995271,
            40.802199,
            1634.1
          ],
          [
            -103.995169,
            40.802073,
            1634.5
          ],
          [
            -103.995106,
            40.801923,
            1634
          ],
          [
            -103.995073,
            40.801897,
            1634
          ],
          [
            -103.995001,
            40.801899,
            1634
          ],
          [
            -103.994979,
            40.801941,
            1634
          ],
          [
            -103.995002,
            40.801976,
            1635.3
          ],
          [
            -103.995163,
            40.802068,
            1635.1
          ],
          [
            -103.995399,
            40.802304,
            1635.1
          ],
          [
            -103.995404,
            40.802336,
            1635.3
          ],
          [
            -103.995391,
            40.80237,
            1635.3
          ],
          [
            -103.99517,
            40.802594,
            1635.4
          ],
          [
            -103.995113,
            40.802617,
            1635.5
          ],
          [
            -103.994926,
            40.802743,
            1635.7
          ],
          [
            -103.99457,
            40.803005,
            1635.8
          ],
          [
            -103.994167,
            40.803277,
            1636.7
          ],
          [
            -103.993511,
            40.803696,
            1635.1
          ],
          [
            -103.992974,
            40.803991,
            1633.9
          ],
          [
            -103.992717,
            40.804155,
            1633.1
          ],
          [
            -103.992225,
            40.804615,
            1629.5
          ],
          [
            -103.992089,
            40.804719,
            1627.6
          ],
          [
            -103.991936,
            40.80481,
            1625.6
          ],
          [
            -103.991764,
            40.804889,
            1623.9
          ],
          [
            -103.991588,
            40.804935,
            1623
          ],
          [
            -103.991136,
            40.804975,
            1620.6
          ],
          [
            -103.991048,
            40.804994,
            1620.4
          ],
          [
            -103.990843,
            40.805063,
            1620.1
          ],
          [
            -103.990739,
            40.805123,
            1619.9
          ],
          [
            -103.990639,
            40.805229,
            1619.3
          ],
          [
            -103.9906,
            40.805303,
            1619.1
          ],
          [
            -103.990601,
            40.805342,
            1619
          ],
          [
            -103.990565,
            40.805419,
            1619
          ],
          [
            -103.990538,
            40.805509,
            1619.1
          ],
          [
            -103.990502,
            40.805707,
            1619.5
          ],
          [
            -103.990497,
            40.805984,
            1621.2
          ],
          [
            -103.990525,
            40.806204,
            1623.1
          ],
          [
            -103.990516,
            40.806252,
            1622
          ],
          [
            -103.99044,
            40.806284,
            1623.4
          ],
          [
            -103.990394,
            40.806291,
            1623.3
          ],
          [
            -103.990046,
            40.806307,
            1623.8
          ],
          [
            -103.989892,
            40.80634,
            1624.1
          ],
          [
            -103.989817,
            40.806388,
            1624.3
          ],
          [
            -103.98976,
            40.806452,
            1620
          ],
          [
            -103.989775,
            40.806499,
            1621
          ],
          [
            -103.989882,
            40.806387,
            1626.3
          ],
          [
            -103.989958,
            40.806346,
            1626.1
          ],
          [
            -103.990007,
            40.806334,
            1625.9
          ],
          [
            -103.990401,
            40.806319,
            1625.4
          ],
          [
            -103.990502,
            40.806325,
            1625.5
          ],
          [
            -103.990552,
            40.806348,
            1624
          ],
          [
            -103.99058,
            40.806382,
            1625.3
          ],
          [
            -103.990585,
            40.806501,
            1624.4
          ],
          [
            -103.990539,
            40.806555,
            1624.1
          ],
          [
            -103.990513,
            40.806753,
            1622.9
          ],
          [
            -103.990401,
            40.807167,
            1619.5
          ],
          [
            -103.990346,
            40.807481,
            1617.3
          ],
          [
            -103.990327,
            40.807827,
            1615.3
          ],
          [
            -103.990335,
            40.808174,
            1614.2
          ],
          [
            -103.990278,
            40.808759,
            1614
          ],
          [
            -103.990298,
            40.808862,
            1614.3
          ],
          [
            -103.990393,
            40.80898,
            1614.1
          ],
          [
            -103.990498,
            40.809081,
            1614
          ],
          [
            -103.990553,
            40.80912,
            1614.1
          ],
          [
            -103.99066,
            40.809172,
            1613.9
          ],
          [
            -103.990822,
            40.80922,
            1613.5
          ],
          [
            -103.991265,
            40.809301,
            1612.5
          ],
          [
            -103.99184,
            40.809445,
            1612.8
          ],
          [
            -103.9923,
            40.809518,
            1613.5
          ],
          [
            -103.992409,
            40.80955,
            1614
          ],
          [
            -103.992525,
            40.809547,
            1614.4
          ],
          [
            -103.992855,
            40.809582,
            1615.9
          ],
          [
            -103.993405,
            40.809617,
            1618.5
          ],
          [
            -103.993983,
            40.809697,
            1621.1
          ],
          [
            -103.994328,
            40.809716,
            1622.8
          ],
          [
            -103.994687,
            40.809716,
            1625.6
          ],
          [
            -103.99547,
            40.809673,
            1632.1
          ],
          [
            -103.995626,
            40.809653,
            1633.9
          ],
          [
            -103.995759,
            40.809577,
            1636.3
          ],
          [
            -103.995849,
            40.809541,
            1637.2
          ],
          [
            -103.995965,
            40.809514,
            1637.9
          ],
          [
            -103.996102,
            40.809519,
            1638.9
          ],
          [
            -103.99624,
            40.809538,
            1640
          ],
          [
            -103.996682,
            40.80964,
            1642.1
          ],
          [
            -103.996739,
            40.809581,
            1642.4
          ],
          [
            -103.996868,
            40.809374,
            1643.8
          ],
          [
            -103.996993,
            40.809224,
            1640
          ],
          [
            -103.997053,
            40.809184,
            1646
          ],
          [
            -103.997092,
            40.809174,
            1644
          ],
          [
            -103.99701,
            40.809192,
            1646
          ],
          [
            -103.996953,
            40.809187,
            1646
          ],
          [
            -103.996982,
            40.809222,
            1647.3
          ],
          [
            -103.996971,
            40.809256,
            1646
          ],
          [
            -103.99691,
            40.809327,
            1646.8
          ],
          [
            -103.996746,
            40.809573,
            1646.5
          ],
          [
            -103.996735,
            40.809611,
            1646
          ],
          [
            -103.996752,
            40.809652,
            1646
          ],
          [
            -103.996793,
            40.809676,
            1646.5
          ],
          [
            -103.997112,
            40.809779,
            1646.8
          ],
          [
            -103.997313,
            40.80986,
            1647.3
          ],
          [
            -103.998053,
            40.810241,
            1651.2
          ],
          [
            -103.998395,
            40.810374,
            1653.1
          ],
          [
            -103.99851,
            40.810485,
            1653.4
          ],
          [
            -103.998535,
            40.810524,
            1653.4
          ],
          [
            -103.998528,
            40.810578,
            1653.5
          ],
          [
            -103.998586,
            40.810648,
            1653.7
          ],
          [
            -103.998636,
            40.810685,
            1653.8
          ],
          [
            -103.998755,
            40.810751,
            1653.9
          ],
          [
            -103.998877,
            40.810752,
            1654
          ],
          [
            -103.998931,
            40.810778,
            1654
          ],
          [
            -103.99901,
            40.810796,
            1654.2
          ],
          [
            -103.999141,
            40.810877,
            1654.5
          ],
          [
            -103.999309,
            40.811042,
            1654.8
          ],
          [
            -103.999354,
            40.811103,
            1654.8
          ],
          [
            -103.999426,
            40.811234,
            1654.8
          ],
          [
            -103.999478,
            40.811373,
            1655
          ],
          [
            -103.999585,
            40.811937,
            1656.5
          ],
          [
            -103.999668,
            40.812286,
            1656
          ],
          [
            -103.999684,
            40.812256,
            1652
          ],
          [
            -103.99972,
            40.812328,
            1657.5
          ],
          [
            -103.999812,
            40.812429,
            1657.5
          ],
          [
            -103.999867,
            40.81245,
            1657.6
          ],
          [
            -104.000001,
            40.812544,
            1658
          ],
          [
            -104.00025,
            40.812666,
            1658.4
          ],
          [
            -104.000448,
            40.812742,
            1658.9
          ],
          [
            -104.000579,
            40.812772,
            1659.1
          ],
          [
            -104.000757,
            40.812792,
            1659.6
          ],
          [
            -104.001141,
            40.812815,
            1660
          ],
          [
            -104.001402,
            40.812799,
            1660
          ],
          [
            -104.001322,
            40.812787,
            1660
          ],
          [
            -104.001103,
            40.812802,
            1661.3
          ],
          [
            -104.00092,
            40.812799,
            1661.2
          ],
          [
            -104.000703,
            40.812783,
            1661.1
          ],
          [
            -104.000505,
            40.812751,
            1661
          ],
          [
            -104.000445,
            40.812709,
            1661
          ],
          [
            -104.000301,
            40.812659,
            1660.8
          ],
          [
            -104.000097,
            40.812564,
            1660.5
          ],
          [
            -103.999903,
            40.812451,
            1660.6
          ],
          [
            -103.999807,
            40.812372,
            1660.3
          ],
          [
            -103.999755,
            40.812342,
            1660.2
          ],
          [
            -103.999692,
            40.81222,
            1658
          ],
          [
            -103.999582,
            40.811794,
            1658.5
          ],
          [
            -103.999528,
            40.811502,
            1657.6
          ],
          [
            -103.999538,
            40.811439,
            1657.5
          ],
          [
            -103.999524,
            40.811377,
            1657.4
          ],
          [
            -103.99948,
            40.811253,
            1657.4
          ],
          [
            -103.99938,
            40.81107,
            1657.2
          ],
          [
            -103.999333,
            40.811011,
            1657.2
          ],
          [
            -103.99923,
            40.810915,
            1657.2
          ],
          [
            -103.999114,
            40.810832,
            1657
          ],
          [
            -103.99905,
            40.810797,
            1657
          ],
          [
            -103.998974,
            40.810778,
            1656.9
          ],
          [
            -103.998864,
            40.810698,
            1656.8
          ],
          [
            -103.998774,
            40.810699,
            1656.8
          ],
          [
            -103.998704,
            40.810666,
            1656.7
          ],
          [
            -103.998551,
            40.81054,
            1656.8
          ],
          [
            -103.998561,
            40.810462,
            1656.8
          ],
          [
            -103.9984,
            40.810366,
            1656.8
          ],
          [
            -103.998352,
            40.810321,
            1656.7
          ],
          [
            -103.99799,
            40.810177,
            1655.6
          ],
          [
            -103.997376,
            40.809858,
            1652.8
          ],
          [
            -103.997054,
            40.809718,
            1652.3
          ],
          [
            -103.996657,
            40.809601,
            1650.5
          ],
          [
            -103.996248,
            40.809504,
            1649.2
          ],
          [
            -103.996065,
            40.809472,
            1648.6
          ],
          [
            -103.995978,
            40.809468,
            1648.2
          ],
          [
            -103.995883,
            40.80948,
            1647.9
          ],
          [
            -103.995733,
            40.809531,
            1646.8
          ],
          [
            -103.99568,
            40.809575,
            1646.3
          ],
          [
            -103.995526,
            40.809617,
            1644.8
          ],
          [
            -103.99463,
            40.809679,
            1636.8
          ],
          [
            -103.994306,
            40.809688,
            1634.7
          ],
          [
            -103.99397,
            40.809676,
            1632.1
          ],
          [
            -103.993177,
            40.809582,
            1627.1
          ],
          [
            -103.992411,
            40.809519,
            1622.4
          ],
          [
            -103.9921,
            40.809474,
            1620.7
          ],
          [
            -103.991647,
            40.809383,
            1618.9
          ],
          [
            -103.991097,
            40.809245,
            1617.2
          ],
          [
            -103.990938,
            40.809193,
            1616.9
          ],
          [
            -103.99072,
            40.809146,
            1616.7
          ],
          [
            -103.990613,
            40.809111,
            1616.7
          ],
          [
            -103.990535,
            40.809065,
            1616.5
          ],
          [
            -103.990457,
            40.809,
            1616.2
          ],
          [
            -103.990364,
            40.808897,
            1615.9
          ],
          [
            -103.99033,
            40.808835,
            1615.6
          ],
          [
            -103.990322,
            40.808774,
            1614.8
          ],
          [
            -103.990376,
            40.808223,
            1610.9
          ],
          [
            -103.990381,
            40.808107,
            1610.7
          ],
          [
            -103.990372,
            40.807764,
            1611.2
          ],
          [
            -103.990385,
            40.807527,
            1612
          ],
          [
            -103.990442,
            40.807182,
            1614.5
          ],
          [
            -103.990557,
            40.806759,
            1618.2
          ],
          [
            -103.99059,
            40.806486,
            1621.2
          ],
          [
            -103.990587,
            40.806275,
            1623.2
          ],
          [
            -103.990576,
            40.806228,
            1623.3
          ],
          [
            -103.990007,
            40.806246,
            1623.8
          ],
          [
            -103.989909,
            40.806259,
            1624.2
          ],
          [
            -103.98983,
            40.806289,
            1624.4
          ],
          [
            -103.98977,
            40.806341,
            1624
          ],
          [
            -103.989774,
            40.806407,
            1615
          ],
          [
            -103.989749,
            40.806367,
            1626
          ],
          [
            -103.989784,
            40.806343,
            1626
          ],
          [
            -103.989783,
            40.806286,
            1624
          ],
          [
            -103.989756,
            40.806345,
            1626
          ],
          [
            -103.989746,
            40.8064,
            1623
          ],
          [
            -103.989716,
            40.806435,
            1628
          ],
          [
            -103.989756,
            40.806383,
            1625
          ],
          [
            -103.989629,
            40.806381,
            1625
          ],
          [
            -103.989642,
            40.806445,
            1617
          ],
          [
            -103.989678,
            40.806438,
            1620
          ],
          [
            -103.9897,
            40.806478,
            1617
          ],
          [
            -103.989668,
            40.806478,
            1618
          ],
          [
            -103.989625,
            40.806444,
            1618
          ],
          [
            -103.989611,
            40.806447,
            1620
          ],
          [
            -103.989744,
            40.806457,
            1620
          ],
          [
            -103.989774,
            40.80642,
            1620
          ],
          [
            -103.98976,
            40.806384,
            1610
          ],
          [
            -103.989842,
            40.806307,
            1620
          ],
          [
            -103.989998,
            40.806256,
            1616
          ],
          [
            -103.990177,
            40.806275,
            1618
          ],
          [
            -103.990355,
            40.806267,
            1617
          ],
          [
            -103.990396,
            40.806255,
            1617
          ],
          [
            -103.990516,
            40.806261,
            1618.7
          ],
          [
            -103.990565,
            40.806297,
            1617
          ],
          [
            -103.99058,
            40.806383,
            1610
          ],
          [
            -103.990545,
            40.806382,
            1618
          ],
          [
            -103.990502,
            40.806399,
            1618
          ],
          [
            -103.990502,
            40.806423,
            1617
          ],
          [
            -103.990567,
            40.806467,
            1616
          ],
          [
            -103.990563,
            40.806578,
            1615
          ],
          [
            -103.990576,
            40.806675,
            1614
          ],
          [
            -103.990547,
            40.806813,
            1614
          ],
          [
            -103.990482,
            40.807032,
            1611
          ],
          [
            -103.990449,
            40.807094,
            1611
          ],
          [
            -103.99042,
            40.807254,
            1608
          ],
          [
            -103.990424,
            40.807293,
            1608
          ],
          [
            -103.990384,
            40.807387,
            1608
          ],
          [
            -103.990361,
            40.807498,
            1605
          ],
          [
            -103.990359,
            40.807578,
            1606
          ],
          [
            -103.990343,
            40.807608,
            1605
          ],
          [
            -103.990355,
            40.807646,
            1606
          ],
          [
            -103.990365,
            40.80776,
            1604
          ],
          [
            -103.990347,
            40.807997,
            1605
          ],
          [
            -103.990368,
            40.808105,
            1604
          ],
          [
            -103.990334,
            40.808248,
            1602
          ],
          [
            -103.990301,
            40.808309,
            1603
          ],
          [
            -103.990218,
            40.808352,
            1602
          ],
          [
            -103.990083,
            40.808353,
            1602
          ],
          [
            -103.989974,
            40.808342,
            1602
          ],
          [
            -103.989826,
            40.808308,
            1602
          ],
          [
            -103.989728,
            40.808256,
            1602
          ],
          [
            -103.989448,
            40.808169,
            1602
          ],
          [
            -103.989378,
            40.808186,
            1602
          ],
          [
            -103.989318,
            40.808226,
            1601
          ],
          [
            -103.989255,
            40.808321,
            1599
          ],
          [
            -103.989096,
            40.808492,
            1600
          ],
          [
            -103.98905,
            40.808554,
            1599
          ],
          [
            -103.988952,
            40.80877,
            1599
          ],
          [
            -103.988928,
            40.808886,
            1597
          ],
          [
            -103.988844,
            40.808962,
            1600
          ],
          [
            -103.988806,
            40.80904,
            1599
          ],
          [
            -103.988817,
            40.809184,
            1600
          ],
          [
            -103.988802,
            40.809299,
            1599
          ],
          [
            -103.988757,
            40.809404,
            1599
          ],
          [
            -103.988719,
            40.809552,
            1600
          ],
          [
            -103.988715,
            40.809603,
            1600
          ],
          [
            -103.988733,
            40.80968,
            1599
          ],
          [
            -103.988752,
            40.809715,
            1599
          ],
          [
            -103.988771,
            40.809863,
            1599
          ],
          [
            -103.988803,
            40.809936,
            1599
          ],
          [
            -103.988848,
            40.809994,
            1599
          ],
          [
            -103.988925,
            40.810172,
            1602
          ],
          [
            -103.988913,
            40.810205,
            1602
          ],
          [
            -103.988862,
            40.810256,
            1600
          ],
          [
            -103.98874,
            40.810352,
            1600
          ],
          [
            -103.988615,
            40.810383,
            1599
          ],
          [
            -103.988572,
            40.810399,
            1599
          ],
          [
            -103.988542,
            40.810423,
            1599
          ],
          [
            -103.988288,
            40.81051,
            1599
          ],
          [
            -103.988053,
            40.810563,
            1599
          ],
          [
            -103.987931,
            40.810652,
            1599
          ],
          [
            -103.987662,
            40.81076,
            1599
          ],
          [
            -103.987501,
            40.810866,
            1599
          ],
          [
            -103.987367,
            40.810909,
            1600
          ],
          [
            -103.987238,
            40.810881,
            1599
          ],
          [
            -103.987093,
            40.810804,
            1600
          ],
          [
            -103.98699,
            40.810776,
            1599
          ],
          [
            -103.986564,
            40.810591,
            1600
          ],
          [
            -103.986369,
            40.810488,
            1599
          ],
          [
            -103.986234,
            40.810448,
            1599
          ],
          [
            -103.985546,
            40.810134,
            1593
          ],
          [
            -103.985187,
            40.809988,
            1592
          ],
          [
            -103.985098,
            40.809942,
            1593
          ],
          [
            -103.985049,
            40.809927,
            1592
          ],
          [
            -103.985025,
            40.809905,
            1592
          ],
          [
            -103.98497,
            40.80989,
            1593
          ],
          [
            -103.984897,
            40.809847,
            1590
          ],
          [
            -103.984789,
            40.80981,
            1592
          ],
          [
            -103.984676,
            40.809758,
            1590
          ],
          [
            -103.984984,
            40.809888,
            1592
          ],
          [
            -103.985008,
            40.809916,
            1592.6
          ],
          [
            -103.985064,
            40.809924,
            1590
          ],
          [
            -103.985281,
            40.810028,
            1593
          ],
          [
            -103.985353,
            40.81005,
            1593
          ],
          [
            -103.98553,
            40.810127,
            1593
          ],
          [
            -103.985599,
            40.810144,
            1594
          ],
          [
            -103.985732,
            40.810215,
            1593
          ],
          [
            -103.986158,
            40.810406,
            1598
          ],
          [
            -103.986205,
            40.810416,
            1599.8
          ],
          [
            -103.986264,
            40.810454,
            1600
          ],
          [
            -103.986465,
            40.81053,
            1601
          ],
          [
            -103.986631,
            40.810613,
            1600
          ],
          [
            -103.986754,
            40.810656,
            1599
          ],
          [
            -103.986873,
            40.810718,
            1600
          ],
          [
            -103.987279,
            40.810895,
            1601
          ],
          [
            -103.987345,
            40.810909,
            1601
          ],
          [
            -103.987409,
            40.810885,
            1602
          ],
          [
            -103.987519,
            40.810862,
            1599
          ],
          [
            -103.987699,
            40.810738,
            1599
          ],
          [
            -103.987947,
            40.81065,
            1599
          ],
          [
            -103.987967,
            40.810624,
            1599
          ],
          [
            -103.988098,
            40.810554,
            1599
          ],
          [
            -103.988379,
            40.81047,
            1600
          ],
          [
            -103.988672,
            40.810356,
            1602
          ],
          [
            -103.988889,
            40.810241,
            1602
          ],
          [
            -103.988987,
            40.810206,
            1602
          ],
          [
            -103.989022,
            40.810213,
            1602
          ],
          [
            -103.989101,
            40.810315,
            1602
          ],
          [
            -103.989174,
            40.810376,
            1602
          ],
          [
            -103.989288,
            40.810412,
            1603
          ],
          [
            -103.989523,
            40.810549,
            1602
          ],
          [
            -103.989653,
            40.810652,
            1604
          ],
          [
            -103.989885,
            40.810797,
            1605
          ],
          [
            -103.989955,
            40.810823,
            1605
          ],
          [
            -103.990016,
            40.81086,
            1605
          ],
          [
            -103.990126,
            40.810898,
            1604
          ],
          [
            -103.990271,
            40.811048,
            1605
          ],
          [
            -103.990767,
            40.811311,
            1608
          ],
          [
            -103.99107,
            40.811583,
            1608
          ],
          [
            -103.991169,
            40.811638,
            1608
          ],
          [
            -103.991298,
            40.811761,
            1608
          ],
          [
            -103.991312,
            40.811791,
            1608
          ],
          [
            -103.991401,
            40.811842,
            1608
          ],
          [
            -103.991786,
            40.812126,
            1611
          ],
          [
            -103.991834,
            40.812181,
            1611
          ],
          [
            -103.991867,
            40.812253,
            1611
          ],
          [
            -103.991917,
            40.812317,
            1611
          ],
          [
            -103.991979,
            40.812371,
            1611
          ],
          [
            -103.992048,
            40.812401,
            1612
          ],
          [
            -103.992259,
            40.812531,
            1612
          ],
          [
            -103.992428,
            40.812583,
            1611
          ],
          [
            -103.992585,
            40.812688,
            1611
          ],
          [
            -103.992916,
            40.812869,
            1611
          ],
          [
            -103.993005,
            40.812935,
            1614
          ],
          [
            -103.993152,
            40.812998,
            1614
          ],
          [
            -103.993283,
            40.813071,
            1612
          ],
          [
            -103.993505,
            40.813146,
            1616
          ],
          [
            -103.993576,
            40.813188,
            1600
          ],
          [
            -103.993645,
            40.813256,
            1616
          ],
          [
            -103.993687,
            40.813283,
            1614
          ],
          [
            -103.993755,
            40.813307,
            1614
          ],
          [
            -103.994168,
            40.813578,
            1617
          ],
          [
            -103.994439,
            40.813837,
            1620
          ],
          [
            -103.994502,
            40.81388,
            1620
          ],
          [
            -103.994554,
            40.813933,
            1620
          ],
          [
            -103.994603,
            40.814088,
            1620
          ],
          [
            -103.994555,
            40.81396,
            1620
          ],
          [
            -103.994149,
            40.813554,
            1617
          ],
          [
            -103.993663,
            40.813244,
            1617
          ],
          [
            -103.993573,
            40.813167,
            1614
          ],
          [
            -103.99351,
            40.813136,
            1616
          ],
          [
            -103.993277,
            40.813056,
            1614
          ],
          [
            -103.993251,
            40.813031,
            1614
          ],
          [
            -103.992956,
            40.812905,
            1614
          ],
          [
            -103.992852,
            40.812837,
            1614
          ],
          [
            -103.992619,
            40.812714,
            1612
          ],
          [
            -103.992442,
            40.81259,
            1612
          ],
          [
            -103.992297,
            40.812555,
            1611
          ],
          [
            -103.992182,
            40.812489,
            1611
          ],
          [
            -103.992108,
            40.812463,
            1610
          ],
          [
            -103.992024,
            40.812395,
            1610
          ],
          [
            -103.991945,
            40.812349,
            1611
          ],
          [
            -103.991836,
            40.812204,
            1611
          ],
          [
            -103.991781,
            40.812146,
            1611
          ],
          [
            -103.991687,
            40.812068,
            1610
          ],
          [
            -103.991563,
            40.811987,
            1611
          ],
          [
            -103.991551,
            40.81196,
            1610
          ],
          [
            -103.991493,
            40.811928,
            1609
          ],
          [
            -103.991411,
            40.811856,
            1610
          ],
          [
            -103.991316,
            40.811796,
            1608
          ],
          [
            -103.991169,
            40.811643,
            1608
          ],
          [
            -103.9911,
            40.811613,
            1608
          ],
          [
            -103.991013,
            40.811547,
            1608
          ],
          [
            -103.990938,
            40.811465,
            1608
          ],
          [
            -103.990762,
            40.811318,
            1607
          ],
          [
            -103.990663,
            40.811255,
            1605
          ],
          [
            -103.99047,
            40.811162,
            1606
          ],
          [
            -103.990324,
            40.811077,
            1606
          ],
          [
            -103.990219,
            40.811002,
            1606
          ],
          [
            -103.990124,
            40.810913,
            1605
          ],
          [
            -103.99002,
            40.810868,
            1604
          ],
          [
            -103.989897,
            40.810795,
            1604
          ],
          [
            -103.989826,
            40.810764,
            1604
          ],
          [
            -103.989685,
            40.810681,
            1605
          ],
          [
            -103.989564,
            40.810579,
            1602
          ],
          [
            -103.989397,
            40.810488,
            1602
          ],
          [
            -103.989304,
            40.810418,
            1604
          ],
          [
            -103.989216,
            40.810385,
            1602
          ],
          [
            -103.98916,
            40.810333,
            1602
          ],
          [
            -103.989053,
            40.810259,
            1602
          ],
          [
            -103.98901,
            40.810203,
            1602
          ],
          [
            -103.988974,
            40.810182,
            1602
          ],
          [
            -103.98892,
            40.810129,
            1602
          ],
          [
            -103.988879,
            40.810068,
            1602
          ],
          [
            -103.988769,
            40.809859,
            1602
          ],
          [
            -103.98872,
            40.809667,
            1599
          ],
          [
            -103.988713,
            40.809597,
            1599
          ],
          [
            -103.98874,
            40.809463,
            1599
          ],
          [
            -103.988817,
            40.809265,
            1599
          ],
          [
            -103.98882,
            40.809156,
            1599
          ],
          [
            -103.988812,
            40.809123,
            1599
          ],
          [
            -103.988832,
            40.809023,
            1599
          ],
          [
            -103.988866,
            40.808964,
            1599
          ],
          [
            -103.988937,
            40.808886,
            1600
          ],
          [
            -103.988951,
            40.808822,
            1600
          ],
          [
            -103.98903,
            40.808627,
            1600
          ],
          [
            -103.989066,
            40.808564,
            1599
          ],
          [
            -103.989345,
            40.808209,
            1601
          ],
          [
            -103.989395,
            40.80818,
            1602
          ],
          [
            -103.989465,
            40.808174,
            1602
          ],
          [
            -103.989549,
            40.808183,
            1602
          ],
          [
            -103.989662,
            40.808218,
            1602
          ],
          [
            -103.989729,
            40.808254,
            1602
          ],
          [
            -103.989798,
            40.80827,
            1602
          ],
          [
            -103.989873,
            40.808307,
            1602
          ],
          [
            -103.989993,
            40.808334,
            1602
          ],
          [
            -103.99018,
            40.808343,
            1602
          ],
          [
            -103.990289,
            40.808317,
            1602
          ],
          [
            -103.990339,
            40.808266,
            1602
          ],
          [
            -103.990365,
            40.808209,
            1602
          ],
          [
            -103.990377,
            40.808148,
            1604
          ],
          [
            -103.99036,
            40.807863,
            1605
          ],
          [
            -103.990375,
            40.807603,
            1605
          ],
          [
            -103.990419,
            40.807312,
            1608
          ],
          [
            -103.99048,
            40.807041,
            1612
          ],
          [
            -103.990526,
            40.806902,
            1612
          ],
          [
            -103.990551,
            40.806771,
            1614.7
          ],
          [
            -103.990564,
            40.806748,
            1613
          ],
          [
            -103.990584,
            40.806563,
            1615
          ],
          [
            -103.990575,
            40.806491,
            1616
          ],
          [
            -103.990544,
            40.806453,
            1616
          ],
          [
            -103.99054,
            40.806354,
            1618
          ],
          [
            -103.990559,
            40.80632,
            1617
          ],
          [
            -103.990549,
            40.806283,
            1617
          ],
          [
            -103.990517,
            40.806268,
            1617
          ],
          [
            -103.990111,
            40.806274,
            1619
          ],
          [
            -103.989949,
            40.806291,
            1618
          ],
          [
            -103.989907,
            40.806307,
            1620
          ],
          [
            -103.989851,
            40.806349,
            1620
          ],
          [
            -103.989626,
            40.80645,
            1619
          ],
          [
            -103.98967,
            40.806477,
            1622.2
          ],
          [
            -103.989702,
            40.806463,
            1620
          ],
          [
            -103.989767,
            40.806506,
            1620
          ],
          [
            -103.989808,
            40.806512,
            1620
          ],
          [
            -103.989898,
            40.806566,
            1620
          ],
          [
            -103.989929,
            40.806574,
            1620
          ],
          [
            -103.989992,
            40.806535,
            1621.2
          ],
          [
            -103.990102,
            40.806534,
            1620
          ],
          [
            -103.99024,
            40.806596,
            1620
          ],
          [
            -103.990123,
            40.806529,
            1618
          ],
          [
            -103.990001,
            40.806409,
            1619
          ],
          [
            -103.989946,
            40.80633,
            1620
          ],
          [
            -103.989911,
            40.806326,
            1620
          ],
          [
            -103.989632,
            40.806446,
            1622.5
          ]
        ]
      }
    }
  ]
}
