{
  "type": "FeatureCollection",
  "features": [
    {
      "type": "Feature",
      "properties": {
        "name": "Waldo Expedition Route — d033-2520_Wylie_Avenue_to_Southgate_Inn-Missoula-MT-USA",
        "description": "GPS track exported from Gaia GPS (d033-2520_Wylie_Avenue_to_Southgate_Inn-Missoula-MT-USA.gpx)",
        "sourceFile": "d033-2520_Wylie_Avenue_to_Southgate_Inn-Missoula-MT-USA.gpx",
        "generated": "2026-07-28T04:41:12.849Z",
        "pointCount": 2838,
        "distanceKm": 101.654
      },
      "geometry": {
        "type": "LineString",
        "coordinates": [
          [
            -113.969509,
            46.887958,
            1007.9
          ],
          [
            -113.969301,
            46.887932,
            1007.9
          ],
          [
            -113.969509,
            46.887958,
            1005
          ],
          [
            -113.969301,
            46.887932,
            978
          ],
          [
            -113.969509,
            46.887958,
            987
          ],
          [
            -113.969301,
            46.887932,
            1005
          ],
          [
            -113.969503,
            46.887954,
            1007
          ],
          [
            -113.969301,
            46.887932,
            1007.9
          ],
          [
            -113.969517,
            46.887952,
            1012
          ],
          [
            -113.969851,
            46.887872,
            1008
          ],
          [
            -113.969811,
            46.887882,
            1007.9
          ],
          [
            -113.969767,
            46.887994,
            1007
          ],
          [
            -113.969678,
            46.88798,
            995
          ],
          [
            -113.969594,
            46.887988,
            994
          ],
          [
            -113.969554,
            46.887981,
            979.5
          ],
          [
            -113.969584,
            46.88797,
            1011
          ],
          [
            -113.969684,
            46.888102,
            1012
          ],
          [
            -113.969511,
            46.887959,
            1007.9
          ],
          [
            -113.969474,
            46.887981,
            1011
          ],
          [
            -113.969441,
            46.887891,
            1008
          ],
          [
            -113.969504,
            46.887959,
            1008
          ],
          [
            -113.969494,
            46.887989,
            1011
          ],
          [
            -113.969393,
            46.887993,
            1012.9
          ],
          [
            -113.969478,
            46.887985,
            1008
          ],
          [
            -113.969523,
            46.887912,
            1008
          ],
          [
            -113.969488,
            46.887902,
            1012
          ],
          [
            -113.969464,
            46.887947,
            1012
          ],
          [
            -113.969504,
            46.887956,
            993
          ],
          [
            -113.969414,
            46.887932,
            1013.7
          ],
          [
            -113.9695,
            46.887956,
            1006
          ],
          [
            -113.96968,
            46.888095,
            1011
          ],
          [
            -113.969648,
            46.88803,
            1014
          ],
          [
            -113.969621,
            46.888019,
            1012
          ],
          [
            -113.969667,
            46.888078,
            632
          ],
          [
            -113.969738,
            46.888088,
            1024
          ],
          [
            -113.969779,
            46.888115,
            1018
          ],
          [
            -113.96981,
            46.887812,
            1020
          ],
          [
            -113.969826,
            46.886887,
            1020.4
          ],
          [
            -113.969819,
            46.886473,
            1019.7
          ],
          [
            -113.96983,
            46.886189,
            1019.1
          ],
          [
            -113.969799,
            46.885308,
            1017.8
          ],
          [
            -113.9698,
            46.884792,
            1016
          ],
          [
            -113.969751,
            46.884436,
            1016.2
          ],
          [
            -113.969758,
            46.884303,
            1015.9
          ],
          [
            -113.969808,
            46.883962,
            1014.9
          ],
          [
            -113.969819,
            46.883444,
            1014.1
          ],
          [
            -113.969771,
            46.883068,
            1014.8
          ],
          [
            -113.969779,
            46.882925,
            1015.1
          ],
          [
            -113.969807,
            46.882713,
            1015.5
          ],
          [
            -113.96981,
            46.882605,
            1015.7
          ],
          [
            -113.969773,
            46.882467,
            1014
          ],
          [
            -113.969727,
            46.882424,
            1015.7
          ],
          [
            -113.969746,
            46.882372,
            1015.6
          ],
          [
            -113.969747,
            46.882307,
            1015.6
          ],
          [
            -113.969803,
            46.88203,
            1015.2
          ],
          [
            -113.969818,
            46.881846,
            1015
          ],
          [
            -113.96983,
            46.880501,
            1014.1
          ],
          [
            -113.96982,
            46.879633,
            1016.3
          ],
          [
            -113.969825,
            46.879213,
            1017.6
          ],
          [
            -113.969852,
            46.878886,
            1017.8
          ],
          [
            -113.969902,
            46.878779,
            1017.7
          ],
          [
            -113.96998,
            46.878564,
            1017.5
          ],
          [
            -113.970088,
            46.878358,
            1017.1
          ],
          [
            -113.970306,
            46.87806,
            1015.7
          ],
          [
            -113.970391,
            46.877968,
            1015.2
          ],
          [
            -113.970588,
            46.877787,
            1014.4
          ],
          [
            -113.971035,
            46.877454,
            1012.1
          ],
          [
            -113.979821,
            46.87147,
            994
          ],
          [
            -113.979874,
            46.871456,
            994
          ],
          [
            -113.97973,
            46.871369,
            993.5
          ],
          [
            -113.978564,
            46.870566,
            993.7
          ],
          [
            -113.97846,
            46.870522,
            993.8
          ],
          [
            -113.977576,
            46.869902,
            995
          ],
          [
            -113.976337,
            46.869012,
            996.4
          ],
          [
            -113.976268,
            46.868989,
            996.4
          ],
          [
            -113.975885,
            46.868722,
            996
          ],
          [
            -113.975953,
            46.868773,
            985
          ],
          [
            -113.975979,
            46.868732,
            988
          ],
          [
            -113.975933,
            46.868752,
            986
          ],
          [
            -113.97593,
            46.868789,
            988
          ],
          [
            -113.975918,
            46.868763,
            987
          ],
          [
            -113.975795,
            46.868642,
            987
          ],
          [
            -113.975692,
            46.868594,
            989
          ],
          [
            -113.975566,
            46.868579,
            990
          ],
          [
            -113.97544,
            46.868544,
            993
          ],
          [
            -113.975184,
            46.8684,
            998
          ],
          [
            -113.975069,
            46.868381,
            1000
          ],
          [
            -113.975036,
            46.86836,
            1000
          ],
          [
            -113.975022,
            46.868332,
            1002
          ],
          [
            -113.974892,
            46.868289,
            1004
          ],
          [
            -113.974862,
            46.868249,
            1006
          ],
          [
            -113.97485,
            46.868198,
            1006
          ],
          [
            -113.974784,
            46.868108,
            1008
          ],
          [
            -113.974715,
            46.868033,
            1010
          ],
          [
            -113.974679,
            46.868022,
            1011
          ],
          [
            -113.974614,
            46.867944,
            1011
          ],
          [
            -113.97461,
            46.867909,
            1014
          ],
          [
            -113.97448,
            46.867899,
            1015
          ],
          [
            -113.974376,
            46.867879,
            1018
          ],
          [
            -113.974314,
            46.867905,
            1020
          ],
          [
            -113.974307,
            46.868035,
            1020
          ],
          [
            -113.97428,
            46.868058,
            1020
          ],
          [
            -113.974266,
            46.868158,
            1022
          ],
          [
            -113.97422,
            46.868212,
            1024
          ],
          [
            -113.974178,
            46.868282,
            1024
          ],
          [
            -113.974168,
            46.868343,
            1024
          ],
          [
            -113.974146,
            46.868381,
            1026
          ],
          [
            -113.974206,
            46.868469,
            1026
          ],
          [
            -113.974237,
            46.868562,
            1028
          ],
          [
            -113.974255,
            46.868584,
            1028
          ],
          [
            -113.974256,
            46.868623,
            1028
          ],
          [
            -113.974278,
            46.868663,
            1030
          ],
          [
            -113.974287,
            46.868763,
            1030
          ],
          [
            -113.974299,
            46.868799,
            1032
          ],
          [
            -113.9744,
            46.868891,
            1035
          ],
          [
            -113.974409,
            46.869,
            1036
          ],
          [
            -113.974396,
            46.86903,
            1036
          ],
          [
            -113.974431,
            46.869091,
            1040
          ],
          [
            -113.974442,
            46.869163,
            1040
          ],
          [
            -113.974409,
            46.869253,
            1040
          ],
          [
            -113.974424,
            46.869312,
            1042
          ],
          [
            -113.974429,
            46.869387,
            1040
          ],
          [
            -113.974413,
            46.869419,
            1041
          ],
          [
            -113.974411,
            46.869559,
            1041
          ],
          [
            -113.974454,
            46.869692,
            1040
          ],
          [
            -113.974409,
            46.869721,
            1044
          ],
          [
            -113.974338,
            46.869717,
            1044
          ],
          [
            -113.974218,
            46.869732,
            1045
          ],
          [
            -113.974016,
            46.869818,
            1047
          ],
          [
            -113.973898,
            46.869884,
            1047
          ],
          [
            -113.973851,
            46.869923,
            1049
          ],
          [
            -113.973746,
            46.869965,
            1050
          ],
          [
            -113.973673,
            46.870006,
            1050
          ],
          [
            -113.973606,
            46.870027,
            1050
          ],
          [
            -113.973305,
            46.870085,
            1054
          ],
          [
            -113.972931,
            46.870136,
            1059
          ],
          [
            -113.97268,
            46.870146,
            1065
          ],
          [
            -113.972628,
            46.8702,
            1064
          ],
          [
            -113.972595,
            46.870257,
            1064
          ],
          [
            -113.972539,
            46.870296,
            1065
          ],
          [
            -113.972507,
            46.870285,
            1068
          ],
          [
            -113.97246,
            46.870247,
            1068
          ],
          [
            -113.972425,
            46.870262,
            1068
          ],
          [
            -113.972316,
            46.870439,
            1072
          ],
          [
            -113.972146,
            46.870612,
            1076
          ],
          [
            -113.972129,
            46.870641,
            1076
          ],
          [
            -113.972089,
            46.870639,
            1077
          ],
          [
            -113.972021,
            46.870548,
            1080
          ],
          [
            -113.97195,
            46.870474,
            1083
          ],
          [
            -113.971855,
            46.870423,
            1084
          ],
          [
            -113.971776,
            46.870345,
            1086
          ],
          [
            -113.971744,
            46.870334,
            1088
          ],
          [
            -113.971617,
            46.870509,
            1090
          ],
          [
            -113.971605,
            46.870539,
            1092
          ],
          [
            -113.97157,
            46.870548,
            1091
          ],
          [
            -113.971531,
            46.870476,
            1094
          ],
          [
            -113.971488,
            46.870443,
            1094
          ],
          [
            -113.971453,
            46.870438,
            1095.4
          ],
          [
            -113.971412,
            46.870474,
            1096
          ],
          [
            -113.971341,
            46.870505,
            1095
          ],
          [
            -113.971332,
            46.870538,
            1096
          ],
          [
            -113.971268,
            46.870618,
            1100
          ],
          [
            -113.971159,
            46.870684,
            1103
          ],
          [
            -113.97112,
            46.870742,
            1105
          ],
          [
            -113.971085,
            46.870757,
            1105
          ],
          [
            -113.971054,
            46.870755,
            1105
          ],
          [
            -113.970994,
            46.870639,
            1108
          ],
          [
            -113.970903,
            46.870512,
            1110
          ],
          [
            -113.970864,
            46.870404,
            1110
          ],
          [
            -113.970822,
            46.870349,
            1110
          ],
          [
            -113.970793,
            46.870329,
            1112
          ],
          [
            -113.970763,
            46.870342,
            1111
          ],
          [
            -113.970711,
            46.870541,
            1111
          ],
          [
            -113.970675,
            46.870588,
            1116
          ],
          [
            -113.970583,
            46.870791,
            1120
          ],
          [
            -113.970569,
            46.870983,
            1121
          ],
          [
            -113.970515,
            46.87128,
            1124
          ],
          [
            -113.970459,
            46.871391,
            1128
          ],
          [
            -113.970343,
            46.871521,
            1131
          ],
          [
            -113.970169,
            46.871658,
            1132
          ],
          [
            -113.970089,
            46.871677,
            1134
          ],
          [
            -113.970067,
            46.871711,
            1135
          ],
          [
            -113.97012,
            46.87179,
            1137
          ],
          [
            -113.970128,
            46.871836,
            1136
          ],
          [
            -113.970049,
            46.871926,
            1140
          ],
          [
            -113.970012,
            46.871983,
            1140
          ],
          [
            -113.969999,
            46.872045,
            1140
          ],
          [
            -113.969964,
            46.872113,
            1144
          ],
          [
            -113.969928,
            46.87215,
            1145.1
          ],
          [
            -113.969891,
            46.872235,
            1144
          ],
          [
            -113.969876,
            46.872304,
            1146
          ],
          [
            -113.969841,
            46.872359,
            1148
          ],
          [
            -113.969737,
            46.872478,
            1151
          ],
          [
            -113.969682,
            46.872643,
            1155
          ],
          [
            -113.969646,
            46.872703,
            1152
          ],
          [
            -113.969574,
            46.872864,
            1156
          ],
          [
            -113.969547,
            46.872886,
            1158
          ],
          [
            -113.969519,
            46.872873,
            1156
          ],
          [
            -113.96951,
            46.872809,
            1160
          ],
          [
            -113.969483,
            46.872791,
            1158
          ],
          [
            -113.969486,
            46.872749,
            1161
          ],
          [
            -113.969477,
            46.872718,
            1160
          ],
          [
            -113.969445,
            46.872664,
            1162
          ],
          [
            -113.969388,
            46.87252,
            1164
          ],
          [
            -113.96939,
            46.872354,
            1164
          ],
          [
            -113.969369,
            46.872293,
            1164
          ],
          [
            -113.969318,
            46.872199,
            1166
          ],
          [
            -113.96927,
            46.872068,
            1167
          ],
          [
            -113.969208,
            46.871977,
            1169
          ],
          [
            -113.969185,
            46.871916,
            1168
          ],
          [
            -113.969146,
            46.871903,
            1170
          ],
          [
            -113.969093,
            46.87196,
            1172
          ],
          [
            -113.968981,
            46.872153,
            1176
          ],
          [
            -113.968921,
            46.872357,
            1179
          ],
          [
            -113.968854,
            46.872481,
            1182
          ],
          [
            -113.968812,
            46.872583,
            1180
          ],
          [
            -113.968753,
            46.872785,
            1184
          ],
          [
            -113.968694,
            46.872884,
            1189
          ],
          [
            -113.968594,
            46.872888,
            1191
          ],
          [
            -113.968533,
            46.87291,
            1194
          ],
          [
            -113.968477,
            46.872896,
            1198
          ],
          [
            -113.968368,
            46.872948,
            1200
          ],
          [
            -113.968304,
            46.873008,
            1205
          ],
          [
            -113.968289,
            46.873039,
            1206
          ],
          [
            -113.968269,
            46.873132,
            1206
          ],
          [
            -113.968227,
            46.873193,
            1204
          ],
          [
            -113.968232,
            46.873286,
            1204
          ],
          [
            -113.968224,
            46.873324,
            1207
          ],
          [
            -113.968179,
            46.873408,
            1208
          ],
          [
            -113.968149,
            46.87343,
            1211.2
          ],
          [
            -113.968144,
            46.873497,
            1208
          ],
          [
            -113.968111,
            46.873521,
            1210
          ],
          [
            -113.968098,
            46.87355,
            1212
          ],
          [
            -113.967791,
            46.873785,
            1218
          ],
          [
            -113.967769,
            46.873811,
            1213
          ],
          [
            -113.967712,
            46.873826,
            1224
          ],
          [
            -113.967664,
            46.87386,
            1224
          ],
          [
            -113.967632,
            46.873868,
            1224
          ],
          [
            -113.96756,
            46.873876,
            1228
          ],
          [
            -113.967473,
            46.873863,
            1232
          ],
          [
            -113.967383,
            46.873902,
            1234
          ],
          [
            -113.967344,
            46.8739,
            1236.6
          ],
          [
            -113.967295,
            46.873937,
            1235
          ],
          [
            -113.967169,
            46.873942,
            1240
          ],
          [
            -113.967056,
            46.873999,
            1245.7
          ],
          [
            -113.966957,
            46.874066,
            1245
          ],
          [
            -113.966912,
            46.874119,
            1245
          ],
          [
            -113.966803,
            46.874204,
            1250
          ],
          [
            -113.966708,
            46.874237,
            1248
          ],
          [
            -113.966552,
            46.874314,
            1252
          ],
          [
            -113.966365,
            46.874363,
            1258.7
          ],
          [
            -113.966346,
            46.874374,
            1258
          ],
          [
            -113.966321,
            46.874431,
            1257
          ],
          [
            -113.966244,
            46.874498,
            1260
          ],
          [
            -113.966214,
            46.874516,
            1260
          ],
          [
            -113.966072,
            46.874556,
            1263
          ],
          [
            -113.965993,
            46.874617,
            1266
          ],
          [
            -113.965894,
            46.87467,
            1267
          ],
          [
            -113.965765,
            46.87482,
            1272
          ],
          [
            -113.965736,
            46.874828,
            1272
          ],
          [
            -113.965728,
            46.874759,
            1275
          ],
          [
            -113.965732,
            46.874288,
            1280.6
          ],
          [
            -113.965743,
            46.874237,
            1280
          ],
          [
            -113.965734,
            46.87417,
            1280
          ],
          [
            -113.96576,
            46.874108,
            1280
          ],
          [
            -113.965711,
            46.874064,
            1281
          ],
          [
            -113.965706,
            46.874027,
            1284
          ],
          [
            -113.965662,
            46.874022,
            1287
          ],
          [
            -113.965623,
            46.874035,
            1285
          ],
          [
            -113.965567,
            46.874013,
            1287
          ],
          [
            -113.965512,
            46.873971,
            1290
          ],
          [
            -113.965475,
            46.873912,
            1290
          ],
          [
            -113.96544,
            46.873919,
            1292
          ],
          [
            -113.965414,
            46.873947,
            1293
          ],
          [
            -113.965357,
            46.873969,
            1296
          ],
          [
            -113.965331,
            46.873991,
            1296
          ],
          [
            -113.965316,
            46.874026,
            1296
          ],
          [
            -113.965227,
            46.874087,
            1295
          ],
          [
            -113.965196,
            46.87409,
            1299
          ],
          [
            -113.965187,
            46.874053,
            1300
          ],
          [
            -113.96515,
            46.873989,
            1296
          ],
          [
            -113.965173,
            46.873947,
            1302
          ],
          [
            -113.965147,
            46.873931,
            1304
          ],
          [
            -113.96505,
            46.874032,
            1305
          ],
          [
            -113.965016,
            46.874124,
            1305
          ],
          [
            -113.964954,
            46.87417,
            1307
          ],
          [
            -113.96491,
            46.87423,
            1309
          ],
          [
            -113.964875,
            46.87424,
            1310
          ],
          [
            -113.964843,
            46.874189,
            1310
          ],
          [
            -113.964841,
            46.874125,
            1312
          ],
          [
            -113.964802,
            46.874066,
            1314
          ],
          [
            -113.964817,
            46.873907,
            1316
          ],
          [
            -113.964859,
            46.873821,
            1317
          ],
          [
            -113.964873,
            46.873749,
            1316
          ],
          [
            -113.964903,
            46.873675,
            1316
          ],
          [
            -113.964956,
            46.873613,
            1316
          ],
          [
            -113.965003,
            46.873515,
            1317
          ],
          [
            -113.965143,
            46.873402,
            1320
          ],
          [
            -113.965037,
            46.873405,
            1320
          ],
          [
            -113.965019,
            46.873379,
            1322
          ],
          [
            -113.965252,
            46.873329,
            1322
          ],
          [
            -113.965472,
            46.873255,
            1323
          ],
          [
            -113.965531,
            46.873221,
            1323
          ],
          [
            -113.965557,
            46.873195,
            1324
          ],
          [
            -113.965554,
            46.873164,
            1324
          ],
          [
            -113.965524,
            46.873103,
            1324
          ],
          [
            -113.965488,
            46.873065,
            1325
          ],
          [
            -113.965459,
            46.873011,
            1328.2
          ],
          [
            -113.965404,
            46.873017,
            1328
          ],
          [
            -113.965364,
            46.873002,
            1327
          ],
          [
            -113.965315,
            46.872966,
            1329
          ],
          [
            -113.965276,
            46.872968,
            1329
          ],
          [
            -113.96517,
            46.873014,
            1332
          ],
          [
            -113.965102,
            46.873025,
            1332
          ],
          [
            -113.965,
            46.872974,
            1337
          ],
          [
            -113.964926,
            46.872991,
            1335
          ],
          [
            -113.964872,
            46.873029,
            1340
          ],
          [
            -113.964829,
            46.873031,
            1340
          ],
          [
            -113.964739,
            46.873068,
            1341
          ],
          [
            -113.964644,
            46.873087,
            1341
          ],
          [
            -113.964509,
            46.873061,
            1346.1
          ],
          [
            -113.96444,
            46.873061,
            1344
          ],
          [
            -113.96434,
            46.87304,
            1348
          ],
          [
            -113.964231,
            46.873031,
            1350
          ],
          [
            -113.964128,
            46.873048,
            1350
          ],
          [
            -113.964019,
            46.873103,
            1353
          ],
          [
            -113.963912,
            46.873194,
            1352
          ],
          [
            -113.963893,
            46.873222,
            1353
          ],
          [
            -113.963865,
            46.87328,
            1352
          ],
          [
            -113.963783,
            46.873397,
            1354
          ],
          [
            -113.963727,
            46.873537,
            1357
          ],
          [
            -113.963708,
            46.87361,
            1356
          ],
          [
            -113.963718,
            46.87382,
            1359
          ],
          [
            -113.963655,
            46.873931,
            1362
          ],
          [
            -113.963526,
            46.874056,
            1365
          ],
          [
            -113.963469,
            46.874096,
            1368
          ],
          [
            -113.963457,
            46.874154,
            1368
          ],
          [
            -113.963311,
            46.87432,
            1372
          ],
          [
            -113.963295,
            46.874391,
            1370
          ],
          [
            -113.96325,
            46.874481,
            1376
          ],
          [
            -113.963151,
            46.874551,
            1378
          ],
          [
            -113.963133,
            46.874588,
            1378
          ],
          [
            -113.963043,
            46.874671,
            1380
          ],
          [
            -113.962946,
            46.87471,
            1383
          ],
          [
            -113.962741,
            46.874714,
            1388
          ],
          [
            -113.962407,
            46.874788,
            1389
          ],
          [
            -113.961953,
            46.874912,
            1392
          ],
          [
            -113.961593,
            46.875065,
            1395
          ],
          [
            -113.961505,
            46.875127,
            1396
          ],
          [
            -113.961354,
            46.875158,
            1396
          ],
          [
            -113.961157,
            46.875229,
            1391
          ],
          [
            -113.961123,
            46.875229,
            1400
          ],
          [
            -113.960987,
            46.875295,
            1400.8
          ],
          [
            -113.960901,
            46.8753,
            1399
          ],
          [
            -113.960819,
            46.875318,
            1401
          ],
          [
            -113.96065,
            46.875385,
            1404
          ],
          [
            -113.960593,
            46.875398,
            1400
          ],
          [
            -113.960508,
            46.87545,
            1402
          ],
          [
            -113.960302,
            46.875541,
            1404
          ],
          [
            -113.959977,
            46.875742,
            1408
          ],
          [
            -113.959777,
            46.875887,
            1413
          ],
          [
            -113.959324,
            46.876161,
            1420
          ],
          [
            -113.959163,
            46.876296,
            1422
          ],
          [
            -113.959054,
            46.876365,
            1424
          ],
          [
            -113.959003,
            46.876385,
            1425
          ],
          [
            -113.958927,
            46.876446,
            1424
          ],
          [
            -113.958815,
            46.876589,
            1425
          ],
          [
            -113.958762,
            46.876634,
            1425
          ],
          [
            -113.958721,
            46.876684,
            1425
          ],
          [
            -113.958527,
            46.876834,
            1428
          ],
          [
            -113.958411,
            46.876946,
            1428
          ],
          [
            -113.958322,
            46.877145,
            1428
          ],
          [
            -113.958204,
            46.877325,
            1428
          ],
          [
            -113.95821,
            46.877356,
            1431
          ],
          [
            -113.958289,
            46.87744,
            1431
          ],
          [
            -113.958323,
            46.877501,
            1431
          ],
          [
            -113.958341,
            46.877574,
            1430
          ],
          [
            -113.9584,
            46.877671,
            1432
          ],
          [
            -113.958443,
            46.877765,
            1430
          ],
          [
            -113.958474,
            46.877887,
            1436
          ],
          [
            -113.958496,
            46.878036,
            1436
          ],
          [
            -113.958572,
            46.878247,
            1440
          ],
          [
            -113.958572,
            46.878283,
            1440
          ],
          [
            -113.958548,
            46.878382,
            1441
          ],
          [
            -113.958521,
            46.878413,
            1440
          ],
          [
            -113.958311,
            46.878541,
            1443
          ],
          [
            -113.958174,
            46.878601,
            1440
          ],
          [
            -113.958034,
            46.878647,
            1440
          ],
          [
            -113.957359,
            46.878809,
            1440
          ],
          [
            -113.957229,
            46.878853,
            1442
          ],
          [
            -113.956631,
            46.878956,
            1452
          ],
          [
            -113.956531,
            46.878988,
            1452
          ],
          [
            -113.956433,
            46.878993,
            1452
          ],
          [
            -113.956572,
            46.878982,
            1452
          ],
          [
            -113.956621,
            46.878965,
            1452.7
          ],
          [
            -113.956978,
            46.878914,
            1448
          ],
          [
            -113.957232,
            46.878858,
            1444
          ],
          [
            -113.957521,
            46.878769,
            1438
          ],
          [
            -113.957743,
            46.878726,
            1437
          ],
          [
            -113.958019,
            46.878656,
            1442
          ],
          [
            -113.958191,
            46.878598,
            1440
          ],
          [
            -113.958383,
            46.878511,
            1443
          ],
          [
            -113.95847,
            46.878453,
            1443
          ],
          [
            -113.958556,
            46.878366,
            1440
          ],
          [
            -113.958577,
            46.87833,
            1443
          ],
          [
            -113.958581,
            46.878227,
            1440
          ],
          [
            -113.958527,
            46.878095,
            1440
          ],
          [
            -113.958456,
            46.877757,
            1436
          ],
          [
            -113.958339,
            46.877499,
            1434
          ],
          [
            -113.958293,
            46.877422,
            1434
          ],
          [
            -113.958237,
            46.877371,
            1431
          ],
          [
            -113.958221,
            46.877325,
            1430
          ],
          [
            -113.958259,
            46.877282,
            1431
          ],
          [
            -113.958382,
            46.877052,
            1430
          ],
          [
            -113.958404,
            46.87699,
            1430
          ],
          [
            -113.958439,
            46.876941,
            1430.1
          ],
          [
            -113.958723,
            46.876713,
            1428
          ],
          [
            -113.958982,
            46.876415,
            1425
          ],
          [
            -113.959044,
            46.876373,
            1424
          ],
          [
            -113.959172,
            46.876311,
            1424
          ],
          [
            -113.959403,
            46.876125,
            1419
          ],
          [
            -113.959758,
            46.875916,
            1413
          ],
          [
            -113.960005,
            46.875739,
            1408
          ],
          [
            -113.960076,
            46.875705,
            1410
          ],
          [
            -113.96028,
            46.875558,
            1406
          ],
          [
            -113.9605,
            46.875436,
            1401
          ],
          [
            -113.960567,
            46.87541,
            1404
          ],
          [
            -113.960645,
            46.875343,
            1401
          ],
          [
            -113.960724,
            46.875299,
            1402
          ],
          [
            -113.960762,
            46.875252,
            1401
          ],
          [
            -113.960851,
            46.875219,
            1400
          ],
          [
            -113.960909,
            46.875184,
            1400
          ],
          [
            -113.961054,
            46.875068,
            1395
          ],
          [
            -113.961129,
            46.874966,
            1395
          ],
          [
            -113.961189,
            46.874907,
            1394
          ],
          [
            -113.961279,
            46.874856,
            1393
          ],
          [
            -113.961387,
            46.874772,
            1389
          ],
          [
            -113.961621,
            46.874549,
            1388
          ],
          [
            -113.961766,
            46.874334,
            1387
          ],
          [
            -113.961973,
            46.87394,
            1386
          ],
          [
            -113.962021,
            46.873781,
            1383
          ],
          [
            -113.962061,
            46.873729,
            1380
          ],
          [
            -113.962073,
            46.87369,
            1380
          ],
          [
            -113.962071,
            46.873486,
            1380
          ],
          [
            -113.962098,
            46.873419,
            1376
          ],
          [
            -113.962138,
            46.873362,
            1377
          ],
          [
            -113.962236,
            46.873263,
            1375
          ],
          [
            -113.962362,
            46.873078,
            1374
          ],
          [
            -113.962515,
            46.872935,
            1368
          ],
          [
            -113.962582,
            46.872895,
            1371
          ],
          [
            -113.96263,
            46.872812,
            1368
          ],
          [
            -113.962672,
            46.872709,
            1366
          ],
          [
            -113.962663,
            46.872648,
            1365
          ],
          [
            -113.962547,
            46.872464,
            1366
          ],
          [
            -113.962427,
            46.872403,
            1365
          ],
          [
            -113.962378,
            46.872349,
            1362
          ],
          [
            -113.962253,
            46.872265,
            1362
          ],
          [
            -113.962108,
            46.872142,
            1362
          ],
          [
            -113.962038,
            46.872106,
            1362
          ],
          [
            -113.961993,
            46.872067,
            1363.3
          ],
          [
            -113.961925,
            46.871939,
            1359
          ],
          [
            -113.961881,
            46.871921,
            1359
          ],
          [
            -113.961756,
            46.87183,
            1358
          ],
          [
            -113.961557,
            46.871756,
            1356
          ],
          [
            -113.961408,
            46.871662,
            1356
          ],
          [
            -113.961066,
            46.871542,
            1353
          ],
          [
            -113.960875,
            46.871508,
            1350
          ],
          [
            -113.960759,
            46.871427,
            1347
          ],
          [
            -113.960748,
            46.871396,
            1345
          ],
          [
            -113.960802,
            46.871285,
            1344
          ],
          [
            -113.960952,
            46.871169,
            1343
          ],
          [
            -113.961436,
            46.871023,
            1341
          ],
          [
            -113.961518,
            46.871016,
            1339
          ],
          [
            -113.961924,
            46.871019,
            1336
          ],
          [
            -113.962326,
            46.870993,
            1335
          ],
          [
            -113.962659,
            46.870939,
            1330
          ],
          [
            -113.962831,
            46.870901,
            1330
          ],
          [
            -113.962936,
            46.870806,
            1327
          ],
          [
            -113.962921,
            46.870757,
            1327.1
          ],
          [
            -113.962834,
            46.870698,
            1326
          ],
          [
            -113.962459,
            46.870508,
            1322
          ],
          [
            -113.962368,
            46.870477,
            1322
          ],
          [
            -113.962188,
            46.870392,
            1318
          ],
          [
            -113.962034,
            46.87035,
            1317
          ],
          [
            -113.961515,
            46.87033,
            1313
          ],
          [
            -113.961333,
            46.870353,
            1310
          ],
          [
            -113.961267,
            46.870349,
            1310
          ],
          [
            -113.961156,
            46.87036,
            1310
          ],
          [
            -113.961035,
            46.870348,
            1308
          ],
          [
            -113.960943,
            46.870352,
            1309
          ],
          [
            -113.96076,
            46.870328,
            1306
          ],
          [
            -113.960602,
            46.870287,
            1303
          ],
          [
            -113.960584,
            46.870255,
            1301
          ],
          [
            -113.960588,
            46.870222,
            1300
          ],
          [
            -113.960646,
            46.870174,
            1299
          ],
          [
            -113.960984,
            46.870049,
            1296
          ],
          [
            -113.961296,
            46.869914,
            1296
          ],
          [
            -113.961373,
            46.869896,
            1296
          ],
          [
            -113.961497,
            46.869842,
            1296
          ],
          [
            -113.961803,
            46.869733,
            1294
          ],
          [
            -113.961944,
            46.869705,
            1294
          ],
          [
            -113.962117,
            46.869642,
            1293
          ],
          [
            -113.962316,
            46.869591,
            1294
          ],
          [
            -113.962444,
            46.869542,
            1292
          ],
          [
            -113.962578,
            46.869464,
            1290
          ],
          [
            -113.962583,
            46.869422,
            1290
          ],
          [
            -113.962513,
            46.869405,
            1290
          ],
          [
            -113.962203,
            46.869414,
            1286
          ],
          [
            -113.962092,
            46.869398,
            1287
          ],
          [
            -113.961663,
            46.869409,
            1284
          ],
          [
            -113.96153,
            46.86944,
            1283
          ],
          [
            -113.961339,
            46.869461,
            1281
          ],
          [
            -113.961075,
            46.869475,
            1278
          ],
          [
            -113.960808,
            46.869515,
            1278
          ],
          [
            -113.960496,
            46.869577,
            1270
          ],
          [
            -113.960498,
            46.869546,
            1272
          ],
          [
            -113.960899,
            46.869262,
            1266
          ],
          [
            -113.960966,
            46.869227,
            1264
          ],
          [
            -113.961154,
            46.86907,
            1260
          ],
          [
            -113.961251,
            46.869004,
            1260
          ],
          [
            -113.961516,
            46.868764,
            1252
          ],
          [
            -113.961743,
            46.868644,
            1251
          ],
          [
            -113.961974,
            46.868422,
            1248
          ],
          [
            -113.962165,
            46.868292,
            1247
          ],
          [
            -113.96241,
            46.868083,
            1242
          ],
          [
            -113.962476,
            46.868045,
            1242
          ],
          [
            -113.962664,
            46.867872,
            1236
          ],
          [
            -113.962908,
            46.867577,
            1234
          ],
          [
            -113.963006,
            46.867516,
            1230
          ],
          [
            -113.963195,
            46.867472,
            1230
          ],
          [
            -113.963412,
            46.867459,
            1230
          ],
          [
            -113.963638,
            46.867515,
            1230
          ],
          [
            -113.963848,
            46.86768,
            1230
          ],
          [
            -113.964138,
            46.867785,
            1228
          ],
          [
            -113.96433,
            46.86781,
            1226
          ],
          [
            -113.965054,
            46.868002,
            1220
          ],
          [
            -113.965161,
            46.868011,
            1218
          ],
          [
            -113.965192,
            46.868002,
            1218
          ],
          [
            -113.965293,
            46.868046,
            1217
          ],
          [
            -113.965394,
            46.868063,
            1215
          ],
          [
            -113.965482,
            46.868108,
            1214
          ],
          [
            -113.965673,
            46.868174,
            1212
          ],
          [
            -113.965783,
            46.868174,
            1212
          ],
          [
            -113.96578,
            46.868141,
            1210
          ],
          [
            -113.965711,
            46.868055,
            1209
          ],
          [
            -113.965371,
            46.867748,
            1206
          ],
          [
            -113.964932,
            46.867465,
            1203
          ],
          [
            -113.964873,
            46.867414,
            1200
          ],
          [
            -113.964768,
            46.867359,
            1200
          ],
          [
            -113.964732,
            46.8673,
            1200
          ],
          [
            -113.964703,
            46.86728,
            1200
          ],
          [
            -113.96437,
            46.867133,
            1197
          ],
          [
            -113.964188,
            46.867032,
            1197
          ],
          [
            -113.96413,
            46.866974,
            1196
          ],
          [
            -113.964151,
            46.866936,
            1194
          ],
          [
            -113.964225,
            46.866929,
            1195
          ],
          [
            -113.964456,
            46.86693,
            1191
          ],
          [
            -113.964572,
            46.866917,
            1188
          ],
          [
            -113.964662,
            46.866925,
            1184
          ],
          [
            -113.964653,
            46.8669,
            1188
          ],
          [
            -113.964459,
            46.866709,
            1181
          ],
          [
            -113.964501,
            46.866687,
            1180
          ],
          [
            -113.964579,
            46.866678,
            1181
          ],
          [
            -113.964681,
            46.866684,
            1180
          ],
          [
            -113.964867,
            46.866744,
            1176
          ],
          [
            -113.965087,
            46.866768,
            1175
          ],
          [
            -113.965361,
            46.866832,
            1172.7
          ],
          [
            -113.96557,
            46.866922,
            1169
          ],
          [
            -113.965604,
            46.866926,
            1170
          ],
          [
            -113.965733,
            46.866995,
            1168
          ],
          [
            -113.965903,
            46.867036,
            1167
          ],
          [
            -113.965952,
            46.86707,
            1166
          ],
          [
            -113.966168,
            46.867149,
            1164
          ],
          [
            -113.966308,
            46.867178,
            1161
          ],
          [
            -113.966417,
            46.867224,
            1161
          ],
          [
            -113.966454,
            46.867227,
            1161
          ],
          [
            -113.966506,
            46.867187,
            1160
          ],
          [
            -113.966394,
            46.867117,
            1158
          ],
          [
            -113.966318,
            46.867034,
            1158
          ],
          [
            -113.966223,
            46.866976,
            1155
          ],
          [
            -113.966179,
            46.866923,
            1156
          ],
          [
            -113.966112,
            46.86688,
            1155
          ],
          [
            -113.966047,
            46.866808,
            1154
          ],
          [
            -113.966084,
            46.866795,
            1152
          ],
          [
            -113.966191,
            46.866812,
            1152
          ],
          [
            -113.966291,
            46.866851,
            1151
          ],
          [
            -113.966511,
            46.866876,
            1146
          ],
          [
            -113.966864,
            46.866969,
            1143
          ],
          [
            -113.967015,
            46.866989,
            1143
          ],
          [
            -113.967365,
            46.867085,
            1140
          ],
          [
            -113.967629,
            46.867141,
            1134
          ],
          [
            -113.967881,
            46.867235,
            1134
          ],
          [
            -113.967953,
            46.867247,
            1132
          ],
          [
            -113.968022,
            46.867277,
            1132
          ],
          [
            -113.96826,
            46.867294,
            1128
          ],
          [
            -113.968241,
            46.867254,
            1128
          ],
          [
            -113.967988,
            46.86704,
            1124
          ],
          [
            -113.967889,
            46.866968,
            1122
          ],
          [
            -113.967796,
            46.866871,
            1120
          ],
          [
            -113.968149,
            46.866931,
            1118
          ],
          [
            -113.968454,
            46.86701,
            1114
          ],
          [
            -113.968597,
            46.867037,
            1113
          ],
          [
            -113.968817,
            46.867102,
            1110
          ],
          [
            -113.968903,
            46.867114,
            1107
          ],
          [
            -113.969535,
            46.867302,
            1100
          ],
          [
            -113.969746,
            46.867354,
            1098
          ],
          [
            -113.969814,
            46.867394,
            1096
          ],
          [
            -113.969901,
            46.867398,
            1096
          ],
          [
            -113.970288,
            46.867519,
            1088
          ],
          [
            -113.970381,
            46.86754,
            1086
          ],
          [
            -113.970603,
            46.867617,
            1086
          ],
          [
            -113.970659,
            46.867653,
            1083
          ],
          [
            -113.970802,
            46.86769,
            1082
          ],
          [
            -113.970832,
            46.867706,
            1080
          ],
          [
            -113.970853,
            46.86773,
            1082
          ],
          [
            -113.970911,
            46.867741,
            1082
          ],
          [
            -113.970965,
            46.867772,
            1080
          ],
          [
            -113.971004,
            46.867778,
            1080
          ],
          [
            -113.971069,
            46.867823,
            1080
          ],
          [
            -113.97114,
            46.867838,
            1077
          ],
          [
            -113.971167,
            46.867862,
            1077
          ],
          [
            -113.971407,
            46.867966,
            1076
          ],
          [
            -113.971507,
            46.867966,
            1072
          ],
          [
            -113.971604,
            46.867942,
            1070
          ],
          [
            -113.971675,
            46.867975,
            1068
          ],
          [
            -113.971743,
            46.867962,
            1068
          ],
          [
            -113.971816,
            46.86798,
            1067
          ],
          [
            -113.971923,
            46.867973,
            1066
          ],
          [
            -113.972007,
            46.867986,
            1065
          ],
          [
            -113.972122,
            46.867986,
            1062
          ],
          [
            -113.972188,
            46.868004,
            1062
          ],
          [
            -113.972263,
            46.867993,
            1060
          ],
          [
            -113.97233,
            46.868005,
            1059
          ],
          [
            -113.972583,
            46.868004,
            1056
          ],
          [
            -113.972623,
            46.868013,
            1053
          ],
          [
            -113.972693,
            46.868053,
            1053
          ],
          [
            -113.972771,
            46.868063,
            1053
          ],
          [
            -113.972867,
            46.868097,
            1053
          ],
          [
            -113.972893,
            46.868118,
            1053
          ],
          [
            -113.97296,
            46.868122,
            1050
          ],
          [
            -113.973052,
            46.868156,
            1050
          ],
          [
            -113.973313,
            46.868156,
            1044
          ],
          [
            -113.973381,
            46.868191,
            1044
          ],
          [
            -113.973423,
            46.86819,
            1044
          ],
          [
            -113.973498,
            46.868212,
            1040
          ],
          [
            -113.973598,
            46.868267,
            1040
          ],
          [
            -113.973687,
            46.868233,
            1038
          ],
          [
            -113.973778,
            46.868286,
            1036
          ],
          [
            -113.973928,
            46.868337,
            1034
          ],
          [
            -113.974015,
            46.868347,
            1031
          ],
          [
            -113.974093,
            46.868329,
            1029
          ],
          [
            -113.974172,
            46.868294,
            1026
          ],
          [
            -113.97421,
            46.868219,
            1024
          ],
          [
            -113.974264,
            46.868162,
            1024
          ],
          [
            -113.974295,
            46.868103,
            1024
          ],
          [
            -113.9743,
            46.868073,
            1020
          ],
          [
            -113.97434,
            46.868021,
            1020
          ],
          [
            -113.974371,
            46.867933,
            1021
          ],
          [
            -113.974371,
            46.867888,
            1018
          ],
          [
            -113.974453,
            46.867901,
            1017
          ],
          [
            -113.97455,
            46.867895,
            1014
          ],
          [
            -113.974585,
            46.867904,
            1014
          ],
          [
            -113.974587,
            46.867941,
            1012
          ],
          [
            -113.974652,
            46.868009,
            1010
          ],
          [
            -113.97469,
            46.868024,
            1011
          ],
          [
            -113.974691,
            46.868064,
            1011
          ],
          [
            -113.974753,
            46.868104,
            1010
          ],
          [
            -113.974777,
            46.868134,
            1008
          ],
          [
            -113.974818,
            46.868215,
            1005
          ],
          [
            -113.97482,
            46.868254,
            1004
          ],
          [
            -113.974838,
            46.868281,
            1004
          ],
          [
            -113.97496,
            46.868335,
            1005
          ],
          [
            -113.975057,
            46.868398,
            1002
          ],
          [
            -113.975129,
            46.868397,
            1000
          ],
          [
            -113.975191,
            46.868414,
            996
          ],
          [
            -113.975216,
            46.868446,
            999
          ],
          [
            -113.975246,
            46.868465,
            999
          ],
          [
            -113.975346,
            46.8685,
            996
          ],
          [
            -113.975371,
            46.868523,
            996
          ],
          [
            -113.975599,
            46.868597,
            990
          ],
          [
            -113.97567,
            46.8686,
            990
          ],
          [
            -113.975732,
            46.868626,
            987
          ],
          [
            -113.975842,
            46.868703,
            987
          ],
          [
            -113.975895,
            46.868761,
            987
          ],
          [
            -113.975931,
            46.868785,
            987
          ],
          [
            -113.975987,
            46.868775,
            986
          ],
          [
            -113.975978,
            46.86883,
            984
          ],
          [
            -113.975964,
            46.868801,
            988
          ],
          [
            -113.976014,
            46.868768,
            987
          ],
          [
            -113.975951,
            46.868779,
            985
          ],
          [
            -113.975923,
            46.868744,
            988
          ],
          [
            -113.975797,
            46.868688,
            986
          ],
          [
            -113.975765,
            46.868641,
            986
          ],
          [
            -113.975781,
            46.868603,
            986
          ],
          [
            -113.975914,
            46.868466,
            986.9
          ],
          [
            -113.976138,
            46.868335,
            985.8
          ],
          [
            -113.976338,
            46.868206,
            985.8
          ],
          [
            -113.976534,
            46.868065,
            984
          ],
          [
            -113.976604,
            46.868027,
            982
          ],
          [
            -113.976714,
            46.868021,
            983.8
          ],
          [
            -113.976744,
            46.868008,
            984.8
          ],
          [
            -113.976834,
            46.867999,
            983.8
          ],
          [
            -113.97692,
            46.868058,
            983.3
          ],
          [
            -113.97705,
            46.868215,
            983.9
          ],
          [
            -113.977131,
            46.86827,
            983.9
          ],
          [
            -113.97718,
            46.868328,
            983.8
          ],
          [
            -113.977445,
            46.868505,
            984.2
          ],
          [
            -113.977499,
            46.868527,
            983.7
          ],
          [
            -113.977636,
            46.868663,
            985.2
          ],
          [
            -113.977631,
            46.868762,
            984.4
          ],
          [
            -113.977598,
            46.868813,
            983.8
          ],
          [
            -113.977548,
            46.868861,
            982.8
          ],
          [
            -113.977459,
            46.868921,
            981.4
          ],
          [
            -113.97735,
            46.868969,
            981.3
          ],
          [
            -113.977179,
            46.869027,
            982.3
          ],
          [
            -113.977134,
            46.869056,
            982.8
          ],
          [
            -113.976793,
            46.869416,
            983
          ],
          [
            -113.977338,
            46.869773,
            983.9
          ],
          [
            -113.977382,
            46.869816,
            983.4
          ],
          [
            -113.977664,
            46.869999,
            984.5
          ],
          [
            -113.977785,
            46.870091,
            984.8
          ],
          [
            -113.978013,
            46.870225,
            985.4
          ],
          [
            -113.97807,
            46.870266,
            985.4
          ],
          [
            -113.978104,
            46.870316,
            985.4
          ],
          [
            -113.978673,
            46.870712,
            983.9
          ],
          [
            -113.978716,
            46.870722,
            983.5
          ],
          [
            -113.978738,
            46.870748,
            983.5
          ],
          [
            -113.978867,
            46.870824,
            984
          ],
          [
            -113.979139,
            46.871009,
            983.5
          ],
          [
            -113.979188,
            46.871062,
            983.1
          ],
          [
            -113.979256,
            46.871112,
            983.3
          ],
          [
            -113.979479,
            46.871249,
            983.1
          ],
          [
            -113.979699,
            46.871422,
            982
          ],
          [
            -113.979757,
            46.871489,
            982
          ],
          [
            -113.979719,
            46.87155,
            984.3
          ],
          [
            -113.979631,
            46.871566,
            984.3
          ],
          [
            -113.97852,
            46.872337,
            985
          ],
          [
            -113.976421,
            46.873766,
            989.3
          ],
          [
            -113.974761,
            46.87488,
            992.9
          ],
          [
            -113.972608,
            46.87635,
            996.4
          ],
          [
            -113.972248,
            46.876581,
            996.7
          ],
          [
            -113.971258,
            46.877276,
            999.2
          ],
          [
            -113.971153,
            46.877326,
            999.2
          ],
          [
            -113.971073,
            46.877381,
            999.2
          ],
          [
            -113.971021,
            46.877438,
            999.3
          ],
          [
            -113.970963,
            46.877479,
            999.4
          ],
          [
            -113.970897,
            46.877504,
            999.5
          ],
          [
            -113.970863,
            46.87753,
            999.6
          ],
          [
            -113.971008,
            46.877642,
            1000
          ],
          [
            -113.971014,
            46.877696,
            1000.2
          ],
          [
            -113.970985,
            46.877762,
            1000.1
          ],
          [
            -113.97093,
            46.87782,
            1000.4
          ],
          [
            -113.970897,
            46.877936,
            1000.8
          ],
          [
            -113.970916,
            46.878002,
            1000.9
          ],
          [
            -113.9709,
            46.87807,
            1001.2
          ],
          [
            -113.970893,
            46.878305,
            1002.5
          ],
          [
            -113.970899,
            46.880177,
            1006.6
          ],
          [
            -113.970921,
            46.880245,
            1006.2
          ],
          [
            -113.970927,
            46.880573,
            1005.7
          ],
          [
            -113.970914,
            46.880645,
            1005.5
          ],
          [
            -113.970914,
            46.881368,
            1002.2
          ],
          [
            -113.970907,
            46.881444,
            1001.9
          ],
          [
            -113.970931,
            46.881523,
            1001.6
          ],
          [
            -113.970931,
            46.881595,
            1001.6
          ],
          [
            -113.970908,
            46.881664,
            1001.3
          ],
          [
            -113.970921,
            46.881742,
            1001.5
          ],
          [
            -113.970904,
            46.882918,
            1003.2
          ],
          [
            -113.970913,
            46.882996,
            1002.7
          ],
          [
            -113.970912,
            46.883147,
            1002.9
          ],
          [
            -113.970899,
            46.883548,
            1002.9
          ],
          [
            -113.970919,
            46.883608,
            1002.5
          ],
          [
            -113.970902,
            46.88468,
            1003.9
          ],
          [
            -113.970876,
            46.884718,
            1004.1
          ],
          [
            -113.970871,
            46.884756,
            1003
          ],
          [
            -113.970774,
            46.884828,
            1003.8
          ],
          [
            -113.970603,
            46.884832,
            1003.1
          ],
          [
            -113.970389,
            46.884771,
            1004.1
          ],
          [
            -113.970125,
            46.884771,
            1004.1
          ],
          [
            -113.970073,
            46.884786,
            1003.9
          ],
          [
            -113.969798,
            46.884771,
            1006.5
          ],
          [
            -113.969765,
            46.884782,
            1007
          ],
          [
            -113.969752,
            46.884929,
            1008.7
          ],
          [
            -113.969738,
            46.884974,
            1009.5
          ],
          [
            -113.96976,
            46.885061,
            1008.3
          ],
          [
            -113.969773,
            46.885196,
            1008.6
          ],
          [
            -113.969755,
            46.885411,
            1008.6
          ],
          [
            -113.969772,
            46.886423,
            1009.2
          ],
          [
            -113.969704,
            46.887947,
            1008
          ],
          [
            -113.969702,
            46.887928,
            1008
          ],
          [
            -113.969709,
            46.887957,
            1011
          ],
          [
            -113.969739,
            46.887991,
            1011.6
          ],
          [
            -113.969701,
            46.888077,
            1011
          ],
          [
            -113.969722,
            46.888105,
            1012
          ],
          [
            -113.969476,
            46.888104,
            1012.6
          ],
          [
            -113.969335,
            46.888056,
            1012
          ],
          [
            -113.969273,
            46.888106,
            1013.1
          ],
          [
            -113.969238,
            46.888118,
            1012
          ],
          [
            -113.969112,
            46.888223,
            1017.9
          ],
          [
            -113.969161,
            46.888196,
            1016
          ],
          [
            -113.969371,
            46.888004,
            1012
          ],
          [
            -113.969348,
            46.887981,
            1013.6
          ],
          [
            -113.969294,
            46.887974,
            1008
          ],
          [
            -113.969345,
            46.888016,
            1008
          ],
          [
            -113.969391,
            46.888036,
            1011
          ],
          [
            -113.969354,
            46.88803,
            1012
          ],
          [
            -113.969058,
            46.8881,
            1014
          ],
          [
            -113.969148,
            46.888101,
            1014
          ],
          [
            -113.969175,
            46.888141,
            1013
          ],
          [
            -113.969297,
            46.888144,
            1008
          ],
          [
            -113.969277,
            46.888202,
            1011
          ],
          [
            -113.969113,
            46.888079,
            1007
          ],
          [
            -113.969358,
            46.888146,
            1012
          ],
          [
            -113.969471,
            46.888056,
            1012
          ],
          [
            -113.969504,
            46.888019,
            1008
          ],
          [
            -113.969461,
            46.888018,
            1013
          ],
          [
            -113.969651,
            46.887996,
            1012
          ],
          [
            -113.969603,
            46.887992,
            1012.9
          ],
          [
            -113.969531,
            46.888009,
            1011
          ],
          [
            -113.969301,
            46.887932,
            1012.9
          ],
          [
            -113.969532,
            46.888189,
            1011
          ],
          [
            -113.969559,
            46.888204,
            1012
          ],
          [
            -113.969647,
            46.888141,
            1015
          ],
          [
            -113.969666,
            46.888111,
            1016
          ],
          [
            -113.969631,
            46.888057,
            1012
          ],
          [
            -113.969706,
            46.888067,
            1029
          ],
          [
            -113.969745,
            46.888092,
            1028
          ],
          [
            -113.969729,
            46.888031,
            1027
          ],
          [
            -113.96978,
            46.887568,
            1024.6
          ],
          [
            -113.969808,
            46.886939,
            1022.6
          ],
          [
            -113.969819,
            46.886061,
            1020.6
          ],
          [
            -113.969796,
            46.885011,
            1017.9
          ],
          [
            -113.969841,
            46.884783,
            1015
          ],
          [
            -113.970061,
            46.884804,
            1017.2
          ],
          [
            -113.970658,
            46.884806,
            1015.6
          ],
          [
            -113.970819,
            46.884818,
            1015.2
          ],
          [
            -113.97096,
            46.884869,
            1015.1
          ],
          [
            -113.971694,
            46.885206,
            1015.1
          ],
          [
            -113.971819,
            46.885242,
            1015.1
          ],
          [
            -113.971947,
            46.885266,
            1015.2
          ],
          [
            -113.972385,
            46.885292,
            1016
          ],
          [
            -113.976287,
            46.885313,
            1015
          ],
          [
            -113.976366,
            46.885303,
            1018.3
          ],
          [
            -113.976381,
            46.885272,
            1018.3
          ],
          [
            -113.976389,
            46.885092,
            1018
          ],
          [
            -113.976383,
            46.883843,
            1017
          ],
          [
            -113.976392,
            46.882678,
            1015.7
          ],
          [
            -113.976417,
            46.88234,
            1015.5
          ],
          [
            -113.976457,
            46.882111,
            1015.4
          ],
          [
            -113.976515,
            46.881877,
            1015.4
          ],
          [
            -113.976593,
            46.881642,
            1015.5
          ],
          [
            -113.977049,
            46.880616,
            1014.7
          ],
          [
            -113.977126,
            46.880509,
            1014.6
          ],
          [
            -113.977558,
            46.879713,
            1013.9
          ],
          [
            -113.977602,
            46.87959,
            1014.1
          ],
          [
            -113.977668,
            46.879477,
            1014.2
          ],
          [
            -113.978044,
            46.879033,
            1014.7
          ],
          [
            -113.978878,
            46.878184,
            1016.7
          ],
          [
            -113.979413,
            46.877665,
            1017.1
          ],
          [
            -113.97985,
            46.877274,
            1018.8
          ],
          [
            -113.98023,
            46.87702,
            1018.5
          ],
          [
            -113.98135,
            46.876349,
            1016.6
          ],
          [
            -113.981601,
            46.876148,
            1016.1
          ],
          [
            -113.981706,
            46.876033,
            1015.9
          ],
          [
            -113.98189,
            46.875792,
            1015.1
          ],
          [
            -113.98206,
            46.875547,
            1014.1
          ],
          [
            -113.98279,
            46.874413,
            1008
          ],
          [
            -113.98333,
            46.873535,
            1001.7
          ],
          [
            -113.98373,
            46.872816,
            995.9
          ],
          [
            -113.983805,
            46.872715,
            995
          ],
          [
            -113.984029,
            46.872549,
            993.8
          ],
          [
            -113.984254,
            46.872399,
            993.3
          ],
          [
            -113.984472,
            46.872269,
            992.7
          ],
          [
            -113.984689,
            46.872158,
            992
          ],
          [
            -113.984905,
            46.872073,
            991.6
          ],
          [
            -113.98529,
            46.871959,
            991.4
          ],
          [
            -113.985477,
            46.871935,
            991
          ],
          [
            -113.985672,
            46.871961,
            990.3
          ],
          [
            -113.986029,
            46.872067,
            989.5
          ],
          [
            -113.986165,
            46.872059,
            989.2
          ],
          [
            -113.986501,
            46.872168,
            988.2
          ],
          [
            -113.986601,
            46.872239,
            987.9
          ],
          [
            -113.991834,
            46.873798,
            983.9
          ],
          [
            -113.992273,
            46.873937,
            984.2
          ],
          [
            -113.992373,
            46.873953,
            984.3
          ],
          [
            -113.992829,
            46.8741,
            987.3
          ],
          [
            -113.99321,
            46.874195,
            986.7
          ],
          [
            -113.993316,
            46.874243,
            986.3
          ],
          [
            -113.99431,
            46.874535,
            984.7
          ],
          [
            -113.994406,
            46.874463,
            984.5
          ],
          [
            -113.994831,
            46.873788,
            984
          ],
          [
            -113.994994,
            46.873558,
            984.5
          ],
          [
            -113.995047,
            46.873521,
            984.6
          ],
          [
            -113.995208,
            46.873256,
            984.5
          ],
          [
            -113.995345,
            46.873054,
            984.5
          ],
          [
            -113.995347,
            46.873012,
            984.6
          ],
          [
            -113.995385,
            46.872952,
            984.8
          ],
          [
            -113.995419,
            46.872939,
            985.1
          ],
          [
            -113.995469,
            46.872781,
            982
          ],
          [
            -113.995434,
            46.872817,
            989.1
          ],
          [
            -113.995255,
            46.873105,
            989.5
          ],
          [
            -113.995014,
            46.873434,
            988
          ],
          [
            -113.994975,
            46.873455,
            987.8
          ],
          [
            -113.994919,
            46.873467,
            987.5
          ],
          [
            -113.994766,
            46.873473,
            987.2
          ],
          [
            -113.994712,
            46.873446,
            987
          ],
          [
            -113.994458,
            46.873384,
            986.2
          ],
          [
            -113.993625,
            46.873149,
            984
          ],
          [
            -113.993546,
            46.873107,
            984.8
          ],
          [
            -113.993514,
            46.8731,
            984.7
          ],
          [
            -113.99353,
            46.873038,
            984.8
          ],
          [
            -113.993597,
            46.872896,
            984.6
          ],
          [
            -113.99382,
            46.872531,
            984.2
          ],
          [
            -113.994054,
            46.872196,
            986
          ],
          [
            -113.994613,
            46.871319,
            985.7
          ],
          [
            -113.994644,
            46.871286,
            985.5
          ],
          [
            -113.994776,
            46.871204,
            985.9
          ],
          [
            -113.994898,
            46.871248,
            985.5
          ],
          [
            -113.995525,
            46.871419,
            984.9
          ],
          [
            -113.995958,
            46.871523,
            984.4
          ],
          [
            -113.995987,
            46.871549,
            984.5
          ],
          [
            -113.996166,
            46.871597,
            984.8
          ],
          [
            -113.996292,
            46.871495,
            984.9
          ],
          [
            -113.996466,
            46.871258,
            985.4
          ],
          [
            -113.99672,
            46.870869,
            984
          ],
          [
            -113.996759,
            46.870801,
            984
          ],
          [
            -113.996779,
            46.870722,
            984
          ],
          [
            -113.996852,
            46.870701,
            984.6
          ],
          [
            -113.997044,
            46.870547,
            984.4
          ],
          [
            -113.997341,
            46.870355,
            982.4
          ],
          [
            -113.997497,
            46.870267,
            981.8
          ],
          [
            -113.997553,
            46.870218,
            981.7
          ],
          [
            -113.997584,
            46.870164,
            981.7
          ],
          [
            -113.99766,
            46.869936,
            980
          ],
          [
            -113.997676,
            46.869838,
            980
          ],
          [
            -113.997674,
            46.869775,
            966
          ],
          [
            -113.997649,
            46.869793,
            969
          ],
          [
            -113.997668,
            46.869832,
            968
          ],
          [
            -113.997576,
            46.869827,
            970
          ],
          [
            -113.997596,
            46.86984,
            972
          ],
          [
            -113.997677,
            46.869832,
            966
          ],
          [
            -113.997663,
            46.869826,
            970
          ],
          [
            -113.997773,
            46.869839,
            970.1
          ],
          [
            -113.997856,
            46.86981,
            969
          ],
          [
            -113.997844,
            46.869781,
            969
          ],
          [
            -113.997765,
            46.869673,
            969
          ],
          [
            -113.99766,
            46.869577,
            968
          ],
          [
            -113.997404,
            46.869284,
            969
          ],
          [
            -113.997327,
            46.869221,
            969
          ],
          [
            -113.997289,
            46.869171,
            969
          ],
          [
            -113.997138,
            46.869027,
            968
          ],
          [
            -113.997066,
            46.869008,
            968
          ],
          [
            -113.997034,
            46.868988,
            969
          ],
          [
            -113.996957,
            46.868913,
            960
          ],
          [
            -113.99688,
            46.868976,
            969
          ],
          [
            -113.996779,
            46.869029,
            969
          ],
          [
            -113.996709,
            46.869054,
            970.9
          ],
          [
            -113.996666,
            46.869119,
            967
          ],
          [
            -113.996305,
            46.869246,
            968
          ],
          [
            -113.996186,
            46.869258,
            970
          ],
          [
            -113.996085,
            46.869223,
            968
          ],
          [
            -113.996049,
            46.869188,
            970
          ],
          [
            -113.996048,
            46.869152,
            970
          ],
          [
            -113.996002,
            46.869146,
            972
          ],
          [
            -113.995955,
            46.869197,
            972
          ],
          [
            -113.9959,
            46.869312,
            970
          ],
          [
            -113.995836,
            46.869372,
            970
          ],
          [
            -113.995844,
            46.869448,
            969
          ],
          [
            -113.995835,
            46.869478,
            968
          ],
          [
            -113.995715,
            46.869584,
            969
          ],
          [
            -113.995724,
            46.869656,
            971
          ],
          [
            -113.995684,
            46.869742,
            970
          ],
          [
            -113.995634,
            46.869788,
            971
          ],
          [
            -113.995529,
            46.86995,
            972
          ],
          [
            -113.995467,
            46.869996,
            970
          ],
          [
            -113.995487,
            46.870024,
            974.1
          ],
          [
            -113.995657,
            46.870146,
            975
          ],
          [
            -113.995745,
            46.870189,
            973
          ],
          [
            -113.996044,
            46.870286,
            972
          ],
          [
            -113.99616,
            46.870358,
            972
          ],
          [
            -113.996391,
            46.870458,
            972
          ],
          [
            -113.996434,
            46.87051,
            975
          ],
          [
            -113.996464,
            46.87053,
            975
          ],
          [
            -113.996679,
            46.870631,
            972.9
          ],
          [
            -113.996906,
            46.870805,
            972
          ],
          [
            -113.996946,
            46.870812,
            968
          ],
          [
            -113.996938,
            46.870841,
            972
          ],
          [
            -113.996996,
            46.870823,
            972
          ],
          [
            -113.99697,
            46.870845,
            972
          ],
          [
            -113.997131,
            46.870815,
            971
          ],
          [
            -113.997091,
            46.870963,
            971.7
          ],
          [
            -113.997079,
            46.870933,
            971.7
          ],
          [
            -113.997019,
            46.870884,
            970
          ],
          [
            -113.996914,
            46.870841,
            972
          ],
          [
            -113.996842,
            46.870856,
            972
          ],
          [
            -113.996807,
            46.870902,
            972
          ],
          [
            -113.996796,
            46.870935,
            970
          ],
          [
            -113.996755,
            46.870928,
            972
          ],
          [
            -113.996837,
            46.870859,
            972
          ],
          [
            -113.996824,
            46.870808,
            972
          ],
          [
            -113.996857,
            46.870788,
            972
          ],
          [
            -113.996999,
            46.870845,
            966
          ],
          [
            -113.997072,
            46.870764,
            969
          ],
          [
            -113.997108,
            46.870772,
            970.8
          ],
          [
            -113.997072,
            46.870754,
            970.7
          ],
          [
            -113.996975,
            46.870666,
            970
          ],
          [
            -113.996941,
            46.870656,
            970
          ],
          [
            -113.996867,
            46.870663,
            966
          ],
          [
            -113.996896,
            46.870759,
            970
          ],
          [
            -113.996946,
            46.870767,
            970
          ],
          [
            -113.99686,
            46.870705,
            970
          ],
          [
            -113.99697,
            46.870734,
            970
          ],
          [
            -113.997009,
            46.870724,
            971.1
          ],
          [
            -113.996963,
            46.870735,
            968
          ],
          [
            -113.99709,
            46.870663,
            970
          ],
          [
            -113.997096,
            46.870702,
            968
          ],
          [
            -113.997064,
            46.87072,
            970
          ],
          [
            -113.997016,
            46.870725,
            970
          ],
          [
            -113.996932,
            46.870798,
            970.7
          ],
          [
            -113.996989,
            46.870798,
            971
          ],
          [
            -113.99705,
            46.87078,
            971.1
          ],
          [
            -113.996979,
            46.870777,
            970
          ],
          [
            -113.996927,
            46.870797,
            970.7
          ],
          [
            -113.997133,
            46.870821,
            966
          ],
          [
            -113.996965,
            46.870793,
            968
          ],
          [
            -113.996931,
            46.870801,
            972
          ],
          [
            -113.996963,
            46.870781,
            972.2
          ],
          [
            -113.996822,
            46.870817,
            972
          ],
          [
            -113.996922,
            46.870817,
            973.3
          ],
          [
            -113.997201,
            46.871038,
            972.6
          ],
          [
            -113.997428,
            46.871158,
            969
          ],
          [
            -113.997554,
            46.871251,
            971
          ],
          [
            -113.997611,
            46.871309,
            972
          ],
          [
            -113.997704,
            46.871361,
            972
          ],
          [
            -113.998116,
            46.871638,
            972
          ],
          [
            -113.998217,
            46.871723,
            974
          ],
          [
            -113.998303,
            46.871779,
            972
          ],
          [
            -113.998406,
            46.871828,
            972
          ],
          [
            -113.998459,
            46.871876,
            972
          ],
          [
            -113.998554,
            46.871938,
            972
          ],
          [
            -113.99869,
            46.872066,
            976
          ],
          [
            -113.99886,
            46.872162,
            972
          ],
          [
            -113.998901,
            46.87217,
            972
          ],
          [
            -113.999055,
            46.872156,
            972
          ],
          [
            -113.99917,
            46.872127,
            975
          ],
          [
            -113.999286,
            46.872082,
            974
          ],
          [
            -113.999378,
            46.872022,
            974
          ],
          [
            -113.99958,
            46.871929,
            973
          ],
          [
            -113.999748,
            46.871869,
            975
          ],
          [
            -113.999821,
            46.871827,
            974
          ],
          [
            -114.000027,
            46.87174,
            972
          ],
          [
            -114.000086,
            46.871701,
            972
          ],
          [
            -114.000556,
            46.87151,
            972
          ],
          [
            -114.000772,
            46.871401,
            971
          ],
          [
            -114.001251,
            46.8712,
            972
          ],
          [
            -114.001375,
            46.871128,
            972
          ],
          [
            -114.001704,
            46.870989,
            974
          ],
          [
            -114.001761,
            46.87095,
            973
          ],
          [
            -114.002144,
            46.870617,
            972
          ],
          [
            -114.002253,
            46.870512,
            972
          ],
          [
            -114.002301,
            46.87045,
            972
          ],
          [
            -114.002325,
            46.870381,
            972
          ],
          [
            -114.002328,
            46.870273,
            969
          ],
          [
            -114.002308,
            46.870176,
            969
          ],
          [
            -114.002292,
            46.870141,
            969
          ],
          [
            -114.002239,
            46.870093,
            970
          ],
          [
            -114.002167,
            46.870006,
            968
          ],
          [
            -114.002103,
            46.869962,
            969
          ],
          [
            -114.002034,
            46.86993,
            970
          ],
          [
            -114.001856,
            46.869872,
            970
          ],
          [
            -114.001632,
            46.869738,
            970
          ],
          [
            -114.001599,
            46.869731,
            970
          ],
          [
            -114.001524,
            46.869686,
            969
          ],
          [
            -114.001405,
            46.869589,
            969
          ],
          [
            -114.001313,
            46.86948,
            969
          ],
          [
            -114.001136,
            46.869299,
            968
          ],
          [
            -114.001063,
            46.869244,
            968.7
          ],
          [
            -114.001001,
            46.869212,
            968
          ],
          [
            -114.000947,
            46.869157,
            968
          ],
          [
            -114.000885,
            46.869122,
            966
          ],
          [
            -114.000654,
            46.868948,
            968
          ],
          [
            -114.000548,
            46.868842,
            968
          ],
          [
            -114.000523,
            46.868803,
            968.6
          ],
          [
            -114.000405,
            46.868737,
            969
          ],
          [
            -114.000218,
            46.868605,
            970
          ],
          [
            -114.000201,
            46.868578,
            969
          ],
          [
            -114.000142,
            46.868528,
            969
          ],
          [
            -113.999879,
            46.868359,
            969
          ],
          [
            -113.999536,
            46.868255,
            966
          ],
          [
            -113.999378,
            46.868186,
            968
          ],
          [
            -113.999291,
            46.868164,
            966
          ],
          [
            -113.999206,
            46.868111,
            968
          ],
          [
            -113.999062,
            46.868057,
            966
          ],
          [
            -113.998921,
            46.868025,
            968
          ],
          [
            -113.998828,
            46.867992,
            968
          ],
          [
            -113.998761,
            46.867982,
            968
          ],
          [
            -113.998613,
            46.86793,
            966
          ],
          [
            -113.998503,
            46.867903,
            966
          ],
          [
            -113.998363,
            46.867838,
            968
          ],
          [
            -113.998262,
            46.867808,
            968
          ],
          [
            -113.998155,
            46.867758,
            969
          ],
          [
            -113.997875,
            46.867682,
            968
          ],
          [
            -113.99786,
            46.86763,
            968
          ],
          [
            -113.997916,
            46.867614,
            964
          ],
          [
            -113.997938,
            46.867572,
            968
          ],
          [
            -113.997891,
            46.867533,
            969
          ],
          [
            -113.997785,
            46.867491,
            966
          ],
          [
            -113.997559,
            46.867339,
            966
          ],
          [
            -113.99747,
            46.867299,
            966
          ],
          [
            -113.997445,
            46.867266,
            966
          ],
          [
            -113.99752,
            46.867138,
            972
          ],
          [
            -113.997548,
            46.867118,
            972
          ],
          [
            -113.99759,
            46.867107,
            972
          ],
          [
            -113.997609,
            46.867078,
            972
          ],
          [
            -113.997585,
            46.867053,
            974
          ],
          [
            -113.997463,
            46.867036,
            975
          ],
          [
            -113.997427,
            46.867009,
            974
          ],
          [
            -113.997429,
            46.866967,
            976
          ],
          [
            -113.997472,
            46.866895,
            972
          ],
          [
            -113.997505,
            46.86688,
            975
          ],
          [
            -113.998017,
            46.866889,
            976
          ],
          [
            -113.99807,
            46.866901,
            976
          ],
          [
            -113.998245,
            46.866876,
            975
          ],
          [
            -113.998402,
            46.866887,
            976
          ],
          [
            -113.998511,
            46.866877,
            975
          ],
          [
            -113.998707,
            46.866895,
            976
          ],
          [
            -113.998821,
            46.866865,
            973
          ],
          [
            -113.998847,
            46.866659,
            975
          ],
          [
            -113.998825,
            46.866437,
            972
          ],
          [
            -113.998881,
            46.866274,
            975
          ],
          [
            -113.998844,
            46.866028,
            975
          ],
          [
            -113.99882,
            46.865918,
            975
          ],
          [
            -113.998801,
            46.86589,
            972
          ],
          [
            -113.998484,
            46.865884,
            975
          ],
          [
            -113.998428,
            46.865918,
            976
          ],
          [
            -113.998364,
            46.86592,
            978
          ],
          [
            -113.998305,
            46.865897,
            975
          ],
          [
            -113.998195,
            46.865892,
            976
          ],
          [
            -113.998017,
            46.865861,
            975
          ],
          [
            -113.997428,
            46.865871,
            974
          ],
          [
            -113.997396,
            46.865866,
            974
          ],
          [
            -113.997328,
            46.865831,
            973
          ],
          [
            -113.997306,
            46.86573,
            972
          ],
          [
            -113.997326,
            46.865487,
            972
          ],
          [
            -113.997347,
            46.865386,
            976
          ],
          [
            -113.997333,
            46.865202,
            975
          ],
          [
            -113.997364,
            46.865171,
            975
          ],
          [
            -113.997465,
            46.86512,
            975
          ],
          [
            -113.997593,
            46.865105,
            974
          ],
          [
            -113.997601,
            46.86518,
            975
          ],
          [
            -113.997617,
            46.86521,
            975
          ],
          [
            -113.997787,
            46.865344,
            966
          ],
          [
            -113.997737,
            46.865387,
            974
          ],
          [
            -113.997729,
            46.865412,
            971
          ],
          [
            -113.997699,
            46.865334,
            976.8
          ],
          [
            -113.99773,
            46.865389,
            980
          ],
          [
            -113.997722,
            46.865396,
            969
          ],
          [
            -113.997762,
            46.865395,
            976
          ],
          [
            -113.997632,
            46.865375,
            975
          ],
          [
            -113.99759,
            46.865471,
            977
          ],
          [
            -113.997581,
            46.865519,
            975
          ],
          [
            -113.997598,
            46.865683,
            975
          ],
          [
            -113.997591,
            46.865821,
            975
          ],
          [
            -113.997611,
            46.865893,
            972
          ],
          [
            -113.997598,
            46.865971,
            976
          ],
          [
            -113.997613,
            46.866041,
            975
          ],
          [
            -113.99757,
            46.866124,
            975
          ],
          [
            -113.997581,
            46.866237,
            975
          ],
          [
            -113.997575,
            46.866268,
            975
          ],
          [
            -113.997554,
            46.866299,
            976
          ],
          [
            -113.997585,
            46.86643,
            976
          ],
          [
            -113.997568,
            46.866507,
            976
          ],
          [
            -113.997584,
            46.866547,
            976
          ],
          [
            -113.997566,
            46.866612,
            976
          ],
          [
            -113.997579,
            46.866692,
            975
          ],
          [
            -113.997573,
            46.866732,
            976
          ],
          [
            -113.997511,
            46.866833,
            975
          ],
          [
            -113.997406,
            46.866951,
            975
          ],
          [
            -113.99731,
            46.867099,
            975
          ],
          [
            -113.997217,
            46.867201,
            975
          ],
          [
            -113.997179,
            46.867265,
            975
          ],
          [
            -113.997154,
            46.867334,
            975
          ],
          [
            -113.9968,
            46.867854,
            971
          ],
          [
            -113.996764,
            46.867933,
            972
          ],
          [
            -113.996672,
            46.868033,
            971
          ],
          [
            -113.996549,
            46.868253,
            972
          ],
          [
            -113.996483,
            46.868339,
            972
          ],
          [
            -113.996301,
            46.868676,
            972
          ],
          [
            -113.996108,
            46.868958,
            972
          ],
          [
            -113.996019,
            46.869142,
            972
          ],
          [
            -113.995857,
            46.869368,
            972
          ],
          [
            -113.995818,
            46.869471,
            972
          ],
          [
            -113.99573,
            46.869593,
            972
          ],
          [
            -113.995697,
            46.869691,
            972
          ],
          [
            -113.995654,
            46.869741,
            972
          ],
          [
            -113.99564,
            46.869772,
            972
          ],
          [
            -113.995442,
            46.869983,
            975
          ],
          [
            -113.995414,
            46.87006,
            976
          ],
          [
            -113.995421,
            46.870103,
            974
          ],
          [
            -113.995409,
            46.870218,
            974
          ],
          [
            -113.995352,
            46.870311,
            975
          ],
          [
            -113.99534,
            46.87035,
            975
          ],
          [
            -113.995204,
            46.870461,
            975
          ],
          [
            -113.99515,
            46.870589,
            972
          ],
          [
            -113.995155,
            46.870704,
            974
          ],
          [
            -113.995215,
            46.870692,
            972
          ],
          [
            -113.995259,
            46.870718,
            969
          ],
          [
            -113.995366,
            46.870688,
            972
          ],
          [
            -113.995307,
            46.870874,
            972
          ],
          [
            -113.995094,
            46.870474,
            974
          ],
          [
            -113.994991,
            46.870436,
            974
          ],
          [
            -113.994866,
            46.870544,
            970
          ],
          [
            -113.994828,
            46.870548,
            970
          ],
          [
            -113.994838,
            46.870613,
            972.7
          ],
          [
            -113.994802,
            46.870543,
            978
          ],
          [
            -113.994876,
            46.87054,
            976
          ],
          [
            -113.994921,
            46.870608,
            972
          ],
          [
            -113.99482,
            46.870574,
            973.8
          ],
          [
            -113.994919,
            46.870542,
            972
          ],
          [
            -113.994914,
            46.870564,
            972
          ],
          [
            -113.994858,
            46.870566,
            972
          ],
          [
            -113.99483,
            46.870517,
            972
          ],
          [
            -113.994838,
            46.870558,
            970
          ],
          [
            -113.995036,
            46.870595,
            975
          ],
          [
            -113.995027,
            46.87066,
            977
          ],
          [
            -113.99512,
            46.870809,
            975.7
          ],
          [
            -113.995051,
            46.870842,
            11.2
          ],
          [
            -113.994941,
            46.870865,
            112.4
          ],
          [
            -113.994999,
            46.870785,
            292.3
          ],
          [
            -113.994977,
            46.870862,
            218
          ],
          [
            -113.995049,
            46.870988,
            219.9
          ],
          [
            -113.995077,
            46.870815,
            975.6
          ],
          [
            -113.994968,
            46.870736,
            975.5
          ],
          [
            -113.995003,
            46.870788,
            976
          ],
          [
            -113.995003,
            46.870821,
            976
          ],
          [
            -113.99492,
            46.870967,
            976
          ],
          [
            -113.994893,
            46.871059,
            975
          ],
          [
            -113.99491,
            46.871097,
            976
          ],
          [
            -113.995065,
            46.87119,
            976
          ],
          [
            -113.995231,
            46.871262,
            975
          ],
          [
            -113.995509,
            46.871322,
            974
          ],
          [
            -113.995583,
            46.871316,
            975
          ],
          [
            -113.995684,
            46.871352,
            974
          ],
          [
            -113.995814,
            46.871418,
            974
          ],
          [
            -113.996006,
            46.871445,
            972
          ],
          [
            -113.996036,
            46.87147,
            973
          ],
          [
            -113.996141,
            46.871497,
            972
          ],
          [
            -113.996172,
            46.871499,
            972
          ],
          [
            -113.996203,
            46.871481,
            972
          ],
          [
            -113.996351,
            46.871294,
            975
          ],
          [
            -113.996373,
            46.871229,
            975
          ],
          [
            -113.996418,
            46.871173,
            975
          ],
          [
            -113.996428,
            46.871139,
            975
          ],
          [
            -113.996466,
            46.871094,
            974
          ],
          [
            -113.996504,
            46.871002,
            972
          ],
          [
            -113.996623,
            46.870825,
            970
          ],
          [
            -113.996659,
            46.870736,
            972
          ],
          [
            -113.996696,
            46.870678,
            972
          ],
          [
            -113.996827,
            46.870529,
            972
          ],
          [
            -113.997121,
            46.870305,
            970
          ],
          [
            -113.997229,
            46.870238,
            968
          ],
          [
            -113.997252,
            46.870209,
            968
          ],
          [
            -113.997326,
            46.870178,
            967
          ],
          [
            -113.997388,
            46.870125,
            969
          ],
          [
            -113.99743,
            46.870062,
            969
          ],
          [
            -113.997449,
            46.870024,
            968
          ],
          [
            -113.997453,
            46.869988,
            969
          ],
          [
            -113.997495,
            46.869932,
            968
          ],
          [
            -113.997503,
            46.869896,
            969
          ],
          [
            -113.997527,
            46.869865,
            969
          ],
          [
            -113.997591,
            46.869834,
            970
          ],
          [
            -113.997652,
            46.869823,
            969
          ],
          [
            -113.997644,
            46.869787,
            972
          ],
          [
            -113.997672,
            46.869769,
            980
          ],
          [
            -113.997674,
            46.869831,
            979
          ],
          [
            -113.997624,
            46.869792,
            980
          ],
          [
            -113.997194,
            46.869716,
            980.9
          ],
          [
            -113.996769,
            46.869668,
            980.9
          ],
          [
            -113.99669,
            46.869684,
            981
          ],
          [
            -113.996629,
            46.869737,
            981
          ],
          [
            -113.996598,
            46.869812,
            980.8
          ],
          [
            -113.996603,
            46.869908,
            980
          ],
          [
            -113.996643,
            46.869972,
            980
          ],
          [
            -113.996717,
            46.870032,
            981.8
          ],
          [
            -113.996811,
            46.870083,
            981.9
          ],
          [
            -113.996955,
            46.870143,
            982
          ],
          [
            -113.997121,
            46.870198,
            981.8
          ],
          [
            -113.997162,
            46.870224,
            981.8
          ],
          [
            -113.997181,
            46.870249,
            981.8
          ],
          [
            -113.997186,
            46.870288,
            981.8
          ],
          [
            -113.997166,
            46.870328,
            981.6
          ],
          [
            -113.997129,
            46.870363,
            981.6
          ],
          [
            -113.996981,
            46.870457,
            982.3
          ],
          [
            -113.996817,
            46.870538,
            982.9
          ],
          [
            -113.996713,
            46.870607,
            982
          ],
          [
            -113.996661,
            46.870621,
            983.6
          ],
          [
            -113.996622,
            46.870613,
            983.8
          ],
          [
            -113.996099,
            46.870315,
            984.2
          ],
          [
            -113.996005,
            46.870308,
            984.4
          ],
          [
            -113.995651,
            46.870148,
            984.2
          ],
          [
            -113.995416,
            46.870057,
            983.8
          ],
          [
            -113.995464,
            46.869886,
            983.8
          ],
          [
            -113.995484,
            46.869846,
            983.9
          ],
          [
            -113.996139,
            46.868848,
            984.3
          ],
          [
            -113.996943,
            46.867584,
            986.4
          ],
          [
            -113.997347,
            46.866966,
            985.9
          ],
          [
            -113.997379,
            46.866943,
            985.7
          ],
          [
            -113.997438,
            46.866973,
            985.7
          ],
          [
            -113.997685,
            46.866947,
            985.5
          ],
          [
            -113.997763,
            46.866968,
            985.5
          ],
          [
            -113.998631,
            46.866963,
            984.5
          ],
          [
            -113.99916,
            46.866977,
            984.4
          ],
          [
            -113.99996,
            46.866981,
            984.5
          ],
          [
            -114.001363,
            46.866985,
            984.5
          ],
          [
            -114.001472,
            46.866969,
            984.4
          ],
          [
            -114.00379,
            46.866987,
            982.8
          ],
          [
            -114.005353,
            46.86698,
            983.1
          ],
          [
            -114.005452,
            46.866995,
            983.1
          ],
          [
            -114.006346,
            46.866999,
            982.9
          ],
          [
            -114.006476,
            46.866983,
            982.8
          ],
          [
            -114.00699,
            46.866987,
            982.6
          ],
          [
            -114.00728,
            46.867016,
            982.7
          ],
          [
            -114.012533,
            46.867058,
            980.4
          ],
          [
            -114.01561,
            46.867063,
            978.6
          ],
          [
            -114.015907,
            46.86703,
            978.4
          ],
          [
            -114.01679,
            46.867045,
            977.7
          ],
          [
            -114.018313,
            46.867034,
            977
          ],
          [
            -114.018962,
            46.867055,
            976.1
          ],
          [
            -114.020927,
            46.867053,
            973.2
          ],
          [
            -114.021878,
            46.867068,
            973
          ],
          [
            -114.022024,
            46.867054,
            972.8
          ],
          [
            -114.022294,
            46.867053,
            972.8
          ],
          [
            -114.022429,
            46.867066,
            972.8
          ],
          [
            -114.023,
            46.867047,
            972.7
          ],
          [
            -114.025163,
            46.867044,
            971.9
          ],
          [
            -114.025734,
            46.867023,
            972.1
          ],
          [
            -114.026051,
            46.867023,
            972
          ],
          [
            -114.026123,
            46.867017,
            972.1
          ],
          [
            -114.026203,
            46.866992,
            972.3
          ],
          [
            -114.026242,
            46.867,
            972.3
          ],
          [
            -114.026274,
            46.866926,
            972.5
          ],
          [
            -114.026291,
            46.866714,
            972.5
          ],
          [
            -114.026272,
            46.866672,
            972.5
          ],
          [
            -114.026278,
            46.866587,
            972
          ],
          [
            -114.026257,
            46.866515,
            972.4
          ],
          [
            -114.024361,
            46.866505,
            972
          ],
          [
            -114.024325,
            46.866518,
            972
          ],
          [
            -114.024269,
            46.866706,
            973.4
          ],
          [
            -114.0243,
            46.866756,
            973.3
          ],
          [
            -114.024287,
            46.866881,
            972
          ],
          [
            -114.024262,
            46.866914,
            972
          ],
          [
            -114.024264,
            46.866962,
            972
          ],
          [
            -114.024462,
            46.867017,
            973.1
          ],
          [
            -114.024655,
            46.86703,
            973.1
          ],
          [
            -114.025656,
            46.867019,
            973.1
          ],
          [
            -114.028116,
            46.867029,
            973.4
          ],
          [
            -114.029175,
            46.866975,
            972.6
          ],
          [
            -114.029745,
            46.866962,
            972.9
          ],
          [
            -114.038011,
            46.866966,
            972.2
          ],
          [
            -114.038917,
            46.866937,
            972.2
          ],
          [
            -114.039538,
            46.866938,
            971.6
          ],
          [
            -114.03964,
            46.866876,
            971.5
          ],
          [
            -114.039688,
            46.866834,
            971.5
          ],
          [
            -114.039677,
            46.866767,
            971.4
          ],
          [
            -114.039683,
            46.866486,
            971.2
          ],
          [
            -114.039705,
            46.866371,
            970.9
          ],
          [
            -114.039693,
            46.866119,
            970.6
          ],
          [
            -114.03971,
            46.865428,
            970.4
          ],
          [
            -114.039686,
            46.865278,
            970.4
          ],
          [
            -114.03971,
            46.865128,
            970.4
          ],
          [
            -114.039689,
            46.863269,
            972.9
          ],
          [
            -114.039697,
            46.861854,
            976.6
          ],
          [
            -114.039692,
            46.857856,
            975.7
          ],
          [
            -114.039706,
            46.855387,
            975.9
          ],
          [
            -114.039703,
            46.85386,
            974.8
          ],
          [
            -114.039731,
            46.849285,
            974.6
          ],
          [
            -114.039707,
            46.84347,
            973.4
          ],
          [
            -114.039713,
            46.842354,
            973.7
          ],
          [
            -114.039698,
            46.839699,
            972.9
          ],
          [
            -114.039613,
            46.83776,
            972.4
          ],
          [
            -114.039644,
            46.837374,
            972.2
          ],
          [
            -114.039648,
            46.836749,
            972.4
          ],
          [
            -114.039623,
            46.836689,
            972.4
          ],
          [
            -114.039621,
            46.836645,
            972.3
          ],
          [
            -114.03979,
            46.836527,
            972.1
          ],
          [
            -114.039992,
            46.836438,
            972.1
          ],
          [
            -114.041213,
            46.836008,
            971.8
          ],
          [
            -114.041425,
            46.835997,
            971.8
          ],
          [
            -114.043156,
            46.835378,
            971.9
          ],
          [
            -114.048351,
            46.833567,
            970.1
          ],
          [
            -114.050119,
            46.832973,
            968.6
          ],
          [
            -114.053424,
            46.831896,
            965.1
          ],
          [
            -114.060129,
            46.829778,
            960.7
          ],
          [
            -114.074757,
            46.825129,
            960.5
          ],
          [
            -114.07529,
            46.824935,
            960.8
          ],
          [
            -114.075546,
            46.82483,
            961
          ],
          [
            -114.075797,
            46.824719,
            961.4
          ],
          [
            -114.076468,
            46.824323,
            962.3
          ],
          [
            -114.076675,
            46.824188,
            962.5
          ],
          [
            -114.077059,
            46.823909,
            963
          ],
          [
            -114.079531,
            46.821966,
            962.2
          ],
          [
            -114.079749,
            46.821817,
            962
          ],
          [
            -114.082036,
            46.819995,
            964.5
          ],
          [
            -114.082609,
            46.819556,
            966.7
          ],
          [
            -114.083047,
            46.81926,
            968.1
          ],
          [
            -114.083276,
            46.819122,
            968.8
          ],
          [
            -114.083516,
            46.818993,
            969.4
          ],
          [
            -114.083761,
            46.818877,
            969.9
          ],
          [
            -114.08429,
            46.818669,
            970.6
          ],
          [
            -114.084565,
            46.818578,
            970.8
          ],
          [
            -114.085695,
            46.818248,
            971.3
          ],
          [
            -114.086246,
            46.818068,
            971.2
          ],
          [
            -114.086767,
            46.817868,
            970.5
          ],
          [
            -114.087018,
            46.817756,
            970
          ],
          [
            -114.087503,
            46.817505,
            968.9
          ],
          [
            -114.093108,
            46.814166,
            982.7
          ],
          [
            -114.093733,
            46.813753,
            984.1
          ],
          [
            -114.094132,
            46.81347,
            984.6
          ],
          [
            -114.095649,
            46.81233,
            984.3
          ],
          [
            -114.095805,
            46.812157,
            983.9
          ],
          [
            -114.096169,
            46.811844,
            983.1
          ],
          [
            -114.096347,
            46.811675,
            982.9
          ],
          [
            -114.096512,
            46.811505,
            982.7
          ],
          [
            -114.096823,
            46.811148,
            982.1
          ],
          [
            -114.097262,
            46.8106,
            980.9
          ],
          [
            -114.097978,
            46.809651,
            978.9
          ],
          [
            -114.098253,
            46.809269,
            978.2
          ],
          [
            -114.098493,
            46.808884,
            977.7
          ],
          [
            -114.098688,
            46.808486,
            977
          ],
          [
            -114.098841,
            46.808076,
            976.3
          ],
          [
            -114.098902,
            46.807865,
            975.8
          ],
          [
            -114.098948,
            46.807654,
            975.4
          ],
          [
            -114.098999,
            46.807229,
            974.8
          ],
          [
            -114.099006,
            46.807015,
            974.6
          ],
          [
            -114.098996,
            46.806799,
            974.3
          ],
          [
            -114.098945,
            46.806367,
            973.9
          ],
          [
            -114.098907,
            46.806151,
            973.7
          ],
          [
            -114.098852,
            46.805938,
            973.7
          ],
          [
            -114.098724,
            46.805552,
            973.9
          ],
          [
            -114.098507,
            46.805093,
            973.9
          ],
          [
            -114.098503,
            46.804905,
            973.8
          ],
          [
            -114.097994,
            46.804024,
            974.1
          ],
          [
            -114.097849,
            46.803867,
            974.2
          ],
          [
            -114.09764,
            46.803436,
            974.4
          ],
          [
            -114.097572,
            46.803211,
            974.4
          ],
          [
            -114.097486,
            46.802994,
            974.5
          ],
          [
            -114.097413,
            46.802771,
            974.7
          ],
          [
            -114.097356,
            46.802551,
            975
          ],
          [
            -114.097316,
            46.802328,
            975.4
          ],
          [
            -114.097292,
            46.802104,
            975.5
          ],
          [
            -114.097283,
            46.801876,
            975.8
          ],
          [
            -114.097308,
            46.801424,
            976.2
          ],
          [
            -114.097343,
            46.801194,
            976.6
          ],
          [
            -114.097403,
            46.800923,
            977.1
          ],
          [
            -114.097536,
            46.800517,
            978
          ],
          [
            -114.097631,
            46.800293,
            978.2
          ],
          [
            -114.097739,
            46.800071,
            978.5
          ],
          [
            -114.098106,
            46.799409,
            979.7
          ],
          [
            -114.098615,
            46.798525,
            981.6
          ],
          [
            -114.098796,
            46.798288,
            982
          ],
          [
            -114.0999,
            46.79632,
            985.6
          ],
          [
            -114.102537,
            46.79167,
            987.3
          ],
          [
            -114.102659,
            46.791412,
            986.9
          ],
          [
            -114.10276,
            46.791022,
            986
          ],
          [
            -114.102797,
            46.790759,
            985.5
          ],
          [
            -114.102804,
            46.790542,
            984.7
          ],
          [
            -114.102788,
            46.790324,
            984
          ],
          [
            -114.102706,
            46.789939,
            982
          ],
          [
            -114.102718,
            46.789714,
            980.9
          ],
          [
            -114.102628,
            46.789498,
            979.9
          ],
          [
            -114.102517,
            46.789286,
            979
          ],
          [
            -114.102382,
            46.78908,
            978
          ],
          [
            -114.102125,
            46.78892,
            977
          ],
          [
            -114.10194,
            46.788728,
            975.6
          ],
          [
            -114.101691,
            46.788493,
            974.2
          ],
          [
            -114.100848,
            46.787768,
            969.8
          ],
          [
            -114.10065,
            46.787574,
            968.9
          ],
          [
            -114.098476,
            46.785677,
            965.4
          ],
          [
            -114.09827,
            46.785474,
            965.4
          ],
          [
            -114.093902,
            46.781712,
            966.6
          ],
          [
            -114.084663,
            46.773674,
            967.2
          ],
          [
            -114.084265,
            46.773347,
            967.6
          ],
          [
            -114.083748,
            46.772963,
            967.8
          ],
          [
            -114.08273,
            46.772396,
            968.6
          ],
          [
            -114.081358,
            46.771701,
            969.6
          ],
          [
            -114.081049,
            46.771525,
            969.7
          ],
          [
            -114.080857,
            46.771399,
            969.7
          ],
          [
            -114.08065,
            46.771222,
            969.8
          ],
          [
            -114.080419,
            46.771053,
            970.1
          ],
          [
            -114.080209,
            46.770875,
            970.3
          ],
          [
            -114.08002,
            46.770688,
            970.4
          ],
          [
            -114.079854,
            46.770492,
            970.1
          ],
          [
            -114.079705,
            46.770286,
            970.1
          ],
          [
            -114.079582,
            46.77008,
            970.1
          ],
          [
            -114.079478,
            46.769868,
            970.1
          ],
          [
            -114.079395,
            46.769656,
            970.1
          ],
          [
            -114.079331,
            46.769229,
            970.4
          ],
          [
            -114.07932,
            46.769022,
            970.9
          ],
          [
            -114.079327,
            46.76882,
            971.1
          ],
          [
            -114.079433,
            46.768573,
            971.5
          ],
          [
            -114.079464,
            46.768377,
            971.8
          ],
          [
            -114.079555,
            46.768001,
            972.5
          ],
          [
            -114.079912,
            46.766813,
            975.6
          ],
          [
            -114.080348,
            46.765451,
            977.5
          ],
          [
            -114.080423,
            46.765253,
            977.7
          ],
          [
            -114.080463,
            46.765198,
            977.7
          ],
          [
            -114.080542,
            46.765151,
            977.6
          ],
          [
            -114.080583,
            46.765178,
            977.6
          ],
          [
            -114.081658,
            46.765428,
            979.5
          ],
          [
            -114.081969,
            46.765472,
            980.8
          ],
          [
            -114.082249,
            46.765492,
            982
          ],
          [
            -114.082649,
            46.765498,
            983.4
          ],
          [
            -114.086251,
            46.765478,
            1000.3
          ],
          [
            -114.086436,
            46.765466,
            1001.1
          ],
          [
            -114.086783,
            46.765394,
            1002.9
          ],
          [
            -114.086947,
            46.76534,
            1003.8
          ],
          [
            -114.087071,
            46.765257,
            1005.1
          ],
          [
            -114.087175,
            46.765163,
            1006
          ],
          [
            -114.087541,
            46.764726,
            1009.4
          ],
          [
            -114.089016,
            46.762904,
            1029.6
          ],
          [
            -114.089218,
            46.762623,
            1032.5
          ],
          [
            -114.089367,
            46.762486,
            1033.7
          ],
          [
            -114.089457,
            46.762434,
            1034.2
          ],
          [
            -114.089574,
            46.762396,
            1034.7
          ],
          [
            -114.089837,
            46.76238,
            1036.2
          ],
          [
            -114.089976,
            46.76238,
            1036.9
          ],
          [
            -114.09011,
            46.762396,
            1037.6
          ],
          [
            -114.090221,
            46.762426,
            1038.2
          ],
          [
            -114.090305,
            46.76247,
            1039
          ],
          [
            -114.090388,
            46.76253,
            1039.7
          ],
          [
            -114.090465,
            46.762605,
            1040.4
          ],
          [
            -114.091911,
            46.764209,
            1052.8
          ],
          [
            -114.09259,
            46.764932,
            1059.6
          ],
          [
            -114.092751,
            46.765068,
            1060.8
          ],
          [
            -114.092848,
            46.765127,
            1061.4
          ],
          [
            -114.092986,
            46.765184,
            1062
          ],
          [
            -114.093215,
            46.765219,
            1063.1
          ],
          [
            -114.093488,
            46.765237,
            1064.6
          ],
          [
            -114.095673,
            46.76528,
            1076.3
          ],
          [
            -114.095861,
            46.765277,
            1077.4
          ],
          [
            -114.095946,
            46.765263,
            1077.8
          ],
          [
            -114.096009,
            46.765233,
            1078.2
          ],
          [
            -114.096043,
            46.765186,
            1078.7
          ],
          [
            -114.096038,
            46.765137,
            1079.1
          ],
          [
            -114.095945,
            46.765039,
            1079.4
          ],
          [
            -114.095767,
            46.764996,
            1079.6
          ],
          [
            -114.09542,
            46.764938,
            1080.4
          ],
          [
            -114.095299,
            46.764886,
            1080.8
          ],
          [
            -114.095192,
            46.764826,
            1081.2
          ],
          [
            -114.095094,
            46.764756,
            1081.5
          ],
          [
            -114.095007,
            46.764675,
            1081.9
          ],
          [
            -114.094931,
            46.764586,
            1082.3
          ],
          [
            -114.09487,
            46.764496,
            1082.9
          ],
          [
            -114.094777,
            46.764312,
            1084.3
          ],
          [
            -114.094773,
            46.764216,
            1085.1
          ],
          [
            -114.094655,
            46.763731,
            1087.8
          ],
          [
            -114.094635,
            46.763537,
            1088.8
          ],
          [
            -114.094645,
            46.76334,
            1089.9
          ],
          [
            -114.094639,
            46.763258,
            1090.4
          ],
          [
            -114.094809,
            46.762972,
            1092.1
          ],
          [
            -114.095156,
            46.76243,
            1097.5
          ],
          [
            -114.095255,
            46.762259,
            1098
          ],
          [
            -114.095272,
            46.762213,
            1098
          ],
          [
            -114.09532,
            46.762156,
            1098
          ],
          [
            -114.095344,
            46.762082,
            1100
          ],
          [
            -114.095239,
            46.762288,
            1101.5
          ],
          [
            -114.095197,
            46.762322,
            1101.4
          ],
          [
            -114.095129,
            46.762434,
            1101.1
          ],
          [
            -114.095124,
            46.762482,
            1101
          ],
          [
            -114.095072,
            46.762517,
            1100.8
          ],
          [
            -114.094884,
            46.762814,
            1099.5
          ],
          [
            -114.094836,
            46.76285,
            1099.3
          ],
          [
            -114.094692,
            46.76308,
            1098.5
          ],
          [
            -114.094623,
            46.763225,
            1098
          ],
          [
            -114.094598,
            46.763332,
            1097.6
          ],
          [
            -114.094585,
            46.763517,
            1096
          ],
          [
            -114.094601,
            46.763703,
            1095.6
          ],
          [
            -114.094637,
            46.763879,
            1095
          ],
          [
            -114.094763,
            46.764351,
            1093.3
          ],
          [
            -114.09485,
            46.764528,
            1092.5
          ],
          [
            -114.094929,
            46.764639,
            1092
          ],
          [
            -114.094997,
            46.764715,
            1091.8
          ],
          [
            -114.095132,
            46.764825,
            1091.2
          ],
          [
            -114.095312,
            46.764922,
            1090.7
          ],
          [
            -114.095441,
            46.764966,
            1090.4
          ],
          [
            -114.095857,
            46.765049,
            1089.1
          ],
          [
            -114.095997,
            46.765088,
            1088.5
          ],
          [
            -114.095983,
            46.765137,
            1088.1
          ],
          [
            -114.09587,
            46.765214,
            1087.6
          ],
          [
            -114.095769,
            46.765205,
            1087.2
          ],
          [
            -114.095063,
            46.765243,
            1084.1
          ],
          [
            -114.094942,
            46.765225,
            1083.4
          ],
          [
            -114.094697,
            46.76522,
            1082.7
          ],
          [
            -114.094573,
            46.765233,
            1082.1
          ],
          [
            -114.094001,
            46.765212,
            1078.6
          ],
          [
            -114.093638,
            46.765216,
            1076.5
          ],
          [
            -114.093517,
            46.765201,
            1075.7
          ],
          [
            -114.093269,
            46.765194,
            1074.3
          ],
          [
            -114.093034,
            46.765162,
            1073
          ],
          [
            -114.092927,
            46.765125,
            1072.4
          ],
          [
            -114.092825,
            46.765071,
            1071.8
          ],
          [
            -114.092741,
            46.76501,
            1070.7
          ],
          [
            -114.092489,
            46.764772,
            1068.6
          ],
          [
            -114.091393,
            46.76359,
            1057.8
          ],
          [
            -114.090426,
            46.762497,
            1049.5
          ],
          [
            -114.090341,
            46.762423,
            1049
          ],
          [
            -114.090237,
            46.762363,
            1048.5
          ],
          [
            -114.08998,
            46.76233,
            1047.1
          ],
          [
            -114.089834,
            46.76233,
            1046.1
          ],
          [
            -114.089538,
            46.762362,
            1044.1
          ],
          [
            -114.089408,
            46.762391,
            1043.3
          ],
          [
            -114.089289,
            46.762435,
            1042.6
          ],
          [
            -114.089202,
            46.762501,
            1041.7
          ],
          [
            -114.08893,
            46.762872,
            1038.7
          ],
          [
            -114.088857,
            46.762964,
            1037.9
          ],
          [
            -114.088763,
            46.763052,
            1037.1
          ],
          [
            -114.088048,
            46.763984,
            1030
          ],
          [
            -114.087686,
            46.764425,
            1025.9
          ],
          [
            -114.087191,
            46.765051,
            1019.9
          ],
          [
            -114.087102,
            46.765151,
            1018.8
          ],
          [
            -114.087001,
            46.765241,
            1017.7
          ],
          [
            -114.086877,
            46.765322,
            1016.7
          ],
          [
            -114.086698,
            46.765381,
            1015.8
          ],
          [
            -114.086569,
            46.765412,
            1014.9
          ],
          [
            -114.086404,
            46.765436,
            1013.9
          ],
          [
            -114.086233,
            46.765446,
            1012.7
          ],
          [
            -114.083947,
            46.765458,
            998.8
          ],
          [
            -114.083783,
            46.765475,
            998
          ],
          [
            -114.082287,
            46.765476,
            988.3
          ],
          [
            -114.081799,
            46.765419,
            985.7
          ],
          [
            -114.081162,
            46.765278,
            982.3
          ],
          [
            -114.081041,
            46.765296,
            981.8
          ],
          [
            -114.080824,
            46.765245,
            980.3
          ],
          [
            -114.0808,
            46.765194,
            980
          ],
          [
            -114.0804,
            46.765098,
            978.3
          ],
          [
            -114.080211,
            46.765257,
            978
          ],
          [
            -114.080026,
            46.765854,
            976.7
          ],
          [
            -114.079968,
            46.765981,
            976.6
          ],
          [
            -114.079671,
            46.766998,
            975.4
          ],
          [
            -114.07927,
            46.768293,
            974.7
          ],
          [
            -114.079191,
            46.768634,
            974.7
          ],
          [
            -114.079149,
            46.768988,
            974.6
          ],
          [
            -114.079146,
            46.76917,
            974.4
          ],
          [
            -114.079267,
            46.769713,
            973.7
          ],
          [
            -114.079324,
            46.769891,
            973.5
          ],
          [
            -114.079485,
            46.770239,
            973.1
          ],
          [
            -114.079581,
            46.770408,
            972.9
          ],
          [
            -114.07983,
            46.770756,
            972.9
          ],
          [
            -114.080005,
            46.770957,
            972.7
          ],
          [
            -114.080165,
            46.771116,
            972.5
          ],
          [
            -114.080512,
            46.771412,
            971.8
          ],
          [
            -114.080702,
            46.771551,
            971.4
          ],
          [
            -114.080904,
            46.771682,
            971.1
          ],
          [
            -114.08133,
            46.771917,
            970.3
          ],
          [
            -114.081997,
            46.772251,
            968.5
          ],
          [
            -114.082258,
            46.772403,
            968.1
          ],
          [
            -114.082708,
            46.772631,
            967.2
          ],
          [
            -114.083152,
            46.772874,
            966.6
          ],
          [
            -114.083574,
            46.773127,
            966.2
          ],
          [
            -114.084148,
            46.773511,
            965.7
          ],
          [
            -114.084383,
            46.773688,
            965.7
          ],
          [
            -114.084717,
            46.773962,
            965.7
          ],
          [
            -114.100017,
            46.787293,
            967.4
          ],
          [
            -114.101232,
            46.788328,
            970.2
          ],
          [
            -114.101817,
            46.788852,
            971.6
          ],
          [
            -114.101999,
            46.789033,
            972.1
          ],
          [
            -114.102166,
            46.789221,
            972.7
          ],
          [
            -114.102309,
            46.789413,
            973.3
          ],
          [
            -114.102435,
            46.789611,
            974.1
          ],
          [
            -114.10254,
            46.789814,
            975.2
          ],
          [
            -114.102645,
            46.790234,
            977
          ],
          [
            -114.102673,
            46.790447,
            977.6
          ],
          [
            -114.102678,
            46.790658,
            978.5
          ],
          [
            -114.102659,
            46.790871,
            979.5
          ],
          [
            -114.102617,
            46.791083,
            980.2
          ],
          [
            -114.102556,
            46.791293,
            980.9
          ],
          [
            -114.102477,
            46.791503,
            981.6
          ],
          [
            -114.102125,
            46.792187,
            983.7
          ],
          [
            -114.101769,
            46.792822,
            985.1
          ],
          [
            -114.099548,
            46.7967,
            984.5
          ],
          [
            -114.097643,
            46.800071,
            979.2
          ],
          [
            -114.097415,
            46.80051,
            978.8
          ],
          [
            -114.097317,
            46.80073,
            978.6
          ],
          [
            -114.097233,
            46.800957,
            978.4
          ],
          [
            -114.097162,
            46.801186,
            978.1
          ],
          [
            -114.09711,
            46.801647,
            977.4
          ],
          [
            -114.097097,
            46.801879,
            977
          ],
          [
            -114.097099,
            46.802106,
            976.6
          ],
          [
            -114.097117,
            46.802338,
            976.4
          ],
          [
            -114.097147,
            46.802568,
            976
          ],
          [
            -114.097191,
            46.802794,
            975.7
          ],
          [
            -114.097251,
            46.803019,
            975.3
          ],
          [
            -114.097421,
            46.803495,
            974.5
          ],
          [
            -114.097626,
            46.803941,
            974
          ],
          [
            -114.098335,
            46.805263,
            972.6
          ],
          [
            -114.098541,
            46.805716,
            972.4
          ],
          [
            -114.098627,
            46.805947,
            972.4
          ],
          [
            -114.098672,
            46.806184,
            972.4
          ],
          [
            -114.098732,
            46.806414,
            972.5
          ],
          [
            -114.098775,
            46.80665,
            972.8
          ],
          [
            -114.098805,
            46.806889,
            973
          ],
          [
            -114.09881,
            46.807358,
            973.4
          ],
          [
            -114.098763,
            46.807776,
            974
          ],
          [
            -114.098716,
            46.808009,
            974.3
          ],
          [
            -114.098653,
            46.808236,
            974.7
          ],
          [
            -114.098556,
            46.80851,
            975
          ],
          [
            -114.098482,
            46.808686,
            975.2
          ],
          [
            -114.098076,
            46.809322,
            975.9
          ],
          [
            -114.097148,
            46.81056,
            978.2
          ],
          [
            -114.096674,
            46.811151,
            979.4
          ],
          [
            -114.096328,
            46.811534,
            979.9
          ],
          [
            -114.095943,
            46.811898,
            980.6
          ],
          [
            -114.095514,
            46.812253,
            980.9
          ],
          [
            -114.093706,
            46.813602,
            982.4
          ],
          [
            -114.092994,
            46.814078,
            981.9
          ],
          [
            -114.091728,
            46.81484,
            979.1
          ],
          [
            -114.087398,
            46.817391,
            967.5
          ],
          [
            -114.086869,
            46.817683,
            967.8
          ],
          [
            -114.086315,
            46.817944,
            968.7
          ],
          [
            -114.085735,
            46.818165,
            969.9
          ],
          [
            -114.084238,
            46.818616,
            971.4
          ],
          [
            -114.083647,
            46.81882,
            971.6
          ],
          [
            -114.083363,
            46.818936,
            971.5
          ],
          [
            -114.082822,
            46.819198,
            970.9
          ],
          [
            -114.082315,
            46.819495,
            970
          ],
          [
            -114.081854,
            46.81982,
            968.4
          ],
          [
            -114.081655,
            46.820001,
            967.5
          ],
          [
            -114.081018,
            46.820507,
            965.6
          ],
          [
            -114.080793,
            46.820662,
            965
          ],
          [
            -114.078282,
            46.822693,
            964.8
          ],
          [
            -114.076692,
            46.82395,
            964.7
          ],
          [
            -114.076213,
            46.824284,
            964
          ],
          [
            -114.076037,
            46.824391,
            963.8
          ],
          [
            -114.075621,
            46.82462,
            963.4
          ],
          [
            -114.075257,
            46.8248,
            963.1
          ],
          [
            -114.074811,
            46.824989,
            962.9
          ],
          [
            -114.074331,
            46.825159,
            963
          ],
          [
            -114.070377,
            46.826393,
            963.3
          ],
          [
            -114.064808,
            46.82815,
            961.8
          ],
          [
            -114.063984,
            46.8284,
            961.8
          ],
          [
            -114.060214,
            46.829602,
            961.5
          ],
          [
            -114.056582,
            46.830739,
            962.3
          ],
          [
            -114.05415,
            46.831518,
            964
          ],
          [
            -114.052486,
            46.832037,
            964.9
          ],
          [
            -114.049974,
            46.832845,
            967.3
          ],
          [
            -114.047976,
            46.83351,
            969.4
          ],
          [
            -114.044924,
            46.834589,
            970.8
          ],
          [
            -114.044593,
            46.834686,
            970.6
          ],
          [
            -114.044482,
            46.834656,
            970.7
          ],
          [
            -114.044447,
            46.834577,
            970.5
          ],
          [
            -114.044364,
            46.83453,
            970.5
          ],
          [
            -114.044177,
            46.834454,
            970.3
          ],
          [
            -114.044053,
            46.834437,
            970.2
          ],
          [
            -114.0407,
            46.834218,
            968.5
          ],
          [
            -114.040442,
            46.834204,
            968.7
          ],
          [
            -114.040406,
            46.83421,
            968.8
          ],
          [
            -114.040449,
            46.834313,
            969
          ],
          [
            -114.040439,
            46.834509,
            968
          ],
          [
            -114.040472,
            46.834513,
            968
          ],
          [
            -114.040422,
            46.834537,
            961
          ],
          [
            -114.040429,
            46.834504,
            963
          ],
          [
            -114.040479,
            46.834504,
            963
          ],
          [
            -114.04061,
            46.83453,
            963
          ],
          [
            -114.040642,
            46.834552,
            963
          ],
          [
            -114.040655,
            46.834642,
            964
          ],
          [
            -114.040652,
            46.834693,
            964.8
          ],
          [
            -114.040627,
            46.834737,
            964
          ],
          [
            -114.040629,
            46.834784,
            959
          ],
          [
            -114.040651,
            46.834817,
            964
          ],
          [
            -114.040688,
            46.834837,
            957
          ],
          [
            -114.04072,
            46.834841,
            964
          ],
          [
            -114.040721,
            46.834741,
            964.2
          ],
          [
            -114.040768,
            46.834745,
            964.1
          ],
          [
            -114.040735,
            46.834757,
            964.2
          ],
          [
            -114.040886,
            46.834796,
            964
          ],
          [
            -114.04093,
            46.834744,
            963
          ],
          [
            -114.040898,
            46.834846,
            964.4
          ],
          [
            -114.040826,
            46.834875,
            964
          ],
          [
            -114.040878,
            46.834884,
            964.4
          ],
          [
            -114.040926,
            46.834912,
            964.4
          ],
          [
            -114.040823,
            46.834851,
            965.4
          ],
          [
            -114.040854,
            46.834877,
            963
          ],
          [
            -114.040806,
            46.834857,
            965.4
          ],
          [
            -114.040741,
            46.834851,
            965.4
          ],
          [
            -114.040906,
            46.834916,
            965.4
          ],
          [
            -114.040957,
            46.834911,
            965.4
          ],
          [
            -114.040831,
            46.834882,
            963
          ],
          [
            -114.040863,
            46.834901,
            964
          ],
          [
            -114.040911,
            46.834908,
            965.4
          ],
          [
            -114.040835,
            46.834903,
            963
          ],
          [
            -114.040862,
            46.834922,
            965.4
          ],
          [
            -114.040943,
            46.83493,
            965.5
          ],
          [
            -114.040811,
            46.834898,
            965.4
          ],
          [
            -114.040612,
            46.834781,
            965.4
          ],
          [
            -114.040812,
            46.834895,
            965.4
          ],
          [
            -114.040749,
            46.834881,
            965.4
          ],
          [
            -114.040776,
            46.834711,
            964.2
          ],
          [
            -114.040738,
            46.834702,
            963
          ],
          [
            -114.040767,
            46.834676,
            963
          ],
          [
            -114.040614,
            46.83459,
            963
          ],
          [
            -114.040544,
            46.834539,
            964
          ],
          [
            -114.040434,
            46.834518,
            960
          ],
          [
            -114.04042,
            46.834547,
            963
          ],
          [
            -114.040323,
            46.834548,
            962
          ],
          [
            -114.040288,
            46.834509,
            973
          ],
          [
            -114.040361,
            46.834507,
            973.7
          ],
          [
            -114.040391,
            46.834492,
            973.7
          ],
          [
            -114.040416,
            46.834463,
            972
          ],
          [
            -114.040441,
            46.834374,
            977
          ],
          [
            -114.040422,
            46.834331,
            977
          ],
          [
            -114.040385,
            46.834303,
            977.8
          ],
          [
            -114.04034,
            46.834285,
            977.9
          ],
          [
            -114.040183,
            46.83426,
            978
          ],
          [
            -114.039921,
            46.834249,
            978
          ],
          [
            -114.039734,
            46.834266,
            977.7
          ],
          [
            -114.039589,
            46.834296,
            978.1
          ],
          [
            -114.039521,
            46.834322,
            978.3
          ],
          [
            -114.039464,
            46.83436,
            978.6
          ],
          [
            -114.039423,
            46.834409,
            978.8
          ],
          [
            -114.039398,
            46.834472,
            978.6
          ],
          [
            -114.039393,
            46.834544,
            978.5
          ],
          [
            -114.039399,
            46.834918,
            978.7
          ],
          [
            -114.039382,
            46.835432,
            979.1
          ],
          [
            -114.0394,
            46.835537,
            979.1
          ],
          [
            -114.039401,
            46.83655,
            980.2
          ],
          [
            -114.039257,
            46.836597,
            980.1
          ],
          [
            -114.039188,
            46.836641,
            980
          ],
          [
            -114.038999,
            46.836718,
            979.9
          ],
          [
            -114.03809,
            46.837039,
            979.3
          ],
          [
            -114.037331,
            46.837324,
            978.2
          ],
          [
            -114.037163,
            46.837367,
            978
          ],
          [
            -114.036505,
            46.837599,
            977.4
          ],
          [
            -114.036353,
            46.837679,
            977.2
          ],
          [
            -114.03618,
            46.83774,
            977.1
          ],
          [
            -114.035998,
            46.83778,
            976.9
          ],
          [
            -114.035656,
            46.837898,
            976.8
          ],
          [
            -114.035502,
            46.837976,
            976.6
          ],
          [
            -114.035281,
            46.837976,
            976.7
          ],
          [
            -114.032803,
            46.838833,
            976.5
          ],
          [
            -114.032139,
            46.8391,
            976.5
          ],
          [
            -114.031455,
            46.839422,
            976.8
          ],
          [
            -114.030969,
            46.839684,
            976.9
          ],
          [
            -114.030513,
            46.839961,
            977
          ],
          [
            -114.030388,
            46.840068,
            977.1
          ],
          [
            -114.029972,
            46.840361,
            977.1
          ],
          [
            -114.029852,
            46.840467,
            977
          ],
          [
            -114.029703,
            46.840557,
            977.1
          ],
          [
            -114.029573,
            46.840652,
            977
          ],
          [
            -114.028559,
            46.841425,
            976.9
          ],
          [
            -114.02841,
            46.841512,
            976.9
          ],
          [
            -114.027015,
            46.842489,
            976.7
          ],
          [
            -114.020892,
            46.846703,
            978.8
          ],
          [
            -114.020789,
            46.84684,
            978.9
          ],
          [
            -114.018045,
            46.848718,
            980
          ],
          [
            -114.0163,
            46.849882,
            980.5
          ],
          [
            -114.015591,
            46.850388,
            981.1
          ],
          [
            -114.013822,
            46.85157,
            981.3
          ],
          [
            -114.013531,
            46.851793,
            981.6
          ],
          [
            -114.013139,
            46.852063,
            981.8
          ],
          [
            -114.01305,
            46.852102,
            981.8
          ],
          [
            -114.012974,
            46.852153,
            981.7
          ],
          [
            -114.01295,
            46.852439,
            981.4
          ],
          [
            -114.012977,
            46.852551,
            981.3
          ],
          [
            -114.013004,
            46.852881,
            981.2
          ],
          [
            -114.013014,
            46.853801,
            981.2
          ],
          [
            -114.012996,
            46.856001,
            980.9
          ],
          [
            -114.01297,
            46.856217,
            981
          ],
          [
            -114.012942,
            46.856323,
            981.2
          ],
          [
            -114.012897,
            46.856427,
            981.3
          ],
          [
            -114.01283,
            46.856525,
            981.4
          ],
          [
            -114.012712,
            46.856596,
            981.4
          ],
          [
            -114.012607,
            46.856675,
            981.5
          ],
          [
            -114.012529,
            46.856778,
            981.4
          ],
          [
            -114.012438,
            46.856843,
            981.3
          ],
          [
            -114.012289,
            46.856901,
            981.4
          ],
          [
            -114.011141,
            46.857722,
            981.5
          ],
          [
            -114.011027,
            46.857828,
            981.6
          ],
          [
            -114.006338,
            46.861166,
            984.5
          ],
          [
            -114.005513,
            46.861711,
            984.7
          ],
          [
            -114.005426,
            46.86174,
            984
          ],
          [
            -114.005258,
            46.861674,
            984.3
          ],
          [
            -114.004831,
            46.861414,
            984.4
          ],
          [
            -114.004821,
            46.861287,
            984.4
          ],
          [
            -114.003936,
            46.86071,
            984.3
          ],
          [
            -114.003703,
            46.860737,
            984.3
          ],
          [
            -114.0036,
            46.86067,
            984.4
          ],
          [
            -114.003628,
            46.860509,
            984.5
          ],
          [
            -113.999861,
            46.858046,
            983.9
          ],
          [
            -113.999741,
            46.858002,
            984
          ],
          [
            -113.999649,
            46.857936,
            983.9
          ],
          [
            -113.999573,
            46.857858,
            983.9
          ],
          [
            -113.998337,
            46.857049,
            984.1
          ],
          [
            -113.998238,
            46.857006,
            984.2
          ],
          [
            -113.998008,
            46.856847,
            984.2
          ],
          [
            -113.997851,
            46.856751,
            985
          ],
          [
            -113.997803,
            46.856826,
            985
          ],
          [
            -113.997679,
            46.856864,
            984.8
          ],
          [
            -113.997507,
            46.856896,
            985.1
          ],
          [
            -113.99741,
            46.856876,
            985.1
          ],
          [
            -113.997338,
            46.856887,
            985.1
          ],
          [
            -113.997159,
            46.857004,
            985
          ],
          [
            -113.997065,
            46.857045,
            984.9
          ],
          [
            -113.996917,
            46.857016,
            985
          ],
          [
            -113.9968,
            46.857036,
            985.1
          ],
          [
            -113.996538,
            46.857046,
            985.4
          ],
          [
            -113.994368,
            46.857033,
            986.6
          ],
          [
            -113.989517,
            46.857062,
            989.7
          ],
          [
            -113.989318,
            46.857067,
            990
          ],
          [
            -113.989262,
            46.857078,
            990.1
          ],
          [
            -113.989212,
            46.857104,
            990.1
          ],
          [
            -113.989177,
            46.857148,
            990.2
          ],
          [
            -113.989159,
            46.857208,
            990.1
          ],
          [
            -113.989154,
            46.857272,
            990.1
          ],
          [
            -113.989176,
            46.857693,
            989.8
          ],
          [
            -113.989199,
            46.857888,
            989.7
          ],
          [
            -113.989212,
            46.858204,
            989.7
          ],
          [
            -113.989243,
            46.860454,
            989.9
          ],
          [
            -113.989236,
            46.862021,
            988.2
          ],
          [
            -113.989249,
            46.863494,
            986.9
          ],
          [
            -113.989218,
            46.864202,
            986.5
          ],
          [
            -113.989221,
            46.864874,
            985.9
          ],
          [
            -113.989212,
            46.864935,
            985.8
          ],
          [
            -113.989186,
            46.864997,
            985.7
          ],
          [
            -113.98914,
            46.865061,
            985.7
          ],
          [
            -113.989053,
            46.865106,
            984
          ],
          [
            -113.988995,
            46.86518,
            985.6
          ],
          [
            -113.988897,
            46.865239,
            985.6
          ],
          [
            -113.98876,
            46.865274,
            985.5
          ],
          [
            -113.988438,
            46.865478,
            985.9
          ],
          [
            -113.988147,
            46.865737,
            986.7
          ],
          [
            -113.988086,
            46.865813,
            987
          ],
          [
            -113.988024,
            46.865918,
            987.2
          ],
          [
            -113.987984,
            46.866023,
            987.4
          ],
          [
            -113.987933,
            46.866241,
            988.1
          ],
          [
            -113.987613,
            46.868084,
            984.6
          ],
          [
            -113.98754,
            46.868354,
            983.6
          ],
          [
            -113.987359,
            46.868824,
            981.9
          ],
          [
            -113.986956,
            46.86981,
            982
          ],
          [
            -113.986797,
            46.870153,
            984.1
          ],
          [
            -113.986675,
            46.870389,
            984.6
          ],
          [
            -113.986599,
            46.870472,
            984.8
          ],
          [
            -113.985781,
            46.871752,
            988.3
          ],
          [
            -113.985777,
            46.871798,
            988.5
          ],
          [
            -113.98573,
            46.871886,
            990
          ],
          [
            -113.98573,
            46.871929,
            990
          ],
          [
            -113.985764,
            46.871985,
            990
          ],
          [
            -113.985816,
            46.872021,
            989.8
          ],
          [
            -113.985903,
            46.87206,
            989.8
          ],
          [
            -113.986858,
            46.87232,
            989.2
          ],
          [
            -113.988152,
            46.872691,
            989.5
          ],
          [
            -113.990147,
            46.873284,
            988.5
          ],
          [
            -113.991959,
            46.873828,
            987
          ],
          [
            -113.992778,
            46.874108,
            986.2
          ],
          [
            -113.992715,
            46.874166,
            986.1
          ],
          [
            -113.992653,
            46.874263,
            985.9
          ],
          [
            -113.992703,
            46.87436,
            985.7
          ],
          [
            -113.992533,
            46.874581,
            985.5
          ],
          [
            -113.992414,
            46.874636,
            985.5
          ],
          [
            -113.99226,
            46.874875,
            985.4
          ],
          [
            -113.992219,
            46.874905,
            985.3
          ],
          [
            -113.991918,
            46.875052,
            984.7
          ],
          [
            -113.991876,
            46.875105,
            984.7
          ],
          [
            -113.991895,
            46.875184,
            984.6
          ],
          [
            -113.991957,
            46.875227,
            984.7
          ],
          [
            -113.992005,
            46.875279,
            984.5
          ],
          [
            -113.99216,
            46.875376,
            984.4
          ],
          [
            -113.992276,
            46.875383,
            984.3
          ],
          [
            -113.992356,
            46.875467,
            984.3
          ],
          [
            -113.992668,
            46.875616,
            984.5
          ],
          [
            -113.993066,
            46.875834,
            985.4
          ],
          [
            -113.993936,
            46.876269,
            985.9
          ],
          [
            -113.996024,
            46.877289,
            987
          ],
          [
            -113.996111,
            46.877349,
            987
          ],
          [
            -113.996219,
            46.877395,
            987
          ],
          [
            -113.996462,
            46.877476,
            987.4
          ],
          [
            -113.996597,
            46.877499,
            988
          ],
          [
            -113.998047,
            46.877928,
            987.6
          ],
          [
            -113.998322,
            46.878,
            987.5
          ],
          [
            -113.998458,
            46.878027,
            987.4
          ],
          [
            -113.998742,
            46.878051,
            987.1
          ],
          [
            -114.004467,
            46.878058,
            984.2
          ],
          [
            -114.004925,
            46.878068,
            983.5
          ],
          [
            -114.005141,
            46.878041,
            983.4
          ],
          [
            -114.00529,
            46.877974,
            983.4
          ],
          [
            -114.005403,
            46.877881,
            983.5
          ],
          [
            -114.005609,
            46.877913,
            983.4
          ],
          [
            -114.005968,
            46.878014,
            982.9
          ],
          [
            -114.006227,
            46.87807,
            982.8
          ],
          [
            -114.00627,
            46.878118,
            982.8
          ],
          [
            -114.006252,
            46.878151,
            982.7
          ],
          [
            -114.006272,
            46.878281,
            982.6
          ],
          [
            -114.006319,
            46.878449,
            982.4
          ],
          [
            -114.006275,
            46.87852,
            982.4
          ],
          [
            -114.006261,
            46.88052,
            982.3
          ],
          [
            -114.006269,
            46.880619,
            982.3
          ],
          [
            -114.006295,
            46.880705,
            982.3
          ],
          [
            -114.006276,
            46.880856,
            982.1
          ],
          [
            -114.006212,
            46.881038,
            982.4
          ],
          [
            -114.006222,
            46.881091,
            982.5
          ],
          [
            -114.00627,
            46.881209,
            982.8
          ],
          [
            -114.006284,
            46.881443,
            983.3
          ],
          [
            -114.006286,
            46.882447,
            989.1
          ],
          [
            -114.006255,
            46.884857,
            984.5
          ],
          [
            -114.00623,
            46.88493,
            984
          ],
          [
            -114.005234,
            46.884922,
            982.5
          ],
          [
            -114.005133,
            46.884964,
            982.4
          ],
          [
            -114.005049,
            46.884959,
            982.4
          ],
          [
            -114.004981,
            46.884922,
            982.4
          ],
          [
            -114.004103,
            46.884919,
            980
          ],
          [
            -114.004188,
            46.884919,
            980
          ],
          [
            -114.004223,
            46.88493,
            981
          ],
          [
            -114.004271,
            46.884924,
            980
          ],
          [
            -114.004194,
            46.884944,
            980
          ],
          [
            -114.004161,
            46.88499,
            978
          ],
          [
            -114.004137,
            46.884968,
            978
          ],
          [
            -114.00473,
            46.884974,
            981.3
          ],
          [
            -114.0059,
            46.884966,
            982.1
          ],
          [
            -114.00622,
            46.884988,
            982.3
          ],
          [
            -114.006272,
            46.884972,
            982.3
          ],
          [
            -114.006316,
            46.884937,
            982.4
          ],
          [
            -114.006345,
            46.884876,
            982.5
          ],
          [
            -114.006353,
            46.884822,
            982.5
          ],
          [
            -114.006355,
            46.884667,
            982.6
          ],
          [
            -114.006327,
            46.884023,
            986.5
          ],
          [
            -114.006326,
            46.882497,
            992.2
          ],
          [
            -114.006314,
            46.881838,
            987.9
          ],
          [
            -114.006322,
            46.881487,
            985.3
          ],
          [
            -114.00635,
            46.881093,
            984.1
          ],
          [
            -114.006369,
            46.881041,
            984.1
          ],
          [
            -114.006421,
            46.881003,
            984.1
          ],
          [
            -114.006347,
            46.880797,
            983.8
          ],
          [
            -114.006334,
            46.880733,
            983.8
          ],
          [
            -114.00632,
            46.880424,
            983.9
          ],
          [
            -114.006326,
            46.878437,
            984.6
          ],
          [
            -114.006334,
            46.878245,
            984.4
          ],
          [
            -114.006358,
            46.878116,
            984.1
          ],
          [
            -114.006413,
            46.877996,
            984.1
          ],
          [
            -114.006403,
            46.877958,
            984.2
          ],
          [
            -114.00637,
            46.87793,
            984.3
          ],
          [
            -114.006312,
            46.877914,
            984.2
          ],
          [
            -114.006238,
            46.877918,
            984.2
          ],
          [
            -114.006065,
            46.87793,
            984.1
          ],
          [
            -114.005961,
            46.877957,
            984
          ],
          [
            -114.005862,
            46.877948,
            983.8
          ],
          [
            -114.005732,
            46.877919,
            983.8
          ],
          [
            -114.004739,
            46.877607,
            983.1
          ],
          [
            -114.004618,
            46.877553,
            983
          ],
          [
            -114.002815,
            46.877042,
            983
          ],
          [
            -114.000675,
            46.87641,
            983.7
          ],
          [
            -113.999006,
            46.875911,
            984.5
          ],
          [
            -113.998244,
            46.87566,
            984.8
          ],
          [
            -113.997041,
            46.875298,
            984.2
          ],
          [
            -113.995376,
            46.874818,
            984
          ],
          [
            -113.985723,
            46.871936,
            986.4
          ],
          [
            -113.985484,
            46.871883,
            986.6
          ],
          [
            -113.985363,
            46.871879,
            986.7
          ],
          [
            -113.984803,
            46.872053,
            987.2
          ],
          [
            -113.984555,
            46.872162,
            987.3
          ],
          [
            -113.984304,
            46.872302,
            987.1
          ],
          [
            -113.984049,
            46.872463,
            987.2
          ],
          [
            -113.983812,
            46.872642,
            987.4
          ],
          [
            -113.98372,
            46.872741,
            987.3
          ],
          [
            -113.983638,
            46.872855,
            987.6
          ],
          [
            -113.98332,
            46.873416,
            992.6
          ],
          [
            -113.983236,
            46.873523,
            993.5
          ],
          [
            -113.982988,
            46.873971,
            997.4
          ],
          [
            -113.982362,
            46.875009,
            1004.6
          ],
          [
            -113.982075,
            46.875478,
            1007.7
          ],
          [
            -113.981838,
            46.875826,
            1008.8
          ],
          [
            -113.981732,
            46.87593,
            1009.2
          ],
          [
            -113.981557,
            46.876134,
            1010.1
          ],
          [
            -113.981333,
            46.876313,
            1010.6
          ],
          [
            -113.980216,
            46.876984,
            1014
          ],
          [
            -113.979815,
            46.877249,
            1015.6
          ],
          [
            -113.979702,
            46.877346,
            1016
          ],
          [
            -113.97961,
            46.877451,
            1016.3
          ],
          [
            -113.979302,
            46.877739,
            1016.4
          ],
          [
            -113.979185,
            46.877824,
            1016.4
          ],
          [
            -113.978991,
            46.878013,
            1016.4
          ],
          [
            -113.978914,
            46.878117,
            1016.5
          ],
          [
            -113.978079,
            46.878946,
            1015.3
          ],
          [
            -113.977784,
            46.879271,
            1014.8
          ],
          [
            -113.97755,
            46.879597,
            1014.8
          ],
          [
            -113.977189,
            46.880227,
            1014.6
          ],
          [
            -113.976907,
            46.880758,
            1015.6
          ],
          [
            -113.976553,
            46.881541,
            1016
          ],
          [
            -113.976522,
            46.881677,
            1016.2
          ],
          [
            -113.976391,
            46.882068,
            1016.7
          ],
          [
            -113.976334,
            46.88234,
            1017
          ],
          [
            -113.976303,
            46.882735,
            1017.8
          ],
          [
            -113.976296,
            46.883553,
            1018.4
          ],
          [
            -113.976326,
            46.883677,
            1018.4
          ],
          [
            -113.976323,
            46.88521,
            1020
          ],
          [
            -113.976314,
            46.885261,
            1020
          ],
          [
            -113.976281,
            46.885303,
            1020.6
          ],
          [
            -113.976231,
            46.885255,
            1020.6
          ],
          [
            -113.976175,
            46.885255,
            1020.6
          ],
          [
            -113.976091,
            46.885344,
            1020.4
          ],
          [
            -113.975975,
            46.885346,
            1020.3
          ],
          [
            -113.975896,
            46.885254,
            1020.1
          ],
          [
            -113.972625,
            46.88525,
            1017.4
          ],
          [
            -113.972482,
            46.885267,
            1017.2
          ],
          [
            -113.972066,
            46.885267,
            1016.7
          ],
          [
            -113.971692,
            46.885169,
            1016.4
          ],
          [
            -113.971031,
            46.884862,
            1016.2
          ],
          [
            -113.970902,
            46.884872,
            1016
          ],
          [
            -113.970704,
            46.884825,
            1015.7
          ],
          [
            -113.970595,
            46.884772,
            1015.4
          ],
          [
            -113.969815,
            46.884771,
            1014.2
          ],
          [
            -113.969737,
            46.884914,
            1014.1
          ],
          [
            -113.969729,
            46.88496,
            1014
          ],
          [
            -113.969762,
            46.886187,
            1014.8
          ],
          [
            -113.969761,
            46.88662,
            1015.5
          ],
          [
            -113.969776,
            46.887348,
            1016.3
          ],
          [
            -113.969764,
            46.887399,
            1016
          ],
          [
            -113.969778,
            46.887435,
            1016.7
          ],
          [
            -113.96978,
            46.887493,
            1017.3
          ],
          [
            -113.969749,
            46.887507,
            1017.4
          ],
          [
            -113.969746,
            46.887792,
            1018.2
          ],
          [
            -113.969787,
            46.887836,
            1018.3
          ],
          [
            -113.96979,
            46.887875,
            1018.2
          ],
          [
            -113.969745,
            46.887925,
            1018
          ],
          [
            -113.969749,
            46.888041,
            1017
          ],
          [
            -113.969708,
            46.888057,
            1018.7
          ],
          [
            -113.969669,
            46.888057,
            1016
          ],
          [
            -113.969638,
            46.888018,
            1014
          ],
          [
            -113.969656,
            46.888046,
            1014
          ],
          [
            -113.969577,
            46.888068,
            1012
          ],
          [
            -113.969537,
            46.888139,
            1011
          ],
          [
            -113.969539,
            46.88808,
            1013
          ],
          [
            -113.969779,
            46.887983,
            1012.9
          ],
          [
            -113.969687,
            46.888042,
            1012
          ],
          [
            -113.969727,
            46.888038,
            1012
          ],
          [
            -113.969538,
            46.888079,
            1011
          ],
          [
            -113.969185,
            46.887931,
            1013.3
          ],
          [
            -113.969429,
            46.888104,
            1013.4
          ],
          [
            -113.969301,
            46.887932,
            1012.8
          ],
          [
            -113.969637,
            46.888187,
            1012
          ],
          [
            -113.969301,
            46.887932,
            1012.8
          ],
          [
            -113.969381,
            46.888098,
            1012
          ],
          [
            -113.969445,
            46.888117,
            1012
          ],
          [
            -113.969301,
            46.887932,
            1012.8
          ],
          [
            -113.969496,
            46.888091,
            1014.8
          ],
          [
            -113.969301,
            46.887932,
            1014.8
          ],
          [
            -113.969409,
            46.888121,
            1012
          ],
          [
            -113.969362,
            46.888125,
            1012
          ],
          [
            -113.969341,
            46.888115,
            1011
          ],
          [
            -113.969322,
            46.888013,
            1013.6
          ],
          [
            -113.969307,
            46.888055,
            1013.4
          ],
          [
            -113.969268,
            46.888096,
            1012
          ],
          [
            -113.969294,
            46.888117,
            1010
          ],
          [
            -113.969279,
            46.888144,
            1012
          ],
          [
            -113.969345,
            46.88814,
            1010
          ],
          [
            -113.969307,
            46.888157,
            1012
          ],
          [
            -113.969365,
            46.888067,
            1014
          ],
          [
            -113.96941,
            46.888079,
            1013.7
          ],
          [
            -113.969387,
            46.888043,
            1008
          ],
          [
            -113.969309,
            46.888033,
            1012
          ],
          [
            -113.969433,
            46.888039,
            1015
          ],
          [
            -113.969519,
            46.888016,
            1011
          ],
          [
            -113.969454,
            46.888051,
            1001
          ],
          [
            -113.969424,
            46.88808,
            999
          ],
          [
            -113.969427,
            46.888169,
            1012
          ],
          [
            -113.969338,
            46.888069,
            1013
          ],
          [
            -113.969122,
            46.888152,
            1012.9
          ],
          [
            -113.969092,
            46.888274,
            1014.6
          ],
          [
            -113.968883,
            46.888157,
            1014
          ],
          [
            -113.968639,
            46.888197,
            1016.5
          ],
          [
            -113.968662,
            46.88816,
            1016
          ],
          [
            -113.968828,
            46.888158,
            1016.6
          ],
          [
            -113.969041,
            46.888141,
            1016.6
          ],
          [
            -113.969092,
            46.888075,
            1016
          ],
          [
            -113.96946,
            46.888073,
            1012
          ],
          [
            -113.969454,
            46.887997,
            1013.8
          ],
          [
            -113.969408,
            46.887976,
            1014.8
          ],
          [
            -113.969378,
            46.887986,
            1014.3
          ],
          [
            -113.969358,
            46.888012,
            1012
          ],
          [
            -113.969413,
            46.888009,
            1011.1
          ],
          [
            -113.969415,
            46.888056,
            1012
          ],
          [
            -113.969312,
            46.888086,
            1012
          ],
          [
            -113.969379,
            46.88813,
            1011
          ],
          [
            -113.969459,
            46.888133,
            1011
          ],
          [
            -113.969513,
            46.888086,
            1010
          ],
          [
            -113.969549,
            46.888086,
            1011
          ],
          [
            -113.969504,
            46.888072,
            1012
          ],
          [
            -113.969377,
            46.888103,
            1012.2
          ],
          [
            -113.96944,
            46.88809,
            1012
          ],
          [
            -113.969387,
            46.888029,
            1011.2
          ],
          [
            -113.969448,
            46.888032,
            1011.9
          ],
          [
            -113.969405,
            46.888043,
            1012
          ],
          [
            -113.969373,
            46.888036,
            1012
          ],
          [
            -113.969394,
            46.8881,
            1011
          ],
          [
            -113.969383,
            46.888062,
            1012.9
          ],
          [
            -113.96935,
            46.888048,
            1011
          ],
          [
            -113.969275,
            46.888073,
            1008
          ],
          [
            -113.969306,
            46.888029,
            1008
          ],
          [
            -113.969353,
            46.888056,
            1010
          ],
          [
            -113.969227,
            46.888112,
            1013.5
          ],
          [
            -113.968705,
            46.888155,
            1014
          ],
          [
            -113.968863,
            46.888047,
            1016
          ],
          [
            -113.969357,
            46.888077,
            1010
          ],
          [
            -113.969431,
            46.888074,
            1013
          ],
          [
            -113.969399,
            46.888061,
            1012.7
          ],
          [
            -113.969492,
            46.888018,
            1011
          ],
          [
            -113.969466,
            46.888035,
            1011
          ],
          [
            -113.969252,
            46.888003,
            1012.9
          ],
          [
            -113.969203,
            46.887985,
            1013
          ],
          [
            -113.969192,
            46.888026,
            1012.9
          ],
          [
            -113.969195,
            46.888076,
            1012
          ],
          [
            -113.969283,
            46.888026,
            1015
          ],
          [
            -113.969508,
            46.888014,
            1015
          ],
          [
            -113.969615,
            46.888093,
            1012
          ],
          [
            -113.969604,
            46.888136,
            1011
          ],
          [
            -113.969693,
            46.888089,
            1014
          ],
          [
            -113.969659,
            46.888022,
            1012
          ],
          [
            -113.969754,
            46.887897,
            1012.5
          ],
          [
            -113.969766,
            46.887852,
            1011.4
          ],
          [
            -113.969788,
            46.887465,
            1009.4
          ],
          [
            -113.96978,
            46.887364,
            1008.9
          ],
          [
            -113.96979,
            46.887284,
            1007.9
          ],
          [
            -113.969773,
            46.887042,
            1009.2
          ],
          [
            -113.969776,
            46.886813,
            1009.2
          ],
          [
            -113.969824,
            46.885978,
            1009.6
          ],
          [
            -113.969849,
            46.885706,
            1009.7
          ],
          [
            -113.969828,
            46.885188,
            1008.9
          ],
          [
            -113.96983,
            46.88488,
            1004
          ],
          [
            -113.969769,
            46.884568,
            1007.4
          ],
          [
            -113.969773,
            46.884447,
            1007.4
          ],
          [
            -113.969828,
            46.884128,
            1006.8
          ],
          [
            -113.969852,
            46.883779,
            1006.9
          ],
          [
            -113.96984,
            46.883421,
            1007.1
          ],
          [
            -113.969796,
            46.88313,
            1007.7
          ],
          [
            -113.969802,
            46.882875,
            1006.7
          ],
          [
            -113.969816,
            46.882742,
            1006.6
          ],
          [
            -113.969836,
            46.882666,
            1006.3
          ],
          [
            -113.969824,
            46.882562,
            1006.2
          ],
          [
            -113.969781,
            46.882506,
            1006
          ],
          [
            -113.969684,
            46.882435,
            1006.8
          ],
          [
            -113.969781,
            46.882338,
            1007.1
          ],
          [
            -113.969828,
            46.882068,
            1005.8
          ],
          [
            -113.969853,
            46.880294,
            1006.3
          ],
          [
            -113.969844,
            46.879753,
            1009.2
          ],
          [
            -113.96985,
            46.879323,
            1010.1
          ],
          [
            -113.969883,
            46.878926,
            1008.8
          ],
          [
            -113.969918,
            46.878713,
            1007.9
          ],
          [
            -113.970001,
            46.878513,
            1007.2
          ],
          [
            -113.970178,
            46.878223,
            1005.7
          ],
          [
            -113.970668,
            46.877708,
            1004.2
          ],
          [
            -113.971164,
            46.877353,
            1001.2
          ],
          [
            -113.971301,
            46.877271,
            1000.6
          ],
          [
            -113.971417,
            46.877177,
            1000.4
          ],
          [
            -113.971928,
            46.876819,
            998.8
          ],
          [
            -113.972184,
            46.876654,
            998.8
          ],
          [
            -113.972672,
            46.876315,
            997.7
          ],
          [
            -113.972808,
            46.876244,
            997.2
          ],
          [
            -113.972924,
            46.876153,
            997.7
          ],
          [
            -113.974127,
            46.875338,
            994.6
          ],
          [
            -113.976384,
            46.873845,
            989.2
          ],
          [
            -113.979567,
            46.871703,
            983.8
          ],
          [
            -113.979665,
            46.871613,
            983.6
          ],
          [
            -113.979779,
            46.871534,
            983.3
          ],
          [
            -113.979914,
            46.871471,
            983.1
          ],
          [
            -113.980466,
            46.871093,
            982.2
          ],
          [
            -113.980625,
            46.870995,
            980
          ],
          [
            -113.980657,
            46.870965,
            980
          ],
          [
            -113.980834,
            46.870952,
            981
          ],
          [
            -113.98103,
            46.870966,
            981.3
          ],
          [
            -113.981139,
            46.870985,
            981.5
          ],
          [
            -113.981257,
            46.871023,
            981.8
          ],
          [
            -113.981386,
            46.871081,
            982.1
          ],
          [
            -113.982171,
            46.871513,
            985.7
          ],
          [
            -113.983042,
            46.87195,
            987.8
          ],
          [
            -113.983335,
            46.872121,
            987.6
          ],
          [
            -113.983919,
            46.872508,
            988.3
          ],
          [
            -113.98523,
            46.873433,
            989.5
          ],
          [
            -113.985733,
            46.873838,
            990
          ],
          [
            -113.986231,
            46.87427,
            990.8
          ],
          [
            -113.986554,
            46.874567,
            991.5
          ],
          [
            -113.991129,
            46.87888,
            987.6
          ],
          [
            -113.992409,
            46.880123,
            985.3
          ],
          [
            -113.992731,
            46.880495,
            985
          ],
          [
            -113.993026,
            46.880884,
            984.2
          ],
          [
            -113.993297,
            46.881295,
            984
          ],
          [
            -113.993537,
            46.881709,
            983.8
          ],
          [
            -113.993738,
            46.882135,
            984.1
          ],
          [
            -113.993828,
            46.882349,
            984.3
          ],
          [
            -113.994159,
            46.883215,
            986
          ],
          [
            -113.994463,
            46.884101,
            988.1
          ],
          [
            -113.994642,
            46.884546,
            989.1
          ],
          [
            -113.994741,
            46.884763,
            989.6
          ],
          [
            -113.994961,
            46.885184,
            990.9
          ],
          [
            -113.9952,
            46.885595,
            992
          ],
          [
            -113.995456,
            46.88601,
            993.1
          ],
          [
            -113.99574,
            46.886421,
            994.5
          ],
          [
            -113.996063,
            46.886818,
            995.5
          ],
          [
            -113.996413,
            46.887205,
            996.5
          ],
          [
            -113.996977,
            46.887754,
            997.3
          ],
          [
            -113.997175,
            46.887935,
            998
          ],
          [
            -113.997589,
            46.888284,
            999
          ],
          [
            -113.998025,
            46.88862,
            999.3
          ],
          [
            -113.998483,
            46.888942,
            999.7
          ],
          [
            -113.998966,
            46.889245,
            1000.1
          ],
          [
            -113.999978,
            46.889819,
            1000.1
          ],
          [
            -114.000769,
            46.890213,
            1000.4
          ],
          [
            -114.007135,
            46.893202,
            1000.3
          ],
          [
            -114.007686,
            46.893477,
            1000.1
          ],
          [
            -114.008483,
            46.893908,
            999.7
          ],
          [
            -114.009243,
            46.894365,
            999.5
          ],
          [
            -114.009727,
            46.894675,
            998.8
          ],
          [
            -114.010195,
            46.894993,
            997.7
          ],
          [
            -114.010643,
            46.895313,
            996.5
          ],
          [
            -114.011288,
            46.895813,
            994.6
          ],
          [
            -114.01171,
            46.89616,
            993.6
          ],
          [
            -114.012525,
            46.89689,
            992.2
          ],
          [
            -114.015363,
            46.899572,
            993.8
          ],
          [
            -114.016123,
            46.900278,
            994.9
          ],
          [
            -114.016723,
            46.900811,
            995.7
          ],
          [
            -114.01756,
            46.901518,
            996.6
          ],
          [
            -114.018426,
            46.90221,
            997.5
          ],
          [
            -114.019302,
            46.902868,
            998.7
          ],
          [
            -114.022868,
            46.905402,
            1006.6
          ],
          [
            -114.028324,
            46.909249,
            1012.6
          ],
          [
            -114.030804,
            46.911013,
            1010.7
          ],
          [
            -114.031399,
            46.911483,
            1009.7
          ],
          [
            -114.032086,
            46.912068,
            1008.1
          ],
          [
            -114.032232,
            46.912205,
            1007.8
          ],
          [
            -114.032485,
            46.912468,
            1006.8
          ],
          [
            -114.032979,
            46.913032,
            1003.3
          ],
          [
            -114.033299,
            46.913301,
            1002
          ],
          [
            -114.033755,
            46.913592,
            1000.6
          ],
          [
            -114.033825,
            46.913649,
            1000
          ],
          [
            -114.03385,
            46.913682,
            1000
          ],
          [
            -114.033859,
            46.913729,
            1001.8
          ],
          [
            -114.033813,
            46.913889,
            1002.2
          ],
          [
            -114.033781,
            46.91395,
            1002.8
          ],
          [
            -114.033613,
            46.914193,
            1002.9
          ],
          [
            -114.03357,
            46.914231,
            1003.3
          ],
          [
            -114.03356,
            46.914267,
            1003.5
          ],
          [
            -114.033458,
            46.914263,
            1003.7
          ],
          [
            -114.033418,
            46.914235,
            1003.8
          ],
          [
            -114.033256,
            46.914196,
            1004
          ],
          [
            -114.033345,
            46.914033,
            1002.9
          ],
          [
            -114.033367,
            46.913968,
            1002.9
          ],
          [
            -114.033369,
            46.91393,
            1002.7
          ],
          [
            -114.033356,
            46.913885,
            1002
          ],
          [
            -114.033307,
            46.913818,
            1002
          ],
          [
            -114.033227,
            46.913759,
            1002
          ],
          [
            -114.03316,
            46.91374,
            995
          ],
          [
            -114.033186,
            46.9137,
            1004
          ],
          [
            -114.033215,
            46.913691,
            1001
          ],
          [
            -114.033213,
            46.91375,
            1000
          ],
          [
            -114.033267,
            46.913854,
            1001
          ],
          [
            -114.033186,
            46.913892,
            999
          ],
          [
            -114.033123,
            46.913881,
            1000
          ],
          [
            -114.033103,
            46.913908,
            1000
          ],
          [
            -114.033081,
            46.913945,
            994
          ],
          [
            -114.033177,
            46.913956,
            1003.6
          ],
          [
            -114.033182,
            46.913986,
            1004.4
          ],
          [
            -114.03315,
            46.913926,
            1001
          ],
          [
            -114.03318,
            46.913911,
            1000
          ],
          [
            -114.03317,
            46.913855,
            1000
          ],
          [
            -114.033153,
            46.913825,
            1001
          ],
          [
            -114.033202,
            46.91375,
            1000
          ],
          [
            -114.033218,
            46.913704,
            990
          ],
          [
            -114.033177,
            46.913706,
            1002
          ],
          [
            -114.033174,
            46.913752,
            1004
          ],
          [
            -114.033201,
            46.913781,
            1004
          ],
          [
            -114.033284,
            46.913831,
            1002
          ],
          [
            -114.033316,
            46.913879,
            1002
          ],
          [
            -114.033329,
            46.91397,
            1003
          ],
          [
            -114.033318,
            46.914012,
            1004
          ],
          [
            -114.033245,
            46.914151,
            1003.3
          ],
          [
            -114.033248,
            46.914189,
            1002
          ],
          [
            -114.033279,
            46.914225,
            1003.1
          ],
          [
            -114.033425,
            46.91431,
            1003.6
          ],
          [
            -114.033521,
            46.914343,
            1004
          ],
          [
            -114.03354,
            46.914376,
            1003
          ],
          [
            -114.03321,
            46.914928,
            1004.8
          ],
          [
            -114.032716,
            46.915841,
            1007.5
          ],
          [
            -114.032682,
            46.915933,
            1007.2
          ],
          [
            -114.03265,
            46.915978,
            1007
          ],
          [
            -114.032794,
            46.91602,
            1010.4
          ],
          [
            -114.032828,
            46.915993,
            1010.7
          ],
          [
            -114.032691,
            46.915969,
            1007.9
          ],
          [
            -114.033632,
            46.91441,
            1002.7
          ],
          [
            -114.033952,
            46.913994,
            1000.8
          ],
          [
            -114.033974,
            46.913952,
            1000.3
          ],
          [
            -114.034006,
            46.913951,
            1001
          ],
          [
            -114.034162,
            46.913751,
            1002.6
          ],
          [
            -114.034276,
            46.913561,
            1002.5
          ],
          [
            -114.034394,
            46.913322,
            1002.2
          ],
          [
            -114.03457,
            46.912916,
            1000.3
          ],
          [
            -114.034589,
            46.912816,
            1000.2
          ],
          [
            -114.034641,
            46.912725,
            1000.1
          ],
          [
            -114.034648,
            46.912626,
            1000.2
          ],
          [
            -114.034682,
            46.91256,
            999.7
          ],
          [
            -114.034711,
            46.912457,
            999.5
          ],
          [
            -114.034808,
            46.912032,
            998
          ],
          [
            -114.034967,
            46.911569,
            997.4
          ],
          [
            -114.035117,
            46.911214,
            996.6
          ],
          [
            -114.035386,
            46.910691,
            994.5
          ],
          [
            -114.035621,
            46.910295,
            992.7
          ],
          [
            -114.036084,
            46.909651,
            991
          ],
          [
            -114.037262,
            46.908137,
            987.9
          ],
          [
            -114.038304,
            46.906775,
            985.2
          ],
          [
            -114.03838,
            46.906665,
            984.8
          ],
          [
            -114.038554,
            46.906374,
            984
          ],
          [
            -114.03884,
            46.905819,
            982.9
          ],
          [
            -114.039072,
            46.905229,
            981.5
          ],
          [
            -114.039199,
            46.90481,
            980.9
          ],
          [
            -114.039255,
            46.904573,
            980.8
          ],
          [
            -114.039299,
            46.904327,
            980.5
          ],
          [
            -114.039372,
            46.903715,
            979.6
          ],
          [
            -114.039385,
            46.903438,
            979.1
          ],
          [
            -114.039391,
            46.902987,
            978.3
          ],
          [
            -114.039373,
            46.901668,
            981.4
          ],
          [
            -114.039377,
            46.899178,
            982.4
          ],
          [
            -114.039402,
            46.895512,
            969.1
          ],
          [
            -114.039416,
            46.895115,
            968.3
          ],
          [
            -114.039425,
            46.894223,
            969
          ],
          [
            -114.039435,
            46.894165,
            968.9
          ],
          [
            -114.039412,
            46.894112,
            968.9
          ],
          [
            -114.039412,
            46.894066,
            968.7
          ],
          [
            -114.039668,
            46.893954,
            968.2
          ],
          [
            -114.0398,
            46.893993,
            968.4
          ],
          [
            -114.042197,
            46.893991,
            968.7
          ],
          [
            -114.043757,
            46.893945,
            967.6
          ],
          [
            -114.044444,
            46.893935,
            967.6
          ],
          [
            -114.044955,
            46.89394,
            967.3
          ],
          [
            -114.045193,
            46.89396,
            966.9
          ],
          [
            -114.045411,
            46.893999,
            966.8
          ],
          [
            -114.045593,
            46.894065,
            966.7
          ],
          [
            -114.045668,
            46.894108,
            966.6
          ],
          [
            -114.045739,
            46.894151,
            967
          ],
          [
            -114.04578,
            46.894212,
            967
          ],
          [
            -114.045952,
            46.894234,
            966.6
          ],
          [
            -114.046035,
            46.89422,
            966.5
          ],
          [
            -114.046119,
            46.894255,
            966.7
          ],
          [
            -114.046298,
            46.894304,
            967
          ],
          [
            -114.046388,
            46.894348,
            967.1
          ],
          [
            -114.046498,
            46.894378,
            967.1
          ],
          [
            -114.046572,
            46.894453,
            967.2
          ],
          [
            -114.046743,
            46.894576,
            967.3
          ],
          [
            -114.04682,
            46.894644,
            967.4
          ],
          [
            -114.048212,
            46.896079,
            967.8
          ],
          [
            -114.048721,
            46.896585,
            967.9
          ],
          [
            -114.048906,
            46.896746,
            967.7
          ],
          [
            -114.049119,
            46.896898,
            967.7
          ],
          [
            -114.049363,
            46.897033,
            967.6
          ],
          [
            -114.049633,
            46.897141,
            967.1
          ],
          [
            -114.04992,
            46.897229,
            966.9
          ],
          [
            -114.050212,
            46.897297,
            966.8
          ],
          [
            -114.050517,
            46.897336,
            967
          ],
          [
            -114.05082,
            46.897353,
            967
          ],
          [
            -114.051113,
            46.897341,
            967.2
          ],
          [
            -114.051258,
            46.897357,
            967.1
          ],
          [
            -114.053013,
            46.897324,
            966.6
          ],
          [
            -114.054013,
            46.897344,
            966.6
          ],
          [
            -114.055109,
            46.897398,
            966.3
          ],
          [
            -114.056558,
            46.897437,
            965.1
          ],
          [
            -114.05687,
            46.897465,
            964.8
          ],
          [
            -114.057028,
            46.89749,
            964.6
          ],
          [
            -114.05734,
            46.897562,
            964.6
          ],
          [
            -114.057796,
            46.897711,
            964.2
          ],
          [
            -114.058074,
            46.897841,
            964
          ],
          [
            -114.058329,
            46.897993,
            963.9
          ],
          [
            -114.058559,
            46.898162,
            963.8
          ],
          [
            -114.058663,
            46.898253,
            963.9
          ],
          [
            -114.058849,
            46.898457,
            963.9
          ],
          [
            -114.05948,
            46.899289,
            964.1
          ],
          [
            -114.059724,
            46.899559,
            964.3
          ],
          [
            -114.060105,
            46.899723,
            964.7
          ],
          [
            -114.060244,
            46.89976,
            964.8
          ],
          [
            -114.060395,
            46.899786,
            964.7
          ],
          [
            -114.060551,
            46.899799,
            964.6
          ],
          [
            -114.060867,
            46.899808,
            964
          ],
          [
            -114.061817,
            46.899789,
            963.5
          ],
          [
            -114.065803,
            46.899765,
            962.2
          ],
          [
            -114.066898,
            46.899694,
            962.2
          ],
          [
            -114.068299,
            46.899671,
            961.6
          ],
          [
            -114.068397,
            46.89966,
            961.6
          ],
          [
            -114.068471,
            46.899625,
            961.6
          ],
          [
            -114.068513,
            46.899575,
            961.8
          ],
          [
            -114.068522,
            46.899519,
            962.3
          ],
          [
            -114.068528,
            46.899368,
            962.1
          ],
          [
            -114.068511,
            46.898011,
            962.5
          ],
          [
            -114.068518,
            46.896902,
            962.2
          ],
          [
            -114.068582,
            46.896875,
            962.1
          ],
          [
            -114.069183,
            46.896907,
            962.2
          ],
          [
            -114.070261,
            46.896462,
            962.5
          ],
          [
            -114.07028,
            46.896405,
            962.5
          ],
          [
            -114.070359,
            46.896308,
            962.1
          ],
          [
            -114.071161,
            46.896289,
            961.6
          ],
          [
            -114.071366,
            46.896299,
            961.1
          ],
          [
            -114.071679,
            46.895951,
            961.2
          ],
          [
            -114.071598,
            46.895444,
            962.4
          ],
          [
            -114.071654,
            46.895612,
            961.9
          ],
          [
            -114.071622,
            46.895848,
            962.2
          ],
          [
            -114.071636,
            46.896089,
            960
          ],
          [
            -114.072093,
            46.896268,
            962.1
          ],
          [
            -114.072568,
            46.896279,
            961.3
          ],
          [
            -114.07307,
            46.896254,
            961.3
          ],
          [
            -114.073481,
            46.896288,
            962
          ],
          [
            -114.07383,
            46.896289,
            962.6
          ],
          [
            -114.073869,
            46.896275,
            961
          ],
          [
            -114.073869,
            46.896096,
            963
          ],
          [
            -114.073884,
            46.896048,
            962
          ],
          [
            -114.073858,
            46.896021,
            960
          ],
          [
            -114.073873,
            46.895925,
            961.4
          ],
          [
            -114.073871,
            46.89558,
            960
          ],
          [
            -114.073856,
            46.895538,
            960.9
          ],
          [
            -114.073831,
            46.895508,
            961.5
          ],
          [
            -114.073701,
            46.895479,
            960.8
          ],
          [
            -114.073441,
            46.895476,
            961
          ],
          [
            -114.073346,
            46.895435,
            961
          ],
          [
            -114.072542,
            46.895439,
            961.5
          ],
          [
            -114.072457,
            46.895454,
            961.3
          ],
          [
            -114.071652,
            46.895426,
            961.3
          ],
          [
            -114.071601,
            46.895417,
            961.7
          ],
          [
            -114.072043,
            46.895915,
            962
          ],
          [
            -114.073324,
            46.895916,
            961
          ],
          [
            -114.073886,
            46.896029,
            960.7
          ],
          [
            -114.073262,
            46.896271,
            960.7
          ],
          [
            -114.073114,
            46.896268,
            960.8
          ],
          [
            -114.073039,
            46.896254,
            960.7
          ],
          [
            -114.072965,
            46.896254,
            960.8
          ],
          [
            -114.072888,
            46.896269,
            960.8
          ],
          [
            -114.072818,
            46.896253,
            960.7
          ],
          [
            -114.072752,
            46.896269,
            960.9
          ],
          [
            -114.072552,
            46.896269,
            961.1
          ],
          [
            -114.072492,
            46.896253,
            960.8
          ],
          [
            -114.072435,
            46.896269,
            960.8
          ],
          [
            -114.072044,
            46.896234,
            962
          ],
          [
            -114.071941,
            46.896243,
            961.3
          ],
          [
            -114.071883,
            46.896238,
            960
          ],
          [
            -114.071675,
            46.89725,
            961
          ],
          [
            -114.071684,
            46.897379,
            960
          ],
          [
            -114.072312,
            46.897488,
            961.6
          ],
          [
            -114.072569,
            46.89749,
            961.5
          ],
          [
            -114.072791,
            46.896533,
            962
          ],
          [
            -114.072789,
            46.896363,
            962.4
          ],
          [
            -114.072592,
            46.89627,
            960.7
          ],
          [
            -114.072138,
            46.896259,
            961.2
          ],
          [
            -114.071706,
            46.895524,
            960.6
          ],
          [
            -114.071665,
            46.895115,
            962.2
          ],
          [
            -114.071667,
            46.894869,
            962.4
          ],
          [
            -114.071682,
            46.894704,
            962.7
          ],
          [
            -114.071683,
            46.894429,
            962.5
          ],
          [
            -114.071898,
            46.893593,
            961.5
          ],
          [
            -114.071971,
            46.893592,
            961.1
          ],
          [
            -114.072069,
            46.893615,
            961.2
          ],
          [
            -114.073762,
            46.893613,
            962.1
          ],
          [
            -114.074802,
            46.893601,
            961.8
          ],
          [
            -114.074858,
            46.893585,
            961.8
          ],
          [
            -114.074941,
            46.893614,
            961.8
          ],
          [
            -114.074983,
            46.893618,
            960
          ],
          [
            -114.074972,
            46.893683,
            961.7
          ],
          [
            -114.075015,
            46.895331,
            962.1
          ],
          [
            -114.074994,
            46.89541,
            962.3
          ],
          [
            -114.074959,
            46.895431,
            962.4
          ],
          [
            -114.07497,
            46.895463,
            962
          ],
          [
            -114.0748,
            46.89543,
            961.5
          ],
          [
            -114.072315,
            46.895452,
            961.6
          ],
          [
            -114.071957,
            46.895446,
            961.4
          ],
          [
            -114.07163,
            46.89605,
            961.9
          ],
          [
            -114.070743,
            46.896273,
            962.8
          ],
          [
            -114.070413,
            46.896258,
            961.7
          ],
          [
            -114.070352,
            46.896268,
            962.2
          ],
          [
            -114.070301,
            46.896293,
            963
          ],
          [
            -114.070205,
            46.896422,
            962.8
          ],
          [
            -114.070206,
            46.896737,
            962.2
          ],
          [
            -114.070177,
            46.896851,
            962.7
          ],
          [
            -114.069138,
            46.89688,
            961.8
          ],
          [
            -114.068866,
            46.896867,
            962.3
          ],
          [
            -114.06845,
            46.897678,
            964.1
          ],
          [
            -114.068455,
            46.898446,
            963
          ],
          [
            -114.068439,
            46.899396,
            961.5
          ],
          [
            -114.068377,
            46.899621,
            961.3
          ],
          [
            -114.068238,
            46.899687,
            962.4
          ],
          [
            -114.067492,
            46.899656,
            962.5
          ],
          [
            -114.066327,
            46.899689,
            962.1
          ],
          [
            -114.06603,
            46.89972,
            962.1
          ],
          [
            -114.06573,
            46.899727,
            961.5
          ],
          [
            -114.063236,
            46.899724,
            963.3
          ],
          [
            -114.062436,
            46.899735,
            962.8
          ],
          [
            -114.060531,
            46.899726,
            963.6
          ],
          [
            -114.060237,
            46.899693,
            963.1
          ],
          [
            -114.060085,
            46.899654,
            963.2
          ],
          [
            -114.059944,
            46.899601,
            962.9
          ],
          [
            -114.059815,
            46.899538,
            962.8
          ],
          [
            -114.059686,
            46.89946,
            962.5
          ],
          [
            -114.05958,
            46.899371,
            961.9
          ],
          [
            -114.059491,
            46.899269,
            961.9
          ],
          [
            -114.059421,
            46.899155,
            961.6
          ],
          [
            -114.059334,
            46.899044,
            961.5
          ],
          [
            -114.059231,
            46.898938,
            961.9
          ],
          [
            -114.05907,
            46.898703,
            962.6
          ],
          [
            -114.058803,
            46.89836,
            962.8
          ],
          [
            -114.058585,
            46.89815,
            963.1
          ],
          [
            -114.058334,
            46.897959,
            963.7
          ],
          [
            -114.058198,
            46.897873,
            964
          ],
          [
            -114.0579,
            46.89772,
            963.9
          ],
          [
            -114.057741,
            46.897653,
            963.9
          ],
          [
            -114.057404,
            46.897539,
            964.1
          ],
          [
            -114.057054,
            46.897455,
            964.4
          ],
          [
            -114.056694,
            46.897402,
            964.7
          ],
          [
            -114.055522,
            46.897336,
            965.3
          ],
          [
            -114.05444,
            46.8973,
            967.3
          ],
          [
            -114.053635,
            46.897285,
            966.6
          ],
          [
            -114.050926,
            46.897293,
            967
          ],
          [
            -114.050638,
            46.897287,
            967
          ],
          [
            -114.050191,
            46.897239,
            966.5
          ],
          [
            -114.049911,
            46.897177,
            966.5
          ],
          [
            -114.04956,
            46.89707,
            966.3
          ],
          [
            -114.04943,
            46.897002,
            966.3
          ],
          [
            -114.049196,
            46.897097,
            967
          ],
          [
            -114.049147,
            46.897166,
            967.6
          ],
          [
            -114.049,
            46.897273,
            967.9
          ],
          [
            -114.048912,
            46.89732,
            967.8
          ],
          [
            -114.048814,
            46.897358,
            967.7
          ],
          [
            -114.048708,
            46.897387,
            967.8
          ],
          [
            -114.048489,
            46.89742,
            968
          ],
          [
            -114.048283,
            46.897412,
            968.4
          ],
          [
            -114.048192,
            46.897424,
            968.4
          ],
          [
            -114.04811,
            46.897409,
            968.2
          ],
          [
            -114.048007,
            46.897408,
            968.7
          ],
          [
            -114.047937,
            46.897582,
            969.4
          ],
          [
            -114.047954,
            46.897715,
            970.3
          ],
          [
            -114.048014,
            46.897848,
            970.2
          ],
          [
            -114.04806,
            46.897903,
            970.5
          ],
          [
            -114.048079,
            46.897952,
            970.8
          ],
          [
            -114.04813,
            46.898027,
            970.7
          ],
          [
            -114.048197,
            46.898155,
            970.5
          ],
          [
            -114.048239,
            46.898274,
            970.4
          ],
          [
            -114.048264,
            46.898402,
            970.5
          ],
          [
            -114.048287,
            46.898621,
            970.3
          ],
          [
            -114.04828,
            46.899415,
            970.2
          ],
          [
            -114.048271,
            46.899564,
            970.4
          ],
          [
            -114.04829,
            46.89975,
            970.3
          ],
          [
            -114.048261,
            46.899795,
            970.4
          ],
          [
            -114.048277,
            46.899891,
            970.1
          ],
          [
            -114.048269,
            46.900142,
            970
          ],
          [
            -114.048304,
            46.900246,
            966
          ],
          [
            -114.048275,
            46.900197,
            963
          ],
          [
            -114.048318,
            46.900137,
            970
          ],
          [
            -114.048303,
            46.900096,
            970.7
          ],
          [
            -114.048305,
            46.899973,
            970
          ],
          [
            -114.048363,
            46.89976,
            970
          ],
          [
            -114.048391,
            46.899724,
            970.1
          ],
          [
            -114.048407,
            46.899683,
            969.8
          ],
          [
            -114.048408,
            46.899641,
            970
          ],
          [
            -114.048397,
            46.899603,
            970.2
          ],
          [
            -114.04834,
            46.899507,
            970
          ],
          [
            -114.048318,
            46.899389,
            969.5
          ],
          [
            -114.048343,
            46.898882,
            969.4
          ],
          [
            -114.04834,
            46.898738,
            969.5
          ],
          [
            -114.048274,
            46.898173,
            968.5
          ],
          [
            -114.048078,
            46.897844,
            969.1
          ],
          [
            -114.047589,
            46.89663,
            967.8
          ],
          [
            -114.047531,
            46.896566,
            967.2
          ],
          [
            -114.047518,
            46.896536,
            967
          ],
          [
            -114.047781,
            46.896439,
            967.5
          ],
          [
            -114.047108,
            46.894858,
            966.3
          ],
          [
            -114.046941,
            46.894695,
            966.4
          ],
          [
            -114.046592,
            46.894405,
            966.2
          ],
          [
            -114.04622,
            46.894175,
            965.9
          ],
          [
            -114.045957,
            46.893949,
            965.8
          ],
          [
            -114.045626,
            46.893963,
            966.6
          ],
          [
            -114.044873,
            46.8939,
            966.9
          ],
          [
            -114.044496,
            46.893902,
            967.1
          ],
          [
            -114.044001,
            46.893922,
            966.4
          ],
          [
            -114.04387,
            46.893907,
            966.2
          ],
          [
            -114.043736,
            46.893925,
            966.3
          ],
          [
            -114.042619,
            46.893908,
            966.5
          ],
          [
            -114.039761,
            46.893935,
            964
          ],
          [
            -114.039678,
            46.893932,
            969.3
          ],
          [
            -114.039475,
            46.893902,
            970
          ],
          [
            -114.039444,
            46.893818,
            969.7
          ],
          [
            -114.039386,
            46.893758,
            969.5
          ],
          [
            -114.039362,
            46.893702,
            969
          ],
          [
            -114.039353,
            46.893626,
            969.3
          ],
          [
            -114.039367,
            46.89333,
            968.6
          ],
          [
            -114.039353,
            46.892901,
            968.4
          ],
          [
            -114.039382,
            46.890075,
            967.2
          ],
          [
            -114.039399,
            46.885881,
            967.2
          ],
          [
            -114.039387,
            46.885746,
            967.3
          ],
          [
            -114.039332,
            46.885561,
            963
          ],
          [
            -114.039342,
            46.885255,
            966.4
          ],
          [
            -114.039317,
            46.885087,
            966.1
          ],
          [
            -114.039316,
            46.885016,
            965.9
          ],
          [
            -114.038956,
            46.884889,
            965.3
          ],
          [
            -114.037756,
            46.884629,
            964.2
          ],
          [
            -114.037022,
            46.884483,
            964.3
          ],
          [
            -114.035869,
            46.884206,
            964.1
          ],
          [
            -114.035071,
            46.884034,
            963.7
          ],
          [
            -114.034587,
            46.883919,
            963.3
          ],
          [
            -114.032979,
            46.883473,
            963.7
          ],
          [
            -114.031297,
            46.882958,
            964
          ],
          [
            -114.024291,
            46.880752,
            965.2
          ],
          [
            -114.023936,
            46.880663,
            964.9
          ],
          [
            -114.023578,
            46.880604,
            964.6
          ],
          [
            -114.023223,
            46.880575,
            964.7
          ],
          [
            -114.022002,
            46.880584,
            965.3
          ],
          [
            -114.021853,
            46.880559,
            965.4
          ],
          [
            -114.021802,
            46.880559,
            965.4
          ],
          [
            -114.02176,
            46.88047,
            965.3
          ],
          [
            -114.021521,
            46.880173,
            964.8
          ],
          [
            -114.02138,
            46.879981,
            964.7
          ],
          [
            -114.021286,
            46.879891,
            964.9
          ],
          [
            -114.021123,
            46.879683,
            964.9
          ],
          [
            -114.021059,
            46.879569,
            964.7
          ],
          [
            -114.020747,
            46.879169,
            964.8
          ],
          [
            -114.02058,
            46.878986,
            965.2
          ],
          [
            -114.02039,
            46.878806,
            965.1
          ],
          [
            -114.020174,
            46.878628,
            965
          ],
          [
            -114.019925,
            46.878462,
            964.8
          ],
          [
            -114.019787,
            46.878388,
            964.7
          ],
          [
            -114.019641,
            46.878326,
            964.9
          ],
          [
            -114.01951,
            46.87825,
            965.7
          ],
          [
            -114.019256,
            46.878159,
            965.8
          ],
          [
            -114.019149,
            46.878145,
            965.4
          ],
          [
            -114.019018,
            46.878108,
            965.1
          ],
          [
            -114.019012,
            46.87805,
            964
          ],
          [
            -114.018957,
            46.87809,
            965.5
          ],
          [
            -114.018985,
            46.878038,
            964
          ],
          [
            -114.018885,
            46.877992,
            965
          ],
          [
            -114.018736,
            46.878036,
            964.9
          ],
          [
            -114.018529,
            46.877998,
            965
          ],
          [
            -114.018144,
            46.877963,
            965.2
          ],
          [
            -114.014219,
            46.877985,
            969.3
          ],
          [
            -114.013901,
            46.877966,
            969.3
          ],
          [
            -114.013461,
            46.877918,
            969.6
          ],
          [
            -114.013345,
            46.877882,
            969.5
          ],
          [
            -114.013194,
            46.877942,
            969.4
          ],
          [
            -114.012942,
            46.877989,
            969.6
          ],
          [
            -114.012799,
            46.878002,
            969.7
          ],
          [
            -114.012338,
            46.878016,
            969
          ],
          [
            -114.006785,
            46.878003,
            976.5
          ],
          [
            -114.006503,
            46.87799,
            975.8
          ],
          [
            -114.006363,
            46.87796,
            975.4
          ],
          [
            -114.006324,
            46.877931,
            975
          ],
          [
            -114.006064,
            46.877976,
            974.8
          ],
          [
            -114.005869,
            46.877946,
            974.7
          ],
          [
            -114.005762,
            46.877946,
            974.5
          ],
          [
            -114.005652,
            46.877886,
            974.3
          ],
          [
            -114.003908,
            46.877387,
            975.7
          ],
          [
            -113.999621,
            46.876093,
            978.8
          ],
          [
            -113.998873,
            46.875865,
            978
          ],
          [
            -113.998185,
            46.875629,
            977.5
          ],
          [
            -113.997529,
            46.875429,
            977
          ],
          [
            -113.996027,
            46.875007,
            976.8
          ],
          [
            -113.988658,
            46.872814,
            980.4
          ],
          [
            -113.985653,
            46.871906,
            982.1
          ],
          [
            -113.985555,
            46.871888,
            981.9
          ],
          [
            -113.985345,
            46.871897,
            981.8
          ],
          [
            -113.98514,
            46.871936,
            981.8
          ],
          [
            -113.984706,
            46.872084,
            981.3
          ],
          [
            -113.984597,
            46.872134,
            981.3
          ],
          [
            -113.984385,
            46.872269,
            980.8
          ],
          [
            -113.98405,
            46.872505,
            979.6
          ],
          [
            -113.983925,
            46.872576,
            979.7
          ],
          [
            -113.983819,
            46.872661,
            980
          ],
          [
            -113.983727,
            46.872753,
            980.1
          ],
          [
            -113.983647,
            46.872856,
            980.9
          ],
          [
            -113.983521,
            46.873096,
            982.8
          ],
          [
            -113.983265,
            46.873541,
            989.1
          ],
          [
            -113.982116,
            46.875393,
            1006.6
          ],
          [
            -113.9818,
            46.875864,
            1007.8
          ],
          [
            -113.981612,
            46.876094,
            1008.5
          ],
          [
            -113.9815,
            46.876202,
            1008.7
          ],
          [
            -113.981227,
            46.876396,
            1008.9
          ],
          [
            -113.980933,
            46.876579,
            1008.9
          ],
          [
            -113.980171,
            46.877015,
            1013.6
          ],
          [
            -113.979889,
            46.877195,
            1015
          ],
          [
            -113.979761,
            46.877291,
            1015.4
          ],
          [
            -113.979269,
            46.877747,
            1015.1
          ],
          [
            -113.978653,
            46.878353,
            1013
          ],
          [
            -113.978151,
            46.878863,
            1012.2
          ],
          [
            -113.977919,
            46.879114,
            1012.2
          ],
          [
            -113.977712,
            46.879371,
            1012.2
          ],
          [
            -113.977528,
            46.879641,
            1011.8
          ],
          [
            -113.977126,
            46.880335,
            1011.9
          ],
          [
            -113.97698,
            46.880613,
            1012.2
          ],
          [
            -113.976563,
            46.88159,
            1011.1
          ],
          [
            -113.97646,
            46.88187,
            1011.2
          ],
          [
            -113.976377,
            46.882157,
            1011.1
          ],
          [
            -113.976329,
            46.882448,
            1011.5
          ],
          [
            -113.976312,
            46.882742,
            1011.7
          ],
          [
            -113.976321,
            46.884122,
            1012.6
          ],
          [
            -113.976301,
            46.884493,
            1012.9
          ],
          [
            -113.976322,
            46.884819,
            1013.5
          ],
          [
            -113.976336,
            46.884912,
            1013.4
          ],
          [
            -113.976317,
            46.885,
            1013.3
          ],
          [
            -113.976326,
            46.885208,
            1012
          ],
          [
            -113.976312,
            46.885247,
            1012.4
          ],
          [
            -113.976278,
            46.885269,
            1012.5
          ],
          [
            -113.976225,
            46.885255,
            1012.4
          ],
          [
            -113.975593,
            46.88526,
            1012.8
          ],
          [
            -113.973375,
            46.88524,
            1014
          ],
          [
            -113.97247,
            46.885243,
            1012.6
          ],
          [
            -113.972088,
            46.885233,
            1011.3
          ],
          [
            -113.971837,
            46.885202,
            1010.4
          ],
          [
            -113.971591,
            46.885133,
            1010.2
          ],
          [
            -113.971037,
            46.884869,
            1008.6
          ],
          [
            -113.970796,
            46.884778,
            1007.7
          ],
          [
            -113.970653,
            46.884782,
            1007.5
          ],
          [
            -113.970384,
            46.884762,
            1007.6
          ],
          [
            -113.970018,
            46.884753,
            1007.3
          ],
          [
            -113.969926,
            46.884761,
            1007.4
          ],
          [
            -113.969849,
            46.884784,
            1007.4
          ],
          [
            -113.969791,
            46.884776,
            1007
          ],
          [
            -113.969762,
            46.884878,
            1007.2
          ],
          [
            -113.969759,
            46.885074,
            1007.6
          ],
          [
            -113.969739,
            46.885223,
            1008.8
          ],
          [
            -113.969742,
            46.886081,
            1010.7
          ],
          [
            -113.969755,
            46.886251,
            1010.6
          ],
          [
            -113.969771,
            46.886331,
            1011
          ],
          [
            -113.969777,
            46.886578,
            1010.9
          ],
          [
            -113.969759,
            46.88674,
            1011.7
          ],
          [
            -113.969747,
            46.887048,
            1011.6
          ],
          [
            -113.969747,
            46.88756,
            1011.1
          ],
          [
            -113.969764,
            46.887678,
            1010.8
          ],
          [
            -113.969747,
            46.887732,
            1010.4
          ],
          [
            -113.969749,
            46.888008,
            1010
          ],
          [
            -113.969725,
            46.888032,
            1010.4
          ],
          [
            -113.96923,
            46.887602,
            1010.3
          ],
          [
            -113.969711,
            46.888042,
            1010
          ],
          [
            -113.969744,
            46.888055,
            1008
          ],
          [
            -113.969768,
            46.888028,
            1012
          ],
          [
            -113.969744,
            46.88798,
            1008
          ],
          [
            -113.96972,
            46.888025,
            1011.4
          ],
          [
            -113.969635,
            46.88801,
            1008
          ],
          [
            -113.9696,
            46.888035,
            1008
          ],
          [
            -113.969584,
            46.888061,
            1010
          ],
          [
            -113.969469,
            46.888085,
            1010
          ],
          [
            -113.968905,
            46.888034,
            1014.7
          ],
          [
            -113.968862,
            46.888021,
            1014.9
          ],
          [
            -113.96873,
            46.88802,
            1015.5
          ],
          [
            -113.969301,
            46.887932,
            1012.7
          ]
        ]
      }
    }
  ]
}
