{
  "type": "FeatureCollection",
  "features": [
    {
      "type": "Feature",
      "properties": {
        "name": "Waldo Expedition Route — d034-2520_Wylie_Avenue-Missoula-MT_to_Beauty_Creek_Campground-Kootenai_County-ID-USA",
        "description": "GPS track exported from Gaia GPS (d034-2520_Wylie_Avenue-Missoula-MT_to_Beauty_Creek_Campground-Kootenai_County-ID-USA.gpx)",
        "sourceFile": "d034-2520_Wylie_Avenue-Missoula-MT_to_Beauty_Creek_Campground-Kootenai_County-ID-USA.gpx",
        "generated": "2026-07-28T04:45:33.969Z",
        "pointCount": 8494,
        "distanceKm": 462.264
      },
      "geometry": {
        "type": "LineString",
        "coordinates": [
          [
            -113.969641,
            46.888004,
            1007.9
          ],
          [
            -113.969633,
            46.887995,
            1012.3
          ],
          [
            -113.969647,
            46.888027,
            1014.2
          ],
          [
            -113.969658,
            46.888021,
            1015.9
          ],
          [
            -113.969643,
            46.888065,
            462
          ],
          [
            -113.969715,
            46.888059,
            1008
          ],
          [
            -113.969745,
            46.888041,
            1009
          ],
          [
            -113.96977,
            46.888002,
            1010.6
          ],
          [
            -113.969782,
            46.88792,
            1011.3
          ],
          [
            -113.969791,
            46.887368,
            1016
          ],
          [
            -113.969805,
            46.887336,
            1016
          ],
          [
            -113.969846,
            46.887315,
            1017
          ],
          [
            -113.969775,
            46.887301,
            1015
          ],
          [
            -113.96975,
            46.888079,
            1020
          ],
          [
            -113.969726,
            46.888067,
            1020
          ],
          [
            -113.969756,
            46.888019,
            1021.1
          ],
          [
            -113.969744,
            46.887985,
            1021.2
          ],
          [
            -113.969747,
            46.887852,
            1021.2
          ],
          [
            -113.969794,
            46.887802,
            1021.2
          ],
          [
            -113.969825,
            46.887368,
            1021.3
          ],
          [
            -113.969828,
            46.886415,
            1022
          ],
          [
            -113.969848,
            46.886149,
            1021.4
          ],
          [
            -113.969857,
            46.885764,
            1021
          ],
          [
            -113.969833,
            46.885692,
            1020.8
          ],
          [
            -113.96984,
            46.885337,
            1020.7
          ],
          [
            -113.969827,
            46.885126,
            1020.6
          ],
          [
            -113.969832,
            46.884847,
            1020
          ],
          [
            -113.96981,
            46.884727,
            1020.2
          ],
          [
            -113.969774,
            46.884683,
            1020.1
          ],
          [
            -113.969794,
            46.884631,
            1020
          ],
          [
            -113.96979,
            46.884581,
            1019.9
          ],
          [
            -113.969763,
            46.884523,
            1019.9
          ],
          [
            -113.969761,
            46.884462,
            1019.7
          ],
          [
            -113.969775,
            46.884337,
            1019.3
          ],
          [
            -113.969808,
            46.884275,
            1019.1
          ],
          [
            -113.969846,
            46.88401,
            1018.5
          ],
          [
            -113.969825,
            46.883938,
            1018.4
          ],
          [
            -113.96983,
            46.883798,
            1018.2
          ],
          [
            -113.969839,
            46.883647,
            1018
          ],
          [
            -113.969867,
            46.883572,
            1017.9
          ],
          [
            -113.969848,
            46.883339,
            1018
          ],
          [
            -113.969795,
            46.883263,
            1018.1
          ],
          [
            -113.969788,
            46.883182,
            1018.2
          ],
          [
            -113.969792,
            46.883026,
            1018.4
          ],
          [
            -113.969822,
            46.882955,
            1018.4
          ],
          [
            -113.969849,
            46.88269,
            1018.6
          ],
          [
            -113.96985,
            46.882575,
            1018.6
          ],
          [
            -113.969783,
            46.882506,
            1018.6
          ],
          [
            -113.969808,
            46.882474,
            1018.6
          ],
          [
            -113.969774,
            46.882447,
            1018.6
          ],
          [
            -113.969759,
            46.882409,
            1018.6
          ],
          [
            -113.969758,
            46.882343,
            1018.5
          ],
          [
            -113.969782,
            46.88229,
            1018.5
          ],
          [
            -113.969826,
            46.882231,
            1018.4
          ],
          [
            -113.969844,
            46.882161,
            1018.3
          ],
          [
            -113.969836,
            46.882081,
            1018.1
          ],
          [
            -113.969847,
            46.881824,
            1017.4
          ],
          [
            -113.96985,
            46.880786,
            1015.1
          ],
          [
            -113.969874,
            46.880677,
            1015
          ],
          [
            -113.969854,
            46.88056,
            1015
          ],
          [
            -113.969848,
            46.880446,
            1015
          ],
          [
            -113.969835,
            46.879664,
            1017.2
          ],
          [
            -113.969843,
            46.879238,
            1018.3
          ],
          [
            -113.969857,
            46.879032,
            1018
          ],
          [
            -113.969891,
            46.878825,
            1017.9
          ],
          [
            -113.969952,
            46.878613,
            1017.7
          ],
          [
            -113.970046,
            46.8784,
            1017.3
          ],
          [
            -113.970105,
            46.878296,
            1016.8
          ],
          [
            -113.970195,
            46.878202,
            1016.3
          ],
          [
            -113.970355,
            46.878006,
            1015.7
          ],
          [
            -113.970448,
            46.877912,
            1015.4
          ],
          [
            -113.97066,
            46.877726,
            1014.7
          ],
          [
            -113.97088,
            46.877566,
            1013.5
          ],
          [
            -113.970992,
            46.877468,
            1012.8
          ],
          [
            -113.971122,
            46.877376,
            1012.1
          ],
          [
            -113.971289,
            46.87728,
            1011.4
          ],
          [
            -113.971775,
            46.876946,
            1009.6
          ],
          [
            -113.971912,
            46.876829,
            1009.1
          ],
          [
            -113.973327,
            46.875892,
            1006.2
          ],
          [
            -113.980498,
            46.871041,
            990
          ],
          [
            -113.980627,
            46.870971,
            988
          ],
          [
            -113.980716,
            46.87094,
            991.1
          ],
          [
            -113.980831,
            46.87092,
            990.8
          ],
          [
            -113.981012,
            46.870927,
            990.6
          ],
          [
            -113.981091,
            46.870976,
            990.5
          ],
          [
            -113.981212,
            46.871018,
            990.5
          ],
          [
            -113.98152,
            46.871166,
            990.8
          ],
          [
            -113.981899,
            46.871374,
            991.7
          ],
          [
            -113.982049,
            46.871436,
            992.1
          ],
          [
            -113.982951,
            46.871885,
            994.8
          ],
          [
            -113.983428,
            46.872157,
            995.3
          ],
          [
            -113.983906,
            46.872476,
            995.6
          ],
          [
            -113.984952,
            46.873202,
            996.2
          ],
          [
            -113.985501,
            46.873614,
            996.6
          ],
          [
            -113.986031,
            46.874061,
            997
          ],
          [
            -113.986556,
            46.87454,
            997.5
          ],
          [
            -113.991859,
            46.879574,
            994.1
          ],
          [
            -113.992403,
            46.880111,
            993.4
          ],
          [
            -113.992768,
            46.880523,
            993
          ],
          [
            -113.993035,
            46.880871,
            992.4
          ],
          [
            -113.993201,
            46.881111,
            992.2
          ],
          [
            -113.993428,
            46.881475,
            991.6
          ],
          [
            -113.993568,
            46.881723,
            991.4
          ],
          [
            -113.993754,
            46.882097,
            991
          ],
          [
            -113.993926,
            46.882524,
            991.2
          ],
          [
            -113.994423,
            46.884039,
            994.1
          ],
          [
            -113.994587,
            46.884476,
            995.1
          ],
          [
            -113.994778,
            46.884904,
            996.2
          ],
          [
            -113.994885,
            46.885116,
            996.6
          ],
          [
            -113.995238,
            46.885735,
            998.1
          ],
          [
            -113.995653,
            46.886342,
            999.6
          ],
          [
            -113.995968,
            46.886741,
            1000.7
          ],
          [
            -113.996305,
            46.887133,
            1001.8
          ],
          [
            -113.996664,
            46.887517,
            1002.9
          ],
          [
            -113.99705,
            46.887889,
            1003.9
          ],
          [
            -113.997467,
            46.888249,
            1004.9
          ],
          [
            -113.998086,
            46.888731,
            1006
          ],
          [
            -113.998545,
            46.889057,
            1006.4
          ],
          [
            -113.998833,
            46.889247,
            1006.6
          ],
          [
            -113.999044,
            46.889354,
            1006.7
          ],
          [
            -113.999599,
            46.889672,
            1006.8
          ],
          [
            -114.000071,
            46.889917,
            1006.9
          ],
          [
            -114.000609,
            46.89018,
            1006.9
          ],
          [
            -114.002286,
            46.890968,
            1006.9
          ],
          [
            -114.002588,
            46.891093,
            1006.9
          ],
          [
            -114.003712,
            46.891615,
            1007.2
          ],
          [
            -114.00706,
            46.893192,
            1007
          ],
          [
            -114.007615,
            46.893462,
            1006.8
          ],
          [
            -114.008405,
            46.893885,
            1006.7
          ],
          [
            -114.009177,
            46.894334,
            1006.3
          ],
          [
            -114.00993,
            46.89481,
            1005.2
          ],
          [
            -114.010419,
            46.895143,
            1004.1
          ],
          [
            -114.011116,
            46.895665,
            1002.1
          ],
          [
            -114.01157,
            46.896028,
            1000.7
          ],
          [
            -114.012167,
            46.896547,
            998.8
          ],
          [
            -114.012976,
            46.897298,
            997.4
          ],
          [
            -114.016122,
            46.900272,
            1000.7
          ],
          [
            -114.016719,
            46.900818,
            1001.7
          ],
          [
            -114.017331,
            46.90135,
            1002.5
          ],
          [
            -114.018159,
            46.902034,
            1003.4
          ],
          [
            -114.019015,
            46.902705,
            1004.7
          ],
          [
            -114.019684,
            46.903197,
            1006
          ],
          [
            -114.020821,
            46.904003,
            1008.5
          ],
          [
            -114.024515,
            46.906583,
            1017.1
          ],
          [
            -114.027466,
            46.908686,
            1019.8
          ],
          [
            -114.031068,
            46.911234,
            1017.9
          ],
          [
            -114.032236,
            46.912038,
            1016.1
          ],
          [
            -114.033395,
            46.912866,
            1014.9
          ],
          [
            -114.034124,
            46.913347,
            1014.4
          ],
          [
            -114.034893,
            46.913805,
            1014.1
          ],
          [
            -114.035425,
            46.914099,
            1014
          ],
          [
            -114.035706,
            46.914226,
            1013.9
          ],
          [
            -114.03596,
            46.914384,
            1013.9
          ],
          [
            -114.036794,
            46.914792,
            1013.6
          ],
          [
            -114.037144,
            46.91488,
            1013.5
          ],
          [
            -114.037725,
            46.915132,
            1013.6
          ],
          [
            -114.038321,
            46.915375,
            1013.6
          ],
          [
            -114.03918,
            46.915693,
            1013.4
          ],
          [
            -114.040123,
            46.916009,
            1013.3
          ],
          [
            -114.041441,
            46.916356,
            1013.3
          ],
          [
            -114.04379,
            46.916911,
            1011.4
          ],
          [
            -114.044141,
            46.916979,
            1010.9
          ],
          [
            -114.049587,
            46.918243,
            999.9
          ],
          [
            -114.050608,
            46.918453,
            998.1
          ],
          [
            -114.052638,
            46.918848,
            995.6
          ],
          [
            -114.058368,
            46.919936,
            993.5
          ],
          [
            -114.059725,
            46.920213,
            993.8
          ],
          [
            -114.060391,
            46.920371,
            994
          ],
          [
            -114.061052,
            46.920544,
            994.2
          ],
          [
            -114.062094,
            46.920852,
            994.5
          ],
          [
            -114.062666,
            46.921038,
            994.6
          ],
          [
            -114.063295,
            46.92126,
            994.9
          ],
          [
            -114.064219,
            46.921619,
            995.3
          ],
          [
            -114.065407,
            46.922139,
            995.6
          ],
          [
            -114.067129,
            46.92298,
            996.2
          ],
          [
            -114.078507,
            46.928651,
            999.7
          ],
          [
            -114.093055,
            46.935881,
            1001.2
          ],
          [
            -114.094779,
            46.936729,
            1000.6
          ],
          [
            -114.095369,
            46.936999,
            1000.5
          ],
          [
            -114.095671,
            46.937122,
            1000.3
          ],
          [
            -114.096292,
            46.937356,
            1000.1
          ],
          [
            -114.097263,
            46.937648,
            999.8
          ],
          [
            -114.097915,
            46.937824,
            999.5
          ],
          [
            -114.098951,
            46.938054,
            999.1
          ],
          [
            -114.099973,
            46.938247,
            998.7
          ],
          [
            -114.100322,
            46.938283,
            998.5
          ],
          [
            -114.102397,
            46.938586,
            997.7
          ],
          [
            -114.102736,
            46.938653,
            997.7
          ],
          [
            -114.105143,
            46.939001,
            998.6
          ],
          [
            -114.106171,
            46.939165,
            999.1
          ],
          [
            -114.106789,
            46.939282,
            999.1
          ],
          [
            -114.107803,
            46.939499,
            998.9
          ],
          [
            -114.108472,
            46.939661,
            998.4
          ],
          [
            -114.109463,
            46.939931,
            997.4
          ],
          [
            -114.110447,
            46.940233,
            995.7
          ],
          [
            -114.111087,
            46.940451,
            994.6
          ],
          [
            -114.112019,
            46.940798,
            993.3
          ],
          [
            -114.112624,
            46.941047,
            992.8
          ],
          [
            -114.113213,
            46.941306,
            992.7
          ],
          [
            -114.114071,
            46.94172,
            992.8
          ],
          [
            -114.1149,
            46.942162,
            993.8
          ],
          [
            -114.116528,
            46.943089,
            996.3
          ],
          [
            -114.123523,
            46.947131,
            1001.5
          ],
          [
            -114.12948,
            46.950554,
            1000.3
          ],
          [
            -114.135179,
            46.953809,
            1002.7
          ],
          [
            -114.136798,
            46.954744,
            1003.1
          ],
          [
            -114.142775,
            46.958149,
            991.7
          ],
          [
            -114.146827,
            46.960484,
            975.5
          ],
          [
            -114.150351,
            46.962494,
            965.3
          ],
          [
            -114.153251,
            46.964163,
            967
          ],
          [
            -114.156228,
            46.965853,
            977.8
          ],
          [
            -114.158406,
            46.967108,
            982.4
          ],
          [
            -114.16387,
            46.970224,
            974.2
          ],
          [
            -114.164648,
            46.970707,
            973.9
          ],
          [
            -114.165149,
            46.971046,
            974.2
          ],
          [
            -114.165387,
            46.971219,
            974.4
          ],
          [
            -114.165848,
            46.971578,
            974.7
          ],
          [
            -114.166298,
            46.971953,
            974.9
          ],
          [
            -114.166695,
            46.972301,
            975
          ],
          [
            -114.167151,
            46.972738,
            974.8
          ],
          [
            -114.167502,
            46.973105,
            973.8
          ],
          [
            -114.16787,
            46.973526,
            972.9
          ],
          [
            -114.168389,
            46.974159,
            971.6
          ],
          [
            -114.172944,
            46.979906,
            972
          ],
          [
            -114.173308,
            46.980323,
            971.7
          ],
          [
            -114.173505,
            46.980527,
            971.5
          ],
          [
            -114.173927,
            46.980917,
            971.2
          ],
          [
            -114.174378,
            46.981292,
            971
          ],
          [
            -114.175318,
            46.982017,
            971.3
          ],
          [
            -114.181272,
            46.986755,
            972.2
          ],
          [
            -114.181983,
            46.987303,
            971.9
          ],
          [
            -114.184748,
            46.989494,
            973.5
          ],
          [
            -114.194184,
            46.996988,
            970.7
          ],
          [
            -114.19467,
            46.997347,
            970.6
          ],
          [
            -114.19517,
            46.997692,
            970.6
          ],
          [
            -114.195941,
            46.998186,
            970.3
          ],
          [
            -114.196751,
            46.998662,
            969.5
          ],
          [
            -114.197595,
            46.99911,
            968
          ],
          [
            -114.198175,
            46.99939,
            966.6
          ],
          [
            -114.199664,
            47.000062,
            961.8
          ],
          [
            -114.200037,
            47.000146,
            960.6
          ],
          [
            -114.201222,
            47.000685,
            955.7
          ],
          [
            -114.201787,
            47.000975,
            953.4
          ],
          [
            -114.202597,
            47.001443,
            950.2
          ],
          [
            -114.202854,
            47.001608,
            949.1
          ],
          [
            -114.203351,
            47.001949,
            947
          ],
          [
            -114.203779,
            47.002266,
            944.8
          ],
          [
            -114.204056,
            47.002484,
            943.7
          ],
          [
            -114.2045,
            47.002859,
            941.7
          ],
          [
            -114.206831,
            47.004913,
            935.8
          ],
          [
            -114.207281,
            47.005283,
            936
          ],
          [
            -114.207753,
            47.005642,
            936
          ],
          [
            -114.208299,
            47.006034,
            936
          ],
          [
            -114.208758,
            47.006343,
            936
          ],
          [
            -114.209277,
            47.006671,
            935.7
          ],
          [
            -114.210089,
            47.007148,
            935.5
          ],
          [
            -114.210639,
            47.007449,
            935.4
          ],
          [
            -114.211491,
            47.007884,
            935.4
          ],
          [
            -114.212071,
            47.008157,
            935.4
          ],
          [
            -114.21483,
            47.009251,
            933.5
          ],
          [
            -114.21512,
            47.00939,
            933.2
          ],
          [
            -114.219969,
            47.011297,
            932
          ],
          [
            -114.220581,
            47.011545,
            932
          ],
          [
            -114.22118,
            47.011808,
            932
          ],
          [
            -114.221754,
            47.012088,
            932.1
          ],
          [
            -114.222585,
            47.012542,
            932.3
          ],
          [
            -114.223113,
            47.012868,
            932.5
          ],
          [
            -114.223366,
            47.013036,
            932.6
          ],
          [
            -114.224091,
            47.013559,
            932.7
          ],
          [
            -114.224554,
            47.01393,
            932.8
          ],
          [
            -114.22542,
            47.014693,
            933
          ],
          [
            -114.226087,
            47.015265,
            933.4
          ],
          [
            -114.226555,
            47.015635,
            933.7
          ],
          [
            -114.226795,
            47.015811,
            933.8
          ],
          [
            -114.227302,
            47.016154,
            933.9
          ],
          [
            -114.22756,
            47.016318,
            933.9
          ],
          [
            -114.228098,
            47.016635,
            933.8
          ],
          [
            -114.228937,
            47.017075,
            933.8
          ],
          [
            -114.229522,
            47.017351,
            933.6
          ],
          [
            -114.230434,
            47.017725,
            933.4
          ],
          [
            -114.231378,
            47.01806,
            933.1
          ],
          [
            -114.232287,
            47.018328,
            933.3
          ],
          [
            -114.23337,
            47.018582,
            933.2
          ],
          [
            -114.234389,
            47.018776,
            933.3
          ],
          [
            -114.235012,
            47.018868,
            933.2
          ],
          [
            -114.236062,
            47.018983,
            932.5
          ],
          [
            -114.23712,
            47.019065,
            931.8
          ],
          [
            -114.238885,
            47.019173,
            932.2
          ],
          [
            -114.239318,
            47.019086,
            932.1
          ],
          [
            -114.244963,
            47.019442,
            932.4
          ],
          [
            -114.246375,
            47.019561,
            932.1
          ],
          [
            -114.247773,
            47.01971,
            931.5
          ],
          [
            -114.249862,
            47.019987,
            930.9
          ],
          [
            -114.250894,
            47.020149,
            930.4
          ],
          [
            -114.251929,
            47.02033,
            929.9
          ],
          [
            -114.252882,
            47.020512,
            929.4
          ],
          [
            -114.253562,
            47.020653,
            929.2
          ],
          [
            -114.255905,
            47.021189,
            929
          ],
          [
            -114.261247,
            47.022473,
            929.3
          ],
          [
            -114.264922,
            47.023367,
            931.1
          ],
          [
            -114.266945,
            47.023842,
            930.1
          ],
          [
            -114.272885,
            47.025271,
            929
          ],
          [
            -114.275227,
            47.025829,
            929.5
          ],
          [
            -114.275911,
            47.025961,
            929.5
          ],
          [
            -114.27661,
            47.026064,
            929.2
          ],
          [
            -114.277668,
            47.026187,
            928.6
          ],
          [
            -114.28046,
            47.026486,
            928
          ],
          [
            -114.28083,
            47.026468,
            928
          ],
          [
            -114.296161,
            47.028104,
            931.3
          ],
          [
            -114.299646,
            47.028487,
            926.6
          ],
          [
            -114.307697,
            47.02933,
            926.7
          ],
          [
            -114.309723,
            47.02955,
            926
          ],
          [
            -114.310778,
            47.029686,
            925.5
          ],
          [
            -114.311467,
            47.029798,
            925.3
          ],
          [
            -114.312225,
            47.029939,
            925.2
          ],
          [
            -114.312834,
            47.030066,
            925.2
          ],
          [
            -114.313504,
            47.03022,
            924.9
          ],
          [
            -114.314165,
            47.030387,
            924.9
          ],
          [
            -114.315142,
            47.030665,
            925
          ],
          [
            -114.319004,
            47.03189,
            926.2
          ],
          [
            -114.319985,
            47.032178,
            926.5
          ],
          [
            -114.320973,
            47.032448,
            926.7
          ],
          [
            -114.321966,
            47.032701,
            926.9
          ],
          [
            -114.322965,
            47.032942,
            927
          ],
          [
            -114.323976,
            47.033165,
            926.5
          ],
          [
            -114.325343,
            47.033439,
            926.7
          ],
          [
            -114.326024,
            47.033564,
            926.8
          ],
          [
            -114.326378,
            47.033606,
            926.7
          ],
          [
            -114.327408,
            47.03377,
            926.5
          ],
          [
            -114.328103,
            47.033868,
            926.3
          ],
          [
            -114.329431,
            47.034037,
            925.6
          ],
          [
            -114.330131,
            47.034117,
            925.5
          ],
          [
            -114.331178,
            47.034215,
            925
          ],
          [
            -114.332574,
            47.034326,
            924.6
          ],
          [
            -114.332923,
            47.034369,
            924.5
          ],
          [
            -114.333984,
            47.034429,
            924.3
          ],
          [
            -114.334405,
            47.034433,
            924.4
          ],
          [
            -114.335399,
            47.03448,
            924
          ],
          [
            -114.33575,
            47.034516,
            923.8
          ],
          [
            -114.336141,
            47.034446,
            923.7
          ],
          [
            -114.337913,
            47.034547,
            923.6
          ],
          [
            -114.340033,
            47.034682,
            923.5
          ],
          [
            -114.340744,
            47.034714,
            923.8
          ],
          [
            -114.341798,
            47.034733,
            924.6
          ],
          [
            -114.342508,
            47.034718,
            925
          ],
          [
            -114.343219,
            47.034671,
            925.6
          ],
          [
            -114.343569,
            47.034638,
            925.7
          ],
          [
            -114.344262,
            47.034551,
            925.8
          ],
          [
            -114.344949,
            47.034427,
            925.9
          ],
          [
            -114.345292,
            47.034296,
            925.9
          ],
          [
            -114.345631,
            47.034217,
            926.2
          ],
          [
            -114.346287,
            47.03404,
            926
          ],
          [
            -114.346935,
            47.033835,
            925.7
          ],
          [
            -114.348744,
            47.033185,
            926.2
          ],
          [
            -114.353456,
            47.031534,
            933
          ],
          [
            -114.354067,
            47.031293,
            934
          ],
          [
            -114.354711,
            47.030995,
            935.1
          ],
          [
            -114.354938,
            47.030789,
            935.4
          ],
          [
            -114.35543,
            47.030507,
            936.4
          ],
          [
            -114.355687,
            47.030341,
            936.8
          ],
          [
            -114.356169,
            47.029984,
            937.3
          ],
          [
            -114.356359,
            47.029777,
            937.4
          ],
          [
            -114.356764,
            47.02938,
            938.4
          ],
          [
            -114.356949,
            47.029175,
            938.8
          ],
          [
            -114.357292,
            47.028754,
            940.1
          ],
          [
            -114.360111,
            47.025115,
            958.6
          ],
          [
            -114.360298,
            47.024904,
            959.3
          ],
          [
            -114.361629,
            47.023172,
            962.8
          ],
          [
            -114.361942,
            47.022789,
            962.9
          ],
          [
            -114.362124,
            47.022583,
            962.9
          ],
          [
            -114.362556,
            47.02214,
            963.1
          ],
          [
            -114.36294,
            47.021793,
            963
          ],
          [
            -114.36344,
            47.021395,
            963.2
          ],
          [
            -114.363928,
            47.021053,
            962.9
          ],
          [
            -114.364383,
            47.020765,
            963.2
          ],
          [
            -114.364932,
            47.020463,
            963.7
          ],
          [
            -114.365507,
            47.020182,
            964.3
          ],
          [
            -114.36611,
            47.019926,
            965.1
          ],
          [
            -114.366738,
            47.019695,
            965.6
          ],
          [
            -114.367057,
            47.019591,
            965.9
          ],
          [
            -114.36771,
            47.019404,
            966.4
          ],
          [
            -114.368382,
            47.019244,
            966.2
          ],
          [
            -114.368721,
            47.019175,
            966.1
          ],
          [
            -114.369481,
            47.019047,
            966
          ],
          [
            -114.370111,
            47.01897,
            965.7
          ],
          [
            -114.370466,
            47.018941,
            965.7
          ],
          [
            -114.371182,
            47.018907,
            965.7
          ],
          [
            -114.372248,
            47.018898,
            964.5
          ],
          [
            -114.372955,
            47.018936,
            963.7
          ],
          [
            -114.373309,
            47.018968,
            963.3
          ],
          [
            -114.374002,
            47.01905,
            962.3
          ],
          [
            -114.374675,
            47.019153,
            960.9
          ],
          [
            -114.375332,
            47.019285,
            959.5
          ],
          [
            -114.375651,
            47.01936,
            959.1
          ],
          [
            -114.376282,
            47.019533,
            957.6
          ],
          [
            -114.376894,
            47.019728,
            955.8
          ],
          [
            -114.383225,
            47.021912,
            932.8
          ],
          [
            -114.386162,
            47.022936,
            924.2
          ],
          [
            -114.386766,
            47.02312,
            923.2
          ],
          [
            -114.387082,
            47.023205,
            922.8
          ],
          [
            -114.387727,
            47.023344,
            921.8
          ],
          [
            -114.388396,
            47.023443,
            921.2
          ],
          [
            -114.389081,
            47.023502,
            920.9
          ],
          [
            -114.389433,
            47.023517,
            920.7
          ],
          [
            -114.389779,
            47.023483,
            920.9
          ],
          [
            -114.390127,
            47.023468,
            920.6
          ],
          [
            -114.390472,
            47.023441,
            920.3
          ],
          [
            -114.390811,
            47.023403,
            920
          ],
          [
            -114.391485,
            47.023299,
            918.9
          ],
          [
            -114.392145,
            47.023149,
            918.4
          ],
          [
            -114.392779,
            47.022964,
            918
          ],
          [
            -114.393174,
            47.022823,
            917.9
          ],
          [
            -114.39377,
            47.022579,
            917.5
          ],
          [
            -114.394332,
            47.022296,
            917
          ],
          [
            -114.395931,
            47.021446,
            916
          ],
          [
            -114.396226,
            47.02126,
            915.9
          ],
          [
            -114.403065,
            47.017501,
            917.3
          ],
          [
            -114.404436,
            47.016756,
            917.8
          ],
          [
            -114.407168,
            47.015232,
            919
          ],
          [
            -114.407706,
            47.014924,
            919.2
          ],
          [
            -114.408173,
            47.014639,
            919.5
          ],
          [
            -114.408923,
            47.014128,
            919.8
          ],
          [
            -114.409161,
            47.013956,
            919.9
          ],
          [
            -114.409614,
            47.013588,
            919.9
          ],
          [
            -114.40987,
            47.013357,
            919.8
          ],
          [
            -114.409998,
            47.01316,
            919.9
          ],
          [
            -114.410401,
            47.012766,
            919.9
          ],
          [
            -114.410779,
            47.012363,
            920
          ],
          [
            -114.41096,
            47.012156,
            920
          ],
          [
            -114.411294,
            47.011737,
            919.8
          ],
          [
            -114.411601,
            47.011306,
            920.3
          ],
          [
            -114.411743,
            47.011089,
            920.6
          ],
          [
            -114.412025,
            47.010598,
            921.5
          ],
          [
            -114.412237,
            47.010196,
            922.5
          ],
          [
            -114.412343,
            47.00997,
            923.1
          ],
          [
            -114.412534,
            47.00951,
            924.2
          ],
          [
            -114.412691,
            47.00904,
            925.1
          ],
          [
            -114.412674,
            47.008786,
            925.6
          ],
          [
            -114.412792,
            47.008304,
            926.6
          ],
          [
            -114.413462,
            47.005205,
            933.1
          ],
          [
            -114.41352,
            47.004966,
            933.6
          ],
          [
            -114.413657,
            47.004494,
            934.5
          ],
          [
            -114.41383,
            47.004029,
            935.4
          ],
          [
            -114.414049,
            47.003573,
            936.3
          ],
          [
            -114.41431,
            47.003127,
            937.3
          ],
          [
            -114.414613,
            47.002691,
            938.3
          ],
          [
            -114.41495,
            47.00227,
            939.4
          ],
          [
            -114.415286,
            47.001903,
            940.1
          ],
          [
            -114.415489,
            47.001704,
            940.5
          ],
          [
            -114.415918,
            47.001318,
            941
          ],
          [
            -114.416355,
            47.000945,
            941.5
          ],
          [
            -114.418152,
            46.99947,
            944.5
          ],
          [
            -114.421316,
            46.996904,
            948.8
          ],
          [
            -114.421783,
            46.996541,
            949.3
          ],
          [
            -114.424754,
            46.994146,
            947.2
          ],
          [
            -114.425447,
            46.993597,
            944.7
          ],
          [
            -114.425926,
            46.993247,
            943.2
          ],
          [
            -114.426176,
            46.993076,
            942.5
          ],
          [
            -114.426694,
            46.992752,
            940.9
          ],
          [
            -114.427184,
            46.992483,
            939.4
          ],
          [
            -114.427472,
            46.992342,
            938.7
          ],
          [
            -114.428061,
            46.992086,
            937.2
          ],
          [
            -114.428369,
            46.991966,
            936.6
          ],
          [
            -114.428991,
            46.991748,
            934.6
          ],
          [
            -114.429635,
            46.991556,
            932.5
          ],
          [
            -114.429968,
            46.991472,
            931.4
          ],
          [
            -114.430641,
            46.991327,
            929.5
          ],
          [
            -114.431328,
            46.991231,
            927.6
          ],
          [
            -114.43202,
            46.991153,
            926
          ],
          [
            -114.432717,
            46.991107,
            924.4
          ],
          [
            -114.433413,
            46.991094,
            923
          ],
          [
            -114.434112,
            46.991103,
            922
          ],
          [
            -114.434464,
            46.991098,
            921.7
          ],
          [
            -114.43481,
            46.991123,
            921.5
          ],
          [
            -114.435506,
            46.991201,
            921.1
          ],
          [
            -114.436183,
            46.991306,
            921.4
          ],
          [
            -114.436533,
            46.991442,
            921.7
          ],
          [
            -114.438535,
            46.991885,
            921.9
          ],
          [
            -114.458845,
            46.996459,
            917.5
          ],
          [
            -114.459502,
            46.996622,
            917
          ],
          [
            -114.460157,
            46.996806,
            916.7
          ],
          [
            -114.460802,
            46.997004,
            916.3
          ],
          [
            -114.461432,
            46.997216,
            915.9
          ],
          [
            -114.464786,
            46.998432,
            913.9
          ],
          [
            -114.466929,
            46.999221,
            915.5
          ],
          [
            -114.467859,
            46.999551,
            916.6
          ],
          [
            -114.468491,
            46.999758,
            917.3
          ],
          [
            -114.469136,
            46.999951,
            917.9
          ],
          [
            -114.470123,
            47.000216,
            918.7
          ],
          [
            -114.470782,
            47.000376,
            919.2
          ],
          [
            -114.471455,
            47.00052,
            920
          ],
          [
            -114.471801,
            47.000566,
            920.3
          ],
          [
            -114.472822,
            47.000736,
            921.2
          ],
          [
            -114.473578,
            47.000836,
            922
          ],
          [
            -114.474199,
            47.000906,
            922.9
          ],
          [
            -114.475236,
            47.000996,
            923.7
          ],
          [
            -114.475936,
            47.001037,
            924
          ],
          [
            -114.476984,
            47.001073,
            924.3
          ],
          [
            -114.477679,
            47.001076,
            924.3
          ],
          [
            -114.480904,
            47.000985,
            923.6
          ],
          [
            -114.481604,
            47.000998,
            923.4
          ],
          [
            -114.482308,
            47.001043,
            923
          ],
          [
            -114.482927,
            47.001108,
            922.9
          ],
          [
            -114.483342,
            47.001165,
            922.7
          ],
          [
            -114.483961,
            47.001267,
            922.5
          ],
          [
            -114.484699,
            47.001426,
            922.2
          ],
          [
            -114.485289,
            47.001582,
            921.9
          ],
          [
            -114.485607,
            47.001677,
            921.8
          ],
          [
            -114.48624,
            47.001889,
            921.4
          ],
          [
            -114.486846,
            47.002126,
            921
          ],
          [
            -114.487435,
            47.002396,
            920.6
          ],
          [
            -114.487716,
            47.002536,
            920.6
          ],
          [
            -114.488811,
            47.003139,
            919.3
          ],
          [
            -114.489059,
            47.003342,
            919.1
          ],
          [
            -114.49614,
            47.007276,
            915.7
          ],
          [
            -114.496939,
            47.007747,
            915.8
          ],
          [
            -114.497451,
            47.008074,
            915.7
          ],
          [
            -114.497951,
            47.008414,
            915.7
          ],
          [
            -114.498385,
            47.008727,
            915.6
          ],
          [
            -114.499087,
            47.009271,
            915.4
          ],
          [
            -114.499536,
            47.009644,
            915.1
          ],
          [
            -114.499964,
            47.010023,
            914.8
          ],
          [
            -114.500573,
            47.010611,
            914.5
          ],
          [
            -114.500956,
            47.011012,
            914.2
          ],
          [
            -114.501329,
            47.011421,
            913.8
          ],
          [
            -114.502413,
            47.012653,
            912.8
          ],
          [
            -114.502977,
            47.013262,
            912.3
          ],
          [
            -114.503381,
            47.013653,
            911.9
          ],
          [
            -114.503803,
            47.014036,
            911.4
          ],
          [
            -114.504474,
            47.014593,
            911
          ],
          [
            -114.505426,
            47.015302,
            910.8
          ],
          [
            -114.506179,
            47.015807,
            910.4
          ],
          [
            -114.506961,
            47.016288,
            910.1
          ],
          [
            -114.507773,
            47.01674,
            910.3
          ],
          [
            -114.508049,
            47.016884,
            910.4
          ],
          [
            -114.509505,
            47.017542,
            911.7
          ],
          [
            -114.511013,
            47.018151,
            912.8
          ],
          [
            -114.511369,
            47.018233,
            913
          ],
          [
            -114.512001,
            47.018446,
            913.6
          ],
          [
            -114.512909,
            47.018718,
            914.3
          ],
          [
            -114.514284,
            47.019088,
            914.2
          ],
          [
            -114.519872,
            47.020389,
            910.9
          ],
          [
            -114.520874,
            47.020608,
            910.3
          ],
          [
            -114.52155,
            47.020732,
            909.9
          ],
          [
            -114.522233,
            47.020835,
            909.7
          ],
          [
            -114.522996,
            47.020923,
            909.4
          ],
          [
            -114.52398,
            47.020998,
            908.8
          ],
          [
            -114.524679,
            47.021023,
            907.9
          ],
          [
            -114.525732,
            47.021023,
            907
          ],
          [
            -114.526431,
            47.020996,
            906.4
          ],
          [
            -114.528869,
            47.020828,
            905.6
          ],
          [
            -114.529275,
            47.0207,
            905.5
          ],
          [
            -114.532336,
            47.020471,
            906.8
          ],
          [
            -114.533107,
            47.0204,
            907.1
          ],
          [
            -114.533723,
            47.020327,
            907.4
          ],
          [
            -114.534405,
            47.020209,
            907.7
          ],
          [
            -114.535121,
            47.020014,
            908
          ],
          [
            -114.535436,
            47.019918,
            908.1
          ],
          [
            -114.535993,
            47.019722,
            908.2
          ],
          [
            -114.536588,
            47.019473,
            908.1
          ],
          [
            -114.536871,
            47.019339,
            908.1
          ],
          [
            -114.537428,
            47.019041,
            908.2
          ],
          [
            -114.537938,
            47.018721,
            908.3
          ],
          [
            -114.538178,
            47.018551,
            908.3
          ],
          [
            -114.538404,
            47.018376,
            908.6
          ],
          [
            -114.538834,
            47.018004,
            909.2
          ],
          [
            -114.539268,
            47.01759,
            910.3
          ],
          [
            -114.541881,
            47.015021,
            918.5
          ],
          [
            -114.542107,
            47.014829,
            918.8
          ],
          [
            -114.542309,
            47.014632,
            918.9
          ],
          [
            -114.547093,
            47.009901,
            911.5
          ],
          [
            -114.550251,
            47.006737,
            903.9
          ],
          [
            -114.550457,
            47.006541,
            903.7
          ],
          [
            -114.550892,
            47.006165,
            902.8
          ],
          [
            -114.551374,
            47.005807,
            902.2
          ],
          [
            -114.551888,
            47.005483,
            901.5
          ],
          [
            -114.552444,
            47.005191,
            901.2
          ],
          [
            -114.553043,
            47.004932,
            901.3
          ],
          [
            -114.553665,
            47.004712,
            901.1
          ],
          [
            -114.55431,
            47.004528,
            900.6
          ],
          [
            -114.554985,
            47.004381,
            900
          ],
          [
            -114.55567,
            47.004274,
            899.8
          ],
          [
            -114.556372,
            47.004207,
            899.2
          ],
          [
            -114.556723,
            47.004189,
            899
          ],
          [
            -114.557774,
            47.004164,
            898.1
          ],
          [
            -114.558826,
            47.004165,
            898.1
          ],
          [
            -114.561245,
            47.004196,
            899
          ],
          [
            -114.573909,
            47.004296,
            914.7
          ],
          [
            -114.578407,
            47.004313,
            920.4
          ],
          [
            -114.584392,
            47.004351,
            925.1
          ],
          [
            -114.585091,
            47.004376,
            925.6
          ],
          [
            -114.585784,
            47.004428,
            926
          ],
          [
            -114.586135,
            47.004466,
            926.2
          ],
          [
            -114.586822,
            47.004565,
            926.7
          ],
          [
            -114.587497,
            47.004694,
            927.1
          ],
          [
            -114.58816,
            47.004849,
            927.6
          ],
          [
            -114.588807,
            47.005029,
            928.3
          ],
          [
            -114.589431,
            47.005236,
            929.6
          ],
          [
            -114.590579,
            47.005706,
            932
          ],
          [
            -114.593836,
            47.007121,
            940
          ],
          [
            -114.594126,
            47.007309,
            940.7
          ],
          [
            -114.595897,
            47.008083,
            944.7
          ],
          [
            -114.596499,
            47.008332,
            945.8
          ],
          [
            -114.597419,
            47.008679,
            946.9
          ],
          [
            -114.598368,
            47.008994,
            947.8
          ],
          [
            -114.599011,
            47.009193,
            948.6
          ],
          [
            -114.599657,
            47.009375,
            949.3
          ],
          [
            -114.600327,
            47.009546,
            950
          ],
          [
            -114.601326,
            47.009772,
            951
          ],
          [
            -114.602675,
            47.010038,
            951.5
          ],
          [
            -114.607678,
            47.010962,
            953.5
          ],
          [
            -114.608067,
            47.010968,
            953.6
          ],
          [
            -114.619548,
            47.013109,
            967.2
          ],
          [
            -114.634009,
            47.015835,
            961.9
          ],
          [
            -114.641708,
            47.017264,
            946.3
          ],
          [
            -114.642068,
            47.01732,
            945.7
          ],
          [
            -114.644379,
            47.017751,
            941.6
          ],
          [
            -114.645082,
            47.017867,
            940.4
          ],
          [
            -114.650827,
            47.018937,
            930
          ],
          [
            -114.651505,
            47.019047,
            928.9
          ],
          [
            -114.652182,
            47.019137,
            927.7
          ],
          [
            -114.652861,
            47.019189,
            926.5
          ],
          [
            -114.653892,
            47.01922,
            924.2
          ],
          [
            -114.654241,
            47.019186,
            923.4
          ],
          [
            -114.6604,
            47.019324,
            911.2
          ],
          [
            -114.660735,
            47.019324,
            910.8
          ],
          [
            -114.661073,
            47.019377,
            910.6
          ],
          [
            -114.661348,
            47.019369,
            910.3
          ],
          [
            -114.662046,
            47.01931,
            910.3
          ],
          [
            -114.662718,
            47.01922,
            910.8
          ],
          [
            -114.663012,
            47.019075,
            911.1
          ],
          [
            -114.663368,
            47.019085,
            911.4
          ],
          [
            -114.664312,
            47.01879,
            912.5
          ],
          [
            -114.664622,
            47.018673,
            912.8
          ],
          [
            -114.665536,
            47.018362,
            914.6
          ],
          [
            -114.665834,
            47.018164,
            914.9
          ],
          [
            -114.666763,
            47.017867,
            915.8
          ],
          [
            -114.667077,
            47.017782,
            916.1
          ],
          [
            -114.667401,
            47.017707,
            916.5
          ],
          [
            -114.668061,
            47.017595,
            917.2
          ],
          [
            -114.66874,
            47.017527,
            918
          ],
          [
            -114.669081,
            47.017511,
            918.2
          ],
          [
            -114.669769,
            47.017514,
            918.9
          ],
          [
            -114.67011,
            47.017533,
            919.1
          ],
          [
            -114.670791,
            47.017603,
            919.7
          ],
          [
            -114.672445,
            47.017849,
            922.7
          ],
          [
            -114.674977,
            47.018248,
            928.1
          ],
          [
            -114.676275,
            47.018443,
            931
          ],
          [
            -114.676926,
            47.018531,
            932.6
          ],
          [
            -114.677259,
            47.018563,
            933.5
          ],
          [
            -114.677585,
            47.018588,
            934.2
          ],
          [
            -114.678252,
            47.018611,
            935.8
          ],
          [
            -114.67892,
            47.018591,
            937.1
          ],
          [
            -114.679525,
            47.018537,
            938.3
          ],
          [
            -114.679859,
            47.018496,
            939
          ],
          [
            -114.680255,
            47.018432,
            939.7
          ],
          [
            -114.681873,
            47.018104,
            943.4
          ],
          [
            -114.688959,
            47.016574,
            958.2
          ],
          [
            -114.689857,
            47.016338,
            959.3
          ],
          [
            -114.690772,
            47.016047,
            959.3
          ],
          [
            -114.691049,
            47.015849,
            959.2
          ],
          [
            -114.691611,
            47.015634,
            958.2
          ],
          [
            -114.692177,
            47.015393,
            957.3
          ],
          [
            -114.69301,
            47.014998,
            954.2
          ],
          [
            -114.694124,
            47.014427,
            951.2
          ],
          [
            -114.694698,
            47.014143,
            950.3
          ],
          [
            -114.695298,
            47.013892,
            948.5
          ],
          [
            -114.695612,
            47.013782,
            947.8
          ],
          [
            -114.695938,
            47.013683,
            947
          ],
          [
            -114.696272,
            47.013595,
            946
          ],
          [
            -114.696614,
            47.013518,
            945.3
          ],
          [
            -114.696966,
            47.013455,
            944.4
          ],
          [
            -114.697671,
            47.013367,
            943.2
          ],
          [
            -114.699431,
            47.013225,
            942.8
          ],
          [
            -114.718318,
            47.011804,
            953.9
          ],
          [
            -114.718987,
            47.011766,
            953.9
          ],
          [
            -114.719398,
            47.011754,
            953.8
          ],
          [
            -114.720357,
            47.011755,
            953.7
          ],
          [
            -114.721048,
            47.011781,
            953.7
          ],
          [
            -114.721813,
            47.011838,
            953.5
          ],
          [
            -114.722768,
            47.01195,
            953.7
          ],
          [
            -114.723451,
            47.012056,
            953.9
          ],
          [
            -114.724124,
            47.012182,
            953.8
          ],
          [
            -114.72478,
            47.012328,
            953.9
          ],
          [
            -114.725429,
            47.012496,
            954.2
          ],
          [
            -114.726374,
            47.012781,
            954.8
          ],
          [
            -114.726682,
            47.012887,
            955.1
          ],
          [
            -114.731231,
            47.014555,
            959.5
          ],
          [
            -114.732133,
            47.014908,
            960
          ],
          [
            -114.732423,
            47.015037,
            960.2
          ],
          [
            -114.732706,
            47.015177,
            960.3
          ],
          [
            -114.733253,
            47.015477,
            960.3
          ],
          [
            -114.733718,
            47.015771,
            960.1
          ],
          [
            -114.734007,
            47.015977,
            960
          ],
          [
            -114.734414,
            47.016311,
            959.7
          ],
          [
            -114.734825,
            47.0167,
            959.2
          ],
          [
            -114.735191,
            47.017112,
            958.4
          ],
          [
            -114.735357,
            47.017326,
            958
          ],
          [
            -114.73565,
            47.017754,
            957
          ],
          [
            -114.73578,
            47.017977,
            956.5
          ],
          [
            -114.735895,
            47.018203,
            955.9
          ],
          [
            -114.73606,
            47.018668,
            954.8
          ],
          [
            -114.736144,
            47.01895,
            954.1
          ],
          [
            -114.736313,
            47.019619,
            951.8
          ],
          [
            -114.736387,
            47.019862,
            951.1
          ],
          [
            -114.736617,
            47.020887,
            948
          ],
          [
            -114.736743,
            47.021374,
            946.5
          ],
          [
            -114.736948,
            47.02205,
            944.3
          ],
          [
            -114.737121,
            47.022524,
            943.1
          ],
          [
            -114.737319,
            47.022995,
            941.9
          ],
          [
            -114.737657,
            47.023697,
            939.2
          ],
          [
            -114.738039,
            47.024378,
            936.5
          ],
          [
            -114.738319,
            47.024827,
            935.1
          ],
          [
            -114.748134,
            47.039438,
            922.7
          ],
          [
            -114.748958,
            47.040686,
            922.9
          ],
          [
            -114.749862,
            47.042009,
            923.1
          ],
          [
            -114.750832,
            47.043463,
            922.6
          ],
          [
            -114.750996,
            47.043682,
            922.6
          ],
          [
            -114.751854,
            47.044959,
            922.8
          ],
          [
            -114.752018,
            47.045217,
            922.8
          ],
          [
            -114.752742,
            47.04629,
            922.8
          ],
          [
            -114.753712,
            47.047756,
            920.8
          ],
          [
            -114.754329,
            47.048613,
            918.3
          ],
          [
            -114.754666,
            47.049024,
            916.8
          ],
          [
            -114.755544,
            47.050035,
            913
          ],
          [
            -114.756614,
            47.051245,
            908.3
          ],
          [
            -114.757719,
            47.052458,
            903.7
          ],
          [
            -114.758955,
            47.053872,
            898.3
          ],
          [
            -114.760053,
            47.055086,
            893.7
          ],
          [
            -114.760552,
            47.055658,
            891.5
          ],
          [
            -114.760918,
            47.056111,
            890.2
          ],
          [
            -114.761199,
            47.056491,
            889.1
          ],
          [
            -114.761487,
            47.056917,
            888.1
          ],
          [
            -114.761888,
            47.057572,
            887.2
          ],
          [
            -114.762245,
            47.058237,
            886.5
          ],
          [
            -114.762459,
            47.058686,
            886
          ],
          [
            -114.76267,
            47.059185,
            885.4
          ],
          [
            -114.762819,
            47.05959,
            884.9
          ],
          [
            -114.763033,
            47.060282,
            884.3
          ],
          [
            -114.76315,
            47.060745,
            884
          ],
          [
            -114.763382,
            47.061914,
            883.6
          ],
          [
            -114.763717,
            47.063748,
            880.6
          ],
          [
            -114.764168,
            47.066364,
            872.7
          ],
          [
            -114.764515,
            47.068226,
            872.5
          ],
          [
            -114.765526,
            47.073802,
            876.9
          ],
          [
            -114.765835,
            47.075441,
            878.3
          ],
          [
            -114.765943,
            47.075956,
            878.7
          ],
          [
            -114.76607,
            47.07637,
            879
          ],
          [
            -114.766157,
            47.076596,
            879.1
          ],
          [
            -114.766263,
            47.076824,
            879.1
          ],
          [
            -114.76651,
            47.077268,
            879.2
          ],
          [
            -114.766641,
            47.077484,
            879.1
          ],
          [
            -114.766788,
            47.077699,
            879.1
          ],
          [
            -114.766945,
            47.077907,
            879.3
          ],
          [
            -114.767328,
            47.078302,
            879.2
          ],
          [
            -114.76774,
            47.078683,
            879.5
          ],
          [
            -114.768458,
            47.079237,
            879.5
          ],
          [
            -114.768948,
            47.079562,
            880
          ],
          [
            -114.769777,
            47.079979,
            880.9
          ],
          [
            -114.770059,
            47.080108,
            881.5
          ],
          [
            -114.77065,
            47.080345,
            882.5
          ],
          [
            -114.772166,
            47.080905,
            884.9
          ],
          [
            -114.772445,
            47.080981,
            885.5
          ],
          [
            -114.773976,
            47.081531,
            889.3
          ],
          [
            -114.779368,
            47.083507,
            906.1
          ],
          [
            -114.780125,
            47.083791,
            907.9
          ],
          [
            -114.780806,
            47.084094,
            909.3
          ],
          [
            -114.781212,
            47.084315,
            910
          ],
          [
            -114.781596,
            47.084557,
            910.2
          ],
          [
            -114.781783,
            47.084689,
            910.2
          ],
          [
            -114.78214,
            47.084969,
            910.2
          ],
          [
            -114.782477,
            47.085276,
            910.1
          ],
          [
            -114.782635,
            47.085437,
            910.2
          ],
          [
            -114.782936,
            47.085784,
            910.3
          ],
          [
            -114.783073,
            47.085966,
            910.3
          ],
          [
            -114.783309,
            47.086335,
            910.5
          ],
          [
            -114.783403,
            47.086524,
            910.6
          ],
          [
            -114.78357,
            47.086919,
            910.4
          ],
          [
            -114.783692,
            47.08733,
            910.3
          ],
          [
            -114.783774,
            47.08774,
            910.2
          ],
          [
            -114.783829,
            47.088115,
            910.4
          ],
          [
            -114.783959,
            47.089418,
            910.5
          ],
          [
            -114.784105,
            47.090528,
            910.6
          ],
          [
            -114.784303,
            47.092296,
            910
          ],
          [
            -114.784778,
            47.096127,
            906.4
          ],
          [
            -114.785789,
            47.103852,
            897
          ],
          [
            -114.786195,
            47.106867,
            893.7
          ],
          [
            -114.786688,
            47.110679,
            884.1
          ],
          [
            -114.786797,
            47.111419,
            882.1
          ],
          [
            -114.786894,
            47.111913,
            880.6
          ],
          [
            -114.786953,
            47.112159,
            879.9
          ],
          [
            -114.787088,
            47.112643,
            878.7
          ],
          [
            -114.78732,
            47.113346,
            877.2
          ],
          [
            -114.787598,
            47.114023,
            876.2
          ],
          [
            -114.7878,
            47.114456,
            875.7
          ],
          [
            -114.788441,
            47.115696,
            873.8
          ],
          [
            -114.789709,
            47.11809,
            870.9
          ],
          [
            -114.790431,
            47.119406,
            869.5
          ],
          [
            -114.79134,
            47.12117,
            867.4
          ],
          [
            -114.791586,
            47.121622,
            866.8
          ],
          [
            -114.795058,
            47.128229,
            853.8
          ],
          [
            -114.797295,
            47.132514,
            854.5
          ],
          [
            -114.797408,
            47.132719,
            854.7
          ],
          [
            -114.797535,
            47.132919,
            854.8
          ],
          [
            -114.797834,
            47.13332,
            855.1
          ],
          [
            -114.798175,
            47.133709,
            855.4
          ],
          [
            -114.798368,
            47.133902,
            855.4
          ],
          [
            -114.798575,
            47.134088,
            855.6
          ],
          [
            -114.798794,
            47.134268,
            855.8
          ],
          [
            -114.799266,
            47.134612,
            856.4
          ],
          [
            -114.799783,
            47.134936,
            856.8
          ],
          [
            -114.800853,
            47.135567,
            857.2
          ],
          [
            -114.801213,
            47.135684,
            857.4
          ],
          [
            -114.809055,
            47.140225,
            862.1
          ],
          [
            -114.81232,
            47.142104,
            859.6
          ],
          [
            -114.848918,
            47.163364,
            851.8
          ],
          [
            -114.855517,
            47.167185,
            851.5
          ],
          [
            -114.857911,
            47.168581,
            850.9
          ],
          [
            -114.858687,
            47.169052,
            850.3
          ],
          [
            -114.859191,
            47.169383,
            849.4
          ],
          [
            -114.859677,
            47.169729,
            848.4
          ],
          [
            -114.859911,
            47.169907,
            847.8
          ],
          [
            -114.86036,
            47.170272,
            846.3
          ],
          [
            -114.860788,
            47.170644,
            844.5
          ],
          [
            -114.861381,
            47.17122,
            841.3
          ],
          [
            -114.863154,
            47.173015,
            834.5
          ],
          [
            -114.866368,
            47.176303,
            835.3
          ],
          [
            -114.866953,
            47.176886,
            835.7
          ],
          [
            -114.867572,
            47.177455,
            835.9
          ],
          [
            -114.868216,
            47.178018,
            836.5
          ],
          [
            -114.868898,
            47.178566,
            837.6
          ],
          [
            -114.870738,
            47.179935,
            841.8
          ],
          [
            -114.881235,
            47.187635,
            846.5
          ],
          [
            -114.881726,
            47.187977,
            846
          ],
          [
            -114.882757,
            47.188634,
            844.2
          ],
          [
            -114.883555,
            47.189108,
            843
          ],
          [
            -114.884096,
            47.189413,
            842.3
          ],
          [
            -114.884866,
            47.189823,
            841.9
          ],
          [
            -114.886004,
            47.190385,
            841.7
          ],
          [
            -114.886583,
            47.19065,
            841.7
          ],
          [
            -114.887475,
            47.191028,
            841.6
          ],
          [
            -114.88808,
            47.191271,
            841.6
          ],
          [
            -114.888444,
            47.191346,
            841.5
          ],
          [
            -114.889058,
            47.191578,
            841.4
          ],
          [
            -114.889689,
            47.191799,
            841.4
          ],
          [
            -114.890956,
            47.192207,
            840.9
          ],
          [
            -114.891921,
            47.19249,
            840.6
          ],
          [
            -114.892899,
            47.192749,
            840.8
          ],
          [
            -114.893893,
            47.192982,
            840.8
          ],
          [
            -114.894904,
            47.19319,
            840.8
          ],
          [
            -114.896263,
            47.193436,
            840.8
          ],
          [
            -114.898978,
            47.193905,
            841.7
          ],
          [
            -114.899337,
            47.193958,
            841.8
          ],
          [
            -114.905739,
            47.19505,
            847.6
          ],
          [
            -114.906758,
            47.19524,
            848
          ],
          [
            -114.90811,
            47.195535,
            847
          ],
          [
            -114.908773,
            47.195704,
            845.9
          ],
          [
            -114.909749,
            47.195984,
            844.7
          ],
          [
            -114.910704,
            47.19629,
            843.5
          ],
          [
            -114.911636,
            47.196634,
            841.6
          ],
          [
            -114.912242,
            47.196874,
            839.9
          ],
          [
            -114.918835,
            47.199593,
            832.6
          ],
          [
            -114.922677,
            47.201188,
            829
          ],
          [
            -114.931108,
            47.204653,
            825.7
          ],
          [
            -114.931688,
            47.204915,
            825.7
          ],
          [
            -114.931972,
            47.205061,
            825.8
          ],
          [
            -114.93224,
            47.205215,
            825.9
          ],
          [
            -114.932503,
            47.205382,
            825.7
          ],
          [
            -114.93298,
            47.205729,
            825.9
          ],
          [
            -114.933201,
            47.205913,
            826.1
          ],
          [
            -114.933414,
            47.206107,
            826.6
          ],
          [
            -114.933795,
            47.206506,
            827
          ],
          [
            -114.933968,
            47.206713,
            827
          ],
          [
            -114.934127,
            47.206929,
            827.1
          ],
          [
            -114.935765,
            47.209531,
            830.6
          ],
          [
            -114.936076,
            47.209961,
            831.1
          ],
          [
            -114.93642,
            47.21038,
            831.7
          ],
          [
            -114.936611,
            47.210584,
            832
          ],
          [
            -114.936816,
            47.210783,
            832.2
          ],
          [
            -114.937248,
            47.211154,
            832.5
          ],
          [
            -114.937728,
            47.211507,
            833
          ],
          [
            -114.938243,
            47.211835,
            833.5
          ],
          [
            -114.938513,
            47.211987,
            833.8
          ],
          [
            -114.939077,
            47.212276,
            834.3
          ],
          [
            -114.940548,
            47.212947,
            835.7
          ],
          [
            -114.941412,
            47.213354,
            836.7
          ],
          [
            -114.943686,
            47.214479,
            838.8
          ],
          [
            -114.944572,
            47.214878,
            838.6
          ],
          [
            -114.944946,
            47.214965,
            838.5
          ],
          [
            -114.945545,
            47.215203,
            838.4
          ],
          [
            -114.946167,
            47.215425,
            838.1
          ],
          [
            -114.948635,
            47.216238,
            836.9
          ],
          [
            -114.948954,
            47.216332,
            836.8
          ],
          [
            -114.949609,
            47.216505,
            836.5
          ],
          [
            -114.950274,
            47.216659,
            836.3
          ],
          [
            -114.951694,
            47.216946,
            835.6
          ],
          [
            -114.953995,
            47.217382,
            834.4
          ],
          [
            -114.954404,
            47.217468,
            834
          ],
          [
            -114.955326,
            47.217703,
            832.7
          ],
          [
            -114.955652,
            47.217802,
            832.4
          ],
          [
            -114.956277,
            47.218021,
            831.8
          ],
          [
            -114.956872,
            47.218279,
            831.3
          ],
          [
            -114.957155,
            47.218421,
            831.1
          ],
          [
            -114.957704,
            47.218723,
            830.7
          ],
          [
            -114.959519,
            47.219847,
            829
          ],
          [
            -114.963339,
            47.22225,
            824.8
          ],
          [
            -114.966658,
            47.224372,
            831.6
          ],
          [
            -114.968474,
            47.225511,
            836.8
          ],
          [
            -114.969276,
            47.225985,
            838.7
          ],
          [
            -114.970368,
            47.22659,
            840.5
          ],
          [
            -114.971488,
            47.227178,
            841.5
          ],
          [
            -114.97292,
            47.227879,
            842.3
          ],
          [
            -114.973502,
            47.228146,
            842.1
          ],
          [
            -114.975292,
            47.228922,
            841.3
          ],
          [
            -114.984923,
            47.233216,
            836.4
          ],
          [
            -114.985223,
            47.23334,
            836.3
          ],
          [
            -114.985837,
            47.233568,
            835.9
          ],
          [
            -114.986479,
            47.233761,
            835.5
          ],
          [
            -114.987137,
            47.233918,
            835.1
          ],
          [
            -114.987544,
            47.233995,
            834.8
          ],
          [
            -114.987884,
            47.234047,
            834.5
          ],
          [
            -114.98851,
            47.234117,
            833.8
          ],
          [
            -114.988912,
            47.234083,
            833.5
          ],
          [
            -114.98961,
            47.234111,
            832.9
          ],
          [
            -114.990312,
            47.234102,
            832.2
          ],
          [
            -114.991012,
            47.23406,
            831.9
          ],
          [
            -114.992753,
            47.233925,
            830.8
          ],
          [
            -114.99313,
            47.23383,
            830.6
          ],
          [
            -114.998,
            47.233419,
            826.9
          ],
          [
            -114.99869,
            47.233333,
            826.8
          ],
          [
            -114.998963,
            47.233289,
            826.8
          ],
          [
            -114.999374,
            47.233205,
            826.8
          ],
          [
            -114.999971,
            47.233062,
            826.6
          ],
          [
            -115.000296,
            47.232965,
            826.5
          ],
          [
            -115.000927,
            47.232747,
            826.2
          ],
          [
            -115.001228,
            47.232628,
            826
          ],
          [
            -115.001818,
            47.232355,
            825.3
          ],
          [
            -115.002155,
            47.232114,
            824.9
          ],
          [
            -115.003233,
            47.23159,
            823.9
          ],
          [
            -115.003818,
            47.231322,
            823.4
          ],
          [
            -115.004116,
            47.231199,
            823.1
          ],
          [
            -115.006027,
            47.2306,
            822.6
          ],
          [
            -115.006699,
            47.230464,
            822.2
          ],
          [
            -115.007385,
            47.23036,
            821.6
          ],
          [
            -115.007736,
            47.230321,
            821.3
          ],
          [
            -115.008437,
            47.23027,
            820.6
          ],
          [
            -115.009136,
            47.230255,
            820.3
          ],
          [
            -115.009493,
            47.230259,
            820
          ],
          [
            -115.010197,
            47.230289,
            819.4
          ],
          [
            -115.010893,
            47.230348,
            818.8
          ],
          [
            -115.011566,
            47.23044,
            818.4
          ],
          [
            -115.011909,
            47.230504,
            818.1
          ],
          [
            -115.012581,
            47.230653,
            817.7
          ],
          [
            -115.01323,
            47.230835,
            817.6
          ],
          [
            -115.013552,
            47.230935,
            817.6
          ],
          [
            -115.014415,
            47.231256,
            818.7
          ],
          [
            -115.014999,
            47.231522,
            819.9
          ],
          [
            -115.017918,
            47.232946,
            826.5
          ],
          [
            -115.0213,
            47.234573,
            834.3
          ],
          [
            -115.022439,
            47.235151,
            836.8
          ],
          [
            -115.022716,
            47.23535,
            837.3
          ],
          [
            -115.023595,
            47.23574,
            838.5
          ],
          [
            -115.024516,
            47.236097,
            839.6
          ],
          [
            -115.02514,
            47.23631,
            840.1
          ],
          [
            -115.025783,
            47.23651,
            840.3
          ],
          [
            -115.02676,
            47.236781,
            841.2
          ],
          [
            -115.027422,
            47.236941,
            841.7
          ],
          [
            -115.028788,
            47.237174,
            843.1
          ],
          [
            -115.029474,
            47.237271,
            843.7
          ],
          [
            -115.030163,
            47.237351,
            844.2
          ],
          [
            -115.030857,
            47.237413,
            844.5
          ],
          [
            -115.031173,
            47.23742,
            844.6
          ],
          [
            -115.03194,
            47.237467,
            844.7
          ],
          [
            -115.032645,
            47.237493,
            844.3
          ],
          [
            -115.041622,
            47.237702,
            828.9
          ],
          [
            -115.043294,
            47.237748,
            825.7
          ],
          [
            -115.044332,
            47.237802,
            824.9
          ],
          [
            -115.045027,
            47.237872,
            824.3
          ],
          [
            -115.04537,
            47.23792,
            824.2
          ],
          [
            -115.046043,
            47.238043,
            824.3
          ],
          [
            -115.046697,
            47.238199,
            824.7
          ],
          [
            -115.047334,
            47.238393,
            825.5
          ],
          [
            -115.04795,
            47.238616,
            827.2
          ],
          [
            -115.048249,
            47.238738,
            827.9
          ],
          [
            -115.048823,
            47.239009,
            829.6
          ],
          [
            -115.049368,
            47.23931,
            831.2
          ],
          [
            -115.049828,
            47.239606,
            832.9
          ],
          [
            -115.05007,
            47.239777,
            833.9
          ],
          [
            -115.050523,
            47.240144,
            835.9
          ],
          [
            -115.050935,
            47.240534,
            838
          ],
          [
            -115.051123,
            47.24074,
            838.9
          ],
          [
            -115.051645,
            47.241367,
            841.6
          ],
          [
            -115.052154,
            47.24205,
            843.9
          ],
          [
            -115.052425,
            47.24244,
            845.1
          ],
          [
            -115.052487,
            47.242737,
            845.8
          ],
          [
            -115.052747,
            47.243181,
            847.2
          ],
          [
            -115.052984,
            47.243634,
            848.2
          ],
          [
            -115.053191,
            47.244091,
            849
          ],
          [
            -115.053449,
            47.244785,
            850.2
          ],
          [
            -115.053595,
            47.245256,
            850.6
          ],
          [
            -115.053713,
            47.245728,
            850.9
          ],
          [
            -115.05376,
            47.245967,
            851
          ],
          [
            -115.053835,
            47.246443,
            850.6
          ],
          [
            -115.053883,
            47.24692,
            849.9
          ],
          [
            -115.053819,
            47.247206,
            849.6
          ],
          [
            -115.053826,
            47.247685,
            848.9
          ],
          [
            -115.053817,
            47.247926,
            848.4
          ],
          [
            -115.053751,
            47.24864,
            846.9
          ],
          [
            -115.053632,
            47.249353,
            845.3
          ],
          [
            -115.053117,
            47.251912,
            840.1
          ],
          [
            -115.053033,
            47.252386,
            839.5
          ],
          [
            -115.052966,
            47.252861,
            838.8
          ],
          [
            -115.052864,
            47.253858,
            838.2
          ],
          [
            -115.052822,
            47.254525,
            838.4
          ],
          [
            -115.052803,
            47.255478,
            840.5
          ],
          [
            -115.052814,
            47.256436,
            843.2
          ],
          [
            -115.053038,
            47.260746,
            855.1
          ],
          [
            -115.053078,
            47.261225,
            856.3
          ],
          [
            -115.053149,
            47.2617,
            857.7
          ],
          [
            -115.05326,
            47.262173,
            859
          ],
          [
            -115.053331,
            47.262406,
            859.6
          ],
          [
            -115.053415,
            47.262636,
            860.3
          ],
          [
            -115.053619,
            47.263097,
            861.7
          ],
          [
            -115.053895,
            47.263537,
            862.9
          ],
          [
            -115.054188,
            47.263969,
            864
          ],
          [
            -115.054393,
            47.264182,
            864.6
          ],
          [
            -115.054557,
            47.264392,
            865.2
          ],
          [
            -115.054879,
            47.264763,
            866.2
          ],
          [
            -115.055274,
            47.265161,
            867.2
          ],
          [
            -115.055703,
            47.265543,
            868.2
          ],
          [
            -115.056148,
            47.265913,
            869.1
          ],
          [
            -115.060064,
            47.269017,
            870.8
          ],
          [
            -115.062118,
            47.270663,
            868.3
          ],
          [
            -115.076567,
            47.282354,
            860.4
          ],
          [
            -115.080809,
            47.285803,
            853.2
          ],
          [
            -115.081724,
            47.286539,
            849.9
          ],
          [
            -115.082433,
            47.287075,
            847.1
          ],
          [
            -115.083666,
            47.287941,
            840.1
          ],
          [
            -115.084984,
            47.288805,
            833.3
          ],
          [
            -115.085711,
            47.289254,
            829.3
          ],
          [
            -115.08679,
            47.28988,
            824.8
          ],
          [
            -115.08816,
            47.290626,
            821.6
          ],
          [
            -115.091831,
            47.292478,
            819.4
          ],
          [
            -115.100773,
            47.297035,
            810.9
          ],
          [
            -115.102188,
            47.297767,
            809.8
          ],
          [
            -115.102763,
            47.298045,
            809.4
          ],
          [
            -115.103356,
            47.298295,
            809.1
          ],
          [
            -115.103665,
            47.298412,
            809
          ],
          [
            -115.104284,
            47.298624,
            808.9
          ],
          [
            -115.104602,
            47.298722,
            809.1
          ],
          [
            -115.105249,
            47.298901,
            809.3
          ],
          [
            -115.106267,
            47.299075,
            809.8
          ],
          [
            -115.106948,
            47.299174,
            809.7
          ],
          [
            -115.107312,
            47.299202,
            809.7
          ],
          [
            -115.112441,
            47.299833,
            810.4
          ],
          [
            -115.113837,
            47.299989,
            811.1
          ],
          [
            -115.115307,
            47.300117,
            811.6
          ],
          [
            -115.116632,
            47.300211,
            812.1
          ],
          [
            -115.118109,
            47.300276,
            813
          ],
          [
            -115.119509,
            47.300318,
            813.6
          ],
          [
            -115.12437,
            47.300366,
            815.6
          ],
          [
            -115.126125,
            47.300395,
            816
          ],
          [
            -115.126524,
            47.300352,
            816.1
          ],
          [
            -115.128971,
            47.300394,
            817.3
          ],
          [
            -115.129679,
            47.300383,
            817.6
          ],
          [
            -115.130385,
            47.300344,
            817.7
          ],
          [
            -115.131081,
            47.300276,
            817.9
          ],
          [
            -115.131697,
            47.300191,
            818
          ],
          [
            -115.132377,
            47.30007,
            818.3
          ],
          [
            -115.13311,
            47.299905,
            818.7
          ],
          [
            -115.133398,
            47.299755,
            819
          ],
          [
            -115.134043,
            47.299565,
            819.5
          ],
          [
            -115.134608,
            47.299369,
            819.9
          ],
          [
            -115.134913,
            47.299248,
            819.9
          ],
          [
            -115.1421,
            47.296206,
            820.9
          ],
          [
            -115.143617,
            47.295587,
            820.4
          ],
          [
            -115.144544,
            47.295241,
            820.5
          ],
          [
            -115.146731,
            47.294503,
            821.4
          ],
          [
            -115.148566,
            47.293896,
            821.9
          ],
          [
            -115.149208,
            47.293702,
            822.4
          ],
          [
            -115.149602,
            47.293598,
            823
          ],
          [
            -115.150205,
            47.293476,
            823.7
          ],
          [
            -115.150551,
            47.293425,
            823.9
          ],
          [
            -115.150895,
            47.293387,
            823.9
          ],
          [
            -115.151242,
            47.293362,
            823.8
          ],
          [
            -115.15159,
            47.29335,
            823.8
          ],
          [
            -115.151944,
            47.293351,
            823.9
          ],
          [
            -115.152293,
            47.293366,
            824.1
          ],
          [
            -115.152644,
            47.293395,
            824.3
          ],
          [
            -115.152997,
            47.293438,
            824.6
          ],
          [
            -115.153345,
            47.293494,
            824.8
          ],
          [
            -115.154362,
            47.293701,
            825.8
          ],
          [
            -115.161063,
            47.295176,
            831
          ],
          [
            -115.161742,
            47.295307,
            831.7
          ],
          [
            -115.16243,
            47.295412,
            832.1
          ],
          [
            -115.163475,
            47.295522,
            833.1
          ],
          [
            -115.164527,
            47.295592,
            833.9
          ],
          [
            -115.165861,
            47.295659,
            834.3
          ],
          [
            -115.166255,
            47.295619,
            834.4
          ],
          [
            -115.166673,
            47.295652,
            834.3
          ],
          [
            -115.167352,
            47.295735,
            834.2
          ],
          [
            -115.168022,
            47.29586,
            834.3
          ],
          [
            -115.16861,
            47.296007,
            834.7
          ],
          [
            -115.168935,
            47.296107,
            835
          ],
          [
            -115.169555,
            47.296323,
            835.4
          ],
          [
            -115.172626,
            47.29748,
            836
          ],
          [
            -115.172918,
            47.297655,
            836
          ],
          [
            -115.175981,
            47.298828,
            836.3
          ],
          [
            -115.17688,
            47.2992,
            836.4
          ],
          [
            -115.180122,
            47.30063,
            838.4
          ],
          [
            -115.180728,
            47.300865,
            839.3
          ],
          [
            -115.181044,
            47.300966,
            839.7
          ],
          [
            -115.181379,
            47.301057,
            839.9
          ],
          [
            -115.181708,
            47.301136,
            840.2
          ],
          [
            -115.182048,
            47.301203,
            840.4
          ],
          [
            -115.182664,
            47.30129,
            840.7
          ],
          [
            -115.183018,
            47.301296,
            840.7
          ],
          [
            -115.18414,
            47.301354,
            840.4
          ],
          [
            -115.184491,
            47.301333,
            840.3
          ],
          [
            -115.185123,
            47.301359,
            840.1
          ],
          [
            -115.185544,
            47.301381,
            840
          ],
          [
            -115.185899,
            47.301412,
            840.2
          ],
          [
            -115.18624,
            47.301456,
            840.2
          ],
          [
            -115.186572,
            47.301511,
            840.4
          ],
          [
            -115.18717,
            47.301639,
            841.1
          ],
          [
            -115.190781,
            47.302551,
            848.3
          ],
          [
            -115.191121,
            47.302616,
            848.9
          ],
          [
            -115.191471,
            47.302666,
            849.3
          ],
          [
            -115.191826,
            47.302698,
            849.6
          ],
          [
            -115.192177,
            47.30271,
            849.9
          ],
          [
            -115.192531,
            47.302706,
            850.2
          ],
          [
            -115.193217,
            47.302611,
            851.3
          ],
          [
            -115.193556,
            47.302549,
            851.6
          ],
          [
            -115.195556,
            47.302073,
            852.5
          ],
          [
            -115.195918,
            47.301954,
            852.7
          ],
          [
            -115.196931,
            47.301735,
            852.8
          ],
          [
            -115.197273,
            47.301683,
            852.7
          ],
          [
            -115.197618,
            47.301651,
            852.8
          ],
          [
            -115.197968,
            47.30164,
            853.1
          ],
          [
            -115.198311,
            47.301649,
            853.2
          ],
          [
            -115.198652,
            47.301677,
            853.3
          ],
          [
            -115.198989,
            47.301722,
            853.5
          ],
          [
            -115.199319,
            47.301786,
            853.8
          ],
          [
            -115.199646,
            47.30187,
            854.2
          ],
          [
            -115.19996,
            47.301973,
            854.4
          ],
          [
            -115.200261,
            47.302093,
            854.7
          ],
          [
            -115.200545,
            47.30223,
            855
          ],
          [
            -115.200757,
            47.30235,
            855.6
          ],
          [
            -115.201433,
            47.302907,
            857
          ],
          [
            -115.201711,
            47.303124,
            857.9
          ],
          [
            -115.205058,
            47.306173,
            864.8
          ],
          [
            -115.207183,
            47.308091,
            865.9
          ],
          [
            -115.207578,
            47.308488,
            865.8
          ],
          [
            -115.207948,
            47.308898,
            865.8
          ],
          [
            -115.208284,
            47.309321,
            865.6
          ],
          [
            -115.208439,
            47.309536,
            865.5
          ],
          [
            -115.208725,
            47.309978,
            865.1
          ],
          [
            -115.209117,
            47.310642,
            865
          ],
          [
            -115.209259,
            47.310862,
            864.8
          ],
          [
            -115.209417,
            47.31108,
            864.7
          ],
          [
            -115.209593,
            47.311286,
            864.4
          ],
          [
            -115.209793,
            47.311478,
            864.3
          ],
          [
            -115.21002,
            47.311661,
            864.1
          ],
          [
            -115.210263,
            47.311828,
            864
          ],
          [
            -115.210527,
            47.311981,
            863.7
          ],
          [
            -115.210809,
            47.312121,
            863.1
          ],
          [
            -115.211103,
            47.312243,
            862.7
          ],
          [
            -115.21141,
            47.312348,
            862.4
          ],
          [
            -115.211734,
            47.312436,
            862.9
          ],
          [
            -115.212079,
            47.312502,
            862.7
          ],
          [
            -115.21242,
            47.312555,
            862.3
          ],
          [
            -115.214444,
            47.312751,
            860.9
          ],
          [
            -115.214871,
            47.312688,
            860.9
          ],
          [
            -115.216256,
            47.312837,
            860.3
          ],
          [
            -115.21694,
            47.312936,
            860.5
          ],
          [
            -115.220688,
            47.313579,
            861.6
          ],
          [
            -115.221375,
            47.313678,
            861.6
          ],
          [
            -115.222063,
            47.313762,
            861.6
          ],
          [
            -115.222765,
            47.313828,
            861.4
          ],
          [
            -115.223827,
            47.313901,
            861.2
          ],
          [
            -115.226257,
            47.313994,
            862.7
          ],
          [
            -115.226605,
            47.313976,
            863.1
          ],
          [
            -115.227691,
            47.313887,
            864.5
          ],
          [
            -115.229364,
            47.313673,
            866.4
          ],
          [
            -115.230493,
            47.313414,
            866.8
          ],
          [
            -115.231603,
            47.313115,
            867.2
          ],
          [
            -115.231887,
            47.313054,
            867.4
          ],
          [
            -115.232226,
            47.313002,
            867.8
          ],
          [
            -115.232459,
            47.31298,
            868.3
          ],
          [
            -115.233036,
            47.312975,
            868.7
          ],
          [
            -115.233331,
            47.312992,
            869
          ],
          [
            -115.233621,
            47.31303,
            869.5
          ],
          [
            -115.233959,
            47.313101,
            869.9
          ],
          [
            -115.234172,
            47.313157,
            870.1
          ],
          [
            -115.234438,
            47.313253,
            870.1
          ],
          [
            -115.234694,
            47.313367,
            870
          ],
          [
            -115.234928,
            47.313496,
            869.7
          ],
          [
            -115.235145,
            47.313639,
            869.6
          ],
          [
            -115.235984,
            47.314264,
            867.1
          ],
          [
            -115.236203,
            47.314413,
            866.7
          ],
          [
            -115.236404,
            47.314573,
            866.2
          ],
          [
            -115.236956,
            47.314799,
            865.2
          ],
          [
            -115.237519,
            47.314997,
            864.6
          ],
          [
            -115.241071,
            47.316051,
            863.8
          ],
          [
            -115.241651,
            47.316234,
            863.4
          ],
          [
            -115.241936,
            47.316337,
            863.3
          ],
          [
            -115.242212,
            47.31645,
            863.4
          ],
          [
            -115.242489,
            47.316577,
            863.4
          ],
          [
            -115.242751,
            47.316722,
            863.4
          ],
          [
            -115.242992,
            47.316881,
            863.4
          ],
          [
            -115.243206,
            47.317054,
            863.7
          ],
          [
            -115.243361,
            47.317199,
            863.8
          ],
          [
            -115.243568,
            47.317432,
            863.9
          ],
          [
            -115.243722,
            47.317636,
            864.2
          ],
          [
            -115.243857,
            47.317847,
            864.5
          ],
          [
            -115.244076,
            47.318237,
            866.2
          ],
          [
            -115.244432,
            47.318951,
            868
          ],
          [
            -115.244646,
            47.319352,
            869
          ],
          [
            -115.244776,
            47.319575,
            869.5
          ],
          [
            -115.244918,
            47.319789,
            869.9
          ],
          [
            -115.245108,
            47.32004,
            870.2
          ],
          [
            -115.245249,
            47.3202,
            870.7
          ],
          [
            -115.245436,
            47.320398,
            871
          ],
          [
            -115.245635,
            47.32059,
            871.3
          ],
          [
            -115.246106,
            47.320991,
            871.7
          ],
          [
            -115.248049,
            47.322525,
            874.6
          ],
          [
            -115.248477,
            47.322874,
            875.2
          ],
          [
            -115.248675,
            47.323058,
            875.6
          ],
          [
            -115.248856,
            47.323245,
            875.9
          ],
          [
            -115.249059,
            47.323483,
            876.3
          ],
          [
            -115.249176,
            47.323645,
            876.7
          ],
          [
            -115.249306,
            47.32385,
            877.3
          ],
          [
            -115.249419,
            47.324063,
            877.5
          ],
          [
            -115.24951,
            47.324279,
            878
          ],
          [
            -115.249645,
            47.32472,
            878.4
          ],
          [
            -115.249861,
            47.325604,
            878.8
          ],
          [
            -115.24993,
            47.32582,
            878.8
          ],
          [
            -115.250017,
            47.326032,
            878.8
          ],
          [
            -115.250124,
            47.326239,
            878.6
          ],
          [
            -115.250259,
            47.326439,
            878.5
          ],
          [
            -115.250423,
            47.326629,
            878.2
          ],
          [
            -115.250616,
            47.326807,
            878.1
          ],
          [
            -115.250839,
            47.326973,
            877.9
          ],
          [
            -115.251087,
            47.327123,
            877.8
          ],
          [
            -115.251345,
            47.327254,
            877.7
          ],
          [
            -115.251625,
            47.32737,
            877.9
          ],
          [
            -115.25193,
            47.327449,
            878.4
          ],
          [
            -115.252235,
            47.327515,
            878.9
          ],
          [
            -115.25254,
            47.327561,
            879.3
          ],
          [
            -115.252862,
            47.327591,
            879.5
          ],
          [
            -115.253176,
            47.327604,
            879.6
          ],
          [
            -115.253579,
            47.327566,
            879.9
          ],
          [
            -115.254448,
            47.327589,
            880.5
          ],
          [
            -115.25475,
            47.327606,
            880.8
          ],
          [
            -115.255107,
            47.327644,
            881.1
          ],
          [
            -115.255343,
            47.327683,
            881.2
          ],
          [
            -115.255631,
            47.327747,
            881.6
          ],
          [
            -115.255963,
            47.327851,
            882
          ],
          [
            -115.256222,
            47.327959,
            882.3
          ],
          [
            -115.256464,
            47.328084,
            883.3
          ],
          [
            -115.256693,
            47.328228,
            883.7
          ],
          [
            -115.256899,
            47.328387,
            884.2
          ],
          [
            -115.257079,
            47.328555,
            884.8
          ],
          [
            -115.257236,
            47.328739,
            885.1
          ],
          [
            -115.257365,
            47.328931,
            885.4
          ],
          [
            -115.257471,
            47.329131,
            885.8
          ],
          [
            -115.257546,
            47.329296,
            886.1
          ],
          [
            -115.257769,
            47.329921,
            887
          ],
          [
            -115.257854,
            47.330128,
            887.1
          ],
          [
            -115.257956,
            47.330332,
            887.2
          ],
          [
            -115.258074,
            47.330532,
            887.1
          ],
          [
            -115.258189,
            47.330765,
            887
          ],
          [
            -115.258354,
            47.330944,
            886.6
          ],
          [
            -115.258545,
            47.331112,
            886.2
          ],
          [
            -115.25876,
            47.331266,
            885.8
          ],
          [
            -115.259002,
            47.331405,
            885.3
          ],
          [
            -115.259255,
            47.331523,
            885
          ],
          [
            -115.259538,
            47.331609,
            884.9
          ],
          [
            -115.259823,
            47.331682,
            884.6
          ],
          [
            -115.260119,
            47.331742,
            884.3
          ],
          [
            -115.260421,
            47.331785,
            884.2
          ],
          [
            -115.260742,
            47.33181,
            884
          ],
          [
            -115.261058,
            47.331814,
            883.9
          ],
          [
            -115.261455,
            47.331767,
            884.2
          ],
          [
            -115.262745,
            47.331771,
            885.5
          ],
          [
            -115.263376,
            47.331782,
            886.6
          ],
          [
            -115.263687,
            47.331805,
            886.9
          ],
          [
            -115.263994,
            47.331843,
            887.3
          ],
          [
            -115.264293,
            47.331899,
            887.7
          ],
          [
            -115.264582,
            47.331978,
            888.2
          ],
          [
            -115.264854,
            47.332077,
            888.7
          ],
          [
            -115.265114,
            47.332196,
            889.1
          ],
          [
            -115.265351,
            47.332329,
            889.7
          ],
          [
            -115.265575,
            47.332481,
            890.2
          ],
          [
            -115.265777,
            47.332648,
            890.4
          ],
          [
            -115.265955,
            47.332826,
            890.8
          ],
          [
            -115.266113,
            47.333013,
            891.5
          ],
          [
            -115.266413,
            47.333406,
            892.5
          ],
          [
            -115.26658,
            47.333598,
            893.2
          ],
          [
            -115.266765,
            47.333784,
            893.9
          ],
          [
            -115.266971,
            47.333959,
            894.6
          ],
          [
            -115.267155,
            47.334091,
            895.1
          ],
          [
            -115.26745,
            47.334268,
            895.7
          ],
          [
            -115.267719,
            47.334397,
            896.4
          ],
          [
            -115.268583,
            47.334739,
            898
          ],
          [
            -115.268863,
            47.334861,
            898.8
          ],
          [
            -115.269132,
            47.334996,
            899.6
          ],
          [
            -115.269352,
            47.335089,
            900.5
          ],
          [
            -115.269763,
            47.335452,
            902.4
          ],
          [
            -115.26996,
            47.335678,
            903.1
          ],
          [
            -115.270093,
            47.335878,
            903.7
          ],
          [
            -115.270178,
            47.336044,
            904.4
          ],
          [
            -115.270257,
            47.336257,
            904.9
          ],
          [
            -115.270304,
            47.336474,
            905.3
          ],
          [
            -115.270311,
            47.336699,
            905.6
          ],
          [
            -115.270295,
            47.336922,
            905.9
          ],
          [
            -115.270179,
            47.337591,
            906.7
          ],
          [
            -115.270158,
            47.337812,
            906.7
          ],
          [
            -115.270161,
            47.338033,
            906.8
          ],
          [
            -115.27019,
            47.338253,
            906.9
          ],
          [
            -115.270247,
            47.33847,
            907
          ],
          [
            -115.27034,
            47.338686,
            907
          ],
          [
            -115.270467,
            47.338891,
            906.9
          ],
          [
            -115.270632,
            47.339089,
            906.9
          ],
          [
            -115.270828,
            47.339275,
            906.8
          ],
          [
            -115.271051,
            47.339445,
            906.9
          ],
          [
            -115.271305,
            47.339602,
            906.9
          ],
          [
            -115.271587,
            47.339741,
            906.8
          ],
          [
            -115.271872,
            47.339866,
            907.1
          ],
          [
            -115.272179,
            47.339982,
            907.2
          ],
          [
            -115.272493,
            47.340098,
            907.4
          ],
          [
            -115.272844,
            47.340167,
            907.7
          ],
          [
            -115.273136,
            47.340291,
            907.9
          ],
          [
            -115.273424,
            47.340427,
            908.2
          ],
          [
            -115.273693,
            47.340572,
            908.6
          ],
          [
            -115.273951,
            47.340732,
            909.4
          ],
          [
            -115.274192,
            47.340903,
            909.9
          ],
          [
            -115.27441,
            47.341086,
            910.3
          ],
          [
            -115.274608,
            47.341278,
            910.6
          ],
          [
            -115.27497,
            47.34167,
            911.4
          ],
          [
            -115.275958,
            47.342805,
            914.4
          ],
          [
            -115.276294,
            47.343161,
            915.4
          ],
          [
            -115.27648,
            47.343329,
            915.9
          ],
          [
            -115.276679,
            47.343489,
            916.3
          ],
          [
            -115.276849,
            47.34361,
            916.7
          ],
          [
            -115.277128,
            47.343784,
            917.1
          ],
          [
            -115.277329,
            47.343891,
            917.5
          ],
          [
            -115.277593,
            47.344014,
            918.2
          ],
          [
            -115.277876,
            47.344124,
            918.6
          ],
          [
            -115.278167,
            47.344219,
            919
          ],
          [
            -115.278527,
            47.344313,
            919.6
          ],
          [
            -115.278776,
            47.344364,
            919.9
          ],
          [
            -115.279153,
            47.344422,
            920.3
          ],
          [
            -115.27974,
            47.344479,
            921
          ],
          [
            -115.280214,
            47.344419,
            921.2
          ],
          [
            -115.283416,
            47.344621,
            924.9
          ],
          [
            -115.284055,
            47.344671,
            925.5
          ],
          [
            -115.28437,
            47.344705,
            925.8
          ],
          [
            -115.284677,
            47.34475,
            926.2
          ],
          [
            -115.284983,
            47.344812,
            926.5
          ],
          [
            -115.285272,
            47.344891,
            927
          ],
          [
            -115.285553,
            47.344986,
            927.1
          ],
          [
            -115.285823,
            47.345098,
            927
          ],
          [
            -115.286081,
            47.345226,
            927
          ],
          [
            -115.286571,
            47.345508,
            926.2
          ],
          [
            -115.28909,
            47.34705,
            918.2
          ],
          [
            -115.289598,
            47.347379,
            915.8
          ],
          [
            -115.289841,
            47.347557,
            914.7
          ],
          [
            -115.290066,
            47.347745,
            913.7
          ],
          [
            -115.290275,
            47.347945,
            912.8
          ],
          [
            -115.290464,
            47.348154,
            911.9
          ],
          [
            -115.290636,
            47.348371,
            910.8
          ],
          [
            -115.290792,
            47.348599,
            909.9
          ],
          [
            -115.290924,
            47.34883,
            909.1
          ],
          [
            -115.291031,
            47.349073,
            908.4
          ],
          [
            -115.291112,
            47.349321,
            907.5
          ],
          [
            -115.291169,
            47.349572,
            906.7
          ],
          [
            -115.291206,
            47.349829,
            906
          ],
          [
            -115.291223,
            47.350083,
            905.7
          ],
          [
            -115.291233,
            47.350802,
            905.2
          ],
          [
            -115.291268,
            47.351362,
            905.3
          ],
          [
            -115.291293,
            47.351564,
            905.4
          ],
          [
            -115.291341,
            47.351816,
            905.8
          ],
          [
            -115.291406,
            47.352063,
            906.1
          ],
          [
            -115.291505,
            47.352356,
            906.6
          ],
          [
            -115.291607,
            47.352595,
            907.1
          ],
          [
            -115.2917,
            47.352784,
            907.7
          ],
          [
            -115.291835,
            47.353022,
            908.3
          ],
          [
            -115.291985,
            47.35325,
            908.9
          ],
          [
            -115.292153,
            47.353477,
            909.5
          ],
          [
            -115.292335,
            47.353695,
            910.1
          ],
          [
            -115.292529,
            47.353907,
            910.6
          ],
          [
            -115.292734,
            47.35411,
            910.9
          ],
          [
            -115.292954,
            47.354303,
            911.1
          ],
          [
            -115.293191,
            47.35449,
            911.3
          ],
          [
            -115.29369,
            47.354836,
            911.7
          ],
          [
            -115.294242,
            47.35516,
            910.7
          ],
          [
            -115.294827,
            47.355445,
            910
          ],
          [
            -115.295211,
            47.355545,
            909.1
          ],
          [
            -115.296143,
            47.355909,
            907
          ],
          [
            -115.297084,
            47.356244,
            905.3
          ],
          [
            -115.297731,
            47.35645,
            904.7
          ],
          [
            -115.298699,
            47.356725,
            904.3
          ],
          [
            -115.299669,
            47.356966,
            904.6
          ],
          [
            -115.300638,
            47.357177,
            905.2
          ],
          [
            -115.302583,
            47.357576,
            906.5
          ],
          [
            -115.302928,
            47.357636,
            906.6
          ],
          [
            -115.304145,
            47.357887,
            907.1
          ],
          [
            -115.304547,
            47.357961,
            907.3
          ],
          [
            -115.311842,
            47.35948,
            910.5
          ],
          [
            -115.312522,
            47.359592,
            911
          ],
          [
            -115.313563,
            47.359707,
            911.6
          ],
          [
            -115.313911,
            47.359735,
            911.8
          ],
          [
            -115.314267,
            47.359716,
            912.1
          ],
          [
            -115.315315,
            47.35981,
            912.8
          ],
          [
            -115.315724,
            47.359816,
            913
          ],
          [
            -115.316067,
            47.359859,
            913.3
          ],
          [
            -115.316734,
            47.359978,
            914.2
          ],
          [
            -115.31707,
            47.360054,
            914.7
          ],
          [
            -115.317717,
            47.360232,
            915.5
          ],
          [
            -115.318036,
            47.360338,
            915.7
          ],
          [
            -115.318645,
            47.360576,
            916
          ],
          [
            -115.319226,
            47.360846,
            916.4
          ],
          [
            -115.320074,
            47.361276,
            916.2
          ],
          [
            -115.329832,
            47.366304,
            917.5
          ],
          [
            -115.337405,
            47.370191,
            921.9
          ],
          [
            -115.338536,
            47.370762,
            922.7
          ],
          [
            -115.339394,
            47.371176,
            923.4
          ],
          [
            -115.340557,
            47.371716,
            924.2
          ],
          [
            -115.345802,
            47.374032,
            927.6
          ],
          [
            -115.346959,
            47.374573,
            928.6
          ],
          [
            -115.348944,
            47.375555,
            932
          ],
          [
            -115.353732,
            47.378021,
            931.6
          ],
          [
            -115.354013,
            47.378158,
            931.6
          ],
          [
            -115.354602,
            47.378409,
            931.5
          ],
          [
            -115.355217,
            47.378626,
            931.6
          ],
          [
            -115.355537,
            47.378721,
            931.8
          ],
          [
            -115.35613,
            47.378867,
            932.2
          ],
          [
            -115.356885,
            47.378973,
            932.3
          ],
          [
            -115.357227,
            47.379005,
            932.5
          ],
          [
            -115.357922,
            47.37904,
            932.9
          ],
          [
            -115.358553,
            47.379037,
            933.1
          ],
          [
            -115.358899,
            47.379021,
            933.2
          ],
          [
            -115.359654,
            47.378951,
            933.3
          ],
          [
            -115.360314,
            47.37886,
            933.5
          ],
          [
            -115.360652,
            47.378783,
            933.6
          ],
          [
            -115.362695,
            47.378393,
            934.4
          ],
          [
            -115.36304,
            47.37834,
            934.7
          ],
          [
            -115.368111,
            47.377357,
            939.1
          ],
          [
            -115.37652,
            47.375704,
            943.7
          ],
          [
            -115.377201,
            47.375594,
            943.8
          ],
          [
            -115.377554,
            47.375556,
            943.9
          ],
          [
            -115.377902,
            47.375531,
            943.9
          ],
          [
            -115.378253,
            47.375524,
            943.8
          ],
          [
            -115.378677,
            47.375538,
            943.8
          ],
          [
            -115.378954,
            47.375561,
            944
          ],
          [
            -115.379303,
            47.375607,
            944.2
          ],
          [
            -115.379642,
            47.375666,
            944.3
          ],
          [
            -115.379973,
            47.37574,
            944.4
          ],
          [
            -115.380301,
            47.375833,
            944.5
          ],
          [
            -115.380613,
            47.375939,
            944.9
          ],
          [
            -115.380915,
            47.376064,
            944.9
          ],
          [
            -115.381495,
            47.376344,
            945.2
          ],
          [
            -115.384575,
            47.377956,
            946.6
          ],
          [
            -115.388227,
            47.37984,
            948.7
          ],
          [
            -115.389353,
            47.380416,
            949.3
          ],
          [
            -115.390492,
            47.380979,
            950.3
          ],
          [
            -115.394765,
            47.382999,
            955.3
          ],
          [
            -115.399407,
            47.385168,
            962.5
          ],
          [
            -115.401735,
            47.386272,
            960.1
          ],
          [
            -115.402294,
            47.386562,
            959.1
          ],
          [
            -115.403094,
            47.38702,
            958.4
          ],
          [
            -115.40386,
            47.3875,
            958.5
          ],
          [
            -115.404603,
            47.388,
            959.1
          ],
          [
            -115.406277,
            47.389215,
            961.8
          ],
          [
            -115.406524,
            47.389385,
            962.1
          ],
          [
            -115.406992,
            47.389679,
            962.7
          ],
          [
            -115.40754,
            47.389984,
            963.3
          ],
          [
            -115.408167,
            47.390289,
            963.7
          ],
          [
            -115.408707,
            47.39052,
            963.7
          ],
          [
            -115.409333,
            47.390755,
            964
          ],
          [
            -115.409962,
            47.390961,
            964.2
          ],
          [
            -115.410613,
            47.391144,
            964
          ],
          [
            -115.412921,
            47.391742,
            965.2
          ],
          [
            -115.42275,
            47.394352,
            974.7
          ],
          [
            -115.423748,
            47.394592,
            975.6
          ],
          [
            -115.424428,
            47.394718,
            976.2
          ],
          [
            -115.425465,
            47.394842,
            977.1
          ],
          [
            -115.426165,
            47.394894,
            977.7
          ],
          [
            -115.426864,
            47.394915,
            978.3
          ],
          [
            -115.427243,
            47.394839,
            978.6
          ],
          [
            -115.431745,
            47.394835,
            981.3
          ],
          [
            -115.4328,
            47.394857,
            982
          ],
          [
            -115.433495,
            47.394912,
            982.5
          ],
          [
            -115.433841,
            47.394953,
            982.8
          ],
          [
            -115.434529,
            47.39506,
            983.4
          ],
          [
            -115.435205,
            47.395182,
            984.2
          ],
          [
            -115.435889,
            47.395278,
            985.1
          ],
          [
            -115.436234,
            47.395311,
            985.4
          ],
          [
            -115.436585,
            47.39533,
            985.6
          ],
          [
            -115.436939,
            47.395334,
            986
          ],
          [
            -115.43729,
            47.395322,
            986.3
          ],
          [
            -115.437638,
            47.395298,
            986.7
          ],
          [
            -115.438322,
            47.395191,
            987
          ],
          [
            -115.441031,
            47.39469,
            989
          ],
          [
            -115.442072,
            47.39457,
            989.8
          ],
          [
            -115.442425,
            47.394547,
            990
          ],
          [
            -115.442774,
            47.394539,
            990.3
          ],
          [
            -115.443124,
            47.394546,
            990.4
          ],
          [
            -115.445216,
            47.39469,
            992.8
          ],
          [
            -115.445846,
            47.394694,
            993.7
          ],
          [
            -115.446547,
            47.394651,
            994.3
          ],
          [
            -115.448701,
            47.394437,
            997.3
          ],
          [
            -115.449329,
            47.394405,
            997.9
          ],
          [
            -115.449683,
            47.394399,
            998.1
          ],
          [
            -115.450033,
            47.394404,
            998.1
          ],
          [
            -115.450739,
            47.394449,
            998.1
          ],
          [
            -115.45143,
            47.394541,
            998.2
          ],
          [
            -115.451772,
            47.394605,
            998.1
          ],
          [
            -115.452104,
            47.39468,
            998
          ],
          [
            -115.452746,
            47.394861,
            998.2
          ],
          [
            -115.453359,
            47.395088,
            998.3
          ],
          [
            -115.453936,
            47.395352,
            998.7
          ],
          [
            -115.454209,
            47.395499,
            998.9
          ],
          [
            -115.454476,
            47.395656,
            999.1
          ],
          [
            -115.454728,
            47.395822,
            999.5
          ],
          [
            -115.45497,
            47.395996,
            999.8
          ],
          [
            -115.456842,
            47.397426,
            1003.1
          ],
          [
            -115.457331,
            47.397769,
            1004.1
          ],
          [
            -115.457592,
            47.397927,
            1004.5
          ],
          [
            -115.457871,
            47.398072,
            1004.8
          ],
          [
            -115.458167,
            47.3982,
            1004.8
          ],
          [
            -115.458476,
            47.398312,
            1004.8
          ],
          [
            -115.459736,
            47.398731,
            1005.4
          ],
          [
            -115.460044,
            47.39885,
            1005.8
          ],
          [
            -115.460336,
            47.398981,
            1006.1
          ],
          [
            -115.460612,
            47.399126,
            1006.3
          ],
          [
            -115.460867,
            47.399288,
            1006.4
          ],
          [
            -115.4611,
            47.399465,
            1006.9
          ],
          [
            -115.461914,
            47.400176,
            1008.7
          ],
          [
            -115.462178,
            47.400393,
            1009.2
          ],
          [
            -115.462366,
            47.400532,
            1009.9
          ],
          [
            -115.462666,
            47.400726,
            1010.6
          ],
          [
            -115.462879,
            47.400845,
            1011.3
          ],
          [
            -115.463171,
            47.400979,
            1011.9
          ],
          [
            -115.46347,
            47.401095,
            1012.8
          ],
          [
            -115.463787,
            47.401196,
            1013.7
          ],
          [
            -115.464113,
            47.401281,
            1014.3
          ],
          [
            -115.464448,
            47.401349,
            1015.1
          ],
          [
            -115.464803,
            47.401371,
            1016
          ],
          [
            -115.465218,
            47.401417,
            1016.7
          ],
          [
            -115.465846,
            47.40145,
            1017.8
          ],
          [
            -115.466549,
            47.40146,
            1018.4
          ],
          [
            -115.466993,
            47.401418,
            1018.5
          ],
          [
            -115.467695,
            47.401384,
            1018.2
          ],
          [
            -115.468046,
            47.401349,
            1018.1
          ],
          [
            -115.468383,
            47.401286,
            1017.8
          ],
          [
            -115.469077,
            47.401183,
            1017.2
          ],
          [
            -115.469774,
            47.401102,
            1016.8
          ],
          [
            -115.47048,
            47.401099,
            1016.2
          ],
          [
            -115.470829,
            47.401113,
            1016.1
          ],
          [
            -115.471174,
            47.401151,
            1016
          ],
          [
            -115.471511,
            47.401212,
            1015.8
          ],
          [
            -115.471837,
            47.401297,
            1015.9
          ],
          [
            -115.472149,
            47.401403,
            1015.6
          ],
          [
            -115.472445,
            47.401526,
            1015.6
          ],
          [
            -115.472722,
            47.401668,
            1015.7
          ],
          [
            -115.472977,
            47.401826,
            1015.5
          ],
          [
            -115.473214,
            47.402,
            1015.4
          ],
          [
            -115.473432,
            47.402184,
            1015.2
          ],
          [
            -115.474268,
            47.402944,
            1015.4
          ],
          [
            -115.474497,
            47.403125,
            1015.2
          ],
          [
            -115.474739,
            47.403299,
            1014.9
          ],
          [
            -115.475264,
            47.403613,
            1014.4
          ],
          [
            -115.475545,
            47.403754,
            1014.4
          ],
          [
            -115.475839,
            47.403883,
            1014.2
          ],
          [
            -115.476138,
            47.403999,
            1014
          ],
          [
            -115.476451,
            47.404104,
            1014
          ],
          [
            -115.476779,
            47.404195,
            1014.1
          ],
          [
            -115.477727,
            47.404364,
            1014.4
          ],
          [
            -115.478139,
            47.404427,
            1014.6
          ],
          [
            -115.478487,
            47.404361,
            1014.8
          ],
          [
            -115.478846,
            47.404358,
            1014.8
          ],
          [
            -115.480254,
            47.404418,
            1015.4
          ],
          [
            -115.480953,
            47.404477,
            1015.8
          ],
          [
            -115.481292,
            47.404518,
            1016
          ],
          [
            -115.48198,
            47.404634,
            1016.2
          ],
          [
            -115.487347,
            47.405781,
            1018.5
          ],
          [
            -115.488343,
            47.406016,
            1018.7
          ],
          [
            -115.488664,
            47.406105,
            1018.7
          ],
          [
            -115.489306,
            47.406302,
            1019
          ],
          [
            -115.492157,
            47.407234,
            1020.9
          ],
          [
            -115.493103,
            47.407512,
            1021.3
          ],
          [
            -115.493424,
            47.407591,
            1021.3
          ],
          [
            -115.494402,
            47.407794,
            1021.6
          ],
          [
            -115.495399,
            47.407945,
            1022.2
          ],
          [
            -115.496075,
            47.408011,
            1022.5
          ],
          [
            -115.496413,
            47.408033,
            1022.6
          ],
          [
            -115.497095,
            47.408056,
            1022.5
          ],
          [
            -115.497704,
            47.408056,
            1022.7
          ],
          [
            -115.498112,
            47.408044,
            1022.9
          ],
          [
            -115.498719,
            47.408005,
            1023.5
          ],
          [
            -115.500059,
            47.407861,
            1025.8
          ],
          [
            -115.500417,
            47.407726,
            1026.7
          ],
          [
            -115.501084,
            47.407665,
            1028.5
          ],
          [
            -115.501489,
            47.407642,
            1029.3
          ],
          [
            -115.502105,
            47.407637,
            1030.7
          ],
          [
            -115.502449,
            47.407646,
            1031.1
          ],
          [
            -115.502789,
            47.407668,
            1031.4
          ],
          [
            -115.503196,
            47.407708,
            1031.7
          ],
          [
            -115.503799,
            47.407792,
            1032.3
          ],
          [
            -115.504131,
            47.407853,
            1032.5
          ],
          [
            -115.504524,
            47.407941,
            1032.5
          ],
          [
            -115.506054,
            47.408359,
            1031.2
          ],
          [
            -115.507939,
            47.408895,
            1031.5
          ],
          [
            -115.509523,
            47.409302,
            1032.8
          ],
          [
            -115.511786,
            47.409864,
            1033.6
          ],
          [
            -115.513374,
            47.410302,
            1032.3
          ],
          [
            -115.515868,
            47.411029,
            1031.9
          ],
          [
            -115.516481,
            47.411217,
            1032.4
          ],
          [
            -115.517027,
            47.411401,
            1033.3
          ],
          [
            -115.517626,
            47.411631,
            1034.2
          ],
          [
            -115.518257,
            47.411915,
            1035.2
          ],
          [
            -115.519017,
            47.412306,
            1036.3
          ],
          [
            -115.51954,
            47.412611,
            1036.8
          ],
          [
            -115.520098,
            47.412955,
            1037.3
          ],
          [
            -115.522554,
            47.414508,
            1039.3
          ],
          [
            -115.523355,
            47.414938,
            1040.4
          ],
          [
            -115.523923,
            47.4152,
            1041.1
          ],
          [
            -115.524276,
            47.415345,
            1041.4
          ],
          [
            -115.524871,
            47.415565,
            1041.9
          ],
          [
            -115.525426,
            47.415746,
            1042.2
          ],
          [
            -115.528876,
            47.416767,
            1045.6
          ],
          [
            -115.532615,
            47.417892,
            1052.2
          ],
          [
            -115.533562,
            47.418152,
            1054.1
          ],
          [
            -115.534215,
            47.418293,
            1055.2
          ],
          [
            -115.534876,
            47.418403,
            1056.2
          ],
          [
            -115.53548,
            47.418477,
            1057.3
          ],
          [
            -115.536165,
            47.41852,
            1058.2
          ],
          [
            -115.536847,
            47.418507,
            1059
          ],
          [
            -115.537523,
            47.418471,
            1059.9
          ],
          [
            -115.538264,
            47.418396,
            1060.8
          ],
          [
            -115.538863,
            47.418307,
            1061.7
          ],
          [
            -115.544187,
            47.417345,
            1067
          ],
          [
            -115.545184,
            47.417179,
            1067.9
          ],
          [
            -115.545861,
            47.417096,
            1068.5
          ],
          [
            -115.546539,
            47.417041,
            1069
          ],
          [
            -115.547217,
            47.417014,
            1069.6
          ],
          [
            -115.547557,
            47.417011,
            1069.7
          ],
          [
            -115.548252,
            47.417026,
            1070
          ],
          [
            -115.548588,
            47.417045,
            1070.1
          ],
          [
            -115.549267,
            47.417103,
            1070.5
          ],
          [
            -115.550278,
            47.417221,
            1071.4
          ],
          [
            -115.55525,
            47.417858,
            1076.6
          ],
          [
            -115.55592,
            47.41792,
            1077.4
          ],
          [
            -115.556265,
            47.417937,
            1077.8
          ],
          [
            -115.556949,
            47.417936,
            1078.6
          ],
          [
            -115.557292,
            47.417918,
            1079
          ],
          [
            -115.557963,
            47.417853,
            1079.7
          ],
          [
            -115.558628,
            47.417748,
            1080.2
          ],
          [
            -115.559625,
            47.417564,
            1081.1
          ],
          [
            -115.560283,
            47.417453,
            1081.7
          ],
          [
            -115.560946,
            47.417356,
            1082.3
          ],
          [
            -115.561954,
            47.417243,
            1083.5
          ],
          [
            -115.562628,
            47.417189,
            1084.3
          ],
          [
            -115.563309,
            47.417153,
            1085.2
          ],
          [
            -115.565346,
            47.417102,
            1088
          ],
          [
            -115.566028,
            47.417074,
            1089.3
          ],
          [
            -115.567043,
            47.416993,
            1091.3
          ],
          [
            -115.567716,
            47.416914,
            1092.5
          ],
          [
            -115.568717,
            47.416755,
            1094.4
          ],
          [
            -115.569363,
            47.416629,
            1095.7
          ],
          [
            -115.570015,
            47.416488,
            1097
          ],
          [
            -115.570345,
            47.416325,
            1097.7
          ],
          [
            -115.571655,
            47.41605,
            1100.8
          ],
          [
            -115.572309,
            47.415935,
            1102.8
          ],
          [
            -115.572641,
            47.415888,
            1103.8
          ],
          [
            -115.573314,
            47.415812,
            1105.6
          ],
          [
            -115.573654,
            47.415784,
            1106.3
          ],
          [
            -115.574341,
            47.41575,
            1107.3
          ],
          [
            -115.575029,
            47.415742,
            1107.7
          ],
          [
            -115.575649,
            47.415761,
            1107.8
          ],
          [
            -115.576344,
            47.415809,
            1107.5
          ],
          [
            -115.576755,
            47.415851,
            1107.2
          ],
          [
            -115.577359,
            47.41593,
            1106.5
          ],
          [
            -115.580001,
            47.41637,
            1103.7
          ],
          [
            -115.580674,
            47.416446,
            1103
          ],
          [
            -115.58102,
            47.416467,
            1102.5
          ],
          [
            -115.581361,
            47.416475,
            1102
          ],
          [
            -115.581702,
            47.416469,
            1101.5
          ],
          [
            -115.582045,
            47.41645,
            1101
          ],
          [
            -115.582721,
            47.416371,
            1100.1
          ],
          [
            -115.583382,
            47.416261,
            1099.7
          ],
          [
            -115.58437,
            47.416075,
            1100
          ],
          [
            -115.585031,
            47.41597,
            1100.3
          ],
          [
            -115.585695,
            47.415914,
            1100.8
          ],
          [
            -115.586028,
            47.415907,
            1101.1
          ],
          [
            -115.586363,
            47.415917,
            1101.4
          ],
          [
            -115.586689,
            47.415946,
            1101.9
          ],
          [
            -115.58702,
            47.415995,
            1102.3
          ],
          [
            -115.587344,
            47.416064,
            1102.7
          ],
          [
            -115.587668,
            47.416153,
            1102.9
          ],
          [
            -115.587975,
            47.416258,
            1103
          ],
          [
            -115.588268,
            47.41638,
            1103.4
          ],
          [
            -115.588545,
            47.416513,
            1103.8
          ],
          [
            -115.589077,
            47.416809,
            1105
          ],
          [
            -115.590712,
            47.417826,
            1107.8
          ],
          [
            -115.591162,
            47.418096,
            1108.5
          ],
          [
            -115.591641,
            47.418347,
            1109.2
          ],
          [
            -115.592152,
            47.418564,
            1109.7
          ],
          [
            -115.59264,
            47.418724,
            1110
          ],
          [
            -115.592985,
            47.41881,
            1110
          ],
          [
            -115.59328,
            47.418864,
            1110
          ],
          [
            -115.593829,
            47.418925,
            1110
          ],
          [
            -115.594135,
            47.418943,
            1110.3
          ],
          [
            -115.594511,
            47.41895,
            1110.4
          ],
          [
            -115.595379,
            47.418938,
            1110.6
          ],
          [
            -115.596613,
            47.418902,
            1110.8
          ],
          [
            -115.596944,
            47.418821,
            1111.1
          ],
          [
            -115.598216,
            47.418788,
            1111.7
          ],
          [
            -115.598869,
            47.418801,
            1112.1
          ],
          [
            -115.599523,
            47.418852,
            1112.6
          ],
          [
            -115.59985,
            47.418894,
            1112.8
          ],
          [
            -115.600236,
            47.418959,
            1113
          ],
          [
            -115.600487,
            47.419012,
            1113.2
          ],
          [
            -115.60085,
            47.419103,
            1113.5
          ],
          [
            -115.601366,
            47.419261,
            1114.1
          ],
          [
            -115.601909,
            47.41947,
            1115
          ],
          [
            -115.602419,
            47.419712,
            1115.8
          ],
          [
            -115.602903,
            47.419974,
            1117
          ],
          [
            -115.60385,
            47.420522,
            1119.6
          ],
          [
            -115.605212,
            47.421333,
            1123.7
          ],
          [
            -115.605699,
            47.421574,
            1124.7
          ],
          [
            -115.605957,
            47.421682,
            1125.4
          ],
          [
            -115.60622,
            47.421775,
            1125.9
          ],
          [
            -115.606497,
            47.421858,
            1126.4
          ],
          [
            -115.607065,
            47.421989,
            1127.2
          ],
          [
            -115.607353,
            47.422038,
            1127.7
          ],
          [
            -115.60765,
            47.422075,
            1128.4
          ],
          [
            -115.60795,
            47.422097,
            1128.9
          ],
          [
            -115.608251,
            47.422106,
            1129.4
          ],
          [
            -115.608553,
            47.422102,
            1129.9
          ],
          [
            -115.608859,
            47.422085,
            1130.4
          ],
          [
            -115.609458,
            47.422011,
            1131.4
          ],
          [
            -115.609693,
            47.421968,
            1132
          ],
          [
            -115.609997,
            47.421811,
            1132.3
          ],
          [
            -115.610565,
            47.421654,
            1133.3
          ],
          [
            -115.611372,
            47.421385,
            1134.5
          ],
          [
            -115.616749,
            47.41943,
            1140.1
          ],
          [
            -115.616971,
            47.419307,
            1139.9
          ],
          [
            -115.618426,
            47.418786,
            1139.1
          ],
          [
            -115.618913,
            47.418646,
            1138.5
          ],
          [
            -115.619408,
            47.418535,
            1138.1
          ],
          [
            -115.619664,
            47.41849,
            1137.7
          ],
          [
            -115.620179,
            47.418419,
            1136.5
          ],
          [
            -115.620444,
            47.41846,
            1135.9
          ],
          [
            -115.620957,
            47.418448,
            1134.8
          ],
          [
            -115.621465,
            47.41847,
            1133.8
          ],
          [
            -115.62171,
            47.418499,
            1133.4
          ],
          [
            -115.621951,
            47.418542,
            1133.3
          ],
          [
            -115.622177,
            47.418596,
            1133.1
          ],
          [
            -115.622554,
            47.418727,
            1132.9
          ],
          [
            -115.623276,
            47.419057,
            1133.7
          ],
          [
            -115.623658,
            47.4192,
            1134.2
          ],
          [
            -115.623963,
            47.419281,
            1134.7
          ],
          [
            -115.625545,
            47.419653,
            1136.7
          ],
          [
            -115.625637,
            47.419688,
            1137
          ],
          [
            -115.625661,
            47.419693,
            1136
          ],
          [
            -115.625794,
            47.419736,
            1139.3
          ],
          [
            -115.626375,
            47.419855,
            1139.5
          ],
          [
            -115.626727,
            47.419944,
            1139.7
          ],
          [
            -115.627185,
            47.42007,
            1140.2
          ],
          [
            -115.627551,
            47.420187,
            1140.6
          ],
          [
            -115.629521,
            47.42091,
            1142.4
          ],
          [
            -115.630192,
            47.421169,
            1143.3
          ],
          [
            -115.631406,
            47.421659,
            1144.6
          ],
          [
            -115.63189,
            47.42187,
            1145.5
          ],
          [
            -115.632604,
            47.422212,
            1146.7
          ],
          [
            -115.633295,
            47.422574,
            1147.6
          ],
          [
            -115.633787,
            47.422856,
            1148.4
          ],
          [
            -115.63444,
            47.423262,
            1149.9
          ],
          [
            -115.635029,
            47.423662,
            1151
          ],
          [
            -115.635639,
            47.424118,
            1151.8
          ],
          [
            -115.636223,
            47.4246,
            1153.4
          ],
          [
            -115.636781,
            47.425116,
            1155.1
          ],
          [
            -115.63713,
            47.425469,
            1155.9
          ],
          [
            -115.637462,
            47.425832,
            1156.8
          ],
          [
            -115.637778,
            47.426205,
            1157.8
          ],
          [
            -115.638216,
            47.426775,
            1159.1
          ],
          [
            -115.638352,
            47.426971,
            1159.4
          ],
          [
            -115.639363,
            47.428506,
            1163
          ],
          [
            -115.639525,
            47.428735,
            1163.6
          ],
          [
            -115.639671,
            47.428925,
            1164.2
          ],
          [
            -115.639961,
            47.429252,
            1165.3
          ],
          [
            -115.640137,
            47.429425,
            1165.8
          ],
          [
            -115.640328,
            47.429595,
            1166.3
          ],
          [
            -115.640527,
            47.429757,
            1166.8
          ],
          [
            -115.64078,
            47.429943,
            1167.2
          ],
          [
            -115.641184,
            47.430201,
            1168.1
          ],
          [
            -115.641672,
            47.43046,
            1168.9
          ],
          [
            -115.642214,
            47.430663,
            1169.2
          ],
          [
            -115.642484,
            47.430753,
            1169.2
          ],
          [
            -115.643053,
            47.430918,
            1168.8
          ],
          [
            -115.643334,
            47.430984,
            1168.7
          ],
          [
            -115.643913,
            47.431095,
            1168.7
          ],
          [
            -115.6445,
            47.431182,
            1168.9
          ],
          [
            -115.649879,
            47.431904,
            1175.6
          ],
          [
            -115.650411,
            47.431999,
            1176.6
          ],
          [
            -115.650927,
            47.432121,
            1177.8
          ],
          [
            -115.65118,
            47.432195,
            1178.5
          ],
          [
            -115.651429,
            47.432281,
            1179.2
          ],
          [
            -115.651663,
            47.432375,
            1180.1
          ],
          [
            -115.652104,
            47.432588,
            1182
          ],
          [
            -115.652307,
            47.432708,
            1182.9
          ],
          [
            -115.652493,
            47.432833,
            1184.1
          ],
          [
            -115.652654,
            47.432971,
            1185.3
          ],
          [
            -115.652848,
            47.433035,
            1186.3
          ],
          [
            -115.653171,
            47.433313,
            1188.5
          ],
          [
            -115.653321,
            47.433458,
            1189.3
          ],
          [
            -115.65358,
            47.433728,
            1191.2
          ],
          [
            -115.654267,
            47.434496,
            1195.6
          ],
          [
            -115.654561,
            47.43479,
            1197.6
          ],
          [
            -115.654721,
            47.434933,
            1198.8
          ],
          [
            -115.65506,
            47.435204,
            1200.9
          ],
          [
            -115.655247,
            47.435331,
            1202.1
          ],
          [
            -115.65545,
            47.435453,
            1203
          ],
          [
            -115.655881,
            47.435667,
            1205.1
          ],
          [
            -115.656112,
            47.435761,
            1206
          ],
          [
            -115.656597,
            47.435922,
            1207.6
          ],
          [
            -115.657115,
            47.436048,
            1208.8
          ],
          [
            -115.657663,
            47.436129,
            1209.9
          ],
          [
            -115.657942,
            47.436151,
            1210.5
          ],
          [
            -115.658504,
            47.436158,
            1211.4
          ],
          [
            -115.658789,
            47.436144,
            1211.6
          ],
          [
            -115.659359,
            47.43608,
            1211.8
          ],
          [
            -115.659641,
            47.436029,
            1211.5
          ],
          [
            -115.660186,
            47.43588,
            1211.6
          ],
          [
            -115.660706,
            47.435684,
            1211.7
          ],
          [
            -115.661435,
            47.435349,
            1212
          ],
          [
            -115.661908,
            47.435108,
            1212.6
          ],
          [
            -115.662135,
            47.434913,
            1212.9
          ],
          [
            -115.662608,
            47.434687,
            1213.4
          ],
          [
            -115.662851,
            47.434583,
            1213.8
          ],
          [
            -115.663355,
            47.434396,
            1214.8
          ],
          [
            -115.66388,
            47.434249,
            1216
          ],
          [
            -115.664419,
            47.434138,
            1217.2
          ],
          [
            -115.664691,
            47.434092,
            1217.7
          ],
          [
            -115.665513,
            47.433981,
            1220.1
          ],
          [
            -115.668158,
            47.433664,
            1228.7
          ],
          [
            -115.66869,
            47.433616,
            1231.4
          ],
          [
            -115.669222,
            47.433587,
            1233.9
          ],
          [
            -115.669759,
            47.43359,
            1236.6
          ],
          [
            -115.670028,
            47.433603,
            1237.8
          ],
          [
            -115.670566,
            47.433661,
            1240.4
          ],
          [
            -115.670824,
            47.4337,
            1241.7
          ],
          [
            -115.671341,
            47.433804,
            1244.4
          ],
          [
            -115.671594,
            47.433868,
            1245.5
          ],
          [
            -115.672085,
            47.434018,
            1248.1
          ],
          [
            -115.674062,
            47.434673,
            1258.3
          ],
          [
            -115.674277,
            47.434826,
            1259.5
          ],
          [
            -115.678407,
            47.436215,
            1280.2
          ],
          [
            -115.678928,
            47.436407,
            1282.9
          ],
          [
            -115.679247,
            47.436535,
            1284.6
          ],
          [
            -115.679691,
            47.436725,
            1287
          ],
          [
            -115.680104,
            47.436916,
            1289.1
          ],
          [
            -115.680507,
            47.437115,
            1291.2
          ],
          [
            -115.680924,
            47.437336,
            1293.3
          ],
          [
            -115.681635,
            47.437752,
            1297.5
          ],
          [
            -115.682078,
            47.438039,
            1300.8
          ],
          [
            -115.682396,
            47.438261,
            1303.1
          ],
          [
            -115.683955,
            47.439511,
            1314.1
          ],
          [
            -115.68447,
            47.439899,
            1317.8
          ],
          [
            -115.684753,
            47.440093,
            1319.8
          ],
          [
            -115.685207,
            47.440372,
            1322.8
          ],
          [
            -115.685525,
            47.440545,
            1324.8
          ],
          [
            -115.686167,
            47.440852,
            1328.7
          ],
          [
            -115.688106,
            47.441691,
            1338.1
          ],
          [
            -115.688499,
            47.441885,
            1340.2
          ],
          [
            -115.688984,
            47.442155,
            1342.8
          ],
          [
            -115.689461,
            47.442466,
            1345.9
          ],
          [
            -115.689868,
            47.442776,
            1349.3
          ],
          [
            -115.690276,
            47.443133,
            1352
          ],
          [
            -115.690471,
            47.443324,
            1353.2
          ],
          [
            -115.690663,
            47.44353,
            1354.7
          ],
          [
            -115.690934,
            47.443857,
            1357.6
          ],
          [
            -115.691178,
            47.444196,
            1360.4
          ],
          [
            -115.692752,
            47.446549,
            1378
          ],
          [
            -115.692996,
            47.446938,
            1380.6
          ],
          [
            -115.693159,
            47.447248,
            1382.8
          ],
          [
            -115.69328,
            47.447519,
            1385.1
          ],
          [
            -115.693391,
            47.44781,
            1387.3
          ],
          [
            -115.693515,
            47.448246,
            1390.5
          ],
          [
            -115.693567,
            47.448517,
            1392.5
          ],
          [
            -115.6936,
            47.448765,
            1394.4
          ],
          [
            -115.693632,
            47.449344,
            1398.8
          ],
          [
            -115.693642,
            47.449781,
            1402.4
          ],
          [
            -115.693638,
            47.450506,
            1407
          ],
          [
            -115.693648,
            47.450819,
            1409.1
          ],
          [
            -115.693694,
            47.451388,
            1412.5
          ],
          [
            -115.693772,
            47.451948,
            1416.1
          ],
          [
            -115.693886,
            47.452501,
            1419.7
          ],
          [
            -115.694072,
            47.453204,
            1424.6
          ],
          [
            -115.694271,
            47.453823,
            1428.2
          ],
          [
            -115.694543,
            47.454511,
            1431.2
          ],
          [
            -115.695015,
            47.45564,
            1431
          ],
          [
            -115.695153,
            47.456068,
            1429.3
          ],
          [
            -115.695206,
            47.456364,
            1428
          ],
          [
            -115.695214,
            47.456518,
            1427.4
          ],
          [
            -115.695198,
            47.456828,
            1425.3
          ],
          [
            -115.695176,
            47.456986,
            1424.2
          ],
          [
            -115.695106,
            47.457304,
            1421.6
          ],
          [
            -115.695088,
            47.457471,
            1420.3
          ],
          [
            -115.695036,
            47.457634,
            1419.2
          ],
          [
            -115.694958,
            47.457793,
            1418.1
          ],
          [
            -115.694836,
            47.458118,
            1416
          ],
          [
            -115.694681,
            47.458442,
            1414.2
          ],
          [
            -115.694504,
            47.458757,
            1412.8
          ],
          [
            -115.694092,
            47.459383,
            1409.1
          ],
          [
            -115.694017,
            47.459512,
            1408.2
          ],
          [
            -115.693939,
            47.459674,
            1407.2
          ],
          [
            -115.693876,
            47.459843,
            1406.2
          ],
          [
            -115.69383,
            47.460017,
            1405.2
          ],
          [
            -115.693801,
            47.460226,
            1404.3
          ],
          [
            -115.693798,
            47.460367,
            1403.4
          ],
          [
            -115.693815,
            47.460544,
            1402.4
          ],
          [
            -115.693853,
            47.460724,
            1401.4
          ],
          [
            -115.693914,
            47.460902,
            1400.1
          ],
          [
            -115.693995,
            47.461076,
            1399.3
          ],
          [
            -115.694095,
            47.461246,
            1398.3
          ],
          [
            -115.694218,
            47.461414,
            1397.4
          ],
          [
            -115.694358,
            47.461575,
            1396.5
          ],
          [
            -115.694518,
            47.461727,
            1395.7
          ],
          [
            -115.694697,
            47.46187,
            1394.7
          ],
          [
            -115.694891,
            47.462003,
            1393.7
          ],
          [
            -115.695106,
            47.462127,
            1392.7
          ],
          [
            -115.695331,
            47.462237,
            1391.7
          ],
          [
            -115.695574,
            47.462336,
            1390.7
          ],
          [
            -115.695828,
            47.462421,
            1389.8
          ],
          [
            -115.69609,
            47.462493,
            1388.7
          ],
          [
            -115.696451,
            47.462521,
            1387.6
          ],
          [
            -115.696717,
            47.462568,
            1386.4
          ],
          [
            -115.696982,
            47.4626,
            1385.1
          ],
          [
            -115.697525,
            47.462633,
            1383.4
          ],
          [
            -115.698612,
            47.462663,
            1379.5
          ],
          [
            -115.699152,
            47.462691,
            1377.3
          ],
          [
            -115.699679,
            47.462748,
            1375
          ],
          [
            -115.700914,
            47.462968,
            1370.2
          ],
          [
            -115.701423,
            47.463016,
            1368.5
          ],
          [
            -115.701691,
            47.463024,
            1367.5
          ],
          [
            -115.701953,
            47.463018,
            1366.5
          ],
          [
            -115.702213,
            47.462997,
            1365.2
          ],
          [
            -115.702727,
            47.462917,
            1362.7
          ],
          [
            -115.703227,
            47.46279,
            1359.9
          ],
          [
            -115.703728,
            47.462635,
            1357.2
          ],
          [
            -115.704246,
            47.46249,
            1354.8
          ],
          [
            -115.704514,
            47.462435,
            1353.6
          ],
          [
            -115.704787,
            47.462393,
            1352.5
          ],
          [
            -115.70507,
            47.462367,
            1351.4
          ],
          [
            -115.705356,
            47.462357,
            1350.4
          ],
          [
            -115.705868,
            47.462378,
            1348.1
          ],
          [
            -115.706504,
            47.46243,
            1346.1
          ],
          [
            -115.708181,
            47.462594,
            1340.7
          ],
          [
            -115.708474,
            47.462613,
            1339.7
          ],
          [
            -115.708763,
            47.46262,
            1338.7
          ],
          [
            -115.709058,
            47.462613,
            1337.7
          ],
          [
            -115.709351,
            47.462591,
            1336.9
          ],
          [
            -115.70964,
            47.462553,
            1336
          ],
          [
            -115.709924,
            47.462497,
            1334.7
          ],
          [
            -115.710192,
            47.46243,
            1333.5
          ],
          [
            -115.710457,
            47.462342,
            1332
          ],
          [
            -115.710709,
            47.462238,
            1330.6
          ],
          [
            -115.710953,
            47.462119,
            1329.3
          ],
          [
            -115.711188,
            47.461991,
            1328
          ],
          [
            -115.711403,
            47.461847,
            1326.6
          ],
          [
            -115.712161,
            47.461496,
            1322.8
          ],
          [
            -115.712433,
            47.461395,
            1321.5
          ],
          [
            -115.712746,
            47.461257,
            1320.4
          ],
          [
            -115.71304,
            47.461198,
            1319.1
          ],
          [
            -115.713342,
            47.461158,
            1318
          ],
          [
            -115.71487,
            47.461066,
            1313.3
          ],
          [
            -115.715173,
            47.46103,
            1312.3
          ],
          [
            -115.715471,
            47.460981,
            1311.1
          ],
          [
            -115.715765,
            47.460919,
            1309.9
          ],
          [
            -115.716061,
            47.460844,
            1308.8
          ],
          [
            -115.716338,
            47.460755,
            1307.3
          ],
          [
            -115.717434,
            47.460319,
            1301.1
          ],
          [
            -115.717719,
            47.460222,
            1299.8
          ],
          [
            -115.718018,
            47.460139,
            1298.4
          ],
          [
            -115.71833,
            47.460077,
            1297.1
          ],
          [
            -115.718649,
            47.460036,
            1296.2
          ],
          [
            -115.718974,
            47.460017,
            1295.1
          ],
          [
            -115.719296,
            47.460022,
            1293.9
          ],
          [
            -115.719617,
            47.460049,
            1292.2
          ],
          [
            -115.719935,
            47.460099,
            1290.8
          ],
          [
            -115.720243,
            47.460166,
            1289.6
          ],
          [
            -115.721099,
            47.460389,
            1285.2
          ],
          [
            -115.72141,
            47.460448,
            1284.2
          ],
          [
            -115.721726,
            47.460488,
            1283.1
          ],
          [
            -115.722053,
            47.460511,
            1282
          ],
          [
            -115.722442,
            47.460511,
            1281
          ],
          [
            -115.722702,
            47.460492,
            1279.9
          ],
          [
            -115.723017,
            47.460451,
            1278.8
          ],
          [
            -115.72333,
            47.46039,
            1277.6
          ],
          [
            -115.723634,
            47.460309,
            1276.2
          ],
          [
            -115.723981,
            47.460191,
            1275
          ],
          [
            -115.724203,
            47.460099,
            1273.5
          ],
          [
            -115.725019,
            47.459735,
            1269.2
          ],
          [
            -115.725308,
            47.459631,
            1267.8
          ],
          [
            -115.725607,
            47.459545,
            1266.5
          ],
          [
            -115.725924,
            47.459478,
            1264.9
          ],
          [
            -115.726249,
            47.459433,
            1263.4
          ],
          [
            -115.726573,
            47.459412,
            1262.2
          ],
          [
            -115.726904,
            47.459413,
            1261.1
          ],
          [
            -115.727226,
            47.459438,
            1259.8
          ],
          [
            -115.727543,
            47.459485,
            1258
          ],
          [
            -115.727858,
            47.459555,
            1256.4
          ],
          [
            -115.72842,
            47.459779,
            1252.9
          ],
          [
            -115.728675,
            47.45991,
            1251.4
          ],
          [
            -115.729623,
            47.460538,
            1246
          ],
          [
            -115.729873,
            47.460682,
            1244.9
          ],
          [
            -115.730157,
            47.460802,
            1243.9
          ],
          [
            -115.730409,
            47.460944,
            1242.9
          ],
          [
            -115.730938,
            47.461193,
            1240.1
          ],
          [
            -115.731346,
            47.461166,
            1238.9
          ],
          [
            -115.731669,
            47.461203,
            1237.9
          ],
          [
            -115.731995,
            47.461217,
            1237
          ],
          [
            -115.732327,
            47.461211,
            1235.7
          ],
          [
            -115.732652,
            47.461184,
            1234.7
          ],
          [
            -115.732978,
            47.461142,
            1233.8
          ],
          [
            -115.733951,
            47.460988,
            1230.3
          ],
          [
            -115.734283,
            47.460944,
            1229.2
          ],
          [
            -115.734611,
            47.460914,
            1227.9
          ],
          [
            -115.734953,
            47.460903,
            1226.7
          ],
          [
            -115.735289,
            47.460916,
            1225.2
          ],
          [
            -115.73562,
            47.460952,
            1223.9
          ],
          [
            -115.735942,
            47.461013,
            1222.4
          ],
          [
            -115.736248,
            47.461094,
            1221
          ],
          [
            -115.736546,
            47.461198,
            1219.7
          ],
          [
            -115.736826,
            47.461322,
            1218.3
          ],
          [
            -115.737088,
            47.461464,
            1217.1
          ],
          [
            -115.73733,
            47.461619,
            1215.7
          ],
          [
            -115.737974,
            47.462071,
            1211.5
          ],
          [
            -115.738267,
            47.462256,
            1210.4
          ],
          [
            -115.738515,
            47.462396,
            1209.2
          ],
          [
            -115.738725,
            47.462501,
            1208.1
          ],
          [
            -115.739008,
            47.462618,
            1206.8
          ],
          [
            -115.739298,
            47.462719,
            1205.5
          ],
          [
            -115.739598,
            47.462805,
            1204.4
          ],
          [
            -115.739968,
            47.462887,
            1203.1
          ],
          [
            -115.74022,
            47.462928,
            1202
          ],
          [
            -115.740542,
            47.462962,
            1201
          ],
          [
            -115.740862,
            47.462984,
            1200
          ],
          [
            -115.741511,
            47.463008,
            1197.9
          ],
          [
            -115.742484,
            47.46302,
            1194.2
          ],
          [
            -115.743132,
            47.463044,
            1191.6
          ],
          [
            -115.743768,
            47.463112,
            1188.8
          ],
          [
            -115.744077,
            47.463169,
            1187.6
          ],
          [
            -115.744383,
            47.463245,
            1186.3
          ],
          [
            -115.744673,
            47.463335,
            1185.2
          ],
          [
            -115.744957,
            47.463441,
            1183.9
          ],
          [
            -115.745232,
            47.463558,
            1182.5
          ],
          [
            -115.746551,
            47.464181,
            1176.2
          ],
          [
            -115.747095,
            47.464416,
            1173.6
          ],
          [
            -115.747669,
            47.464615,
            1171.1
          ],
          [
            -115.747971,
            47.464698,
            1169.8
          ],
          [
            -115.748587,
            47.464831,
            1167.2
          ],
          [
            -115.749222,
            47.464919,
            1164.8
          ],
          [
            -115.749547,
            47.464944,
            1163.3
          ],
          [
            -115.754486,
            47.465116,
            1143.7
          ],
          [
            -115.755093,
            47.46515,
            1140.5
          ],
          [
            -115.755489,
            47.46519,
            1138.9
          ],
          [
            -115.756074,
            47.465287,
            1135.5
          ],
          [
            -115.756392,
            47.46536,
            1133.7
          ],
          [
            -115.756699,
            47.465444,
            1131.9
          ],
          [
            -115.757064,
            47.465563,
            1130.2
          ],
          [
            -115.757582,
            47.465769,
            1126.7
          ],
          [
            -115.757859,
            47.465903,
            1125
          ],
          [
            -115.758119,
            47.466047,
            1123.1
          ],
          [
            -115.758412,
            47.466235,
            1121.8
          ],
          [
            -115.758817,
            47.466542,
            1118.5
          ],
          [
            -115.759023,
            47.466726,
            1116.9
          ],
          [
            -115.759215,
            47.466917,
            1115.4
          ],
          [
            -115.759389,
            47.467113,
            1114.2
          ],
          [
            -115.760048,
            47.467979,
            1108.6
          ],
          [
            -115.760357,
            47.468336,
            1105.6
          ],
          [
            -115.76055,
            47.468523,
            1104.2
          ],
          [
            -115.760761,
            47.468705,
            1102.6
          ],
          [
            -115.760988,
            47.468878,
            1101.1
          ],
          [
            -115.761232,
            47.46904,
            1099.6
          ],
          [
            -115.761488,
            47.469191,
            1098
          ],
          [
            -115.76176,
            47.469332,
            1096.5
          ],
          [
            -115.762046,
            47.469462,
            1095.1
          ],
          [
            -115.762347,
            47.469582,
            1093.7
          ],
          [
            -115.762652,
            47.469689,
            1092.2
          ],
          [
            -115.76297,
            47.469786,
            1090.7
          ],
          [
            -115.763298,
            47.469869,
            1089.2
          ],
          [
            -115.763626,
            47.469938,
            1087.7
          ],
          [
            -115.763966,
            47.469995,
            1086.3
          ],
          [
            -115.764657,
            47.470071,
            1083
          ],
          [
            -115.765005,
            47.470089,
            1081.4
          ],
          [
            -115.765425,
            47.470017,
            1080.2
          ],
          [
            -115.765774,
            47.470006,
            1078.8
          ],
          [
            -115.766475,
            47.469942,
            1075.2
          ],
          [
            -115.767176,
            47.469834,
            1071.9
          ],
          [
            -115.769637,
            47.469402,
            1062.5
          ],
          [
            -115.773672,
            47.468714,
            1050.5
          ],
          [
            -115.774338,
            47.468611,
            1048.6
          ],
          [
            -115.775009,
            47.46852,
            1046.6
          ],
          [
            -115.776017,
            47.468408,
            1043.5
          ],
          [
            -115.777015,
            47.468318,
            1040.8
          ],
          [
            -115.77802,
            47.468245,
            1038.2
          ],
          [
            -115.779019,
            47.468192,
            1035
          ],
          [
            -115.780661,
            47.468142,
            1029.8
          ],
          [
            -115.781646,
            47.468132,
            1026.2
          ],
          [
            -115.782988,
            47.468142,
            1021.7
          ],
          [
            -115.784345,
            47.468179,
            1018
          ],
          [
            -115.785716,
            47.468243,
            1015.3
          ],
          [
            -115.787405,
            47.468364,
            1014.1
          ],
          [
            -115.789412,
            47.468563,
            1013.9
          ],
          [
            -115.792284,
            47.468888,
            1017.6
          ],
          [
            -115.792965,
            47.468956,
            1018.8
          ],
          [
            -115.793831,
            47.469003,
            1019.9
          ],
          [
            -115.794439,
            47.469005,
            1019.7
          ],
          [
            -115.795038,
            47.468978,
            1018.9
          ],
          [
            -115.795627,
            47.468925,
            1018
          ],
          [
            -115.796206,
            47.468849,
            1016.7
          ],
          [
            -115.796789,
            47.468754,
            1014.6
          ],
          [
            -115.797078,
            47.468691,
            1013.3
          ],
          [
            -115.798068,
            47.46839,
            1009
          ],
          [
            -115.798481,
            47.468243,
            1007.3
          ],
          [
            -115.79909,
            47.467994,
            1004.7
          ],
          [
            -115.799873,
            47.467628,
            1002.6
          ],
          [
            -115.800056,
            47.467527,
            1002.2
          ],
          [
            -115.800399,
            47.467315,
            1001.5
          ],
          [
            -115.800563,
            47.467211,
            1001.3
          ],
          [
            -115.80087,
            47.466991,
            1000.6
          ],
          [
            -115.801444,
            47.46652,
            998.6
          ],
          [
            -115.801576,
            47.466326,
            998.2
          ],
          [
            -115.801838,
            47.466069,
            997.1
          ],
          [
            -115.802088,
            47.465804,
            995.8
          ],
          [
            -115.803133,
            47.464647,
            991.9
          ],
          [
            -115.803655,
            47.464094,
            990
          ],
          [
            -115.803837,
            47.46393,
            989.5
          ],
          [
            -115.80414,
            47.463694,
            988.5
          ],
          [
            -115.804323,
            47.463572,
            988.1
          ],
          [
            -115.804517,
            47.46346,
            987.5
          ],
          [
            -115.804772,
            47.463336,
            986.9
          ],
          [
            -115.804941,
            47.463265,
            986.5
          ],
          [
            -115.805411,
            47.463105,
            986.2
          ],
          [
            -115.805658,
            47.463044,
            986
          ],
          [
            -115.805916,
            47.462994,
            985.6
          ],
          [
            -115.80618,
            47.462956,
            985.3
          ],
          [
            -115.806457,
            47.462933,
            985
          ],
          [
            -115.806736,
            47.462923,
            984.5
          ],
          [
            -115.807026,
            47.462928,
            984.1
          ],
          [
            -115.807569,
            47.462998,
            983.6
          ],
          [
            -115.807893,
            47.463059,
            983.1
          ],
          [
            -115.808103,
            47.46311,
            982.6
          ],
          [
            -115.808615,
            47.463275,
            981.5
          ],
          [
            -115.808855,
            47.463376,
            981
          ],
          [
            -115.809319,
            47.463618,
            980.4
          ],
          [
            -115.809732,
            47.463902,
            980.3
          ],
          [
            -115.810325,
            47.464348,
            979.7
          ],
          [
            -115.810538,
            47.464586,
            979.4
          ],
          [
            -115.810739,
            47.46473,
            978.9
          ],
          [
            -115.811157,
            47.465,
            978.3
          ],
          [
            -115.811377,
            47.465125,
            978.3
          ],
          [
            -115.811607,
            47.465242,
            978.1
          ],
          [
            -115.811848,
            47.46535,
            978
          ],
          [
            -115.812097,
            47.465447,
            977.8
          ],
          [
            -115.812356,
            47.465534,
            977.6
          ],
          [
            -115.812618,
            47.465609,
            977.3
          ],
          [
            -115.812891,
            47.465673,
            977
          ],
          [
            -115.813449,
            47.465767,
            976.7
          ],
          [
            -115.813732,
            47.465797,
            976.1
          ],
          [
            -115.814304,
            47.465822,
            975.4
          ],
          [
            -115.81459,
            47.465819,
            975.3
          ],
          [
            -115.814886,
            47.465801,
            974.7
          ],
          [
            -115.81546,
            47.465731,
            973.6
          ],
          [
            -115.815691,
            47.465684,
            973.2
          ],
          [
            -115.816034,
            47.465601,
            972.8
          ],
          [
            -115.816526,
            47.465444,
            971.6
          ],
          [
            -115.817041,
            47.465235,
            970.5
          ],
          [
            -115.817533,
            47.464989,
            970
          ],
          [
            -115.817715,
            47.464811,
            969.7
          ],
          [
            -115.818695,
            47.464294,
            968.9
          ],
          [
            -115.818928,
            47.464161,
            968.8
          ],
          [
            -115.819358,
            47.463876,
            968.5
          ],
          [
            -115.819553,
            47.463718,
            968.4
          ],
          [
            -115.819731,
            47.463558,
            967.9
          ],
          [
            -115.819895,
            47.463385,
            967.3
          ],
          [
            -115.820045,
            47.463205,
            966.9
          ],
          [
            -115.820626,
            47.46246,
            965.3
          ],
          [
            -115.82094,
            47.462093,
            964.4
          ],
          [
            -115.821335,
            47.461758,
            963.7
          ],
          [
            -115.821543,
            47.461597,
            963.2
          ],
          [
            -115.821771,
            47.461449,
            962.7
          ],
          [
            -115.822023,
            47.461314,
            962.3
          ],
          [
            -115.822347,
            47.461174,
            962
          ],
          [
            -115.822573,
            47.461095,
            961.7
          ],
          [
            -115.822869,
            47.461009,
            961.2
          ],
          [
            -115.823175,
            47.460941,
            960.9
          ],
          [
            -115.823493,
            47.46089,
            960.3
          ],
          [
            -115.823873,
            47.460854,
            959.8
          ],
          [
            -115.824131,
            47.460844,
            959.3
          ],
          [
            -115.824452,
            47.460849,
            958.6
          ],
          [
            -115.824777,
            47.460874,
            958.2
          ],
          [
            -115.825097,
            47.460918,
            958
          ],
          [
            -115.82541,
            47.460982,
            957.7
          ],
          [
            -115.825716,
            47.461061,
            957.1
          ],
          [
            -115.826018,
            47.461158,
            956.6
          ],
          [
            -115.82659,
            47.461384,
            956
          ],
          [
            -115.830291,
            47.462956,
            953.7
          ],
          [
            -115.831233,
            47.463336,
            953.3
          ],
          [
            -115.831777,
            47.463524,
            952.6
          ],
          [
            -115.832088,
            47.463615,
            952
          ],
          [
            -115.832777,
            47.463785,
            950.4
          ],
          [
            -115.837386,
            47.464786,
            943.9
          ],
          [
            -115.838003,
            47.464932,
            943.2
          ],
          [
            -115.838605,
            47.465092,
            942.3
          ],
          [
            -115.838907,
            47.465185,
            941.6
          ],
          [
            -115.839257,
            47.465307,
            941.2
          ],
          [
            -115.840631,
            47.465847,
            939
          ],
          [
            -115.840922,
            47.465954,
            938.4
          ],
          [
            -115.841534,
            47.466151,
            937.2
          ],
          [
            -115.841845,
            47.466235,
            936.7
          ],
          [
            -115.842496,
            47.466385,
            935.4
          ],
          [
            -115.845134,
            47.466916,
            931.1
          ],
          [
            -115.845775,
            47.467067,
            929.7
          ],
          [
            -115.846089,
            47.467157,
            929.1
          ],
          [
            -115.846394,
            47.467259,
            928.5
          ],
          [
            -115.846688,
            47.467375,
            928
          ],
          [
            -115.848091,
            47.468018,
            926.2
          ],
          [
            -115.848387,
            47.468138,
            925.7
          ],
          [
            -115.848628,
            47.468222,
            925.3
          ],
          [
            -115.848945,
            47.468317,
            924.8
          ],
          [
            -115.849334,
            47.468414,
            924.4
          ],
          [
            -115.850272,
            47.4686,
            923.3
          ],
          [
            -115.852933,
            47.469092,
            921
          ],
          [
            -115.85359,
            47.469187,
            920.4
          ],
          [
            -115.853918,
            47.469215,
            919.9
          ],
          [
            -115.854253,
            47.469229,
            919.5
          ],
          [
            -115.854582,
            47.469227,
            919.3
          ],
          [
            -115.854911,
            47.469192,
            919.3
          ],
          [
            -115.855547,
            47.469091,
            918.6
          ],
          [
            -115.85683,
            47.468847,
            917.1
          ],
          [
            -115.857152,
            47.468798,
            916.7
          ],
          [
            -115.857486,
            47.468763,
            916.5
          ],
          [
            -115.858139,
            47.468746,
            915.8
          ],
          [
            -115.858467,
            47.468753,
            915.4
          ],
          [
            -115.858788,
            47.46878,
            915.1
          ],
          [
            -115.85911,
            47.468825,
            914.8
          ],
          [
            -115.85949,
            47.468904,
            914.4
          ],
          [
            -115.859733,
            47.468968,
            913.8
          ],
          [
            -115.860043,
            47.469068,
            913.1
          ],
          [
            -115.860332,
            47.469184,
            912.8
          ],
          [
            -115.860613,
            47.469321,
            912.7
          ],
          [
            -115.86087,
            47.469473,
            912.3
          ],
          [
            -115.861104,
            47.46964,
            912.5
          ],
          [
            -115.861322,
            47.469824,
            912.4
          ],
          [
            -115.861655,
            47.470234,
            912.4
          ],
          [
            -115.862254,
            47.471092,
            911.9
          ],
          [
            -115.862425,
            47.471302,
            911.1
          ],
          [
            -115.862721,
            47.471726,
            908.8
          ],
          [
            -115.862884,
            47.471931,
            908.2
          ],
          [
            -115.86306,
            47.472131,
            907.6
          ],
          [
            -115.863217,
            47.47228,
            907.4
          ],
          [
            -115.863479,
            47.472495,
            907.1
          ],
          [
            -115.863716,
            47.472661,
            906.9
          ],
          [
            -115.863916,
            47.472784,
            906.4
          ],
          [
            -115.864183,
            47.472923,
            905.9
          ],
          [
            -115.864471,
            47.473049,
            905.5
          ],
          [
            -115.864829,
            47.473177,
            904.9
          ],
          [
            -115.865068,
            47.473248,
            903.9
          ],
          [
            -115.865386,
            47.473325,
            903.6
          ],
          [
            -115.865711,
            47.473387,
            903.4
          ],
          [
            -115.866438,
            47.473491,
            902
          ],
          [
            -115.870332,
            47.473921,
            902
          ],
          [
            -115.875659,
            47.474531,
            901
          ],
          [
            -115.876325,
            47.474595,
            900.5
          ],
          [
            -115.876985,
            47.474627,
            900.4
          ],
          [
            -115.877318,
            47.474621,
            900.3
          ],
          [
            -115.877649,
            47.474595,
            899.9
          ],
          [
            -115.877975,
            47.474553,
            899.4
          ],
          [
            -115.878292,
            47.474494,
            899.1
          ],
          [
            -115.878604,
            47.474413,
            899
          ],
          [
            -115.878899,
            47.474315,
            899
          ],
          [
            -115.879179,
            47.474198,
            898.4
          ],
          [
            -115.879442,
            47.474065,
            897.8
          ],
          [
            -115.879685,
            47.473919,
            897.7
          ],
          [
            -115.8799,
            47.473755,
            897.3
          ],
          [
            -115.880505,
            47.473229,
            895.3
          ],
          [
            -115.880638,
            47.472996,
            894.5
          ],
          [
            -115.880861,
            47.47284,
            893.5
          ],
          [
            -115.881104,
            47.472699,
            892.7
          ],
          [
            -115.881366,
            47.472575,
            892.3
          ],
          [
            -115.881699,
            47.472454,
            892
          ],
          [
            -115.881929,
            47.472389,
            891.2
          ],
          [
            -115.882224,
            47.472327,
            890.5
          ],
          [
            -115.882527,
            47.472285,
            889.7
          ],
          [
            -115.882834,
            47.472264,
            889.2
          ],
          [
            -115.883218,
            47.472263,
            888.3
          ],
          [
            -115.883466,
            47.472278,
            887.3
          ],
          [
            -115.883786,
            47.472318,
            886.5
          ],
          [
            -115.884094,
            47.472379,
            885.8
          ],
          [
            -115.884396,
            47.472462,
            885.1
          ],
          [
            -115.884691,
            47.472567,
            884.3
          ],
          [
            -115.884969,
            47.472689,
            882.8
          ],
          [
            -115.885499,
            47.472972,
            881.2
          ],
          [
            -115.888434,
            47.474629,
            876.7
          ],
          [
            -115.888984,
            47.474904,
            875.9
          ],
          [
            -115.88927,
            47.475027,
            874.7
          ],
          [
            -115.889568,
            47.475136,
            874.2
          ],
          [
            -115.889882,
            47.47523,
            873.3
          ],
          [
            -115.890202,
            47.475303,
            873.1
          ],
          [
            -115.890534,
            47.475357,
            872.5
          ],
          [
            -115.890868,
            47.475391,
            872.2
          ],
          [
            -115.891199,
            47.475404,
            871.9
          ],
          [
            -115.891531,
            47.475398,
            871.2
          ],
          [
            -115.891861,
            47.475374,
            870.8
          ],
          [
            -115.892182,
            47.475335,
            870.6
          ],
          [
            -115.892819,
            47.475225,
            870
          ],
          [
            -115.896038,
            47.47456,
            865.7
          ],
          [
            -115.89758,
            47.474213,
            863.9
          ],
          [
            -115.899537,
            47.4738,
            862.1
          ],
          [
            -115.900088,
            47.473707,
            861.3
          ],
          [
            -115.900403,
            47.473665,
            860.8
          ],
          [
            -115.900714,
            47.47364,
            860.4
          ],
          [
            -115.901026,
            47.473631,
            860
          ],
          [
            -115.901344,
            47.47364,
            859.9
          ],
          [
            -115.901659,
            47.473668,
            859.6
          ],
          [
            -115.901965,
            47.473712,
            859.1
          ],
          [
            -115.90227,
            47.473774,
            859
          ],
          [
            -115.902566,
            47.47385,
            858.8
          ],
          [
            -115.903986,
            47.474277,
            856.6
          ],
          [
            -115.904278,
            47.474355,
            856.4
          ],
          [
            -115.904871,
            47.474481,
            855.3
          ],
          [
            -115.905177,
            47.474527,
            855.1
          ],
          [
            -115.905492,
            47.474561,
            854.8
          ],
          [
            -115.906127,
            47.47459,
            854.5
          ],
          [
            -115.906447,
            47.474584,
            854.2
          ],
          [
            -115.906761,
            47.474564,
            854.1
          ],
          [
            -115.907072,
            47.474529,
            854.2
          ],
          [
            -115.90768,
            47.474424,
            853.6
          ],
          [
            -115.908269,
            47.474275,
            853
          ],
          [
            -115.908554,
            47.474188,
            852.7
          ],
          [
            -115.909396,
            47.473898,
            852.3
          ],
          [
            -115.910463,
            47.473483,
            851.2
          ],
          [
            -115.910972,
            47.473297,
            851.5
          ],
          [
            -115.91123,
            47.473212,
            851.8
          ],
          [
            -115.911495,
            47.473139,
            852.5
          ],
          [
            -115.911762,
            47.473079,
            853.1
          ],
          [
            -115.912325,
            47.472992,
            854.2
          ],
          [
            -115.913689,
            47.472859,
            856.8
          ],
          [
            -115.914312,
            47.472768,
            857.2
          ],
          [
            -115.914806,
            47.472658,
            857.5
          ],
          [
            -115.916427,
            47.472199,
            856.9
          ],
          [
            -115.916966,
            47.472056,
            856.4
          ],
          [
            -115.917242,
            47.471993,
            856.2
          ],
          [
            -115.917806,
            47.471891,
            855.8
          ],
          [
            -115.918389,
            47.471837,
            855.7
          ],
          [
            -115.918977,
            47.471826,
            855.8
          ],
          [
            -115.919563,
            47.471864,
            855.4
          ],
          [
            -115.920142,
            47.471953,
            854.9
          ],
          [
            -115.920707,
            47.472088,
            854.8
          ],
          [
            -115.920982,
            47.472174,
            854.6
          ],
          [
            -115.921261,
            47.472274,
            854.3
          ],
          [
            -115.921523,
            47.472385,
            853.9
          ],
          [
            -115.921777,
            47.472507,
            853.6
          ],
          [
            -115.922262,
            47.472775,
            852.6
          ],
          [
            -115.923656,
            47.473627,
            851.4
          ],
          [
            -115.924135,
            47.473892,
            851
          ],
          [
            -115.924382,
            47.474013,
            850.9
          ],
          [
            -115.924605,
            47.47417,
            851
          ],
          [
            -115.92516,
            47.474372,
            850.6
          ],
          [
            -115.925444,
            47.474458,
            850.5
          ],
          [
            -115.925735,
            47.47454,
            850.2
          ],
          [
            -115.926031,
            47.474603,
            850
          ],
          [
            -115.926889,
            47.474832,
            849.7
          ],
          [
            -115.927159,
            47.474927,
            849.8
          ],
          [
            -115.927441,
            47.475013,
            850
          ],
          [
            -115.927708,
            47.475106,
            850
          ],
          [
            -115.927916,
            47.475193,
            849.8
          ],
          [
            -115.928423,
            47.475425,
            849.6
          ],
          [
            -115.928662,
            47.475553,
            849.4
          ],
          [
            -115.928992,
            47.475676,
            849.3
          ],
          [
            -115.929625,
            47.476086,
            848.1
          ],
          [
            -115.929776,
            47.476281,
            847.4
          ],
          [
            -115.93566,
            47.4802,
            833.1
          ],
          [
            -115.935912,
            47.480326,
            832.6
          ],
          [
            -115.937932,
            47.481675,
            828.5
          ],
          [
            -115.938392,
            47.481998,
            827.8
          ],
          [
            -115.939323,
            47.482683,
            826.3
          ],
          [
            -115.939805,
            47.483025,
            825.8
          ],
          [
            -115.940795,
            47.483706,
            824.7
          ],
          [
            -115.942543,
            47.484882,
            821.5
          ],
          [
            -115.943223,
            47.485379,
            820.2
          ],
          [
            -115.94374,
            47.485786,
            819.6
          ],
          [
            -115.944381,
            47.486311,
            819.7
          ],
          [
            -115.94462,
            47.486495,
            819.5
          ],
          [
            -115.944868,
            47.486669,
            819.9
          ],
          [
            -115.945127,
            47.486829,
            820.3
          ],
          [
            -115.945401,
            47.486977,
            821
          ],
          [
            -115.945692,
            47.487113,
            821.4
          ],
          [
            -115.945991,
            47.487232,
            821.9
          ],
          [
            -115.946303,
            47.487342,
            822
          ],
          [
            -115.947553,
            47.487738,
            822.9
          ],
          [
            -115.947859,
            47.487845,
            823
          ],
          [
            -115.948159,
            47.487961,
            822.7
          ],
          [
            -115.948445,
            47.488085,
            822.8
          ],
          [
            -115.948724,
            47.488222,
            822.8
          ],
          [
            -115.948992,
            47.488369,
            822.8
          ],
          [
            -115.949246,
            47.488527,
            822.8
          ],
          [
            -115.94949,
            47.488697,
            822.9
          ],
          [
            -115.949722,
            47.488875,
            822.9
          ],
          [
            -115.950411,
            47.489436,
            822.5
          ],
          [
            -115.951974,
            47.490761,
            820.7
          ],
          [
            -115.952432,
            47.491123,
            820.2
          ],
          [
            -115.952677,
            47.491289,
            819.9
          ],
          [
            -115.952941,
            47.491445,
            819.5
          ],
          [
            -115.953217,
            47.491586,
            819
          ],
          [
            -115.953505,
            47.491714,
            818.6
          ],
          [
            -115.953807,
            47.491825,
            818.1
          ],
          [
            -115.954127,
            47.491922,
            817.8
          ],
          [
            -115.954451,
            47.492001,
            817.5
          ],
          [
            -115.955137,
            47.492081,
            816.9
          ],
          [
            -115.955488,
            47.492103,
            816.7
          ],
          [
            -115.955833,
            47.492107,
            816.4
          ],
          [
            -115.956109,
            47.492098,
            816.1
          ],
          [
            -115.960305,
            47.491742,
            807.9
          ],
          [
            -115.965478,
            47.491282,
            804.6
          ],
          [
            -115.965903,
            47.491264,
            804.6
          ],
          [
            -115.966228,
            47.491194,
            804.4
          ],
          [
            -115.966577,
            47.491174,
            804.1
          ],
          [
            -115.967202,
            47.491157,
            803.7
          ],
          [
            -115.967964,
            47.491169,
            803.7
          ],
          [
            -115.968589,
            47.49121,
            803.3
          ],
          [
            -115.969,
            47.49125,
            803.2
          ],
          [
            -115.969614,
            47.491331,
            802.8
          ],
          [
            -115.969959,
            47.491388,
            802.5
          ],
          [
            -115.970627,
            47.491523,
            801.3
          ],
          [
            -115.971284,
            47.491687,
            800.6
          ],
          [
            -115.971919,
            47.491878,
            799.9
          ],
          [
            -115.972227,
            47.491984,
            799.6
          ],
          [
            -115.972832,
            47.492224,
            798.6
          ],
          [
            -115.973412,
            47.492487,
            797.9
          ],
          [
            -115.973694,
            47.492627,
            797.5
          ],
          [
            -115.974456,
            47.493035,
            796.9
          ],
          [
            -115.975034,
            47.493384,
            796.3
          ],
          [
            -115.97574,
            47.493836,
            795.7
          ],
          [
            -115.976264,
            47.494216,
            795.1
          ],
          [
            -115.976455,
            47.494449,
            794.8
          ],
          [
            -115.9769,
            47.494804,
            793.7
          ],
          [
            -115.977542,
            47.495357,
            792.4
          ],
          [
            -115.977944,
            47.495737,
            791.9
          ],
          [
            -115.978506,
            47.496332,
            791.2
          ],
          [
            -115.979026,
            47.496944,
            790.5
          ],
          [
            -115.97967,
            47.49773,
            789.5
          ],
          [
            -115.981341,
            47.499797,
            786.8
          ],
          [
            -115.981876,
            47.50041,
            786.2
          ],
          [
            -115.982447,
            47.501002,
            785.3
          ],
          [
            -115.982885,
            47.50143,
            784.8
          ],
          [
            -115.98325,
            47.501771,
            784.2
          ],
          [
            -115.983666,
            47.502147,
            783.7
          ],
          [
            -115.984102,
            47.502517,
            783.1
          ],
          [
            -115.984543,
            47.502873,
            782.3
          ],
          [
            -115.985005,
            47.503231,
            781.7
          ],
          [
            -115.985957,
            47.503921,
            780.3
          ],
          [
            -115.986202,
            47.504087,
            780.1
          ],
          [
            -115.986954,
            47.504573,
            779.5
          ],
          [
            -115.987733,
            47.505045,
            778.8
          ],
          [
            -115.98853,
            47.5055,
            778.1
          ],
          [
            -115.989346,
            47.505939,
            777.1
          ],
          [
            -115.990478,
            47.506489,
            775.9
          ],
          [
            -115.99134,
            47.506878,
            775.5
          ],
          [
            -115.992227,
            47.507252,
            775
          ],
          [
            -115.993075,
            47.507581,
            774.4
          ],
          [
            -115.994063,
            47.507931,
            773.9
          ],
          [
            -115.99499,
            47.508242,
            773.9
          ],
          [
            -115.995864,
            47.508513,
            774.7
          ],
          [
            -115.996828,
            47.508779,
            775.5
          ],
          [
            -115.997481,
            47.508942,
            775.8
          ],
          [
            -115.998473,
            47.509168,
            775.9
          ],
          [
            -115.998868,
            47.509184,
            775.9
          ],
          [
            -115.999889,
            47.50939,
            775.3
          ],
          [
            -116.00129,
            47.50963,
            774.4
          ],
          [
            -116.002359,
            47.509781,
            773.4
          ],
          [
            -116.003094,
            47.509871,
            772.4
          ],
          [
            -116.004181,
            47.509983,
            771
          ],
          [
            -116.004904,
            47.51004,
            770.3
          ],
          [
            -116.005966,
            47.510104,
            768.8
          ],
          [
            -116.011144,
            47.510319,
            764.2
          ],
          [
            -116.012487,
            47.510401,
            762.9
          ],
          [
            -116.013198,
            47.51047,
            762.3
          ],
          [
            -116.013554,
            47.510522,
            762.1
          ],
          [
            -116.01397,
            47.510598,
            762
          ],
          [
            -116.014924,
            47.510814,
            761.4
          ],
          [
            -116.015591,
            47.510989,
            761.3
          ],
          [
            -116.018229,
            47.511728,
            759.3
          ],
          [
            -116.026854,
            47.514175,
            759.7
          ],
          [
            -116.027843,
            47.514475,
            758.1
          ],
          [
            -116.02913,
            47.51491,
            755.7
          ],
          [
            -116.030011,
            47.515234,
            754.6
          ],
          [
            -116.031223,
            47.515718,
            753.6
          ],
          [
            -116.032162,
            47.516128,
            753
          ],
          [
            -116.032735,
            47.516391,
            752.3
          ],
          [
            -116.033517,
            47.516769,
            751.1
          ],
          [
            -116.034334,
            47.517195,
            750.3
          ],
          [
            -116.035399,
            47.517789,
            749.4
          ],
          [
            -116.036173,
            47.518254,
            749
          ],
          [
            -116.038898,
            47.520112,
            747.1
          ],
          [
            -116.042301,
            47.522495,
            744.1
          ],
          [
            -116.04355,
            47.523382,
            743.4
          ],
          [
            -116.044281,
            47.523934,
            742.6
          ],
          [
            -116.044992,
            47.5245,
            741.7
          ],
          [
            -116.046388,
            47.525668,
            741.7
          ],
          [
            -116.050669,
            47.529304,
            742.8
          ],
          [
            -116.051838,
            47.530276,
            739.9
          ],
          [
            -116.052327,
            47.530658,
            738.9
          ],
          [
            -116.052584,
            47.530842,
            738.4
          ],
          [
            -116.053126,
            47.531186,
            737.2
          ],
          [
            -116.053411,
            47.531344,
            736.8
          ],
          [
            -116.05371,
            47.531496,
            736.5
          ],
          [
            -116.05433,
            47.531773,
            735.7
          ],
          [
            -116.05498,
            47.532017,
            735.3
          ],
          [
            -116.055668,
            47.532206,
            734.9
          ],
          [
            -116.056298,
            47.532352,
            734.8
          ],
          [
            -116.057014,
            47.53248,
            734.6
          ],
          [
            -116.057448,
            47.532539,
            734.5
          ],
          [
            -116.062289,
            47.533028,
            732.9
          ],
          [
            -116.062632,
            47.533076,
            732.7
          ],
          [
            -116.066467,
            47.533448,
            731.3
          ],
          [
            -116.068216,
            47.533599,
            730.8
          ],
          [
            -116.069264,
            47.533658,
            730.5
          ],
          [
            -116.069615,
            47.533651,
            730.6
          ],
          [
            -116.071715,
            47.533658,
            730.4
          ],
          [
            -116.072409,
            47.533623,
            730
          ],
          [
            -116.073096,
            47.533573,
            730.2
          ],
          [
            -116.074122,
            47.53347,
            729.9
          ],
          [
            -116.074811,
            47.533379,
            729.8
          ],
          [
            -116.075104,
            47.533254,
            729.8
          ],
          [
            -116.076116,
            47.533083,
            729.7
          ],
          [
            -116.076775,
            47.532952,
            730
          ],
          [
            -116.077425,
            47.532806,
            730.2
          ],
          [
            -116.07775,
            47.532728,
            730.2
          ],
          [
            -116.078703,
            47.532472,
            729.8
          ],
          [
            -116.079644,
            47.532184,
            729.6
          ],
          [
            -116.0809,
            47.531787,
            729.4
          ],
          [
            -116.083718,
            47.530872,
            728
          ],
          [
            -116.084657,
            47.530585,
            727.4
          ],
          [
            -116.085297,
            47.530421,
            726.8
          ],
          [
            -116.085622,
            47.530355,
            726.7
          ],
          [
            -116.086281,
            47.530258,
            726.4
          ],
          [
            -116.086618,
            47.53023,
            726.1
          ],
          [
            -116.087296,
            47.53021,
            725.1
          ],
          [
            -116.087636,
            47.530219,
            724.5
          ],
          [
            -116.087974,
            47.53024,
            724.2
          ],
          [
            -116.08864,
            47.530318,
            723.9
          ],
          [
            -116.088979,
            47.530376,
            723.9
          ],
          [
            -116.089636,
            47.530526,
            724.1
          ],
          [
            -116.089953,
            47.530617,
            724.3
          ],
          [
            -116.09027,
            47.530725,
            724.6
          ],
          [
            -116.090572,
            47.530842,
            724.8
          ],
          [
            -116.091149,
            47.531099,
            725.2
          ],
          [
            -116.093057,
            47.532071,
            725.4
          ],
          [
            -116.093303,
            47.532238,
            725.2
          ],
          [
            -116.094417,
            47.532809,
            724.6
          ],
          [
            -116.094708,
            47.533005,
            723.8
          ],
          [
            -116.095803,
            47.533562,
            721.2
          ],
          [
            -116.096374,
            47.533825,
            720.5
          ],
          [
            -116.096973,
            47.53406,
            719.6
          ],
          [
            -116.097598,
            47.534261,
            719
          ],
          [
            -116.097921,
            47.534346,
            718.7
          ],
          [
            -116.098579,
            47.534486,
            718.4
          ],
          [
            -116.099257,
            47.534591,
            718.3
          ],
          [
            -116.099946,
            47.534653,
            717.8
          ],
          [
            -116.100647,
            47.534646,
            717.8
          ],
          [
            -116.101687,
            47.534594,
            717.6
          ],
          [
            -116.102378,
            47.534547,
            717
          ],
          [
            -116.102764,
            47.534507,
            716.9
          ],
          [
            -116.104481,
            47.534395,
            715.5
          ],
          [
            -116.10518,
            47.534373,
            715.1
          ],
          [
            -116.105879,
            47.534392,
            714.8
          ],
          [
            -116.106572,
            47.534456,
            714.5
          ],
          [
            -116.107258,
            47.534558,
            714.4
          ],
          [
            -116.107923,
            47.534691,
            714.4
          ],
          [
            -116.116204,
            47.536508,
            714.3
          ],
          [
            -116.117374,
            47.536785,
            714.3
          ],
          [
            -116.117989,
            47.536956,
            714.4
          ],
          [
            -116.118289,
            47.537055,
            714.4
          ],
          [
            -116.118866,
            47.537285,
            714
          ],
          [
            -116.119414,
            47.537544,
            714
          ],
          [
            -116.12182,
            47.53876,
            713.4
          ],
          [
            -116.125302,
            47.540563,
            710.4
          ],
          [
            -116.125824,
            47.540858,
            709.6
          ],
          [
            -116.126339,
            47.541164,
            708.9
          ],
          [
            -116.12755,
            47.541945,
            707.2
          ],
          [
            -116.128507,
            47.542603,
            706.1
          ],
          [
            -116.129599,
            47.543387,
            704.9
          ],
          [
            -116.130181,
            47.543868,
            703.8
          ],
          [
            -116.13199,
            47.545441,
            703.1
          ],
          [
            -116.132053,
            47.545576,
            703.4
          ],
          [
            -116.132431,
            47.545909,
            704.3
          ],
          [
            -116.13268,
            47.546101,
            704
          ],
          [
            -116.132719,
            47.546097,
            704
          ],
          [
            -116.13272,
            47.546161,
            704.7
          ],
          [
            -116.132625,
            47.546146,
            704.8
          ],
          [
            -116.132358,
            47.546321,
            704.5
          ],
          [
            -116.132433,
            47.546515,
            704.5
          ],
          [
            -116.132586,
            47.546588,
            704.4
          ],
          [
            -116.13265,
            47.546607,
            704.4
          ],
          [
            -116.132685,
            47.546663,
            704.4
          ],
          [
            -116.132693,
            47.546698,
            704.5
          ],
          [
            -116.132686,
            47.546741,
            704.5
          ],
          [
            -116.132664,
            47.546774,
            704.5
          ],
          [
            -116.132493,
            47.546724,
            704.6
          ],
          [
            -116.132465,
            47.54675,
            704
          ],
          [
            -116.132575,
            47.546848,
            704
          ],
          [
            -116.132541,
            47.546874,
            697
          ],
          [
            -116.132428,
            47.546879,
            693
          ],
          [
            -116.132411,
            47.546908,
            704
          ],
          [
            -116.132447,
            47.546947,
            704
          ],
          [
            -116.132497,
            47.546956,
            704.6
          ],
          [
            -116.132538,
            47.546948,
            704.7
          ],
          [
            -116.132611,
            47.546973,
            706
          ],
          [
            -116.132694,
            47.546927,
            704
          ],
          [
            -116.132728,
            47.546863,
            704
          ],
          [
            -116.132803,
            47.546798,
            703.8
          ],
          [
            -116.132967,
            47.546677,
            703.7
          ],
          [
            -116.133012,
            47.546659,
            703.6
          ],
          [
            -116.133019,
            47.546619,
            703.7
          ],
          [
            -116.133046,
            47.546569,
            703.9
          ],
          [
            -116.133118,
            47.546565,
            704.2
          ],
          [
            -116.132652,
            47.546213,
            704
          ],
          [
            -116.13298,
            47.546282,
            705.2
          ],
          [
            -116.133096,
            47.546342,
            704.9
          ],
          [
            -116.134662,
            47.547043,
            701.9
          ],
          [
            -116.135253,
            47.547291,
            701.9
          ],
          [
            -116.135823,
            47.547511,
            701.4
          ],
          [
            -116.135938,
            47.547517,
            701.4
          ],
          [
            -116.136008,
            47.547582,
            701.3
          ],
          [
            -116.136385,
            47.547715,
            701.5
          ],
          [
            -116.136914,
            47.547883,
            701.7
          ],
          [
            -116.137453,
            47.548035,
            701.8
          ],
          [
            -116.138327,
            47.548237,
            702
          ],
          [
            -116.139012,
            47.548355,
            701.9
          ],
          [
            -116.139392,
            47.548405,
            701.9
          ],
          [
            -116.140017,
            47.548469,
            701.8
          ],
          [
            -116.140461,
            47.5485,
            701.8
          ],
          [
            -116.141384,
            47.548527,
            701.4
          ],
          [
            -116.141682,
            47.548479,
            701.3
          ],
          [
            -116.149152,
            47.548347,
            695.8
          ],
          [
            -116.157195,
            47.548218,
            692.6
          ],
          [
            -116.158839,
            47.548172,
            692.1
          ],
          [
            -116.159512,
            47.548138,
            692.1
          ],
          [
            -116.159884,
            47.548093,
            692.1
          ],
          [
            -116.161569,
            47.547974,
            691.5
          ],
          [
            -116.171242,
            47.547124,
            688.3
          ],
          [
            -116.171658,
            47.547069,
            688.2
          ],
          [
            -116.177144,
            47.54658,
            685.9
          ],
          [
            -116.18025,
            47.546334,
            684.3
          ],
          [
            -116.182315,
            47.546229,
            683.6
          ],
          [
            -116.183349,
            47.546197,
            683.7
          ],
          [
            -116.184045,
            47.546189,
            683.6
          ],
          [
            -116.185776,
            47.546196,
            682.8
          ],
          [
            -116.189237,
            47.54624,
            681.2
          ],
          [
            -116.2058,
            47.546524,
            675.4
          ],
          [
            -116.206834,
            47.54656,
            675.2
          ],
          [
            -116.207802,
            47.546613,
            675
          ],
          [
            -116.209174,
            47.546717,
            674.8
          ],
          [
            -116.209598,
            47.546769,
            674.8
          ],
          [
            -116.21097,
            47.546903,
            674.7
          ],
          [
            -116.213016,
            47.54714,
            674.9
          ],
          [
            -116.219823,
            47.547975,
            683.9
          ],
          [
            -116.220511,
            47.548043,
            684.4
          ],
          [
            -116.22121,
            47.548078,
            684.7
          ],
          [
            -116.221906,
            47.548075,
            684.5
          ],
          [
            -116.222598,
            47.548031,
            683.8
          ],
          [
            -116.223282,
            47.547945,
            683.2
          ],
          [
            -116.223949,
            47.547826,
            682.9
          ],
          [
            -116.224276,
            47.547752,
            682.8
          ],
          [
            -116.224596,
            47.547664,
            682.8
          ],
          [
            -116.224912,
            47.547494,
            682.7
          ],
          [
            -116.22522,
            47.547389,
            682.7
          ],
          [
            -116.225817,
            47.547153,
            682.1
          ],
          [
            -116.228405,
            47.545978,
            679.9
          ],
          [
            -116.228646,
            47.545799,
            679.9
          ],
          [
            -116.230604,
            47.544916,
            679.4
          ],
          [
            -116.231193,
            47.544673,
            679.1
          ],
          [
            -116.232106,
            47.544335,
            678.7
          ],
          [
            -116.233364,
            47.543941,
            678.4
          ],
          [
            -116.234327,
            47.543684,
            678.6
          ],
          [
            -116.235313,
            47.543471,
            678.8
          ],
          [
            -116.235975,
            47.543351,
            679.3
          ],
          [
            -116.236646,
            47.543243,
            679.8
          ],
          [
            -116.237663,
            47.543113,
            680.9
          ],
          [
            -116.238352,
            47.543049,
            681.5
          ],
          [
            -116.239039,
            47.543005,
            682.8
          ],
          [
            -116.239728,
            47.54298,
            683.9
          ],
          [
            -116.240866,
            47.543003,
            685.5
          ],
          [
            -116.241552,
            47.543052,
            686.5
          ],
          [
            -116.24223,
            47.543139,
            687.8
          ],
          [
            -116.242829,
            47.543249,
            689.6
          ],
          [
            -116.24355,
            47.543409,
            691.2
          ],
          [
            -116.245843,
            47.543966,
            696.8
          ],
          [
            -116.247781,
            47.544478,
            701.3
          ],
          [
            -116.247994,
            47.544607,
            702.1
          ],
          [
            -116.256052,
            47.546818,
            712.4
          ],
          [
            -116.259277,
            47.547687,
            706.5
          ],
          [
            -116.260589,
            47.54801,
            702.5
          ],
          [
            -116.261903,
            47.548315,
            697.7
          ],
          [
            -116.26356,
            47.548685,
            690.4
          ],
          [
            -116.264836,
            47.548954,
            684.5
          ],
          [
            -116.270876,
            47.550186,
            665.3
          ],
          [
            -116.27187,
            47.550383,
            664.8
          ],
          [
            -116.272327,
            47.550455,
            664.7
          ],
          [
            -116.278971,
            47.551815,
            666.4
          ],
          [
            -116.279635,
            47.551943,
            666.7
          ],
          [
            -116.280304,
            47.552057,
            666.8
          ],
          [
            -116.280912,
            47.552143,
            666.9
          ],
          [
            -116.282004,
            47.552257,
            667
          ],
          [
            -116.282621,
            47.552304,
            667.4
          ],
          [
            -116.283378,
            47.552345,
            668
          ],
          [
            -116.283999,
            47.552362,
            668.6
          ],
          [
            -116.284763,
            47.552361,
            669.2
          ],
          [
            -116.285039,
            47.552356,
            669.5
          ],
          [
            -116.285382,
            47.552327,
            669.9
          ],
          [
            -116.286069,
            47.552287,
            670.9
          ],
          [
            -116.287099,
            47.552204,
            672.3
          ],
          [
            -116.287479,
            47.552139,
            672.7
          ],
          [
            -116.288501,
            47.552004,
            674.5
          ],
          [
            -116.28951,
            47.551834,
            676.7
          ],
          [
            -116.292169,
            47.551306,
            680.8
          ],
          [
            -116.292487,
            47.551185,
            681.2
          ],
          [
            -116.293491,
            47.550999,
            682.3
          ],
          [
            -116.294163,
            47.550892,
            683
          ],
          [
            -116.295179,
            47.550758,
            684.3
          ],
          [
            -116.296208,
            47.550656,
            686
          ],
          [
            -116.297244,
            47.550586,
            687
          ],
          [
            -116.297938,
            47.550558,
            687.3
          ],
          [
            -116.298978,
            47.550542,
            688.2
          ],
          [
            -116.29995,
            47.550556,
            688.4
          ],
          [
            -116.300707,
            47.550586,
            688.1
          ],
          [
            -116.301331,
            47.550624,
            687.4
          ],
          [
            -116.302022,
            47.55068,
            686.8
          ],
          [
            -116.302437,
            47.55072,
            686.4
          ],
          [
            -116.30282,
            47.550819,
            686
          ],
          [
            -116.303507,
            47.550894,
            685.3
          ],
          [
            -116.305154,
            47.551068,
            682.9
          ],
          [
            -116.306942,
            47.551236,
            679.2
          ],
          [
            -116.310229,
            47.551587,
            670.1
          ],
          [
            -116.311208,
            47.551672,
            666.9
          ],
          [
            -116.312177,
            47.551712,
            664.1
          ],
          [
            -116.313132,
            47.551703,
            662
          ],
          [
            -116.314047,
            47.55165,
            660.8
          ],
          [
            -116.314631,
            47.551594,
            660.3
          ],
          [
            -116.31547,
            47.551484,
            660.3
          ],
          [
            -116.31626,
            47.551342,
            660.4
          ],
          [
            -116.316777,
            47.551231,
            660.3
          ],
          [
            -116.31729,
            47.551104,
            660.4
          ],
          [
            -116.317805,
            47.550959,
            660.4
          ],
          [
            -116.318071,
            47.550763,
            660.4
          ],
          [
            -116.318525,
            47.550613,
            660.7
          ],
          [
            -116.319026,
            47.550432,
            660.7
          ],
          [
            -116.321462,
            47.54945,
            661.4
          ],
          [
            -116.322674,
            47.548952,
            661.4
          ],
          [
            -116.324816,
            47.548016,
            660.6
          ],
          [
            -116.325549,
            47.547725,
            661
          ],
          [
            -116.325797,
            47.547636,
            661.2
          ],
          [
            -116.326586,
            47.547438,
            662.1
          ],
          [
            -116.327107,
            47.547319,
            663.2
          ],
          [
            -116.327638,
            47.54722,
            664.2
          ],
          [
            -116.328735,
            47.54707,
            665.7
          ],
          [
            -116.329574,
            47.546992,
            666
          ],
          [
            -116.331753,
            47.546827,
            666.1
          ],
          [
            -116.339356,
            47.546223,
            659
          ],
          [
            -116.340429,
            47.546166,
            658.8
          ],
          [
            -116.341233,
            47.546168,
            658.7
          ],
          [
            -116.341499,
            47.546179,
            658.8
          ],
          [
            -116.342292,
            47.546245,
            658.7
          ],
          [
            -116.342814,
            47.546314,
            659
          ],
          [
            -116.343541,
            47.546447,
            659.3
          ],
          [
            -116.344104,
            47.546582,
            660
          ],
          [
            -116.344554,
            47.546705,
            660.3
          ],
          [
            -116.344803,
            47.546784,
            660.7
          ],
          [
            -116.345524,
            47.547043,
            661.4
          ],
          [
            -116.346734,
            47.547508,
            662.3
          ],
          [
            -116.346998,
            47.547592,
            662
          ],
          [
            -116.347502,
            47.547814,
            662.6
          ],
          [
            -116.348036,
            47.548035,
            662.4
          ],
          [
            -116.351882,
            47.549514,
            663
          ],
          [
            -116.352168,
            47.549693,
            663
          ],
          [
            -116.355903,
            47.551151,
            661.3
          ],
          [
            -116.356495,
            47.55137,
            661.2
          ],
          [
            -116.357387,
            47.551681,
            661.5
          ],
          [
            -116.358293,
            47.551982,
            661.8
          ],
          [
            -116.359209,
            47.552269,
            661.7
          ],
          [
            -116.360391,
            47.552619,
            661.8
          ],
          [
            -116.361665,
            47.55297,
            662.9
          ],
          [
            -116.362618,
            47.553215,
            663.5
          ],
          [
            -116.363931,
            47.553524,
            664.5
          ],
          [
            -116.36432,
            47.55357,
            664.6
          ],
          [
            -116.365656,
            47.553845,
            665.4
          ],
          [
            -116.366664,
            47.554034,
            665.6
          ],
          [
            -116.368359,
            47.554307,
            665
          ],
          [
            -116.372781,
            47.554917,
            665.1
          ],
          [
            -116.374821,
            47.555234,
            664.2
          ],
          [
            -116.376836,
            47.555586,
            663.2
          ],
          [
            -116.378776,
            47.555963,
            662.1
          ],
          [
            -116.381089,
            47.556458,
            660.7
          ],
          [
            -116.382736,
            47.556842,
            659.9
          ],
          [
            -116.384042,
            47.557168,
            659.4
          ],
          [
            -116.384426,
            47.557243,
            659.3
          ],
          [
            -116.386048,
            47.557672,
            659
          ],
          [
            -116.387333,
            47.558033,
            659.4
          ],
          [
            -116.388923,
            47.558506,
            659.3
          ],
          [
            -116.390506,
            47.558998,
            659.9
          ],
          [
            -116.39145,
            47.559304,
            659.4
          ],
          [
            -116.392691,
            47.559729,
            659.5
          ],
          [
            -116.39545,
            47.560719,
            660.5
          ],
          [
            -116.400586,
            47.562619,
            662.9
          ],
          [
            -116.402707,
            47.563417,
            663.3
          ],
          [
            -116.403609,
            47.563776,
            663.4
          ],
          [
            -116.404487,
            47.564161,
            663.1
          ],
          [
            -116.405624,
            47.564704,
            663.3
          ],
          [
            -116.406452,
            47.565131,
            663.3
          ],
          [
            -116.407258,
            47.565577,
            663.4
          ],
          [
            -116.40804,
            47.566042,
            663
          ],
          [
            -116.408802,
            47.566522,
            662.8
          ],
          [
            -116.40954,
            47.567019,
            662.7
          ],
          [
            -116.410249,
            47.567534,
            662.2
          ],
          [
            -116.411156,
            47.568249,
            661.2
          ],
          [
            -116.411423,
            47.568503,
            661.1
          ],
          [
            -116.411849,
            47.568871,
            660.7
          ],
          [
            -116.412266,
            47.569248,
            660.7
          ],
          [
            -116.412863,
            47.569821,
            661.1
          ],
          [
            -116.413398,
            47.57037,
            661.8
          ],
          [
            -116.413972,
            47.571013,
            662.4
          ],
          [
            -116.414655,
            47.571829,
            663.6
          ],
          [
            -116.417784,
            47.575698,
            681.1
          ],
          [
            -116.417902,
            47.575942,
            682.2
          ],
          [
            -116.418076,
            47.576148,
            683.4
          ],
          [
            -116.418442,
            47.576548,
            685.7
          ],
          [
            -116.418838,
            47.576934,
            687.9
          ],
          [
            -116.419272,
            47.577301,
            690
          ],
          [
            -116.419748,
            47.577649,
            691.8
          ],
          [
            -116.420254,
            47.577972,
            693.5
          ],
          [
            -116.420519,
            47.578127,
            694.3
          ],
          [
            -116.421391,
            47.578527,
            696.3
          ],
          [
            -116.42199,
            47.57877,
            697
          ],
          [
            -116.422327,
            47.578873,
            697.5
          ],
          [
            -116.422948,
            47.579085,
            698.3
          ],
          [
            -116.423597,
            47.579265,
            698.9
          ],
          [
            -116.424605,
            47.579448,
            698.1
          ],
          [
            -116.425289,
            47.579542,
            697.6
          ],
          [
            -116.425975,
            47.579602,
            696.9
          ],
          [
            -116.426323,
            47.579623,
            696.7
          ],
          [
            -116.426991,
            47.579641,
            695.8
          ],
          [
            -116.427687,
            47.579637,
            694.7
          ],
          [
            -116.428443,
            47.579572,
            693.6
          ],
          [
            -116.429064,
            47.579504,
            692.5
          ],
          [
            -116.429805,
            47.579388,
            690.8
          ],
          [
            -116.430398,
            47.579263,
            689
          ],
          [
            -116.431043,
            47.579095,
            686.8
          ],
          [
            -116.431799,
            47.578876,
            684.6
          ],
          [
            -116.432629,
            47.57854,
            681.7
          ],
          [
            -116.432916,
            47.578412,
            680.9
          ],
          [
            -116.434043,
            47.577868,
            676.7
          ],
          [
            -116.434352,
            47.57776,
            675.6
          ],
          [
            -116.436294,
            47.576781,
            670.1
          ],
          [
            -116.436608,
            47.57654,
            669.5
          ],
          [
            -116.438,
            47.575843,
            666.7
          ],
          [
            -116.438853,
            47.57544,
            665.2
          ],
          [
            -116.439448,
            47.575196,
            664.4
          ],
          [
            -116.439756,
            47.57509,
            664.1
          ],
          [
            -116.440077,
            47.574996,
            663.9
          ],
          [
            -116.440402,
            47.574916,
            663.8
          ],
          [
            -116.440732,
            47.574849,
            663.7
          ],
          [
            -116.441068,
            47.574792,
            663.4
          ],
          [
            -116.441412,
            47.574747,
            662.9
          ],
          [
            -116.441754,
            47.574716,
            662.8
          ],
          [
            -116.442103,
            47.574696,
            663
          ],
          [
            -116.442448,
            47.574689,
            663.3
          ],
          [
            -116.442793,
            47.574695,
            663.4
          ],
          [
            -116.443143,
            47.574715,
            663.2
          ],
          [
            -116.443485,
            47.574747,
            662.9
          ],
          [
            -116.444098,
            47.574833,
            663.2
          ],
          [
            -116.444497,
            47.57491,
            663.5
          ],
          [
            -116.445148,
            47.575076,
            664.6
          ],
          [
            -116.44635,
            47.575449,
            666
          ],
          [
            -116.446762,
            47.575664,
            666.2
          ],
          [
            -116.462749,
            47.580815,
            680.4
          ],
          [
            -116.464554,
            47.581409,
            682.9
          ],
          [
            -116.46579,
            47.581833,
            684.9
          ],
          [
            -116.46669,
            47.582186,
            686.4
          ],
          [
            -116.467278,
            47.582438,
            687.4
          ],
          [
            -116.467854,
            47.582703,
            688.4
          ],
          [
            -116.46842,
            47.582982,
            689.3
          ],
          [
            -116.469244,
            47.583419,
            690.3
          ],
          [
            -116.470044,
            47.583876,
            691
          ],
          [
            -116.471091,
            47.584502,
            691.5
          ],
          [
            -116.471369,
            47.584714,
            691.6
          ],
          [
            -116.472409,
            47.58534,
            691.9
          ],
          [
            -116.475804,
            47.58736,
            695.5
          ],
          [
            -116.476349,
            47.587647,
            696
          ],
          [
            -116.476634,
            47.587779,
            696.3
          ],
          [
            -116.477174,
            47.587994,
            696.8
          ],
          [
            -116.477544,
            47.58812,
            697.1
          ],
          [
            -116.478189,
            47.588306,
            697.8
          ],
          [
            -116.479484,
            47.588651,
            698.8
          ],
          [
            -116.480046,
            47.588839,
            699.6
          ],
          [
            -116.480341,
            47.588961,
            700.1
          ],
          [
            -116.480619,
            47.5891,
            700.5
          ],
          [
            -116.480929,
            47.589285,
            701
          ],
          [
            -116.482317,
            47.590261,
            705.4
          ],
          [
            -116.482572,
            47.590419,
            706.4
          ],
          [
            -116.482835,
            47.590564,
            707.4
          ],
          [
            -116.483117,
            47.590698,
            708.3
          ],
          [
            -116.483411,
            47.590813,
            709.1
          ],
          [
            -116.483729,
            47.590912,
            709.7
          ],
          [
            -116.484054,
            47.590991,
            710.9
          ],
          [
            -116.484387,
            47.591051,
            712
          ],
          [
            -116.484732,
            47.591093,
            712.9
          ],
          [
            -116.485081,
            47.591116,
            713.7
          ],
          [
            -116.485426,
            47.591123,
            714.1
          ],
          [
            -116.486127,
            47.591119,
            715.4
          ],
          [
            -116.486572,
            47.590993,
            716.1
          ],
          [
            -116.488653,
            47.590963,
            722.5
          ],
          [
            -116.489348,
            47.590969,
            724
          ],
          [
            -116.489698,
            47.590988,
            725
          ],
          [
            -116.490044,
            47.591024,
            725.8
          ],
          [
            -116.490379,
            47.59108,
            726.4
          ],
          [
            -116.490705,
            47.591157,
            727.1
          ],
          [
            -116.491014,
            47.591252,
            728.1
          ],
          [
            -116.49132,
            47.591368,
            729
          ],
          [
            -116.491601,
            47.591497,
            729.5
          ],
          [
            -116.49187,
            47.591644,
            730.4
          ],
          [
            -116.492119,
            47.591805,
            731
          ],
          [
            -116.492345,
            47.591982,
            731.8
          ],
          [
            -116.492548,
            47.592171,
            732.5
          ],
          [
            -116.492667,
            47.592447,
            733
          ],
          [
            -116.492819,
            47.592661,
            733.2
          ],
          [
            -116.492934,
            47.592881,
            733.3
          ],
          [
            -116.493016,
            47.593111,
            733.7
          ],
          [
            -116.493064,
            47.593342,
            734.4
          ],
          [
            -116.493077,
            47.593579,
            735.2
          ],
          [
            -116.493055,
            47.593812,
            736.3
          ],
          [
            -116.493013,
            47.593997,
            736.6
          ],
          [
            -116.492936,
            47.594228,
            737
          ],
          [
            -116.492739,
            47.594489,
            737.5
          ],
          [
            -116.49245,
            47.595166,
            738.4
          ],
          [
            -116.49237,
            47.595393,
            738.7
          ],
          [
            -116.492309,
            47.595623,
            738.9
          ],
          [
            -116.492273,
            47.595851,
            739.1
          ],
          [
            -116.492265,
            47.596081,
            739.4
          ],
          [
            -116.492287,
            47.596311,
            739.6
          ],
          [
            -116.492339,
            47.596538,
            739.8
          ],
          [
            -116.492419,
            47.596761,
            739.9
          ],
          [
            -116.492527,
            47.59698,
            740.1
          ],
          [
            -116.492661,
            47.597191,
            740.6
          ],
          [
            -116.492824,
            47.597397,
            741.1
          ],
          [
            -116.493264,
            47.597752,
            742.3
          ],
          [
            -116.493506,
            47.597913,
            742.7
          ],
          [
            -116.493768,
            47.598067,
            743.4
          ],
          [
            -116.494036,
            47.598208,
            744
          ],
          [
            -116.494316,
            47.598342,
            744.5
          ],
          [
            -116.4947,
            47.598498,
            745.2
          ],
          [
            -116.495259,
            47.598778,
            746.4
          ],
          [
            -116.495528,
            47.598924,
            747.4
          ],
          [
            -116.495783,
            47.599082,
            748
          ],
          [
            -116.496021,
            47.599251,
            748.9
          ],
          [
            -116.496238,
            47.599432,
            750.1
          ],
          [
            -116.496428,
            47.599618,
            751.2
          ],
          [
            -116.496601,
            47.599816,
            752.2
          ],
          [
            -116.500439,
            47.604824,
            784.3
          ],
          [
            -116.500614,
            47.605025,
            785.7
          ],
          [
            -116.500807,
            47.605223,
            787.4
          ],
          [
            -116.501016,
            47.605408,
            789.1
          ],
          [
            -116.501197,
            47.605549,
            790.4
          ],
          [
            -116.501489,
            47.605742,
            791.8
          ],
          [
            -116.502009,
            47.605959,
            794.7
          ],
          [
            -116.50231,
            47.606065,
            796
          ],
          [
            -116.502618,
            47.606153,
            797.3
          ],
          [
            -116.503007,
            47.606242,
            798.6
          ],
          [
            -116.503334,
            47.606274,
            800
          ],
          [
            -116.503671,
            47.606324,
            801.5
          ],
          [
            -116.504018,
            47.606355,
            802.8
          ],
          [
            -116.504362,
            47.606367,
            804.2
          ],
          [
            -116.504776,
            47.606358,
            805.3
          ],
          [
            -116.505055,
            47.606337,
            806.4
          ],
          [
            -116.505469,
            47.60629,
            807.1
          ],
          [
            -116.50608,
            47.606198,
            809.1
          ],
          [
            -116.506451,
            47.606061,
            810.1
          ],
          [
            -116.507131,
            47.605964,
            812.4
          ],
          [
            -116.507477,
            47.605929,
            813.9
          ],
          [
            -116.507821,
            47.60591,
            815.2
          ],
          [
            -116.508172,
            47.60591,
            816.2
          ],
          [
            -116.508515,
            47.60593,
            817.6
          ],
          [
            -116.508855,
            47.605971,
            818.9
          ],
          [
            -116.509187,
            47.606033,
            820.2
          ],
          [
            -116.509509,
            47.606116,
            821.6
          ],
          [
            -116.509818,
            47.60622,
            823
          ],
          [
            -116.510115,
            47.606345,
            824.8
          ],
          [
            -116.51039,
            47.606486,
            826.4
          ],
          [
            -116.510647,
            47.606646,
            828.2
          ],
          [
            -116.510878,
            47.606819,
            830
          ],
          [
            -116.511088,
            47.607009,
            831.3
          ],
          [
            -116.511269,
            47.607207,
            832.7
          ],
          [
            -116.511426,
            47.607419,
            834.3
          ],
          [
            -116.511556,
            47.607635,
            835.9
          ],
          [
            -116.512071,
            47.608675,
            843.2
          ],
          [
            -116.512187,
            47.608872,
            844.5
          ],
          [
            -116.512316,
            47.609065,
            845.8
          ],
          [
            -116.512462,
            47.609252,
            847.3
          ],
          [
            -116.512627,
            47.609432,
            848.6
          ],
          [
            -116.512811,
            47.609603,
            849.7
          ],
          [
            -116.513012,
            47.609765,
            850.9
          ],
          [
            -116.513226,
            47.609915,
            851.8
          ],
          [
            -116.513408,
            47.610025,
            853
          ],
          [
            -116.513637,
            47.610147,
            854.1
          ],
          [
            -116.513874,
            47.610257,
            855.5
          ],
          [
            -116.51412,
            47.610355,
            856.4
          ],
          [
            -116.514415,
            47.610454,
            857.6
          ],
          [
            -116.514861,
            47.610568,
            860.3
          ],
          [
            -116.515366,
            47.610652,
            862.4
          ],
          [
            -116.516135,
            47.610744,
            865.4
          ],
          [
            -116.516477,
            47.610695,
            866.4
          ],
          [
            -116.517011,
            47.610754,
            868.6
          ],
          [
            -116.51755,
            47.610832,
            870.3
          ],
          [
            -116.518088,
            47.610944,
            872.5
          ],
          [
            -116.518349,
            47.611014,
            873.4
          ],
          [
            -116.518849,
            47.611181,
            875.9
          ],
          [
            -116.519078,
            47.611276,
            877.2
          ],
          [
            -116.519486,
            47.611477,
            879.3
          ],
          [
            -116.519861,
            47.611707,
            881.7
          ],
          [
            -116.520207,
            47.611961,
            883.7
          ],
          [
            -116.520364,
            47.612094,
            884.7
          ],
          [
            -116.52065,
            47.612376,
            886.5
          ],
          [
            -116.520773,
            47.612517,
            887.2
          ],
          [
            -116.520982,
            47.612805,
            888.6
          ],
          [
            -116.52107,
            47.61295,
            889.5
          ],
          [
            -116.52112,
            47.613103,
            890.5
          ],
          [
            -116.521182,
            47.61325,
            891.5
          ],
          [
            -116.521271,
            47.613551,
            893.3
          ],
          [
            -116.52132,
            47.613846,
            895.1
          ],
          [
            -116.521334,
            47.614141,
            897.4
          ],
          [
            -116.521317,
            47.614443,
            899.7
          ],
          [
            -116.521261,
            47.614746,
            901.4
          ],
          [
            -116.521106,
            47.615233,
            904.7
          ],
          [
            -116.520199,
            47.617413,
            919.3
          ],
          [
            -116.520102,
            47.617687,
            921.4
          ],
          [
            -116.520066,
            47.61782,
            922.4
          ],
          [
            -116.520032,
            47.617982,
            923.3
          ],
          [
            -116.520004,
            47.618234,
            925
          ],
          [
            -116.520013,
            47.618526,
            926.7
          ],
          [
            -116.520041,
            47.618699,
            927.7
          ],
          [
            -116.520116,
            47.618961,
            929.7
          ],
          [
            -116.520172,
            47.619102,
            930.9
          ],
          [
            -116.520336,
            47.619418,
            932.6
          ],
          [
            -116.520504,
            47.619664,
            934.2
          ],
          [
            -116.520615,
            47.619802,
            934.9
          ],
          [
            -116.520869,
            47.620072,
            936.2
          ],
          [
            -116.521018,
            47.620206,
            936.7
          ],
          [
            -116.521288,
            47.620358,
            937.4
          ],
          [
            -116.521646,
            47.620605,
            938.3
          ],
          [
            -116.52184,
            47.62072,
            938.5
          ],
          [
            -116.522264,
            47.620943,
            938.9
          ],
          [
            -116.522948,
            47.621259,
            939.5
          ],
          [
            -116.523914,
            47.621661,
            939.6
          ],
          [
            -116.525197,
            47.622147,
            938.4
          ],
          [
            -116.525573,
            47.622213,
            937.5
          ],
          [
            -116.526343,
            47.622471,
            935.3
          ],
          [
            -116.527064,
            47.6227,
            933.1
          ],
          [
            -116.52773,
            47.622898,
            930.7
          ],
          [
            -116.529065,
            47.623259,
            926.1
          ],
          [
            -116.529274,
            47.623275,
            925.9
          ],
          [
            -116.530269,
            47.62351,
            921.2
          ],
          [
            -116.531278,
            47.623728,
            916.5
          ],
          [
            -116.532069,
            47.623877,
            913.7
          ],
          [
            -116.53328,
            47.624081,
            909.8
          ],
          [
            -116.534179,
            47.624219,
            906.8
          ],
          [
            -116.534773,
            47.6243,
            904.7
          ],
          [
            -116.536477,
            47.624491,
            897.5
          ],
          [
            -116.537701,
            47.624591,
            892.6
          ],
          [
            -116.537909,
            47.624543,
            892.2
          ],
          [
            -116.538365,
            47.624575,
            890.6
          ],
          [
            -116.539999,
            47.624661,
            881
          ],
          [
            -116.54093,
            47.624693,
            876.1
          ],
          [
            -116.541889,
            47.624711,
            871.6
          ],
          [
            -116.543591,
            47.624718,
            864.6
          ],
          [
            -116.543852,
            47.624699,
            863.8
          ],
          [
            -116.545427,
            47.624669,
            857.5
          ],
          [
            -116.54678,
            47.624617,
            852.9
          ],
          [
            -116.54782,
            47.624559,
            849.4
          ],
          [
            -116.548472,
            47.624498,
            847.2
          ],
          [
            -116.548915,
            47.624432,
            844.8
          ],
          [
            -116.549138,
            47.624389,
            843.8
          ],
          [
            -116.549578,
            47.624279,
            841.5
          ],
          [
            -116.550228,
            47.624067,
            837.6
          ],
          [
            -116.550519,
            47.623931,
            836.4
          ],
          [
            -116.552652,
            47.623037,
            825.6
          ],
          [
            -116.55335,
            47.622772,
            822.7
          ],
          [
            -116.553844,
            47.62262,
            821.3
          ],
          [
            -116.554356,
            47.622498,
            820.5
          ],
          [
            -116.554893,
            47.622408,
            818.7
          ],
          [
            -116.555158,
            47.622377,
            818.1
          ],
          [
            -116.555797,
            47.622336,
            816.3
          ],
          [
            -116.55605,
            47.622331,
            814.7
          ],
          [
            -116.556535,
            47.622342,
            812
          ],
          [
            -116.556771,
            47.622358,
            810.3
          ],
          [
            -116.557432,
            47.622469,
            806.7
          ],
          [
            -116.557853,
            47.622557,
            804.6
          ],
          [
            -116.558241,
            47.622665,
            802.7
          ],
          [
            -116.558612,
            47.622788,
            801.7
          ],
          [
            -116.55895,
            47.622919,
            800.8
          ],
          [
            -116.55943,
            47.623128,
            798.8
          ],
          [
            -116.559665,
            47.623279,
            798.5
          ],
          [
            -116.559971,
            47.623437,
            797.5
          ],
          [
            -116.560768,
            47.623818,
            793.5
          ],
          [
            -116.56126,
            47.624039,
            791.6
          ],
          [
            -116.561779,
            47.624229,
            790.1
          ],
          [
            -116.562305,
            47.624366,
            788.7
          ],
          [
            -116.562498,
            47.624405,
            788.2
          ],
          [
            -116.562894,
            47.624465,
            787.3
          ],
          [
            -116.563302,
            47.624501,
            786
          ],
          [
            -116.563508,
            47.624491,
            785.5
          ],
          [
            -116.565415,
            47.624467,
            778.4
          ],
          [
            -116.565631,
            47.624483,
            777.6
          ],
          [
            -116.566305,
            47.624494,
            775.3
          ],
          [
            -116.566756,
            47.624528,
            773.8
          ],
          [
            -116.567206,
            47.624588,
            772.6
          ],
          [
            -116.567646,
            47.624663,
            771.3
          ],
          [
            -116.5691,
            47.624947,
            766.7
          ],
          [
            -116.569577,
            47.625006,
            765.2
          ],
          [
            -116.569829,
            47.625022,
            764.5
          ],
          [
            -116.57034,
            47.625023,
            761.8
          ],
          [
            -116.570857,
            47.624956,
            759.5
          ],
          [
            -116.571113,
            47.624911,
            758.7
          ],
          [
            -116.571623,
            47.624786,
            756.8
          ],
          [
            -116.571867,
            47.624706,
            755.5
          ],
          [
            -116.572337,
            47.624512,
            753.3
          ],
          [
            -116.572555,
            47.624399,
            752.2
          ],
          [
            -116.572971,
            47.624142,
            750.7
          ],
          [
            -116.573355,
            47.623853,
            748.2
          ],
          [
            -116.573833,
            47.623457,
            746.3
          ],
          [
            -116.575162,
            47.622419,
            741.3
          ],
          [
            -116.575572,
            47.622117,
            739.4
          ],
          [
            -116.575793,
            47.621974,
            738.8
          ],
          [
            -116.576026,
            47.62184,
            738
          ],
          [
            -116.576274,
            47.621713,
            737.3
          ],
          [
            -116.576585,
            47.621579,
            736.3
          ],
          [
            -116.576804,
            47.6215,
            735.5
          ],
          [
            -116.577082,
            47.621415,
            735.1
          ],
          [
            -116.577369,
            47.621343,
            734
          ],
          [
            -116.577663,
            47.621285,
            733.7
          ],
          [
            -116.578019,
            47.621235,
            732.8
          ],
          [
            -116.57856,
            47.621197,
            730.9
          ],
          [
            -116.578861,
            47.621197,
            729.5
          ],
          [
            -116.579155,
            47.621211,
            727.9
          ],
          [
            -116.57951,
            47.621247,
            726.2
          ],
          [
            -116.580021,
            47.621336,
            724.6
          ],
          [
            -116.580284,
            47.6214,
            723.6
          ],
          [
            -116.580555,
            47.62148,
            722.8
          ],
          [
            -116.580817,
            47.621572,
            721.9
          ],
          [
            -116.581066,
            47.621673,
            721.9
          ],
          [
            -116.581449,
            47.621853,
            722.4
          ],
          [
            -116.581681,
            47.621976,
            722.4
          ],
          [
            -116.582113,
            47.622249,
            722.1
          ],
          [
            -116.583988,
            47.623525,
            714.3
          ],
          [
            -116.584196,
            47.623731,
            713.7
          ],
          [
            -116.587023,
            47.625669,
            703
          ],
          [
            -116.587359,
            47.625874,
            701
          ],
          [
            -116.587662,
            47.626038,
            697.8
          ],
          [
            -116.588146,
            47.626266,
            695.3
          ],
          [
            -116.58863,
            47.626452,
            693.2
          ],
          [
            -116.589035,
            47.62658,
            691.7
          ],
          [
            -116.589362,
            47.626666,
            691.1
          ],
          [
            -116.589787,
            47.626758,
            690.1
          ],
          [
            -116.590095,
            47.626812,
            689.3
          ],
          [
            -116.590732,
            47.626893,
            687.6
          ],
          [
            -116.592513,
            47.627052,
            681.8
          ],
          [
            -116.593127,
            47.627135,
            680.7
          ],
          [
            -116.593723,
            47.627242,
            679.8
          ],
          [
            -116.594308,
            47.627373,
            678.1
          ],
          [
            -116.594906,
            47.627533,
            676.8
          ],
          [
            -116.595565,
            47.627742,
            676.2
          ],
          [
            -116.596285,
            47.628005,
            675.8
          ],
          [
            -116.596982,
            47.628303,
            674.9
          ],
          [
            -116.597673,
            47.628644,
            674.3
          ],
          [
            -116.598214,
            47.628946,
            673.6
          ],
          [
            -116.599083,
            47.62947,
            672
          ],
          [
            -116.599611,
            47.629754,
            670.9
          ],
          [
            -116.600227,
            47.63003,
            669.5
          ],
          [
            -116.600675,
            47.630195,
            668.8
          ],
          [
            -116.601469,
            47.630403,
            667.5
          ],
          [
            -116.601955,
            47.630519,
            666.7
          ],
          [
            -116.6022,
            47.630567,
            666.3
          ],
          [
            -116.602449,
            47.63059,
            665.9
          ],
          [
            -116.602937,
            47.630655,
            665.1
          ],
          [
            -116.60342,
            47.630695,
            664.2
          ],
          [
            -116.603894,
            47.630721,
            663.5
          ],
          [
            -116.606542,
            47.630828,
            660.3
          ],
          [
            -116.606794,
            47.630878,
            660
          ],
          [
            -116.609426,
            47.630985,
            657.8
          ],
          [
            -116.609705,
            47.630958,
            657.8
          ],
          [
            -116.610479,
            47.630975,
            657.4
          ],
          [
            -116.611654,
            47.630911,
            656.8
          ],
          [
            -116.612493,
            47.630816,
            656.3
          ],
          [
            -116.615211,
            47.63025,
            655.1
          ],
          [
            -116.615509,
            47.630161,
            655
          ],
          [
            -116.621409,
            47.628958,
            655.1
          ],
          [
            -116.624518,
            47.628309,
            654.3
          ],
          [
            -116.627727,
            47.62766,
            654.6
          ],
          [
            -116.628091,
            47.627543,
            654.7
          ],
          [
            -116.630426,
            47.627064,
            655
          ],
          [
            -116.631751,
            47.62681,
            655.1
          ],
          [
            -116.633414,
            47.626505,
            655.1
          ],
          [
            -116.643658,
            47.62469,
            655.2
          ],
          [
            -116.644638,
            47.624525,
            654.8
          ],
          [
            -116.645206,
            47.624445,
            654.5
          ],
          [
            -116.645832,
            47.624385,
            654.4
          ],
          [
            -116.646441,
            47.624351,
            654.7
          ],
          [
            -116.64702,
            47.62434,
            655.8
          ],
          [
            -116.648788,
            47.624344,
            663.7
          ],
          [
            -116.648927,
            47.624337,
            664.4
          ],
          [
            -116.649013,
            47.624309,
            664.8
          ],
          [
            -116.649055,
            47.624278,
            664.7
          ],
          [
            -116.649088,
            47.624232,
            664.6
          ],
          [
            -116.649104,
            47.624174,
            664.6
          ],
          [
            -116.649104,
            47.6241,
            664.5
          ],
          [
            -116.649091,
            47.624023,
            664.7
          ],
          [
            -116.649043,
            47.623926,
            664.8
          ],
          [
            -116.648992,
            47.623735,
            664.2
          ],
          [
            -116.648885,
            47.623211,
            662.5
          ],
          [
            -116.648875,
            47.6231,
            662.3
          ],
          [
            -116.648879,
            47.622981,
            662.1
          ],
          [
            -116.648897,
            47.622863,
            661.8
          ],
          [
            -116.648929,
            47.622739,
            661.4
          ],
          [
            -116.649135,
            47.622159,
            659.1
          ],
          [
            -116.649204,
            47.621886,
            658.5
          ],
          [
            -116.649379,
            47.621404,
            657.9
          ],
          [
            -116.64963,
            47.620808,
            657.5
          ],
          [
            -116.649825,
            47.620405,
            657.1
          ],
          [
            -116.650018,
            47.620058,
            656.8
          ],
          [
            -116.650177,
            47.619804,
            656.8
          ],
          [
            -116.650458,
            47.619409,
            656.5
          ],
          [
            -116.650726,
            47.619064,
            656.5
          ],
          [
            -116.650937,
            47.618825,
            656.6
          ],
          [
            -116.651159,
            47.618594,
            656.5
          ],
          [
            -116.651377,
            47.618402,
            656.5
          ],
          [
            -116.652181,
            47.617761,
            656.2
          ],
          [
            -116.652631,
            47.617622,
            656.2
          ],
          [
            -116.652919,
            47.617562,
            655.7
          ],
          [
            -116.653228,
            47.617528,
            655.8
          ],
          [
            -116.653553,
            47.617531,
            656.1
          ],
          [
            -116.653842,
            47.617578,
            656.5
          ],
          [
            -116.654002,
            47.61762,
            656.5
          ],
          [
            -116.654176,
            47.617687,
            656.6
          ],
          [
            -116.654763,
            47.617959,
            656.9
          ],
          [
            -116.655053,
            47.618115,
            656.9
          ],
          [
            -116.655474,
            47.618379,
            656.6
          ],
          [
            -116.65594,
            47.618624,
            655.6
          ],
          [
            -116.656064,
            47.618715,
            655.5
          ],
          [
            -116.656163,
            47.61881,
            655.4
          ],
          [
            -116.656405,
            47.619115,
            655
          ],
          [
            -116.656504,
            47.619214,
            655.1
          ],
          [
            -116.656634,
            47.619313,
            655.1
          ],
          [
            -116.656782,
            47.619388,
            654.8
          ],
          [
            -116.656948,
            47.619445,
            654.5
          ],
          [
            -116.657127,
            47.619483,
            654
          ],
          [
            -116.657496,
            47.619519,
            653
          ],
          [
            -116.65788,
            47.619526,
            653
          ],
          [
            -116.658067,
            47.619512,
            652.9
          ],
          [
            -116.658249,
            47.619481,
            652.9
          ],
          [
            -116.658419,
            47.619429,
            653
          ],
          [
            -116.658572,
            47.619355,
            653.2
          ],
          [
            -116.658704,
            47.619267,
            653.3
          ],
          [
            -116.659164,
            47.618861,
            654
          ],
          [
            -116.659291,
            47.618774,
            654
          ],
          [
            -116.659435,
            47.618693,
            654.1
          ],
          [
            -116.659595,
            47.618627,
            654.2
          ],
          [
            -116.659946,
            47.618534,
            654.2
          ],
          [
            -116.660133,
            47.618506,
            654.2
          ],
          [
            -116.660519,
            47.618483,
            654.6
          ],
          [
            -116.661034,
            47.618488,
            654.7
          ],
          [
            -116.661408,
            47.618511,
            654.6
          ],
          [
            -116.662004,
            47.618485,
            654.5
          ],
          [
            -116.662679,
            47.618489,
            653.9
          ],
          [
            -116.66331,
            47.618532,
            653
          ],
          [
            -116.666312,
            47.618833,
            652.2
          ],
          [
            -116.666529,
            47.618873,
            652
          ],
          [
            -116.667091,
            47.619088,
            651.3
          ],
          [
            -116.667298,
            47.619148,
            651.1
          ],
          [
            -116.668157,
            47.619241,
            650.8
          ],
          [
            -116.668372,
            47.619281,
            650.7
          ],
          [
            -116.668764,
            47.619424,
            650.9
          ],
          [
            -116.669377,
            47.619618,
            650.9
          ],
          [
            -116.669597,
            47.619658,
            650.8
          ],
          [
            -116.67045,
            47.619872,
            650.9
          ],
          [
            -116.670887,
            47.619971,
            650.8
          ],
          [
            -116.671331,
            47.620045,
            650.6
          ],
          [
            -116.672027,
            47.620144,
            650.4
          ],
          [
            -116.672915,
            47.62032,
            650.9
          ],
          [
            -116.673139,
            47.620352,
            650.9
          ],
          [
            -116.673371,
            47.620373,
            651
          ],
          [
            -116.674797,
            47.620454,
            651.7
          ],
          [
            -116.676177,
            47.620577,
            651.8
          ],
          [
            -116.677693,
            47.620616,
            651.2
          ],
          [
            -116.678586,
            47.620625,
            651.1
          ],
          [
            -116.679451,
            47.620693,
            651.5
          ],
          [
            -116.679648,
            47.620681,
            651.4
          ],
          [
            -116.679823,
            47.620639,
            651.4
          ],
          [
            -116.679969,
            47.620562,
            651.7
          ],
          [
            -116.680053,
            47.620455,
            651.9
          ],
          [
            -116.680179,
            47.620212,
            651.5
          ],
          [
            -116.680258,
            47.620087,
            651.4
          ],
          [
            -116.680417,
            47.619696,
            652.3
          ],
          [
            -116.68046,
            47.619567,
            652.4
          ],
          [
            -116.680486,
            47.619432,
            652.3
          ],
          [
            -116.680486,
            47.619296,
            652.6
          ],
          [
            -116.680455,
            47.619157,
            652.7
          ],
          [
            -116.680392,
            47.619019,
            652.7
          ],
          [
            -116.680245,
            47.61884,
            652.6
          ],
          [
            -116.680026,
            47.618431,
            652.4
          ],
          [
            -116.679911,
            47.618152,
            652.4
          ],
          [
            -116.679873,
            47.618006,
            652.3
          ],
          [
            -116.679856,
            47.617859,
            652.3
          ],
          [
            -116.679854,
            47.617711,
            652.3
          ],
          [
            -116.679867,
            47.617563,
            652.3
          ],
          [
            -116.679924,
            47.617277,
            652.7
          ],
          [
            -116.680001,
            47.616993,
            653.1
          ],
          [
            -116.680021,
            47.616853,
            653.2
          ],
          [
            -116.680022,
            47.616709,
            653.3
          ],
          [
            -116.680003,
            47.616565,
            653.4
          ],
          [
            -116.67997,
            47.616419,
            653.5
          ],
          [
            -116.679925,
            47.616278,
            653.5
          ],
          [
            -116.679868,
            47.616142,
            653.5
          ],
          [
            -116.679799,
            47.616009,
            653.6
          ],
          [
            -116.679719,
            47.615883,
            653.8
          ],
          [
            -116.679642,
            47.615787,
            653.9
          ],
          [
            -116.679531,
            47.615675,
            653.9
          ],
          [
            -116.679286,
            47.615467,
            653.4
          ],
          [
            -116.679158,
            47.615338,
            653.4
          ],
          [
            -116.679083,
            47.615223,
            653.6
          ],
          [
            -116.679047,
            47.615128,
            653.8
          ],
          [
            -116.679032,
            47.615006,
            654
          ],
          [
            -116.679123,
            47.614752,
            653.9
          ],
          [
            -116.679232,
            47.61456,
            654
          ],
          [
            -116.679491,
            47.614181,
            654.2
          ],
          [
            -116.679526,
            47.614104,
            654.1
          ],
          [
            -116.679596,
            47.613999,
            654.2
          ],
          [
            -116.679626,
            47.613907,
            651
          ],
          [
            -116.679629,
            47.613814,
            654
          ],
          [
            -116.679605,
            47.613756,
            655.3
          ],
          [
            -116.679476,
            47.613547,
            655
          ],
          [
            -116.679354,
            47.613412,
            655
          ],
          [
            -116.67918,
            47.613281,
            654.8
          ],
          [
            -116.678646,
            47.612989,
            654.3
          ],
          [
            -116.678405,
            47.612842,
            654.3
          ],
          [
            -116.678349,
            47.612828,
            654.2
          ],
          [
            -116.678293,
            47.612865,
            654.4
          ],
          [
            -116.678079,
            47.612853,
            654.7
          ],
          [
            -116.677651,
            47.612792,
            654.5
          ],
          [
            -116.67751,
            47.612755,
            654.5
          ],
          [
            -116.677246,
            47.612713,
            654.4
          ],
          [
            -116.676962,
            47.612649,
            653.8
          ],
          [
            -116.676686,
            47.612556,
            653.8
          ],
          [
            -116.675972,
            47.612248,
            653.5
          ],
          [
            -116.675716,
            47.61216,
            653.6
          ],
          [
            -116.675574,
            47.612131,
            653.3
          ],
          [
            -116.675396,
            47.612109,
            653.2
          ],
          [
            -116.675267,
            47.612116,
            653
          ],
          [
            -116.675113,
            47.612108,
            652.9
          ],
          [
            -116.674774,
            47.612072,
            652.8
          ],
          [
            -116.674459,
            47.61202,
            652.2
          ],
          [
            -116.674152,
            47.611939,
            652.5
          ],
          [
            -116.673867,
            47.611843,
            652.7
          ],
          [
            -116.673601,
            47.611731,
            653
          ],
          [
            -116.673373,
            47.611602,
            653.3
          ],
          [
            -116.673274,
            47.611527,
            653.3
          ],
          [
            -116.673113,
            47.611358,
            653.3
          ],
          [
            -116.672986,
            47.611168,
            653
          ],
          [
            -116.672942,
            47.611068,
            652.7
          ],
          [
            -116.672851,
            47.610776,
            652.8
          ],
          [
            -116.6728,
            47.610686,
            653
          ],
          [
            -116.672724,
            47.610604,
            652.9
          ],
          [
            -116.672524,
            47.610473,
            652.5
          ],
          [
            -116.671925,
            47.610163,
            653
          ],
          [
            -116.671697,
            47.610033,
            653.3
          ],
          [
            -116.6715,
            47.609896,
            653
          ],
          [
            -116.671151,
            47.609623,
            652.6
          ],
          [
            -116.671053,
            47.609561,
            652.3
          ],
          [
            -116.670835,
            47.609458,
            652.3
          ],
          [
            -116.670485,
            47.609319,
            653.5
          ],
          [
            -116.670372,
            47.609265,
            653.8
          ],
          [
            -116.67027,
            47.609202,
            654.1
          ],
          [
            -116.670095,
            47.609052,
            654.9
          ],
          [
            -116.669795,
            47.608734,
            656.7
          ],
          [
            -116.669258,
            47.608114,
            659
          ],
          [
            -116.669077,
            47.607865,
            659.6
          ],
          [
            -116.669031,
            47.607781,
            659.9
          ],
          [
            -116.669018,
            47.607732,
            660
          ],
          [
            -116.66903,
            47.607675,
            660.5
          ],
          [
            -116.669067,
            47.607628,
            660.3
          ],
          [
            -116.669208,
            47.607575,
            660.4
          ],
          [
            -116.669342,
            47.60751,
            660.9
          ],
          [
            -116.669362,
            47.607404,
            660.7
          ],
          [
            -116.66932,
            47.607347,
            660.9
          ],
          [
            -116.669275,
            47.607318,
            661
          ],
          [
            -116.669182,
            47.607201,
            661.3
          ],
          [
            -116.669037,
            47.607077,
            662.1
          ],
          [
            -116.668891,
            47.606973,
            662.4
          ],
          [
            -116.668644,
            47.606848,
            662.4
          ],
          [
            -116.668395,
            47.606751,
            662.3
          ],
          [
            -116.666832,
            47.606198,
            666
          ],
          [
            -116.66613,
            47.605924,
            666.4
          ],
          [
            -116.665819,
            47.605793,
            666.4
          ],
          [
            -116.665559,
            47.605709,
            666.8
          ],
          [
            -116.665441,
            47.605661,
            667.3
          ],
          [
            -116.665319,
            47.605586,
            667.5
          ],
          [
            -116.665038,
            47.605308,
            668.2
          ],
          [
            -116.664646,
            47.605055,
            668.2
          ],
          [
            -116.664551,
            47.604973,
            668.6
          ],
          [
            -116.664509,
            47.604927,
            668.8
          ],
          [
            -116.664494,
            47.604873,
            668.8
          ],
          [
            -116.66431,
            47.604598,
            669.3
          ],
          [
            -116.664231,
            47.604508,
            669.1
          ],
          [
            -116.664192,
            47.604507,
            668
          ],
          [
            -116.664279,
            47.604551,
            665
          ],
          [
            -116.664233,
            47.604532,
            670.1
          ],
          [
            -116.664218,
            47.604502,
            670
          ],
          [
            -116.66408,
            47.604463,
            670.1
          ],
          [
            -116.663959,
            47.604464,
            670.3
          ],
          [
            -116.66387,
            47.604487,
            669
          ],
          [
            -116.66382,
            47.604482,
            670
          ],
          [
            -116.663767,
            47.604578,
            671.4
          ],
          [
            -116.663787,
            47.604611,
            671.4
          ],
          [
            -116.663833,
            47.604653,
            671.1
          ],
          [
            -116.663911,
            47.604771,
            670.7
          ],
          [
            -116.663974,
            47.604844,
            670.5
          ],
          [
            -116.664092,
            47.604954,
            670.2
          ],
          [
            -116.664413,
            47.605157,
            670.4
          ],
          [
            -116.664901,
            47.605413,
            670.9
          ],
          [
            -116.66507,
            47.605533,
            670.8
          ],
          [
            -116.665538,
            47.605978,
            670.4
          ],
          [
            -116.66561,
            47.606036,
            670.3
          ],
          [
            -116.665698,
            47.606087,
            670.2
          ],
          [
            -116.665907,
            47.606159,
            669.9
          ],
          [
            -116.66651,
            47.606271,
            670.3
          ],
          [
            -116.666733,
            47.606326,
            670.4
          ],
          [
            -116.666835,
            47.606359,
            670.3
          ],
          [
            -116.666914,
            47.606414,
            670.1
          ],
          [
            -116.667008,
            47.606456,
            670.1
          ],
          [
            -116.667109,
            47.606482,
            670.1
          ],
          [
            -116.667374,
            47.606608,
            669.8
          ],
          [
            -116.66755,
            47.606667,
            669.7
          ],
          [
            -116.667832,
            47.606743,
            669.9
          ],
          [
            -116.667904,
            47.60678,
            669.9
          ],
          [
            -116.668225,
            47.606897,
            669.7
          ],
          [
            -116.668344,
            47.606973,
            669.5
          ],
          [
            -116.66843,
            47.607062,
            669.1
          ],
          [
            -116.668845,
            47.60756,
            668
          ],
          [
            -116.668944,
            47.607699,
            667.5
          ],
          [
            -116.668968,
            47.607717,
            667.6
          ],
          [
            -116.669063,
            47.607647,
            667.7
          ],
          [
            -116.669101,
            47.60763,
            667.8
          ],
          [
            -116.669443,
            47.607516,
            667
          ],
          [
            -116.668156,
            47.606677,
            668.1
          ],
          [
            -116.666879,
            47.606222,
            667.6
          ],
          [
            -116.665418,
            47.60565,
            666.6
          ],
          [
            -116.665346,
            47.605604,
            666.8
          ],
          [
            -116.665194,
            47.605433,
            667.1
          ],
          [
            -116.665111,
            47.605361,
            667.3
          ],
          [
            -116.664884,
            47.605221,
            667.5
          ],
          [
            -116.664623,
            47.605023,
            667.7
          ],
          [
            -116.664549,
            47.604954,
            667.8
          ],
          [
            -116.663865,
            47.604719,
            668.5
          ],
          [
            -116.663786,
            47.604596,
            669.3
          ],
          [
            -116.663784,
            47.604546,
            669
          ],
          [
            -116.66381,
            47.604507,
            668.9
          ],
          [
            -116.663863,
            47.604476,
            668.8
          ],
          [
            -116.663963,
            47.604451,
            668.9
          ],
          [
            -116.664049,
            47.604448,
            668.9
          ],
          [
            -116.664094,
            47.604458,
            668.9
          ],
          [
            -116.66418,
            47.604507,
            669
          ],
          [
            -116.66423,
            47.604561,
            668
          ],
          [
            -116.664244,
            47.604525,
            666
          ],
          [
            -116.664384,
            47.604536,
            669
          ],
          [
            -116.664428,
            47.604554,
            656
          ],
          [
            -116.664381,
            47.604556,
            668
          ],
          [
            -116.664342,
            47.604532,
            677
          ],
          [
            -116.664245,
            47.604515,
            674
          ],
          [
            -116.664115,
            47.604466,
            674.8
          ],
          [
            -116.663987,
            47.604457,
            674
          ],
          [
            -116.663863,
            47.604483,
            674
          ],
          [
            -116.663826,
            47.604524,
            674
          ],
          [
            -116.663821,
            47.604573,
            673.9
          ],
          [
            -116.663862,
            47.604658,
            673.2
          ],
          [
            -116.663951,
            47.604756,
            672.4
          ],
          [
            -116.663947,
            47.604834,
            672
          ],
          [
            -116.664073,
            47.604945,
            671.6
          ],
          [
            -116.664306,
            47.605103,
            672
          ],
          [
            -116.664796,
            47.605367,
            671.5
          ],
          [
            -116.665126,
            47.605604,
            671.8
          ],
          [
            -116.665451,
            47.60591,
            671.5
          ],
          [
            -116.665598,
            47.606034,
            671.3
          ],
          [
            -116.665856,
            47.606145,
            670.9
          ],
          [
            -116.666311,
            47.606235,
            670.5
          ],
          [
            -116.667486,
            47.606632,
            668.6
          ],
          [
            -116.667552,
            47.606672,
            668.4
          ],
          [
            -116.66811,
            47.606849,
            667.1
          ],
          [
            -116.66827,
            47.60692,
            666.7
          ],
          [
            -116.668396,
            47.607015,
            666.7
          ],
          [
            -116.668811,
            47.607517,
            666.1
          ],
          [
            -116.668973,
            47.607742,
            666.3
          ],
          [
            -116.669053,
            47.607893,
            666.1
          ],
          [
            -116.669137,
            47.608021,
            666.4
          ],
          [
            -116.669757,
            47.608773,
            665.5
          ],
          [
            -116.670686,
            47.609467,
            664.4
          ],
          [
            -116.670919,
            47.609571,
            663.2
          ],
          [
            -116.672021,
            47.610289,
            660.2
          ],
          [
            -116.672249,
            47.610398,
            659.6
          ],
          [
            -116.672542,
            47.610571,
            658.5
          ],
          [
            -116.672703,
            47.610679,
            658.2
          ],
          [
            -116.67275,
            47.610727,
            658.1
          ],
          [
            -116.672837,
            47.610976,
            657.4
          ],
          [
            -116.673797,
            47.611881,
            655.8
          ],
          [
            -116.674026,
            47.611963,
            655.3
          ],
          [
            -116.674288,
            47.61204,
            655.1
          ],
          [
            -116.674573,
            47.612107,
            655.2
          ],
          [
            -116.676191,
            47.612417,
            654
          ],
          [
            -116.676546,
            47.61257,
            653.1
          ],
          [
            -116.676811,
            47.61267,
            653.1
          ],
          [
            -116.678469,
            47.612928,
            652.3
          ],
          [
            -116.678474,
            47.613008,
            652.3
          ],
          [
            -116.678642,
            47.613096,
            652.1
          ],
          [
            -116.679503,
            47.613745,
            651.1
          ],
          [
            -116.679527,
            47.613899,
            650.9
          ],
          [
            -116.679524,
            47.613985,
            650.7
          ],
          [
            -116.679502,
            47.614052,
            650.6
          ],
          [
            -116.679132,
            47.614633,
            650.2
          ],
          [
            -116.679035,
            47.61534,
            650
          ],
          [
            -116.678967,
            47.615384,
            651.6
          ],
          [
            -116.678882,
            47.615404,
            651.9
          ],
          [
            -116.678819,
            47.615407,
            652.1
          ],
          [
            -116.678753,
            47.615388,
            651
          ],
          [
            -116.678783,
            47.615405,
            650
          ],
          [
            -116.678743,
            47.615351,
            648
          ],
          [
            -116.678751,
            47.615226,
            653
          ],
          [
            -116.678739,
            47.615203,
            654
          ],
          [
            -116.678732,
            47.615242,
            655
          ],
          [
            -116.678683,
            47.615245,
            654
          ],
          [
            -116.678603,
            47.615276,
            655
          ],
          [
            -116.678571,
            47.615279,
            654
          ],
          [
            -116.678512,
            47.61524,
            652
          ],
          [
            -116.678436,
            47.615301,
            654
          ],
          [
            -116.678396,
            47.615308,
            653
          ],
          [
            -116.67837,
            47.615354,
            653
          ],
          [
            -116.678406,
            47.615391,
            656
          ],
          [
            -116.678423,
            47.615423,
            656
          ],
          [
            -116.678533,
            47.615485,
            656
          ],
          [
            -116.678554,
            47.615511,
            654
          ],
          [
            -116.678637,
            47.61552,
            654
          ],
          [
            -116.678695,
            47.615565,
            654
          ],
          [
            -116.678864,
            47.615614,
            657
          ],
          [
            -116.678906,
            47.615648,
            650
          ],
          [
            -116.678836,
            47.615657,
            660
          ],
          [
            -116.678757,
            47.61563,
            660
          ],
          [
            -116.678652,
            47.615615,
            663
          ],
          [
            -116.678582,
            47.615582,
            664
          ],
          [
            -116.678436,
            47.615573,
            666
          ],
          [
            -116.678243,
            47.615621,
            666
          ],
          [
            -116.678212,
            47.61564,
            665
          ],
          [
            -116.678088,
            47.615654,
            664
          ],
          [
            -116.678021,
            47.615685,
            666
          ],
          [
            -116.677959,
            47.615697,
            666
          ],
          [
            -116.677931,
            47.615722,
            666
          ],
          [
            -116.677894,
            47.615733,
            668
          ],
          [
            -116.67779,
            47.615733,
            668
          ],
          [
            -116.677746,
            47.615692,
            668
          ],
          [
            -116.677696,
            47.61568,
            669
          ],
          [
            -116.677699,
            47.615808,
            673
          ],
          [
            -116.677728,
            47.615856,
            676
          ],
          [
            -116.677841,
            47.615833,
            672
          ],
          [
            -116.677951,
            47.61585,
            672
          ],
          [
            -116.677983,
            47.615837,
            673
          ],
          [
            -116.678108,
            47.615865,
            674
          ],
          [
            -116.678182,
            47.615853,
            673
          ],
          [
            -116.678319,
            47.615871,
            672
          ],
          [
            -116.678409,
            47.61586,
            673
          ],
          [
            -116.678476,
            47.615875,
            672
          ],
          [
            -116.678477,
            47.615904,
            672
          ],
          [
            -116.678425,
            47.615904,
            672
          ],
          [
            -116.678308,
            47.615946,
            678.9
          ],
          [
            -116.678196,
            47.615965,
            681
          ],
          [
            -116.678166,
            47.615958,
            681
          ],
          [
            -116.678094,
            47.615978,
            681
          ],
          [
            -116.678035,
            47.616008,
            681
          ],
          [
            -116.677893,
            47.616032,
            681
          ],
          [
            -116.677732,
            47.616122,
            682
          ],
          [
            -116.677614,
            47.616151,
            684
          ],
          [
            -116.677549,
            47.616114,
            685
          ],
          [
            -116.677492,
            47.61604,
            687
          ],
          [
            -116.677394,
            47.616007,
            687
          ],
          [
            -116.677296,
            47.615958,
            688
          ],
          [
            -116.677232,
            47.615914,
            690
          ],
          [
            -116.677031,
            47.61586,
            690
          ],
          [
            -116.676932,
            47.615815,
            690
          ],
          [
            -116.676708,
            47.61583,
            692
          ],
          [
            -116.676632,
            47.61585,
            692
          ],
          [
            -116.676622,
            47.615887,
            692
          ],
          [
            -116.676655,
            47.615927,
            692
          ],
          [
            -116.676822,
            47.616028,
            697.4
          ],
          [
            -116.676852,
            47.61608,
            700
          ],
          [
            -116.676946,
            47.616154,
            701
          ],
          [
            -116.67699,
            47.616205,
            702
          ],
          [
            -116.677022,
            47.616219,
            700
          ],
          [
            -116.677041,
            47.616254,
            702
          ],
          [
            -116.677025,
            47.61629,
            701
          ],
          [
            -116.676922,
            47.616225,
            704
          ],
          [
            -116.676745,
            47.616157,
            705
          ],
          [
            -116.676667,
            47.616157,
            704
          ],
          [
            -116.676482,
            47.616178,
            706
          ],
          [
            -116.676406,
            47.616163,
            706
          ],
          [
            -116.676322,
            47.616179,
            706
          ],
          [
            -116.676284,
            47.616203,
            705
          ],
          [
            -116.676177,
            47.616197,
            708
          ],
          [
            -116.675926,
            47.616256,
            710
          ],
          [
            -116.675764,
            47.616328,
            710
          ],
          [
            -116.675732,
            47.616323,
            710
          ],
          [
            -116.6757,
            47.616287,
            710
          ],
          [
            -116.675655,
            47.616183,
            711
          ],
          [
            -116.675632,
            47.616159,
            709
          ],
          [
            -116.675442,
            47.616075,
            711
          ],
          [
            -116.67539,
            47.616014,
            711
          ],
          [
            -116.675329,
            47.615964,
            712
          ],
          [
            -116.675251,
            47.615937,
            714
          ],
          [
            -116.675184,
            47.615896,
            714
          ],
          [
            -116.67498,
            47.615826,
            714
          ],
          [
            -116.674911,
            47.615792,
            714
          ],
          [
            -116.674714,
            47.615753,
            716
          ],
          [
            -116.674544,
            47.615817,
            719
          ],
          [
            -116.674339,
            47.615934,
            722
          ],
          [
            -116.674298,
            47.615946,
            724
          ],
          [
            -116.674238,
            47.615941,
            722
          ],
          [
            -116.674122,
            47.615904,
            722
          ],
          [
            -116.674018,
            47.615894,
            724
          ],
          [
            -116.673935,
            47.615901,
            723
          ],
          [
            -116.67375,
            47.615864,
            726
          ],
          [
            -116.673633,
            47.615862,
            726
          ],
          [
            -116.673595,
            47.615848,
            728
          ],
          [
            -116.673444,
            47.615827,
            730
          ],
          [
            -116.67338,
            47.615805,
            730
          ],
          [
            -116.673264,
            47.615787,
            730
          ],
          [
            -116.673225,
            47.615791,
            730
          ],
          [
            -116.672853,
            47.615749,
            734
          ],
          [
            -116.672599,
            47.615704,
            736
          ],
          [
            -116.672471,
            47.615694,
            736
          ],
          [
            -116.67236,
            47.615665,
            738
          ],
          [
            -116.672051,
            47.615644,
            742
          ],
          [
            -116.671815,
            47.615644,
            744
          ],
          [
            -116.671513,
            47.615618,
            745
          ],
          [
            -116.671364,
            47.61559,
            746
          ],
          [
            -116.671327,
            47.615571,
            747.6
          ],
          [
            -116.671154,
            47.61557,
            747
          ],
          [
            -116.671073,
            47.615547,
            747
          ],
          [
            -116.670878,
            47.615519,
            748
          ],
          [
            -116.670631,
            47.615452,
            748
          ],
          [
            -116.670433,
            47.615436,
            748
          ],
          [
            -116.670343,
            47.615449,
            748
          ],
          [
            -116.670207,
            47.615442,
            748
          ],
          [
            -116.670137,
            47.615413,
            748
          ],
          [
            -116.670089,
            47.61536,
            750
          ],
          [
            -116.66996,
            47.615288,
            750
          ],
          [
            -116.669897,
            47.615285,
            751
          ],
          [
            -116.66987,
            47.615368,
            753
          ],
          [
            -116.669902,
            47.61558,
            756
          ],
          [
            -116.669951,
            47.615631,
            758
          ],
          [
            -116.670068,
            47.615647,
            760
          ],
          [
            -116.670171,
            47.615676,
            760
          ],
          [
            -116.670227,
            47.615671,
            761.7
          ],
          [
            -116.67029,
            47.615686,
            759
          ],
          [
            -116.67058,
            47.615698,
            760
          ],
          [
            -116.670799,
            47.615767,
            762
          ],
          [
            -116.670913,
            47.615845,
            762
          ],
          [
            -116.67097,
            47.615871,
            762
          ],
          [
            -116.671023,
            47.615914,
            762
          ],
          [
            -116.671227,
            47.616008,
            762
          ],
          [
            -116.671359,
            47.616048,
            763
          ],
          [
            -116.671617,
            47.616081,
            769
          ],
          [
            -116.671657,
            47.616103,
            771.7
          ],
          [
            -116.671524,
            47.616141,
            772
          ],
          [
            -116.671349,
            47.616139,
            774
          ],
          [
            -116.671183,
            47.616159,
            775
          ],
          [
            -116.671046,
            47.616151,
            778
          ],
          [
            -116.670998,
            47.616137,
            780
          ],
          [
            -116.670915,
            47.616142,
            780
          ],
          [
            -116.670859,
            47.616134,
            780
          ],
          [
            -116.670854,
            47.616171,
            780
          ],
          [
            -116.670961,
            47.616202,
            777
          ],
          [
            -116.671126,
            47.616287,
            777
          ],
          [
            -116.67127,
            47.616319,
            781
          ],
          [
            -116.67134,
            47.616303,
            780
          ],
          [
            -116.671469,
            47.616298,
            780
          ],
          [
            -116.671547,
            47.616319,
            780
          ],
          [
            -116.671585,
            47.616309,
            781
          ],
          [
            -116.671733,
            47.616328,
            782
          ],
          [
            -116.671996,
            47.616449,
            784
          ],
          [
            -116.672108,
            47.616484,
            786
          ],
          [
            -116.672218,
            47.616505,
            786
          ],
          [
            -116.672281,
            47.616535,
            786
          ],
          [
            -116.672323,
            47.616582,
            788
          ],
          [
            -116.67233,
            47.616628,
            777
          ],
          [
            -116.672309,
            47.616676,
            792.8
          ],
          [
            -116.672402,
            47.616644,
            792.9
          ],
          [
            -116.672283,
            47.616685,
            792
          ],
          [
            -116.672314,
            47.616603,
            792
          ],
          [
            -116.672316,
            47.616559,
            786
          ],
          [
            -116.672258,
            47.616522,
            786
          ],
          [
            -116.672198,
            47.616501,
            785
          ],
          [
            -116.672121,
            47.616492,
            787
          ],
          [
            -116.671878,
            47.616398,
            784
          ],
          [
            -116.671746,
            47.616336,
            783
          ],
          [
            -116.671594,
            47.616303,
            778
          ],
          [
            -116.671533,
            47.616308,
            783
          ],
          [
            -116.671365,
            47.616287,
            782
          ],
          [
            -116.671266,
            47.616293,
            782
          ],
          [
            -116.671217,
            47.616285,
            782.2
          ],
          [
            -116.671125,
            47.616246,
            782
          ],
          [
            -116.671056,
            47.616233,
            780
          ],
          [
            -116.67098,
            47.616198,
            780
          ],
          [
            -116.670791,
            47.616136,
            780
          ],
          [
            -116.670684,
            47.616135,
            780
          ],
          [
            -116.670611,
            47.616121,
            780
          ],
          [
            -116.670386,
            47.616199,
            783
          ],
          [
            -116.67025,
            47.61622,
            786
          ],
          [
            -116.670074,
            47.616284,
            789
          ],
          [
            -116.669999,
            47.616296,
            788
          ],
          [
            -116.669862,
            47.616297,
            790
          ],
          [
            -116.669822,
            47.616306,
            790.7
          ],
          [
            -116.669788,
            47.616295,
            790
          ],
          [
            -116.669605,
            47.616303,
            790
          ],
          [
            -116.669485,
            47.616321,
            792
          ],
          [
            -116.669401,
            47.61632,
            791
          ],
          [
            -116.669243,
            47.616297,
            792
          ],
          [
            -116.669083,
            47.616248,
            794.3
          ],
          [
            -116.668954,
            47.61618,
            796
          ],
          [
            -116.668814,
            47.616147,
            797
          ],
          [
            -116.668615,
            47.616076,
            799
          ],
          [
            -116.668461,
            47.616068,
            800.1
          ],
          [
            -116.667913,
            47.615866,
            805
          ],
          [
            -116.667774,
            47.615848,
            806
          ],
          [
            -116.667616,
            47.615867,
            808
          ],
          [
            -116.667446,
            47.615922,
            810
          ],
          [
            -116.667379,
            47.61597,
            810
          ],
          [
            -116.667228,
            47.616013,
            813
          ],
          [
            -116.666991,
            47.615988,
            816
          ],
          [
            -116.666887,
            47.615947,
            816
          ],
          [
            -116.666777,
            47.615931,
            816
          ],
          [
            -116.666683,
            47.6159,
            816
          ],
          [
            -116.666488,
            47.615818,
            818
          ],
          [
            -116.666257,
            47.61566,
            822
          ],
          [
            -116.666191,
            47.615628,
            822
          ],
          [
            -116.666016,
            47.615618,
            824
          ],
          [
            -116.665912,
            47.615639,
            822
          ],
          [
            -116.665805,
            47.615622,
            823.9
          ],
          [
            -116.665715,
            47.615641,
            822
          ],
          [
            -116.665645,
            47.615627,
            823
          ],
          [
            -116.665562,
            47.615642,
            823
          ],
          [
            -116.665486,
            47.615637,
            826
          ],
          [
            -116.665385,
            47.615661,
            830
          ],
          [
            -116.665352,
            47.615649,
            830
          ],
          [
            -116.665221,
            47.615675,
            830
          ],
          [
            -116.665082,
            47.615718,
            830
          ],
          [
            -116.665003,
            47.61572,
            831
          ],
          [
            -116.664906,
            47.615751,
            831
          ],
          [
            -116.664758,
            47.615772,
            833
          ],
          [
            -116.664549,
            47.615849,
            836
          ],
          [
            -116.664373,
            47.615871,
            839
          ],
          [
            -116.6641,
            47.615864,
            843
          ],
          [
            -116.664033,
            47.615844,
            843
          ],
          [
            -116.663997,
            47.615844,
            843
          ],
          [
            -116.66394,
            47.615812,
            846
          ],
          [
            -116.663904,
            47.615815,
            846
          ],
          [
            -116.663919,
            47.615886,
            847.5
          ],
          [
            -116.66395,
            47.615949,
            847
          ],
          [
            -116.664023,
            47.61602,
            846
          ],
          [
            -116.664166,
            47.616077,
            848
          ],
          [
            -116.664438,
            47.616158,
            848
          ],
          [
            -116.664621,
            47.616194,
            849
          ],
          [
            -116.664698,
            47.616197,
            849
          ],
          [
            -116.664828,
            47.616269,
            849
          ],
          [
            -116.665001,
            47.616283,
            852
          ],
          [
            -116.66506,
            47.616355,
            855
          ],
          [
            -116.665145,
            47.616339,
            856
          ],
          [
            -116.665181,
            47.616299,
            855
          ],
          [
            -116.66525,
            47.61629,
            854
          ],
          [
            -116.66588,
            47.616351,
            852
          ],
          [
            -116.666106,
            47.616422,
            851
          ],
          [
            -116.666248,
            47.616446,
            850
          ],
          [
            -116.666426,
            47.616441,
            843
          ],
          [
            -116.666624,
            47.616495,
            844
          ],
          [
            -116.666807,
            47.616468,
            842.1
          ],
          [
            -116.666872,
            47.616486,
            840
          ],
          [
            -116.66694,
            47.616491,
            840
          ],
          [
            -116.666976,
            47.616468,
            838
          ],
          [
            -116.667076,
            47.616456,
            838
          ],
          [
            -116.667259,
            47.616493,
            834
          ],
          [
            -116.667387,
            47.616493,
            836
          ],
          [
            -116.667513,
            47.61651,
            838
          ],
          [
            -116.667739,
            47.616555,
            838
          ],
          [
            -116.667912,
            47.616625,
            837
          ],
          [
            -116.668035,
            47.616705,
            837
          ],
          [
            -116.668168,
            47.616763,
            838
          ],
          [
            -116.668302,
            47.616835,
            837
          ],
          [
            -116.668416,
            47.616845,
            837
          ],
          [
            -116.668749,
            47.617004,
            836
          ],
          [
            -116.668948,
            47.617053,
            836
          ],
          [
            -116.669023,
            47.617062,
            836
          ],
          [
            -116.669261,
            47.617126,
            834
          ],
          [
            -116.669362,
            47.617127,
            834
          ],
          [
            -116.669445,
            47.61714,
            834
          ],
          [
            -116.669671,
            47.617142,
            834
          ],
          [
            -116.669783,
            47.617126,
            834
          ],
          [
            -116.669894,
            47.617143,
            832
          ],
          [
            -116.670045,
            47.617136,
            834
          ],
          [
            -116.670141,
            47.617159,
            833
          ],
          [
            -116.670321,
            47.61716,
            834
          ],
          [
            -116.670361,
            47.617169,
            834
          ],
          [
            -116.670766,
            47.617161,
            834
          ],
          [
            -116.67088,
            47.617147,
            834
          ],
          [
            -116.671111,
            47.617157,
            834
          ],
          [
            -116.671421,
            47.617205,
            834
          ],
          [
            -116.671483,
            47.617229,
            834.8
          ],
          [
            -116.671659,
            47.617253,
            833
          ],
          [
            -116.67187,
            47.617352,
            834
          ],
          [
            -116.671914,
            47.617399,
            834
          ],
          [
            -116.672055,
            47.617498,
            837
          ],
          [
            -116.672123,
            47.617586,
            836
          ],
          [
            -116.672158,
            47.617604,
            837
          ],
          [
            -116.672361,
            47.617636,
            837
          ],
          [
            -116.672608,
            47.617694,
            834
          ],
          [
            -116.672678,
            47.617725,
            836
          ],
          [
            -116.672815,
            47.61775,
            836
          ],
          [
            -116.673009,
            47.617827,
            834
          ],
          [
            -116.673126,
            47.617841,
            834
          ],
          [
            -116.673224,
            47.617896,
            834
          ],
          [
            -116.673327,
            47.617921,
            833
          ],
          [
            -116.673381,
            47.617955,
            832
          ],
          [
            -116.673448,
            47.617963,
            831
          ],
          [
            -116.673507,
            47.61801,
            832.9
          ],
          [
            -116.673735,
            47.618065,
            830
          ],
          [
            -116.673778,
            47.618064,
            828
          ],
          [
            -116.673813,
            47.618089,
            828
          ],
          [
            -116.67397,
            47.618143,
            825
          ],
          [
            -116.674004,
            47.618167,
            825
          ],
          [
            -116.674108,
            47.618191,
            825
          ],
          [
            -116.67422,
            47.61824,
            825.9
          ],
          [
            -116.674416,
            47.618257,
            822
          ],
          [
            -116.674597,
            47.618249,
            822
          ],
          [
            -116.674783,
            47.618269,
            820
          ],
          [
            -116.675157,
            47.618249,
            822
          ],
          [
            -116.675349,
            47.618259,
            822
          ],
          [
            -116.675501,
            47.61829,
            822
          ],
          [
            -116.675618,
            47.6183,
            822
          ],
          [
            -116.675698,
            47.618331,
            822
          ],
          [
            -116.675876,
            47.618358,
            821.4
          ],
          [
            -116.675966,
            47.618404,
            820
          ],
          [
            -116.676097,
            47.618452,
            819
          ],
          [
            -116.676288,
            47.6185,
            819
          ],
          [
            -116.676474,
            47.618609,
            819
          ],
          [
            -116.676549,
            47.618642,
            816
          ],
          [
            -116.67657,
            47.618668,
            815
          ],
          [
            -116.676628,
            47.618704,
            816
          ],
          [
            -116.67668,
            47.618709,
            800
          ],
          [
            -116.676697,
            47.618653,
            813
          ],
          [
            -116.676774,
            47.618682,
            810
          ],
          [
            -116.676838,
            47.61882,
            805
          ],
          [
            -116.676907,
            47.618783,
            804
          ],
          [
            -116.676954,
            47.618735,
            804
          ],
          [
            -116.676968,
            47.618708,
            804
          ],
          [
            -116.676968,
            47.618648,
            802
          ],
          [
            -116.67695,
            47.618558,
            801
          ],
          [
            -116.676876,
            47.618362,
            798
          ],
          [
            -116.676845,
            47.618306,
            798
          ],
          [
            -116.676679,
            47.618137,
            794.1
          ],
          [
            -116.676603,
            47.618099,
            792
          ],
          [
            -116.676527,
            47.61803,
            790
          ],
          [
            -116.676116,
            47.617747,
            784.8
          ],
          [
            -116.676269,
            47.617757,
            780
          ],
          [
            -116.676308,
            47.617773,
            780
          ],
          [
            -116.676621,
            47.617832,
            776
          ],
          [
            -116.676692,
            47.617856,
            776
          ],
          [
            -116.676966,
            47.617863,
            770
          ],
          [
            -116.677295,
            47.617848,
            766
          ],
          [
            -116.677489,
            47.617932,
            761
          ],
          [
            -116.677467,
            47.61782,
            761
          ],
          [
            -116.677438,
            47.617765,
            760
          ],
          [
            -116.677059,
            47.617612,
            755
          ],
          [
            -116.677182,
            47.617615,
            756
          ],
          [
            -116.6773,
            47.617581,
            754
          ],
          [
            -116.677411,
            47.617585,
            752
          ],
          [
            -116.67777,
            47.617543,
            747
          ],
          [
            -116.677891,
            47.617562,
            731
          ],
          [
            -116.677917,
            47.617536,
            748
          ],
          [
            -116.67789,
            47.617481,
            744
          ],
          [
            -116.677836,
            47.617436,
            744
          ],
          [
            -116.677504,
            47.617312,
            735
          ],
          [
            -116.677536,
            47.617288,
            736
          ],
          [
            -116.677631,
            47.617284,
            735
          ],
          [
            -116.677943,
            47.617159,
            732
          ],
          [
            -116.678104,
            47.617125,
            730
          ],
          [
            -116.678394,
            47.617153,
            726
          ],
          [
            -116.678343,
            47.616985,
            723.3
          ],
          [
            -116.678301,
            47.616941,
            720
          ],
          [
            -116.67818,
            47.616883,
            720
          ],
          [
            -116.678127,
            47.616883,
            717
          ],
          [
            -116.678092,
            47.61687,
            717
          ],
          [
            -116.678044,
            47.616822,
            714
          ],
          [
            -116.678177,
            47.61681,
            716
          ],
          [
            -116.678432,
            47.616749,
            711
          ],
          [
            -116.678543,
            47.616755,
            710
          ],
          [
            -116.678574,
            47.616762,
            711
          ],
          [
            -116.678758,
            47.616864,
            708
          ],
          [
            -116.678783,
            47.616905,
            706
          ],
          [
            -116.678811,
            47.616894,
            705
          ],
          [
            -116.678803,
            47.616812,
            704
          ],
          [
            -116.678781,
            47.616773,
            704
          ],
          [
            -116.678735,
            47.616697,
            705
          ],
          [
            -116.678628,
            47.616582,
            700
          ],
          [
            -116.678572,
            47.616532,
            699
          ],
          [
            -116.678496,
            47.616501,
            699
          ],
          [
            -116.678373,
            47.616423,
            696
          ],
          [
            -116.678258,
            47.616399,
            696
          ],
          [
            -116.67815,
            47.616354,
            694
          ],
          [
            -116.678027,
            47.616329,
            694
          ],
          [
            -116.677957,
            47.6163,
            694
          ],
          [
            -116.677692,
            47.616248,
            690
          ],
          [
            -116.677622,
            47.616246,
            688
          ],
          [
            -116.677644,
            47.616202,
            685
          ],
          [
            -116.677712,
            47.616138,
            687
          ],
          [
            -116.677805,
            47.616081,
            684
          ],
          [
            -116.678119,
            47.616037,
            678
          ],
          [
            -116.67822,
            47.616006,
            678
          ],
          [
            -116.678288,
            47.615969,
            678
          ],
          [
            -116.678491,
            47.615927,
            676
          ],
          [
            -116.67848,
            47.615902,
            676
          ],
          [
            -116.67837,
            47.615871,
            674
          ],
          [
            -116.67821,
            47.615869,
            674
          ],
          [
            -116.678103,
            47.61585,
            674
          ],
          [
            -116.678037,
            47.615859,
            676
          ],
          [
            -116.677963,
            47.615848,
            676
          ],
          [
            -116.677842,
            47.615879,
            674
          ],
          [
            -116.677795,
            47.615879,
            675
          ],
          [
            -116.677749,
            47.615863,
            675
          ],
          [
            -116.67774,
            47.615771,
            672
          ],
          [
            -116.677699,
            47.615717,
            668
          ],
          [
            -116.677744,
            47.615717,
            668
          ],
          [
            -116.677808,
            47.615757,
            668
          ],
          [
            -116.677855,
            47.61577,
            668
          ],
          [
            -116.677896,
            47.615769,
            666
          ],
          [
            -116.678091,
            47.615683,
            664
          ],
          [
            -116.678386,
            47.615614,
            664
          ],
          [
            -116.678461,
            47.615635,
            660
          ],
          [
            -116.678833,
            47.615637,
            660
          ],
          [
            -116.678878,
            47.615657,
            659.3
          ],
          [
            -116.678916,
            47.615657,
            655
          ],
          [
            -116.678885,
            47.615616,
            657
          ],
          [
            -116.678845,
            47.615594,
            657
          ],
          [
            -116.678447,
            47.615434,
            654
          ],
          [
            -116.678387,
            47.615398,
            656
          ],
          [
            -116.678378,
            47.615361,
            652
          ],
          [
            -116.67839,
            47.615323,
            650
          ],
          [
            -116.678463,
            47.615336,
            651
          ],
          [
            -116.678512,
            47.615239,
            651
          ],
          [
            -116.678534,
            47.615281,
            652
          ],
          [
            -116.678702,
            47.615285,
            651
          ],
          [
            -116.678701,
            47.615238,
            647
          ],
          [
            -116.678709,
            47.615302,
            652
          ],
          [
            -116.678723,
            47.615329,
            651
          ],
          [
            -116.678702,
            47.615316,
            651
          ],
          [
            -116.678701,
            47.615243,
            650
          ],
          [
            -116.678733,
            47.615206,
            648
          ],
          [
            -116.678719,
            47.615225,
            649.2
          ],
          [
            -116.678742,
            47.615223,
            650
          ],
          [
            -116.678748,
            47.615458,
            658
          ],
          [
            -116.678806,
            47.615422,
            658
          ],
          [
            -116.678861,
            47.61541,
            658.5
          ],
          [
            -116.678988,
            47.615411,
            658.4
          ],
          [
            -116.679062,
            47.615396,
            658
          ],
          [
            -116.679085,
            47.615348,
            658
          ],
          [
            -116.679059,
            47.61529,
            657.9
          ],
          [
            -116.678917,
            47.615109,
            657.2
          ],
          [
            -116.679037,
            47.615045,
            657
          ],
          [
            -116.679355,
            47.614388,
            656.9
          ],
          [
            -116.679408,
            47.614307,
            657
          ],
          [
            -116.67939,
            47.613508,
            657
          ],
          [
            -116.678382,
            47.612903,
            657.1
          ],
          [
            -116.678338,
            47.612837,
            657.3
          ],
          [
            -116.678321,
            47.612736,
            657.5
          ],
          [
            -116.678343,
            47.612652,
            657.4
          ],
          [
            -116.67838,
            47.612569,
            657.3
          ],
          [
            -116.678903,
            47.61178,
            651.1
          ],
          [
            -116.679042,
            47.611438,
            651
          ],
          [
            -116.679295,
            47.610994,
            654.5
          ],
          [
            -116.679322,
            47.610932,
            654.3
          ],
          [
            -116.679419,
            47.610866,
            654.3
          ],
          [
            -116.679558,
            47.61084,
            654.2
          ],
          [
            -116.679683,
            47.610855,
            654.2
          ],
          [
            -116.680022,
            47.610871,
            654.3
          ],
          [
            -116.680886,
            47.611069,
            654.3
          ],
          [
            -116.681007,
            47.611145,
            654.3
          ],
          [
            -116.681351,
            47.611428,
            655.2
          ],
          [
            -116.681574,
            47.611583,
            655.7
          ],
          [
            -116.681711,
            47.611656,
            656
          ],
          [
            -116.68186,
            47.611719,
            656.3
          ],
          [
            -116.682298,
            47.611853,
            656.5
          ],
          [
            -116.682414,
            47.611911,
            656.4
          ],
          [
            -116.682502,
            47.611986,
            656.4
          ],
          [
            -116.682572,
            47.61207,
            656.5
          ],
          [
            -116.682724,
            47.612348,
            656.9
          ],
          [
            -116.682786,
            47.612442,
            657
          ],
          [
            -116.682865,
            47.612535,
            657.2
          ],
          [
            -116.68297,
            47.612619,
            657.3
          ],
          [
            -116.683089,
            47.612691,
            657.5
          ],
          [
            -116.683228,
            47.612747,
            657.6
          ],
          [
            -116.68338,
            47.612783,
            657.8
          ],
          [
            -116.683969,
            47.612982,
            658.8
          ],
          [
            -116.684357,
            47.613198,
            659.5
          ],
          [
            -116.684654,
            47.613435,
            660.7
          ],
          [
            -116.684783,
            47.613489,
            661.3
          ],
          [
            -116.684919,
            47.613509,
            661.6
          ],
          [
            -116.685177,
            47.613451,
            662
          ],
          [
            -116.685297,
            47.613397,
            662.2
          ],
          [
            -116.685889,
            47.613001,
            663.9
          ],
          [
            -116.686294,
            47.612817,
            665.4
          ],
          [
            -116.686418,
            47.61275,
            666
          ],
          [
            -116.686528,
            47.612672,
            666.6
          ],
          [
            -116.686619,
            47.612579,
            667.1
          ],
          [
            -116.686689,
            47.612479,
            667.8
          ],
          [
            -116.686744,
            47.612374,
            668.4
          ],
          [
            -116.686787,
            47.612259,
            669
          ],
          [
            -116.68685,
            47.612011,
            670
          ],
          [
            -116.686865,
            47.611908,
            670.5
          ],
          [
            -116.686873,
            47.611775,
            671
          ],
          [
            -116.68686,
            47.610954,
            675.6
          ],
          [
            -116.686847,
            47.610818,
            676.3
          ],
          [
            -116.686812,
            47.610651,
            677.1
          ],
          [
            -116.686781,
            47.610545,
            678.2
          ],
          [
            -116.686624,
            47.610143,
            681.2
          ],
          [
            -116.686589,
            47.610008,
            681.8
          ],
          [
            -116.686536,
            47.609615,
            683.9
          ],
          [
            -116.686498,
            47.609485,
            684.9
          ],
          [
            -116.686437,
            47.609359,
            685.9
          ],
          [
            -116.686355,
            47.609238,
            687
          ],
          [
            -116.686155,
            47.609001,
            689.1
          ],
          [
            -116.686077,
            47.608872,
            689.9
          ],
          [
            -116.685901,
            47.608619,
            691.2
          ],
          [
            -116.685513,
            47.608152,
            693.6
          ],
          [
            -116.68543,
            47.608034,
            694.5
          ],
          [
            -116.685364,
            47.60791,
            695.5
          ],
          [
            -116.685311,
            47.607782,
            696.5
          ],
          [
            -116.685271,
            47.607649,
            697.5
          ],
          [
            -116.685247,
            47.60752,
            698.4
          ],
          [
            -116.685236,
            47.607383,
            699.1
          ],
          [
            -116.685282,
            47.606682,
            702.7
          ],
          [
            -116.685316,
            47.606399,
            704.3
          ],
          [
            -116.685461,
            47.605476,
            710
          ],
          [
            -116.685512,
            47.60505,
            713
          ],
          [
            -116.685605,
            47.604644,
            714.8
          ],
          [
            -116.685697,
            47.604389,
            715.9
          ],
          [
            -116.68574,
            47.604297,
            716.4
          ],
          [
            -116.68619,
            47.603466,
            720.4
          ],
          [
            -116.686245,
            47.603402,
            720.8
          ],
          [
            -116.686358,
            47.60332,
            721.1
          ],
          [
            -116.686453,
            47.603285,
            721.5
          ],
          [
            -116.686542,
            47.603271,
            721.7
          ],
          [
            -116.686652,
            47.60331,
            721.8
          ],
          [
            -116.686893,
            47.603484,
            721.8
          ],
          [
            -116.686946,
            47.603695,
            721.8
          ],
          [
            -116.686955,
            47.603815,
            721.8
          ],
          [
            -116.686956,
            47.604354,
            723.4
          ],
          [
            -116.686981,
            47.604643,
            724.8
          ],
          [
            -116.687028,
            47.604937,
            726.5
          ],
          [
            -116.687148,
            47.605374,
            729.5
          ],
          [
            -116.687402,
            47.606087,
            733
          ],
          [
            -116.687474,
            47.606356,
            734.9
          ],
          [
            -116.687547,
            47.606713,
            737.8
          ],
          [
            -116.687594,
            47.60683,
            738.8
          ],
          [
            -116.68769,
            47.606928,
            739.5
          ],
          [
            -116.687829,
            47.606988,
            740.9
          ],
          [
            -116.687984,
            47.607004,
            741.3
          ],
          [
            -116.688137,
            47.606982,
            741.6
          ],
          [
            -116.688261,
            47.606925,
            741.9
          ],
          [
            -116.688377,
            47.606857,
            741.7
          ],
          [
            -116.688476,
            47.606773,
            741.9
          ],
          [
            -116.688738,
            47.606497,
            742.7
          ],
          [
            -116.688954,
            47.606305,
            743.3
          ],
          [
            -116.68909,
            47.606235,
            743.9
          ],
          [
            -116.689308,
            47.606104,
            744.6
          ],
          [
            -116.689419,
            47.606054,
            745
          ],
          [
            -116.689534,
            47.606021,
            745.2
          ],
          [
            -116.689648,
            47.606009,
            745.7
          ],
          [
            -116.689756,
            47.60602,
            746.3
          ],
          [
            -116.689858,
            47.606048,
            747
          ],
          [
            -116.68993,
            47.606095,
            747.8
          ],
          [
            -116.690012,
            47.606186,
            748.5
          ],
          [
            -116.690053,
            47.606283,
            748.9
          ],
          [
            -116.690179,
            47.606883,
            753.3
          ],
          [
            -116.690393,
            47.607546,
            758.2
          ],
          [
            -116.690446,
            47.607639,
            758.7
          ],
          [
            -116.690542,
            47.607722,
            759.1
          ],
          [
            -116.690698,
            47.607784,
            759.5
          ],
          [
            -116.690824,
            47.607794,
            759.6
          ],
          [
            -116.690967,
            47.607778,
            759.9
          ],
          [
            -116.691116,
            47.60778,
            760.2
          ],
          [
            -116.691256,
            47.6078,
            760.4
          ],
          [
            -116.691458,
            47.607917,
            761.5
          ],
          [
            -116.691516,
            47.607991,
            761.7
          ],
          [
            -116.691558,
            47.608081,
            762.2
          ],
          [
            -116.691611,
            47.608281,
            762.9
          ],
          [
            -116.691693,
            47.608496,
            764.3
          ],
          [
            -116.691813,
            47.608714,
            765.3
          ],
          [
            -116.691898,
            47.608823,
            766
          ],
          [
            -116.692008,
            47.60892,
            767
          ],
          [
            -116.692128,
            47.609007,
            767.8
          ],
          [
            -116.692393,
            47.609168,
            769.4
          ],
          [
            -116.692514,
            47.609256,
            770.4
          ],
          [
            -116.692617,
            47.60935,
            771.4
          ],
          [
            -116.692799,
            47.609553,
            772.9
          ],
          [
            -116.692898,
            47.609643,
            773.5
          ],
          [
            -116.693019,
            47.609729,
            774
          ],
          [
            -116.693157,
            47.609796,
            774.4
          ],
          [
            -116.693508,
            47.609878,
            774.6
          ],
          [
            -116.693691,
            47.609895,
            774.8
          ],
          [
            -116.693873,
            47.609895,
            774.9
          ],
          [
            -116.696623,
            47.609759,
            777.5
          ],
          [
            -116.698182,
            47.609701,
            776.2
          ],
          [
            -116.703664,
            47.609401,
            767.6
          ],
          [
            -116.70506,
            47.609293,
            764.4
          ],
          [
            -116.705808,
            47.609245,
            762.7
          ],
          [
            -116.707066,
            47.609181,
            759.6
          ],
          [
            -116.707319,
            47.609184,
            759.1
          ],
          [
            -116.708308,
            47.609133,
            756.5
          ],
          [
            -116.708558,
            47.609112,
            755.8
          ],
          [
            -116.709289,
            47.609008,
            753.4
          ],
          [
            -116.709524,
            47.608962,
            752.3
          ],
          [
            -116.709758,
            47.608903,
            751.7
          ],
          [
            -116.70994,
            47.608845,
            750.9
          ],
          [
            -116.710157,
            47.608759,
            750.3
          ],
          [
            -116.714637,
            47.606709,
            731
          ],
          [
            -116.714868,
            47.606624,
            730.4
          ],
          [
            -116.71637,
            47.605955,
            724.9
          ],
          [
            -116.716799,
            47.605794,
            723.5
          ],
          [
            -116.71702,
            47.605723,
            722.7
          ],
          [
            -116.717486,
            47.60562,
            721.1
          ],
          [
            -116.717723,
            47.60558,
            720
          ],
          [
            -116.717967,
            47.605552,
            718.4
          ],
          [
            -116.71821,
            47.605538,
            717.2
          ],
          [
            -116.718717,
            47.605536,
            714.6
          ],
          [
            -116.721306,
            47.605587,
            705.8
          ],
          [
            -116.721565,
            47.605599,
            705.1
          ],
          [
            -116.722073,
            47.605656,
            703.6
          ],
          [
            -116.722564,
            47.605763,
            702.5
          ],
          [
            -116.722809,
            47.605834,
            701.9
          ],
          [
            -116.723037,
            47.605914,
            701.4
          ],
          [
            -116.723484,
            47.606102,
            701
          ],
          [
            -116.724102,
            47.606433,
            699.6
          ],
          [
            -116.72736,
            47.608307,
            694
          ],
          [
            -116.727782,
            47.608514,
            693.6
          ],
          [
            -116.728006,
            47.608606,
            693.1
          ],
          [
            -116.728234,
            47.608683,
            692.5
          ],
          [
            -116.728473,
            47.60875,
            691.9
          ],
          [
            -116.72896,
            47.60885,
            691.1
          ],
          [
            -116.730439,
            47.609111,
            688.1
          ],
          [
            -116.730923,
            47.609217,
            687
          ],
          [
            -116.731318,
            47.60937,
            685.9
          ],
          [
            -116.731739,
            47.609557,
            685
          ],
          [
            -116.731942,
            47.609661,
            684.5
          ],
          [
            -116.732322,
            47.60989,
            683.9
          ],
          [
            -116.733438,
            47.610615,
            680.1
          ],
          [
            -116.733828,
            47.610848,
            678.7
          ],
          [
            -116.734075,
            47.610975,
            678.1
          ],
          [
            -116.734468,
            47.611144,
            677.2
          ],
          [
            -116.735359,
            47.611474,
            675
          ],
          [
            -116.735563,
            47.61156,
            673.8
          ],
          [
            -116.735753,
            47.611657,
            673.2
          ],
          [
            -116.735927,
            47.611769,
            672.9
          ],
          [
            -116.736083,
            47.611888,
            672.6
          ],
          [
            -116.736847,
            47.612558,
            670.6
          ],
          [
            -116.737193,
            47.612807,
            669.3
          ],
          [
            -116.737389,
            47.612914,
            669.1
          ],
          [
            -116.73761,
            47.613011,
            668.7
          ],
          [
            -116.737834,
            47.613091,
            668
          ],
          [
            -116.742084,
            47.614452,
            658.9
          ],
          [
            -116.742502,
            47.614606,
            657.9
          ],
          [
            -116.74269,
            47.614691,
            657.9
          ],
          [
            -116.742864,
            47.614787,
            657.7
          ],
          [
            -116.743028,
            47.614893,
            657.6
          ],
          [
            -116.743168,
            47.615006,
            657.1
          ],
          [
            -116.743293,
            47.615135,
            656.9
          ],
          [
            -116.743473,
            47.615397,
            657.3
          ],
          [
            -116.743942,
            47.616146,
            659.8
          ],
          [
            -116.744099,
            47.616436,
            660.4
          ],
          [
            -116.744174,
            47.616605,
            660.9
          ],
          [
            -116.74425,
            47.616865,
            662
          ],
          [
            -116.744309,
            47.617174,
            663.5
          ],
          [
            -116.744349,
            47.617326,
            664.2
          ],
          [
            -116.74441,
            47.617481,
            664.4
          ],
          [
            -116.744495,
            47.617632,
            664.5
          ],
          [
            -116.744724,
            47.617913,
            664.8
          ],
          [
            -116.745269,
            47.61845,
            665.3
          ],
          [
            -116.74549,
            47.618547,
            665.5
          ],
          [
            -116.745907,
            47.618942,
            666.1
          ],
          [
            -116.74596,
            47.619107,
            666.2
          ],
          [
            -116.746082,
            47.619226,
            666.4
          ],
          [
            -116.74619,
            47.619349,
            666.7
          ],
          [
            -116.746278,
            47.619471,
            667
          ],
          [
            -116.746502,
            47.619861,
            667.3
          ],
          [
            -116.746603,
            47.619975,
            667.8
          ],
          [
            -116.746745,
            47.620069,
            668.2
          ],
          [
            -116.747069,
            47.620178,
            668.7
          ],
          [
            -116.747594,
            47.620268,
            668.5
          ],
          [
            -116.747736,
            47.620334,
            668.4
          ],
          [
            -116.747851,
            47.620411,
            668.9
          ],
          [
            -116.747944,
            47.620505,
            669.2
          ],
          [
            -116.748006,
            47.620604,
            669.6
          ],
          [
            -116.748033,
            47.620705,
            669.8
          ],
          [
            -116.74804,
            47.62081,
            670
          ],
          [
            -116.748025,
            47.620929,
            670.2
          ],
          [
            -116.747942,
            47.621302,
            671.1
          ],
          [
            -116.747932,
            47.621403,
            671.2
          ],
          [
            -116.747956,
            47.621559,
            671.3
          ],
          [
            -116.747996,
            47.62165,
            671.4
          ],
          [
            -116.748104,
            47.621776,
            671.3
          ],
          [
            -116.748193,
            47.621842,
            671.4
          ],
          [
            -116.748485,
            47.621964,
            670.9
          ],
          [
            -116.748646,
            47.622005,
            670.4
          ],
          [
            -116.74917,
            47.622079,
            670
          ],
          [
            -116.749327,
            47.622129,
            669.9
          ],
          [
            -116.74943,
            47.622221,
            669.8
          ],
          [
            -116.749524,
            47.622335,
            669.7
          ],
          [
            -116.749558,
            47.622419,
            669.8
          ],
          [
            -116.749564,
            47.622522,
            670
          ],
          [
            -116.749536,
            47.622756,
            670.2
          ],
          [
            -116.749622,
            47.622876,
            670.5
          ],
          [
            -116.749627,
            47.622989,
            670.7
          ],
          [
            -116.749587,
            47.623114,
            670.8
          ],
          [
            -116.749652,
            47.623228,
            670.6
          ],
          [
            -116.74983,
            47.623437,
            670.9
          ],
          [
            -116.750036,
            47.623637,
            671.3
          ],
          [
            -116.750266,
            47.623835,
            671.8
          ],
          [
            -116.750506,
            47.624025,
            672.3
          ],
          [
            -116.750637,
            47.624114,
            672.4
          ],
          [
            -116.750772,
            47.624187,
            672.8
          ],
          [
            -116.750923,
            47.624253,
            673.2
          ],
          [
            -116.751247,
            47.624345,
            673.2
          ],
          [
            -116.751425,
            47.624383,
            673.1
          ],
          [
            -116.751798,
            47.624439,
            673.4
          ],
          [
            -116.752163,
            47.624479,
            673.9
          ],
          [
            -116.752336,
            47.624525,
            674.1
          ],
          [
            -116.752499,
            47.624573,
            674.1
          ],
          [
            -116.75265,
            47.624637,
            674.3
          ],
          [
            -116.752778,
            47.624719,
            674.7
          ],
          [
            -116.752877,
            47.624813,
            675.1
          ],
          [
            -116.752952,
            47.624918,
            675.7
          ],
          [
            -116.753017,
            47.625039,
            676
          ],
          [
            -116.753257,
            47.625568,
            678
          ],
          [
            -116.753471,
            47.625967,
            679.2
          ],
          [
            -116.753657,
            47.626064,
            679.6
          ],
          [
            -116.753915,
            47.626439,
            680.1
          ],
          [
            -116.753898,
            47.626599,
            680.5
          ],
          [
            -116.75424,
            47.627073,
            681.8
          ],
          [
            -116.754536,
            47.627431,
            682.7
          ],
          [
            -116.754743,
            47.627648,
            682.8
          ],
          [
            -116.75516,
            47.62804,
            683
          ],
          [
            -116.755278,
            47.628127,
            683.2
          ],
          [
            -116.755405,
            47.628202,
            683.4
          ],
          [
            -116.75556,
            47.628255,
            683.5
          ],
          [
            -116.755884,
            47.628297,
            683.3
          ],
          [
            -116.756048,
            47.628308,
            683.1
          ],
          [
            -116.756378,
            47.628306,
            682.9
          ],
          [
            -116.756743,
            47.628282,
            682.7
          ],
          [
            -116.75711,
            47.628242,
            682.4
          ],
          [
            -116.757476,
            47.628183,
            682.7
          ],
          [
            -116.758019,
            47.628079,
            682.4
          ],
          [
            -116.7584,
            47.628037,
            682.5
          ],
          [
            -116.758787,
            47.628037,
            682.9
          ],
          [
            -116.75897,
            47.628068,
            682.8
          ],
          [
            -116.760295,
            47.62819,
            683.2
          ],
          [
            -116.760878,
            47.628224,
            683.5
          ],
          [
            -116.761076,
            47.628222,
            683.6
          ],
          [
            -116.761464,
            47.628184,
            684
          ],
          [
            -116.76184,
            47.628114,
            684.5
          ],
          [
            -116.76202,
            47.628063,
            684.8
          ],
          [
            -116.762371,
            47.627941,
            685.2
          ],
          [
            -116.762885,
            47.627744,
            685.1
          ],
          [
            -116.76319,
            47.62765,
            685.3
          ],
          [
            -116.763359,
            47.627621,
            685.6
          ],
          [
            -116.763565,
            47.627631,
            685.6
          ],
          [
            -116.763684,
            47.627663,
            685.8
          ],
          [
            -116.763819,
            47.627715,
            685.9
          ],
          [
            -116.763927,
            47.627784,
            685.8
          ],
          [
            -116.764025,
            47.627873,
            685.4
          ],
          [
            -116.764115,
            47.627991,
            685.7
          ],
          [
            -116.764311,
            47.62832,
            685.9
          ],
          [
            -116.764406,
            47.628433,
            686.3
          ],
          [
            -116.764558,
            47.628556,
            686.8
          ],
          [
            -116.764667,
            47.628618,
            687.1
          ],
          [
            -116.764836,
            47.62868,
            687.5
          ],
          [
            -116.765188,
            47.628723,
            687.8
          ],
          [
            -116.765371,
            47.628724,
            688.1
          ],
          [
            -116.765549,
            47.628704,
            688
          ],
          [
            -116.765724,
            47.628662,
            688
          ],
          [
            -116.765888,
            47.628603,
            688
          ],
          [
            -116.766048,
            47.628526,
            687.9
          ],
          [
            -116.766351,
            47.628346,
            687.5
          ],
          [
            -116.766499,
            47.628246,
            687.4
          ],
          [
            -116.767215,
            47.627707,
            687.8
          ],
          [
            -116.768681,
            47.626438,
            689.4
          ],
          [
            -116.768912,
            47.626209,
            690.4
          ],
          [
            -116.769007,
            47.626085,
            690.7
          ],
          [
            -116.769082,
            47.625958,
            691.3
          ],
          [
            -116.769854,
            47.624304,
            698.9
          ],
          [
            -116.771341,
            47.62121,
            708.9
          ],
          [
            -116.771992,
            47.619877,
            713.8
          ],
          [
            -116.772466,
            47.618878,
            715.5
          ],
          [
            -116.772513,
            47.618744,
            715.3
          ],
          [
            -116.772541,
            47.618608,
            715.3
          ],
          [
            -116.772541,
            47.618475,
            715.4
          ],
          [
            -116.772508,
            47.618343,
            715.6
          ],
          [
            -116.772442,
            47.61822,
            715.8
          ],
          [
            -116.772344,
            47.618107,
            715.7
          ],
          [
            -116.77222,
            47.618006,
            715.7
          ],
          [
            -116.77207,
            47.617917,
            715.3
          ],
          [
            -116.771898,
            47.617844,
            714.9
          ],
          [
            -116.77171,
            47.617787,
            714.4
          ],
          [
            -116.771294,
            47.617709,
            713.3
          ],
          [
            -116.770203,
            47.617556,
            710.5
          ],
          [
            -116.769808,
            47.617491,
            709.7
          ],
          [
            -116.769599,
            47.617441,
            709.4
          ],
          [
            -116.7694,
            47.617375,
            708.9
          ],
          [
            -116.769211,
            47.617292,
            708.5
          ],
          [
            -116.769004,
            47.617173,
            707.9
          ],
          [
            -116.768875,
            47.617081,
            707.4
          ],
          [
            -116.768587,
            47.616839,
            706.4
          ],
          [
            -116.768195,
            47.616462,
            705.4
          ],
          [
            -116.767442,
            47.615672,
            703.8
          ],
          [
            -116.767213,
            47.615399,
            703.3
          ],
          [
            -116.767113,
            47.615254,
            703.1
          ],
          [
            -116.767024,
            47.615103,
            703.2
          ],
          [
            -116.76681,
            47.614648,
            702.9
          ],
          [
            -116.766724,
            47.614506,
            702.3
          ],
          [
            -116.766619,
            47.614371,
            701.9
          ],
          [
            -116.766488,
            47.614245,
            701.7
          ],
          [
            -116.766332,
            47.614138,
            700.9
          ],
          [
            -116.766153,
            47.61405,
            700.4
          ],
          [
            -116.765954,
            47.613984,
            699.8
          ],
          [
            -116.765744,
            47.613939,
            699.3
          ],
          [
            -116.765313,
            47.61387,
            698
          ],
          [
            -116.765112,
            47.613818,
            697.3
          ],
          [
            -116.764929,
            47.613741,
            696.5
          ],
          [
            -116.764776,
            47.613645,
            695.9
          ],
          [
            -116.76465,
            47.613532,
            695.4
          ],
          [
            -116.764558,
            47.613405,
            694.9
          ],
          [
            -116.7645,
            47.613269,
            694.3
          ],
          [
            -116.764496,
            47.613126,
            693.6
          ],
          [
            -116.764364,
            47.612385,
            691.4
          ],
          [
            -116.764321,
            47.612085,
            690
          ],
          [
            -116.764318,
            47.611934,
            688.7
          ],
          [
            -116.764331,
            47.611781,
            688
          ],
          [
            -116.764362,
            47.611631,
            687.4
          ],
          [
            -116.764414,
            47.611482,
            686.6
          ],
          [
            -116.764542,
            47.611216,
            685
          ],
          [
            -116.764739,
            47.6109,
            683.3
          ],
          [
            -116.765484,
            47.609768,
            675.3
          ],
          [
            -116.765552,
            47.609624,
            674.4
          ],
          [
            -116.765588,
            47.609333,
            672.8
          ],
          [
            -116.765566,
            47.609191,
            672.3
          ],
          [
            -116.765512,
            47.609055,
            671.7
          ],
          [
            -116.765432,
            47.608926,
            671
          ],
          [
            -116.765249,
            47.60867,
            670
          ],
          [
            -116.765181,
            47.608538,
            669.6
          ],
          [
            -116.765144,
            47.608396,
            669.6
          ],
          [
            -116.765146,
            47.608256,
            669.4
          ],
          [
            -116.765228,
            47.60813,
            669
          ],
          [
            -116.765331,
            47.608018,
            668.4
          ],
          [
            -116.765464,
            47.607926,
            667.7
          ],
          [
            -116.766152,
            47.607624,
            665.2
          ],
          [
            -116.766324,
            47.607535,
            664.7
          ],
          [
            -116.766473,
            47.607439,
            664
          ],
          [
            -116.766606,
            47.607322,
            663.3
          ],
          [
            -116.766708,
            47.607199,
            662.9
          ],
          [
            -116.76684,
            47.606939,
            661.7
          ],
          [
            -116.766893,
            47.606807,
            661.3
          ],
          [
            -116.766926,
            47.606672,
            660.3
          ],
          [
            -116.766931,
            47.606535,
            660
          ],
          [
            -116.766897,
            47.606263,
            659.2
          ],
          [
            -116.766891,
            47.60613,
            658.8
          ],
          [
            -116.766911,
            47.605994,
            658.6
          ],
          [
            -116.766962,
            47.605865,
            658.1
          ],
          [
            -116.767066,
            47.605749,
            657.9
          ],
          [
            -116.767181,
            47.605641,
            657.7
          ],
          [
            -116.767316,
            47.605537,
            657.5
          ],
          [
            -116.769559,
            47.604066,
            655.1
          ],
          [
            -116.769897,
            47.603863,
            655.6
          ],
          [
            -116.770116,
            47.603757,
            656.1
          ],
          [
            -116.770489,
            47.603631,
            657.5
          ],
          [
            -116.771592,
            47.603327,
            662
          ],
          [
            -116.772024,
            47.603172,
            663.6
          ],
          [
            -116.77227,
            47.603057,
            664.2
          ],
          [
            -116.773159,
            47.602546,
            666.8
          ],
          [
            -116.773811,
            47.602155,
            668.3
          ],
          [
            -116.773943,
            47.602053,
            668.8
          ],
          [
            -116.774369,
            47.601806,
            669.2
          ],
          [
            -116.774614,
            47.601635,
            669.5
          ],
          [
            -116.774825,
            47.601449,
            670
          ],
          [
            -116.774921,
            47.601349,
            670
          ],
          [
            -116.77509,
            47.601139,
            670.2
          ],
          [
            -116.775228,
            47.600916,
            670.1
          ],
          [
            -116.775283,
            47.600798,
            669.8
          ],
          [
            -116.775376,
            47.600549,
            669.5
          ],
          [
            -116.775645,
            47.599736,
            667.5
          ],
          [
            -116.775903,
            47.598999,
            664.9
          ],
          [
            -116.77625,
            47.598065,
            661.6
          ],
          [
            -116.776344,
            47.597757,
            661.4
          ],
          [
            -116.776376,
            47.597603,
            661.2
          ],
          [
            -116.776462,
            47.597016,
            660.2
          ],
          [
            -116.776504,
            47.596837,
            659.6
          ],
          [
            -116.776546,
            47.596717,
            659.2
          ],
          [
            -116.776616,
            47.596568,
            658.8
          ],
          [
            -116.776704,
            47.596425,
            658.5
          ],
          [
            -116.776803,
            47.596288,
            658.2
          ],
          [
            -116.777058,
            47.596049,
            657.4
          ],
          [
            -116.777196,
            47.595937,
            656.7
          ],
          [
            -116.777344,
            47.595844,
            655.7
          ],
          [
            -116.777514,
            47.595776,
            655.1
          ],
          [
            -116.777739,
            47.595723,
            655
          ],
          [
            -116.778758,
            47.595566,
            654
          ],
          [
            -116.779165,
            47.595464,
            654.1
          ],
          [
            -116.779353,
            47.595393,
            654
          ],
          [
            -116.779517,
            47.595311,
            653.7
          ],
          [
            -116.779663,
            47.595211,
            653.6
          ],
          [
            -116.779772,
            47.595096,
            653.8
          ],
          [
            -116.780034,
            47.594884,
            654
          ],
          [
            -116.780208,
            47.594819,
            653.9
          ],
          [
            -116.780381,
            47.594768,
            654.1
          ],
          [
            -116.780916,
            47.594644,
            654.8
          ],
          [
            -116.781443,
            47.594481,
            654.9
          ],
          [
            -116.782467,
            47.594122,
            655.4
          ],
          [
            -116.782626,
            47.594047,
            655.3
          ],
          [
            -116.78295,
            47.593916,
            655
          ],
          [
            -116.783102,
            47.593838,
            654.8
          ],
          [
            -116.783242,
            47.59375,
            654.7
          ],
          [
            -116.783367,
            47.593652,
            654.6
          ],
          [
            -116.783696,
            47.593328,
            654.2
          ],
          [
            -116.783821,
            47.593221,
            654.2
          ],
          [
            -116.783956,
            47.593129,
            654.1
          ],
          [
            -116.784115,
            47.593044,
            654.1
          ],
          [
            -116.784896,
            47.592895,
            654
          ],
          [
            -116.785098,
            47.592841,
            654.1
          ],
          [
            -116.786021,
            47.592524,
            653.8
          ],
          [
            -116.786823,
            47.592298,
            654.7
          ],
          [
            -116.787017,
            47.592228,
            654.9
          ],
          [
            -116.787421,
            47.592127,
            655.3
          ],
          [
            -116.78762,
            47.592097,
            655.5
          ],
          [
            -116.788598,
            47.591871,
            657.4
          ],
          [
            -116.789017,
            47.591799,
            657.7
          ],
          [
            -116.789229,
            47.591774,
            658.1
          ],
          [
            -116.789675,
            47.591742,
            658.8
          ],
          [
            -116.790341,
            47.59171,
            660.5
          ],
          [
            -116.791447,
            47.591681,
            662.5
          ],
          [
            -116.791891,
            47.591683,
            662.9
          ],
          [
            -116.79211,
            47.591691,
            663.1
          ],
          [
            -116.793022,
            47.591764,
            663.6
          ],
          [
            -116.793492,
            47.591767,
            663.6
          ],
          [
            -116.794399,
            47.591749,
            663.5
          ],
          [
            -116.794833,
            47.591727,
            663.8
          ],
          [
            -116.795045,
            47.591701,
            663.9
          ],
          [
            -116.795866,
            47.591516,
            663.6
          ],
          [
            -116.796225,
            47.591425,
            664.3
          ],
          [
            -116.796412,
            47.591362,
            664.5
          ],
          [
            -116.796592,
            47.591285,
            664.7
          ],
          [
            -116.796796,
            47.591176,
            664.7
          ],
          [
            -116.797066,
            47.590984,
            665.2
          ],
          [
            -116.797337,
            47.590749,
            665.6
          ],
          [
            -116.79757,
            47.590511,
            666.1
          ],
          [
            -116.797659,
            47.590392,
            666.6
          ],
          [
            -116.797717,
            47.590277,
            667
          ],
          [
            -116.797744,
            47.590159,
            667.3
          ],
          [
            -116.797737,
            47.590046,
            667.4
          ],
          [
            -116.797693,
            47.589939,
            667.5
          ],
          [
            -116.797618,
            47.589841,
            667
          ],
          [
            -116.797505,
            47.58975,
            666.7
          ],
          [
            -116.797375,
            47.589678,
            666.1
          ],
          [
            -116.79722,
            47.589624,
            665.4
          ],
          [
            -116.797041,
            47.589594,
            664.7
          ],
          [
            -116.796026,
            47.589561,
            664.6
          ],
          [
            -116.795657,
            47.589521,
            664.5
          ],
          [
            -116.795473,
            47.589477,
            664.3
          ],
          [
            -116.795301,
            47.589415,
            664.3
          ],
          [
            -116.795143,
            47.589339,
            664.4
          ],
          [
            -116.794995,
            47.589248,
            664.6
          ],
          [
            -116.794862,
            47.589141,
            665
          ],
          [
            -116.794516,
            47.588788,
            665.7
          ],
          [
            -116.793583,
            47.587799,
            668.8
          ],
          [
            -116.793158,
            47.587434,
            668.6
          ],
          [
            -116.7927,
            47.587101,
            668.7
          ],
          [
            -116.79243,
            47.586878,
            669.1
          ],
          [
            -116.792324,
            47.586742,
            669.1
          ],
          [
            -116.792092,
            47.586482,
            670.2
          ],
          [
            -116.790958,
            47.58513,
            674
          ],
          [
            -116.790818,
            47.584945,
            674.5
          ],
          [
            -116.790724,
            47.584803,
            674.9
          ],
          [
            -116.790614,
            47.584613,
            675.2
          ],
          [
            -116.790507,
            47.584358,
            675.3
          ],
          [
            -116.790441,
            47.584133,
            675
          ],
          [
            -116.7904,
            47.583889,
            675.1
          ],
          [
            -116.790351,
            47.583178,
            674.5
          ],
          [
            -116.79035,
            47.582877,
            674.2
          ],
          [
            -116.790362,
            47.582555,
            674.2
          ],
          [
            -116.790313,
            47.582081,
            673.5
          ],
          [
            -116.790286,
            47.581306,
            673
          ],
          [
            -116.79027,
            47.581155,
            673
          ],
          [
            -116.790214,
            47.581014,
            672.8
          ],
          [
            -116.790171,
            47.580867,
            672.5
          ],
          [
            -116.790111,
            47.580727,
            672.3
          ],
          [
            -116.790041,
            47.580591,
            672.4
          ],
          [
            -116.789794,
            47.580177,
            671.5
          ],
          [
            -116.789653,
            47.579898,
            671.4
          ],
          [
            -116.789598,
            47.57975,
            671.2
          ],
          [
            -116.78956,
            47.579598,
            671.2
          ],
          [
            -116.789539,
            47.579442,
            670.9
          ],
          [
            -116.789566,
            47.579293,
            670.3
          ],
          [
            -116.789568,
            47.579137,
            669.7
          ],
          [
            -116.789507,
            47.577776,
            666.1
          ],
          [
            -116.789498,
            47.577653,
            665.4
          ],
          [
            -116.789465,
            47.577502,
            665.1
          ],
          [
            -116.789474,
            47.577347,
            664.6
          ],
          [
            -116.789372,
            47.577006,
            663.7
          ],
          [
            -116.789265,
            47.576731,
            663
          ],
          [
            -116.78919,
            47.576581,
            662.3
          ],
          [
            -116.789001,
            47.576292,
            661.2
          ],
          [
            -116.788881,
            47.576155,
            660.8
          ],
          [
            -116.788742,
            47.576033,
            660.3
          ],
          [
            -116.788579,
            47.575922,
            659.8
          ],
          [
            -116.788404,
            47.575825,
            659.5
          ],
          [
            -116.78822,
            47.575742,
            659
          ],
          [
            -116.788026,
            47.575672,
            658.4
          ],
          [
            -116.787815,
            47.575616,
            657.3
          ],
          [
            -116.7876,
            47.575578,
            656.3
          ],
          [
            -116.787374,
            47.575558,
            655.7
          ],
          [
            -116.787146,
            47.575556,
            655.1
          ],
          [
            -116.786914,
            47.575572,
            653.3
          ],
          [
            -116.786207,
            47.575657,
            652.4
          ],
          [
            -116.785728,
            47.575689,
            652.6
          ],
          [
            -116.785484,
            47.575686,
            652.9
          ],
          [
            -116.784972,
            47.57564,
            653.1
          ],
          [
            -116.783472,
            47.575331,
            654.2
          ],
          [
            -116.783063,
            47.575237,
            654.2
          ],
          [
            -116.782872,
            47.575179,
            654.3
          ],
          [
            -116.7825,
            47.575032,
            654.1
          ],
          [
            -116.782192,
            47.574838,
            653.9
          ],
          [
            -116.782056,
            47.57473,
            654
          ],
          [
            -116.78193,
            47.574611,
            654.2
          ],
          [
            -116.781829,
            47.574491,
            654.4
          ],
          [
            -116.781658,
            47.574233,
            655.2
          ],
          [
            -116.781593,
            47.574102,
            655.2
          ],
          [
            -116.781544,
            47.57396,
            655
          ],
          [
            -116.781494,
            47.573692,
            654.8
          ],
          [
            -116.781493,
            47.57351,
            654.6
          ],
          [
            -116.781511,
            47.573387,
            654.6
          ],
          [
            -116.781562,
            47.573207,
            654.9
          ],
          [
            -116.781616,
            47.573088,
            655
          ],
          [
            -116.781702,
            47.57294,
            655.1
          ],
          [
            -116.781809,
            47.572799,
            655.3
          ],
          [
            -116.781933,
            47.572665,
            655.7
          ],
          [
            -116.782283,
            47.572349,
            656.5
          ],
          [
            -116.783624,
            47.571269,
            660.8
          ],
          [
            -116.783794,
            47.571159,
            661.2
          ],
          [
            -116.785541,
            47.569788,
            663.3
          ],
          [
            -116.785669,
            47.569685,
            663.5
          ],
          [
            -116.785785,
            47.569573,
            664
          ],
          [
            -116.785931,
            47.569339,
            664.6
          ],
          [
            -116.785979,
            47.569217,
            664.9
          ],
          [
            -116.785993,
            47.569092,
            665
          ],
          [
            -116.785971,
            47.568971,
            665.1
          ],
          [
            -116.785916,
            47.568851,
            665.3
          ],
          [
            -116.785833,
            47.568734,
            665.6
          ],
          [
            -116.785531,
            47.568415,
            666.3
          ],
          [
            -116.785445,
            47.568307,
            666.6
          ],
          [
            -116.78539,
            47.568199,
            666.9
          ],
          [
            -116.785382,
            47.568092,
            666.9
          ],
          [
            -116.785454,
            47.568007,
            667
          ],
          [
            -116.785562,
            47.567944,
            667.4
          ],
          [
            -116.78585,
            47.567874,
            668
          ],
          [
            -116.786396,
            47.567769,
            667.6
          ],
          [
            -116.78695,
            47.567683,
            667.9
          ],
          [
            -116.787143,
            47.567643,
            668.3
          ],
          [
            -116.787355,
            47.567577,
            668.8
          ],
          [
            -116.787475,
            47.567516,
            669.4
          ],
          [
            -116.787673,
            47.567324,
            670.1
          ],
          [
            -116.787735,
            47.567214,
            670.5
          ],
          [
            -116.787762,
            47.567073,
            670.7
          ],
          [
            -116.78775,
            47.566977,
            670.7
          ],
          [
            -116.787701,
            47.566861,
            670.4
          ],
          [
            -116.787612,
            47.566748,
            670.6
          ],
          [
            -116.787493,
            47.566645,
            671
          ],
          [
            -116.787355,
            47.566547,
            671.7
          ],
          [
            -116.786609,
            47.566084,
            675.1
          ],
          [
            -116.786304,
            47.565913,
            676.6
          ],
          [
            -116.785964,
            47.565759,
            677.8
          ],
          [
            -116.785775,
            47.565689,
            678.1
          ],
          [
            -116.784996,
            47.565444,
            680.4
          ],
          [
            -116.784812,
            47.565369,
            680.7
          ],
          [
            -116.784655,
            47.565279,
            681
          ],
          [
            -116.784516,
            47.565169,
            681.3
          ],
          [
            -116.784407,
            47.565049,
            681.7
          ],
          [
            -116.784357,
            47.564911,
            682
          ],
          [
            -116.784326,
            47.564767,
            682.3
          ],
          [
            -116.784286,
            47.564338,
            682.9
          ],
          [
            -116.784255,
            47.564202,
            683.2
          ],
          [
            -116.784197,
            47.564075,
            683.3
          ],
          [
            -116.783984,
            47.563857,
            684
          ],
          [
            -116.783859,
            47.563763,
            684.5
          ],
          [
            -116.783459,
            47.563523,
            685.3
          ],
          [
            -116.78334,
            47.56344,
            685.6
          ],
          [
            -116.783231,
            47.563346,
            685.7
          ],
          [
            -116.783106,
            47.563122,
            686.1
          ],
          [
            -116.782991,
            47.562876,
            686.4
          ],
          [
            -116.782895,
            47.562612,
            685.8
          ],
          [
            -116.782813,
            47.562342,
            685.2
          ],
          [
            -116.78271,
            47.562098,
            684.4
          ],
          [
            -116.782444,
            47.561712,
            682.9
          ],
          [
            -116.782331,
            47.561589,
            682.5
          ],
          [
            -116.7822,
            47.561475,
            682.2
          ],
          [
            -116.782055,
            47.561373,
            681.8
          ],
          [
            -116.781585,
            47.561114,
            680.8
          ],
          [
            -116.781475,
            47.561025,
            680.4
          ],
          [
            -116.781427,
            47.560931,
            680.3
          ],
          [
            -116.781494,
            47.560831,
            679.9
          ],
          [
            -116.781659,
            47.560753,
            679.1
          ],
          [
            -116.781791,
            47.56072,
            679.6
          ],
          [
            -116.782127,
            47.560668,
            678.7
          ],
          [
            -116.782307,
            47.560627,
            678.3
          ],
          [
            -116.782474,
            47.560567,
            678.2
          ],
          [
            -116.782742,
            47.560397,
            678.1
          ],
          [
            -116.783397,
            47.559855,
            677.3
          ],
          [
            -116.783825,
            47.559546,
            677.5
          ],
          [
            -116.783957,
            47.559436,
            677.4
          ],
          [
            -116.78407,
            47.559321,
            677.1
          ],
          [
            -116.784266,
            47.559068,
            676.2
          ],
          [
            -116.784434,
            47.558813,
            676
          ],
          [
            -116.784572,
            47.558558,
            676
          ],
          [
            -116.784616,
            47.558424,
            676.1
          ],
          [
            -116.784632,
            47.55829,
            676.1
          ],
          [
            -116.784627,
            47.558149,
            676.2
          ],
          [
            -116.78428,
            47.556063,
            674.9
          ],
          [
            -116.784042,
            47.554517,
            676.6
          ],
          [
            -116.784011,
            47.554374,
            676.4
          ],
          [
            -116.783965,
            47.554233,
            676.2
          ],
          [
            -116.783899,
            47.554088,
            676
          ],
          [
            -116.783814,
            47.553945,
            675.4
          ],
          [
            -116.782852,
            47.552593,
            674.4
          ],
          [
            -116.782556,
            47.55219,
            674.9
          ],
          [
            -116.782456,
            47.552067,
            675
          ],
          [
            -116.78234,
            47.551954,
            675
          ],
          [
            -116.782208,
            47.551859,
            675
          ],
          [
            -116.782055,
            47.551784,
            675.1
          ],
          [
            -116.781881,
            47.551732,
            675
          ],
          [
            -116.781692,
            47.5517,
            674.8
          ],
          [
            -116.781287,
            47.551651,
            674.5
          ],
          [
            -116.781085,
            47.551604,
            674.4
          ],
          [
            -116.780694,
            47.551469,
            675.1
          ],
          [
            -116.780126,
            47.551217,
            675.1
          ],
          [
            -116.779946,
            47.551122,
            674.8
          ],
          [
            -116.779776,
            47.551018,
            674.9
          ],
          [
            -116.778988,
            47.550488,
            674.9
          ],
          [
            -116.778843,
            47.550385,
            674.9
          ],
          [
            -116.778711,
            47.550274,
            674.4
          ],
          [
            -116.778606,
            47.550154,
            674.3
          ],
          [
            -116.778559,
            47.549917,
            674.4
          ],
          [
            -116.778563,
            47.549757,
            674.5
          ],
          [
            -116.778601,
            47.549616,
            674.2
          ],
          [
            -116.778745,
            47.549232,
            673.4
          ],
          [
            -116.778777,
            47.549097,
            673.2
          ],
          [
            -116.778778,
            47.548932,
            673.3
          ],
          [
            -116.77875,
            47.54883,
            673.3
          ],
          [
            -116.778674,
            47.548699,
            673.2
          ],
          [
            -116.778559,
            47.548588,
            673
          ],
          [
            -116.778418,
            47.54849,
            672.6
          ],
          [
            -116.778229,
            47.548382,
            672.4
          ],
          [
            -116.777014,
            47.547794,
            673.4
          ],
          [
            -116.776822,
            47.547721,
            673.5
          ],
          [
            -116.776288,
            47.547455,
            673.9
          ],
          [
            -116.775933,
            47.547295,
            673.5
          ],
          [
            -116.77575,
            47.547228,
            673.2
          ],
          [
            -116.775553,
            47.547172,
            672.8
          ],
          [
            -116.775355,
            47.547132,
            672.5
          ],
          [
            -116.774793,
            47.54708,
            671.7
          ],
          [
            -116.774655,
            47.547046,
            671.6
          ],
          [
            -116.774537,
            47.546987,
            671.3
          ],
          [
            -116.774494,
            47.546891,
            671.4
          ],
          [
            -116.774481,
            47.546796,
            671.5
          ],
          [
            -116.774507,
            47.5467,
            671.7
          ],
          [
            -116.774625,
            47.546471,
            671.6
          ],
          [
            -116.774679,
            47.546343,
            671.2
          ],
          [
            -116.774697,
            47.546207,
            671.1
          ],
          [
            -116.774689,
            47.546065,
            670.8
          ],
          [
            -116.774664,
            47.545925,
            670.1
          ],
          [
            -116.77461,
            47.545785,
            669.8
          ],
          [
            -116.774525,
            47.545349,
            668.6
          ],
          [
            -116.774409,
            47.544913,
            667.3
          ],
          [
            -116.774349,
            47.544772,
            666.7
          ],
          [
            -116.774269,
            47.544634,
            666.1
          ],
          [
            -116.774163,
            47.544496,
            665.6
          ],
          [
            -116.77404,
            47.544371,
            665.4
          ],
          [
            -116.773897,
            47.544255,
            664.9
          ],
          [
            -116.773722,
            47.544148,
            664.4
          ],
          [
            -116.773527,
            47.544061,
            663.8
          ],
          [
            -116.773316,
            47.54399,
            663.3
          ],
          [
            -116.772627,
            47.543809,
            662.2
          ],
          [
            -116.7724,
            47.543736,
            661.8
          ],
          [
            -116.772178,
            47.543648,
            661.3
          ],
          [
            -116.772016,
            47.54357,
            661.2
          ],
          [
            -116.771827,
            47.543463,
            661.4
          ],
          [
            -116.771649,
            47.543342,
            661.7
          ],
          [
            -116.771491,
            47.543215,
            662.5
          ],
          [
            -116.771321,
            47.54305,
            663.1
          ],
          [
            -116.771221,
            47.542932,
            663.6
          ],
          [
            -116.771113,
            47.542782,
            663.8
          ],
          [
            -116.771022,
            47.542622,
            663.9
          ],
          [
            -116.770954,
            47.542459,
            663.8
          ],
          [
            -116.770918,
            47.541952,
            662.9
          ],
          [
            -116.770896,
            47.541788,
            662.8
          ],
          [
            -116.77085,
            47.541622,
            662.7
          ],
          [
            -116.770666,
            47.541318,
            661.8
          ],
          [
            -116.770548,
            47.541176,
            661.6
          ],
          [
            -116.770405,
            47.54104,
            661.4
          ],
          [
            -116.770242,
            47.540914,
            660.7
          ],
          [
            -116.770052,
            47.54079,
            659.9
          ],
          [
            -116.769656,
            47.54056,
            658.5
          ],
          [
            -116.768274,
            47.5398,
            654.5
          ],
          [
            -116.768098,
            47.53969,
            654.5
          ],
          [
            -116.767942,
            47.539576,
            654.1
          ],
          [
            -116.767817,
            47.539463,
            654.1
          ],
          [
            -116.767729,
            47.539357,
            654.1
          ],
          [
            -116.767669,
            47.53926,
            654.2
          ],
          [
            -116.767588,
            47.539099,
            654.3
          ],
          [
            -116.767515,
            47.538909,
            654.7
          ],
          [
            -116.767482,
            47.538775,
            654.8
          ],
          [
            -116.767499,
            47.538611,
            654.8
          ],
          [
            -116.767536,
            47.538428,
            654.8
          ],
          [
            -116.767575,
            47.538325,
            654.6
          ],
          [
            -116.767686,
            47.538117,
            654.2
          ],
          [
            -116.767769,
            47.538014,
            654
          ],
          [
            -116.767982,
            47.537815,
            653.5
          ],
          [
            -116.76811,
            47.537722,
            653.3
          ],
          [
            -116.768259,
            47.537631,
            653
          ],
          [
            -116.768423,
            47.53755,
            653
          ],
          [
            -116.768606,
            47.537475,
            653.1
          ],
          [
            -116.768956,
            47.537375,
            653.6
          ],
          [
            -116.770266,
            47.537126,
            656.5
          ],
          [
            -116.770719,
            47.537018,
            656.8
          ],
          [
            -116.770882,
            47.536969,
            657
          ],
          [
            -116.771079,
            47.536895,
            657
          ],
          [
            -116.771651,
            47.536651,
            655.8
          ],
          [
            -116.772066,
            47.53651,
            654.2
          ],
          [
            -116.772293,
            47.536458,
            653.4
          ],
          [
            -116.772527,
            47.536418,
            652.9
          ],
          [
            -116.772771,
            47.536392,
            652.6
          ],
          [
            -116.773023,
            47.536378,
            652.6
          ],
          [
            -116.774054,
            47.536375,
            653.7
          ],
          [
            -116.774317,
            47.536367,
            654.1
          ],
          [
            -116.774581,
            47.536344,
            654.7
          ],
          [
            -116.775076,
            47.536264,
            656.5
          ],
          [
            -116.776279,
            47.536035,
            659.8
          ],
          [
            -116.776762,
            47.535974,
            661.2
          ],
          [
            -116.777256,
            47.535958,
            662.4
          ],
          [
            -116.77775,
            47.535973,
            663.3
          ],
          [
            -116.778224,
            47.536023,
            664.9
          ],
          [
            -116.778454,
            47.536059,
            665.9
          ],
          [
            -116.778906,
            47.536154,
            667.3
          ],
          [
            -116.779584,
            47.53633,
            669
          ],
          [
            -116.780021,
            47.536455,
            670.1
          ],
          [
            -116.780441,
            47.53659,
            671.4
          ],
          [
            -116.780815,
            47.536753,
            673.2
          ],
          [
            -116.780979,
            47.536839,
            674.2
          ],
          [
            -116.781434,
            47.537106,
            676.6
          ],
          [
            -116.781593,
            47.537184,
            677.6
          ],
          [
            -116.781782,
            47.537238,
            678.5
          ],
          [
            -116.781966,
            47.537256,
            679
          ],
          [
            -116.782126,
            47.53724,
            679.6
          ],
          [
            -116.782297,
            47.537197,
            679.7
          ],
          [
            -116.782605,
            47.537043,
            679.9
          ],
          [
            -116.7827,
            47.536974,
            680
          ],
          [
            -116.782801,
            47.536868,
            680.2
          ],
          [
            -116.783123,
            47.536367,
            681.2
          ],
          [
            -116.783228,
            47.53624,
            681.5
          ],
          [
            -116.783346,
            47.536117,
            681.9
          ],
          [
            -116.783481,
            47.535997,
            682.2
          ],
          [
            -116.783627,
            47.535884,
            682.5
          ],
          [
            -116.783789,
            47.535777,
            682.9
          ],
          [
            -116.784145,
            47.535586,
            683.1
          ],
          [
            -116.78435,
            47.535508,
            683.3
          ],
          [
            -116.784933,
            47.535252,
            684.2
          ],
          [
            -116.785328,
            47.535117,
            684.8
          ],
          [
            -116.785918,
            47.534945,
            685.9
          ],
          [
            -116.786099,
            47.534874,
            686.6
          ],
          [
            -116.786257,
            47.534792,
            687
          ],
          [
            -116.786392,
            47.534699,
            687.3
          ],
          [
            -116.786492,
            47.534597,
            687.3
          ],
          [
            -116.786635,
            47.534523,
            687.5
          ],
          [
            -116.786781,
            47.534465,
            687.9
          ],
          [
            -116.786938,
            47.534432,
            688.5
          ],
          [
            -116.787114,
            47.534417,
            688.8
          ],
          [
            -116.788095,
            47.534419,
            691.1
          ],
          [
            -116.788297,
            47.534402,
            691.8
          ],
          [
            -116.788482,
            47.534371,
            692.1
          ],
          [
            -116.788656,
            47.534317,
            692.4
          ],
          [
            -116.788964,
            47.534172,
            693.1
          ],
          [
            -116.789111,
            47.534085,
            693.1
          ],
          [
            -116.789246,
            47.533985,
            693.4
          ],
          [
            -116.789365,
            47.533881,
            693.6
          ],
          [
            -116.78958,
            47.53366,
            694.3
          ],
          [
            -116.790211,
            47.532938,
            694.6
          ],
          [
            -116.790434,
            47.532723,
            695.1
          ],
          [
            -116.790573,
            47.532608,
            695.1
          ],
          [
            -116.790757,
            47.532479,
            694.8
          ],
          [
            -116.791072,
            47.532302,
            694.5
          ],
          [
            -116.791866,
            47.531951,
            691.6
          ],
          [
            -116.792258,
            47.531757,
            690.2
          ],
          [
            -116.79244,
            47.531646,
            689.3
          ],
          [
            -116.792608,
            47.531525,
            688.3
          ],
          [
            -116.792758,
            47.531394,
            687.5
          ],
          [
            -116.792898,
            47.531252,
            686.8
          ],
          [
            -116.793017,
            47.531103,
            686
          ],
          [
            -116.793114,
            47.530945,
            685
          ],
          [
            -116.79319,
            47.530779,
            684.1
          ],
          [
            -116.793296,
            47.530444,
            682.4
          ],
          [
            -116.793511,
            47.529643,
            677.9
          ],
          [
            -116.793536,
            47.529502,
            677.1
          ],
          [
            -116.79354,
            47.529356,
            676.7
          ],
          [
            -116.793524,
            47.52921,
            676.2
          ],
          [
            -116.793489,
            47.529063,
            675.4
          ],
          [
            -116.793273,
            47.528338,
            673.1
          ],
          [
            -116.793248,
            47.528204,
            672.8
          ],
          [
            -116.793252,
            47.528078,
            672.9
          ],
          [
            -116.79329,
            47.527953,
            672.8
          ],
          [
            -116.793365,
            47.527841,
            672.1
          ],
          [
            -116.793494,
            47.527764,
            671.6
          ],
          [
            -116.79364,
            47.527716,
            671.4
          ],
          [
            -116.7938,
            47.527688,
            671.4
          ],
          [
            -116.793962,
            47.527681,
            671
          ],
          [
            -116.794562,
            47.527721,
            670
          ],
          [
            -116.795019,
            47.527706,
            669.9
          ],
          [
            -116.795685,
            47.52766,
            669.5
          ],
          [
            -116.796094,
            47.527684,
            669.6
          ],
          [
            -116.797241,
            47.527808,
            670.8
          ],
          [
            -116.79811,
            47.52789,
            671.8
          ],
          [
            -116.798321,
            47.527901,
            672.3
          ],
          [
            -116.798572,
            47.527894,
            672.5
          ],
          [
            -116.798933,
            47.527836,
            673
          ],
          [
            -116.799123,
            47.527788,
            673.2
          ],
          [
            -116.799303,
            47.527719,
            673.3
          ],
          [
            -116.79947,
            47.52763,
            673.4
          ],
          [
            -116.799612,
            47.527528,
            673.5
          ],
          [
            -116.799736,
            47.52741,
            673.4
          ],
          [
            -116.799831,
            47.52728,
            673.3
          ],
          [
            -116.799893,
            47.527142,
            673.2
          ],
          [
            -116.799919,
            47.526994,
            673.3
          ],
          [
            -116.799909,
            47.526842,
            673.2
          ],
          [
            -116.799805,
            47.52624,
            672.9
          ],
          [
            -116.799791,
            47.526091,
            672.7
          ],
          [
            -116.799797,
            47.525941,
            672.5
          ],
          [
            -116.799923,
            47.525203,
            672
          ],
          [
            -116.799973,
            47.525058,
            672.2
          ],
          [
            -116.800047,
            47.524918,
            672.1
          ],
          [
            -116.800441,
            47.5244,
            672.3
          ],
          [
            -116.80052,
            47.524269,
            672.1
          ],
          [
            -116.800573,
            47.524136,
            672.1
          ],
          [
            -116.8006,
            47.523996,
            672
          ],
          [
            -116.800605,
            47.523858,
            672.1
          ],
          [
            -116.800548,
            47.523311,
            672.5
          ],
          [
            -116.800558,
            47.523184,
            672.5
          ],
          [
            -116.800624,
            47.523076,
            672.3
          ],
          [
            -116.800725,
            47.52299,
            672
          ],
          [
            -116.800852,
            47.522941,
            672.2
          ],
          [
            -116.800999,
            47.522915,
            672.1
          ],
          [
            -116.801346,
            47.522897,
            671
          ],
          [
            -116.80223,
            47.522894,
            670
          ],
          [
            -116.802561,
            47.522876,
            669.7
          ],
          [
            -116.802741,
            47.522839,
            669.6
          ],
          [
            -116.802901,
            47.522779,
            669.4
          ],
          [
            -116.803028,
            47.522696,
            669.1
          ],
          [
            -116.803141,
            47.522574,
            668.7
          ],
          [
            -116.803203,
            47.522487,
            668.2
          ],
          [
            -116.803306,
            47.52225,
            667.9
          ],
          [
            -116.803379,
            47.522139,
            668.2
          ],
          [
            -116.803517,
            47.522032,
            668.3
          ],
          [
            -116.803819,
            47.521975,
            668.3
          ],
          [
            -116.804002,
            47.521964,
            668.4
          ],
          [
            -116.804784,
            47.521956,
            668.7
          ],
          [
            -116.80518,
            47.52193,
            668.9
          ],
          [
            -116.805377,
            47.521903,
            669.2
          ],
          [
            -116.805569,
            47.521863,
            669.6
          ],
          [
            -116.806138,
            47.521692,
            670.2
          ],
          [
            -116.806338,
            47.521646,
            670.4
          ],
          [
            -116.806543,
            47.521614,
            670.4
          ],
          [
            -116.806751,
            47.521596,
            670.4
          ],
          [
            -116.80759,
            47.521575,
            670.6
          ],
          [
            -116.807796,
            47.521558,
            670.7
          ],
          [
            -116.807997,
            47.521522,
            670.9
          ],
          [
            -116.808353,
            47.521396,
            671
          ],
          [
            -116.808508,
            47.521309,
            670.9
          ],
          [
            -116.808645,
            47.521204,
            670.9
          ],
          [
            -116.808987,
            47.520835,
            671.1
          ],
          [
            -116.809346,
            47.520472,
            671.8
          ],
          [
            -116.809444,
            47.520343,
            671.9
          ],
          [
            -116.809523,
            47.520209,
            671.8
          ],
          [
            -116.809585,
            47.520067,
            671.8
          ],
          [
            -116.809808,
            47.519363,
            673.3
          ],
          [
            -116.810056,
            47.518519,
            674.3
          ],
          [
            -116.81008,
            47.518379,
            674.5
          ],
          [
            -116.810082,
            47.518241,
            674.4
          ],
          [
            -116.810052,
            47.518072,
            674
          ],
          [
            -116.809979,
            47.517813,
            673.7
          ],
          [
            -116.809948,
            47.517667,
            673.8
          ],
          [
            -116.809943,
            47.51752,
            673.7
          ],
          [
            -116.809973,
            47.517338,
            674.1
          ],
          [
            -116.810018,
            47.51722,
            674.2
          ],
          [
            -116.810095,
            47.517078,
            674.1
          ],
          [
            -116.810364,
            47.516659,
            673
          ],
          [
            -116.810437,
            47.516526,
            672.8
          ],
          [
            -116.810485,
            47.516395,
            672.5
          ],
          [
            -116.810495,
            47.516268,
            671.7
          ],
          [
            -116.810458,
            47.51615,
            671.1
          ],
          [
            -116.810377,
            47.516042,
            670.3
          ],
          [
            -116.810257,
            47.515943,
            669.7
          ],
          [
            -116.809957,
            47.515751,
            667.9
          ],
          [
            -116.809663,
            47.515542,
            666.8
          ],
          [
            -116.808969,
            47.514988,
            665.7
          ],
          [
            -116.808856,
            47.51487,
            665.5
          ],
          [
            -116.808776,
            47.514737,
            665
          ],
          [
            -116.808743,
            47.514598,
            664.6
          ],
          [
            -116.808759,
            47.514459,
            664.4
          ],
          [
            -116.808854,
            47.514344,
            663.9
          ],
          [
            -116.808971,
            47.51424,
            662.9
          ],
          [
            -116.809107,
            47.514154,
            662.9
          ],
          [
            -116.809273,
            47.514086,
            663.1
          ],
          [
            -116.809456,
            47.514045,
            662.9
          ],
          [
            -116.809644,
            47.514027,
            663
          ],
          [
            -116.809831,
            47.514034,
            663.1
          ],
          [
            -116.810623,
            47.514116,
            664.6
          ],
          [
            -116.810818,
            47.514122,
            665.4
          ],
          [
            -116.811012,
            47.514113,
            665.7
          ],
          [
            -116.811198,
            47.514079,
            666.2
          ],
          [
            -116.811375,
            47.514031,
            666.8
          ],
          [
            -116.811685,
            47.51388,
            668
          ],
          [
            -116.81183,
            47.513791,
            668.6
          ],
          [
            -116.811965,
            47.513689,
            669.3
          ],
          [
            -116.813816,
            47.511966,
            674.3
          ],
          [
            -116.81463,
            47.511223,
            673.7
          ],
          [
            -116.814779,
            47.511104,
            673.2
          ],
          [
            -116.815159,
            47.510914,
            672.3
          ],
          [
            -116.815363,
            47.510839,
            672.1
          ],
          [
            -116.815585,
            47.510775,
            672.1
          ],
          [
            -116.815817,
            47.510726,
            671.8
          ],
          [
            -116.816053,
            47.510693,
            671.5
          ],
          [
            -116.816295,
            47.510676,
            671.5
          ],
          [
            -116.816526,
            47.51068,
            671.2
          ],
          [
            -116.816752,
            47.510698,
            670.9
          ],
          [
            -116.816978,
            47.510731,
            670.6
          ],
          [
            -116.817829,
            47.510936,
            670.3
          ],
          [
            -116.818044,
            47.510968,
            670.6
          ],
          [
            -116.818257,
            47.510972,
            670.8
          ],
          [
            -116.818461,
            47.510949,
            671.4
          ],
          [
            -116.818655,
            47.510905,
            671.9
          ],
          [
            -116.819395,
            47.510657,
            674.2
          ],
          [
            -116.819584,
            47.510602,
            675.1
          ],
          [
            -116.819776,
            47.510561,
            675.9
          ],
          [
            -116.819979,
            47.510531,
            676.9
          ],
          [
            -116.820186,
            47.510522,
            677.9
          ],
          [
            -116.821065,
            47.510545,
            682.1
          ],
          [
            -116.821506,
            47.510532,
            684.1
          ],
          [
            -116.821718,
            47.510512,
            685.3
          ],
          [
            -116.822106,
            47.510448,
            687.3
          ],
          [
            -116.822288,
            47.510399,
            687.9
          ],
          [
            -116.822457,
            47.510336,
            688.7
          ],
          [
            -116.822712,
            47.510184,
            690.1
          ],
          [
            -116.822833,
            47.510091,
            690.7
          ],
          [
            -116.822949,
            47.509964,
            691
          ],
          [
            -116.823007,
            47.50987,
            691.5
          ],
          [
            -116.823053,
            47.509742,
            691.7
          ],
          [
            -116.823067,
            47.50961,
            692.1
          ],
          [
            -116.823054,
            47.509472,
            692
          ],
          [
            -116.823017,
            47.509302,
            691.9
          ],
          [
            -116.822939,
            47.50904,
            690.8
          ],
          [
            -116.822751,
            47.508542,
            688.8
          ],
          [
            -116.822497,
            47.507779,
            685.9
          ],
          [
            -116.822425,
            47.507634,
            685.4
          ],
          [
            -116.822324,
            47.507497,
            684.8
          ],
          [
            -116.822197,
            47.507374,
            684.4
          ],
          [
            -116.822044,
            47.50726,
            683.7
          ],
          [
            -116.821871,
            47.507155,
            683.1
          ],
          [
            -116.820937,
            47.506669,
            680.9
          ],
          [
            -116.820756,
            47.506566,
            680.2
          ],
          [
            -116.820588,
            47.506453,
            679.7
          ],
          [
            -116.820432,
            47.506322,
            679.2
          ],
          [
            -116.820299,
            47.506181,
            678.6
          ],
          [
            -116.820184,
            47.506029,
            678.2
          ],
          [
            -116.820085,
            47.505874,
            677.6
          ],
          [
            -116.819597,
            47.505039,
            674.2
          ],
          [
            -116.818725,
            47.503486,
            671.6
          ],
          [
            -116.818543,
            47.50318,
            672
          ],
          [
            -116.818443,
            47.503039,
            672.1
          ],
          [
            -116.818328,
            47.502903,
            672
          ],
          [
            -116.818197,
            47.502773,
            671.8
          ],
          [
            -116.818054,
            47.502656,
            671.7
          ],
          [
            -116.81789,
            47.502545,
            671.2
          ],
          [
            -116.817336,
            47.502244,
            669.3
          ],
          [
            -116.817161,
            47.502137,
            668.8
          ],
          [
            -116.817006,
            47.502017,
            668.1
          ],
          [
            -116.816903,
            47.501907,
            667.8
          ],
          [
            -116.816815,
            47.501764,
            667.8
          ],
          [
            -116.816822,
            47.501589,
            667.8
          ],
          [
            -116.81684,
            47.501474,
            667.8
          ],
          [
            -116.81689,
            47.501333,
            667.3
          ],
          [
            -116.817094,
            47.50089,
            665.9
          ],
          [
            -116.817135,
            47.500776,
            665.8
          ],
          [
            -116.817158,
            47.500628,
            665.5
          ],
          [
            -116.817149,
            47.500482,
            665.2
          ],
          [
            -116.817099,
            47.500337,
            664.9
          ],
          [
            -116.817001,
            47.500207,
            664.4
          ],
          [
            -116.816897,
            47.500082,
            663.9
          ],
          [
            -116.816631,
            47.499838,
            662.9
          ],
          [
            -116.816511,
            47.49971,
            662.5
          ],
          [
            -116.816413,
            47.499575,
            662.2
          ],
          [
            -116.816365,
            47.499425,
            662.2
          ],
          [
            -116.816329,
            47.499271,
            661.8
          ],
          [
            -116.816282,
            47.498958,
            661.2
          ],
          [
            -116.816249,
            47.498638,
            660.1
          ],
          [
            -116.816182,
            47.498479,
            660.1
          ],
          [
            -116.816135,
            47.498007,
            660.6
          ],
          [
            -116.816138,
            47.497857,
            660.6
          ],
          [
            -116.81601,
            47.497569,
            660.7
          ],
          [
            -116.815929,
            47.497432,
            660.7
          ],
          [
            -116.815827,
            47.497298,
            661.1
          ],
          [
            -116.815584,
            47.497046,
            661.9
          ],
          [
            -116.815103,
            47.496577,
            663.6
          ],
          [
            -116.81498,
            47.496473,
            664
          ],
          [
            -116.814842,
            47.496378,
            664.6
          ],
          [
            -116.814684,
            47.496298,
            664.8
          ],
          [
            -116.814511,
            47.496236,
            665.1
          ],
          [
            -116.814326,
            47.496196,
            665.2
          ],
          [
            -116.813743,
            47.496146,
            664.9
          ],
          [
            -116.813564,
            47.496118,
            664.5
          ],
          [
            -116.813398,
            47.496066,
            664
          ],
          [
            -116.813285,
            47.496008,
            663.6
          ],
          [
            -116.81315,
            47.495895,
            663.3
          ],
          [
            -116.813107,
            47.495779,
            663.4
          ],
          [
            -116.813096,
            47.495659,
            663.5
          ],
          [
            -116.81311,
            47.495559,
            663.6
          ],
          [
            -116.813194,
            47.495427,
            663.9
          ],
          [
            -116.813571,
            47.494934,
            665.1
          ],
          [
            -116.813788,
            47.494671,
            665.5
          ],
          [
            -116.813907,
            47.494546,
            666
          ],
          [
            -116.814069,
            47.49441,
            666.3
          ],
          [
            -116.814348,
            47.49421,
            667.3
          ],
          [
            -116.814684,
            47.494012,
            668
          ],
          [
            -116.815043,
            47.493844,
            667.8
          ],
          [
            -116.815622,
            47.493631,
            667.8
          ],
          [
            -116.815803,
            47.493537,
            667.8
          ],
          [
            -116.815947,
            47.493414,
            667.7
          ],
          [
            -116.816054,
            47.493291,
            667.1
          ],
          [
            -116.816141,
            47.493162,
            666.9
          ],
          [
            -116.816543,
            47.492465,
            665.9
          ],
          [
            -116.816726,
            47.49217,
            665.5
          ],
          [
            -116.81795,
            47.490385,
            663.6
          ],
          [
            -116.818031,
            47.490233,
            663.3
          ],
          [
            -116.818119,
            47.48992,
            662.8
          ],
          [
            -116.818148,
            47.489759,
            662.3
          ],
          [
            -116.818159,
            47.489597,
            661.7
          ],
          [
            -116.818158,
            47.489272,
            660.2
          ],
          [
            -116.818136,
            47.488615,
            657.3
          ],
          [
            -116.818108,
            47.48846,
            656.6
          ],
          [
            -116.818054,
            47.488313,
            655.9
          ],
          [
            -116.817967,
            47.488173,
            655.5
          ],
          [
            -116.817847,
            47.488048,
            655.4
          ],
          [
            -116.817699,
            47.487941,
            655.2
          ],
          [
            -116.817526,
            47.487848,
            655.2
          ],
          [
            -116.817327,
            47.487782,
            655.3
          ],
          [
            -116.816936,
            47.487626,
            655.3
          ],
          [
            -116.816792,
            47.487548,
            655.4
          ],
          [
            -116.816374,
            47.487357,
            654.5
          ],
          [
            -116.816044,
            47.487177,
            654.8
          ],
          [
            -116.815192,
            47.486651,
            656
          ],
          [
            -116.814026,
            47.485907,
            659
          ],
          [
            -116.813251,
            47.485326,
            663.2
          ],
          [
            -116.812932,
            47.485105,
            664.6
          ],
          [
            -116.81241,
            47.484797,
            667.1
          ],
          [
            -116.81204,
            47.48461,
            668.7
          ],
          [
            -116.81165,
            47.484435,
            670.5
          ],
          [
            -116.811038,
            47.484187,
            673.1
          ],
          [
            -116.809984,
            47.483783,
            676.9
          ],
          [
            -116.809365,
            47.483521,
            680
          ],
          [
            -116.809185,
            47.483414,
            681.1
          ],
          [
            -116.80842,
            47.48303,
            685.6
          ],
          [
            -116.808064,
            47.482827,
            687.8
          ],
          [
            -116.807748,
            47.482596,
            689.6
          ],
          [
            -116.807609,
            47.482474,
            690.4
          ],
          [
            -116.80747,
            47.482345,
            691.5
          ],
          [
            -116.807219,
            47.482075,
            692.8
          ],
          [
            -116.806973,
            47.481842,
            694.2
          ],
          [
            -116.806639,
            47.481604,
            695.9
          ],
          [
            -116.805914,
            47.481119,
            699.4
          ],
          [
            -116.80497,
            47.480457,
            705.4
          ],
          [
            -116.804693,
            47.480217,
            706.9
          ],
          [
            -116.804328,
            47.479824,
            709.6
          ],
          [
            -116.804058,
            47.47957,
            711.5
          ],
          [
            -116.803751,
            47.479334,
            713.4
          ],
          [
            -116.803286,
            47.479004,
            716.3
          ],
          [
            -116.803155,
            47.478897,
            717.3
          ],
          [
            -116.803044,
            47.478779,
            718.3
          ],
          [
            -116.802961,
            47.478653,
            719.4
          ],
          [
            -116.802902,
            47.478524,
            720.1
          ],
          [
            -116.802808,
            47.478251,
            722.1
          ],
          [
            -116.802739,
            47.478117,
            722.9
          ],
          [
            -116.802636,
            47.477995,
            723.5
          ],
          [
            -116.802511,
            47.477887,
            724.1
          ],
          [
            -116.802364,
            47.477795,
            724.4
          ],
          [
            -116.802009,
            47.477655,
            725.9
          ],
          [
            -116.801814,
            47.477597,
            726.6
          ],
          [
            -116.801609,
            47.477552,
            727.1
          ],
          [
            -116.800708,
            47.477404,
            729.7
          ],
          [
            -116.800244,
            47.477341,
            731.3
          ],
          [
            -116.799774,
            47.477309,
            732.7
          ],
          [
            -116.799303,
            47.477319,
            734.2
          ],
          [
            -116.798138,
            47.477406,
            739.3
          ],
          [
            -116.797321,
            47.477483,
            742.6
          ],
          [
            -116.797125,
            47.477519,
            743.3
          ],
          [
            -116.796932,
            47.477572,
            744
          ],
          [
            -116.796757,
            47.477641,
            744.5
          ],
          [
            -116.796558,
            47.477744,
            744.9
          ],
          [
            -116.796434,
            47.477823,
            745.5
          ],
          [
            -116.795507,
            47.478464,
            749.9
          ],
          [
            -116.795207,
            47.478682,
            752.6
          ],
          [
            -116.794959,
            47.478899,
            754.8
          ],
          [
            -116.79466,
            47.47921,
            758.7
          ],
          [
            -116.794547,
            47.479288,
            759.5
          ],
          [
            -116.794415,
            47.479339,
            760.2
          ],
          [
            -116.794273,
            47.479364,
            760.9
          ],
          [
            -116.794126,
            47.479359,
            761.5
          ],
          [
            -116.793983,
            47.479325,
            761.9
          ],
          [
            -116.793902,
            47.479239,
            762.2
          ],
          [
            -116.793844,
            47.479153,
            762.7
          ],
          [
            -116.793827,
            47.479062,
            763.3
          ],
          [
            -116.793843,
            47.478975,
            763.8
          ],
          [
            -116.793898,
            47.478877,
            764.1
          ],
          [
            -116.793993,
            47.478789,
            764.7
          ],
          [
            -116.794138,
            47.478693,
            765.4
          ],
          [
            -116.794661,
            47.478395,
            766.4
          ],
          [
            -116.795126,
            47.47801,
            768.3
          ],
          [
            -116.795213,
            47.477909,
            769
          ],
          [
            -116.795576,
            47.477586,
            771.1
          ],
          [
            -116.795676,
            47.477474,
            771.8
          ],
          [
            -116.795756,
            47.477356,
            772.7
          ],
          [
            -116.795815,
            47.477228,
            774.1
          ],
          [
            -116.795849,
            47.477096,
            775
          ],
          [
            -116.795858,
            47.476959,
            775.8
          ],
          [
            -116.795841,
            47.476821,
            776.7
          ],
          [
            -116.7958,
            47.476685,
            777.5
          ],
          [
            -116.795735,
            47.47655,
            778.2
          ],
          [
            -116.795645,
            47.47642,
            778.7
          ],
          [
            -116.795533,
            47.476296,
            779.3
          ],
          [
            -116.795406,
            47.476183,
            780.2
          ],
          [
            -116.795127,
            47.475971,
            781.7
          ],
          [
            -116.794841,
            47.475773,
            783.1
          ],
          [
            -116.794401,
            47.475488,
            783.8
          ],
          [
            -116.794124,
            47.475326,
            783.8
          ],
          [
            -116.793964,
            47.475244,
            783.6
          ],
          [
            -116.79344,
            47.475012,
            783.6
          ],
          [
            -116.792988,
            47.474831,
            783.6
          ],
          [
            -116.792613,
            47.474694,
            783.1
          ],
          [
            -116.7921,
            47.474547,
            781.5
          ],
          [
            -116.791905,
            47.474504,
            780.9
          ],
          [
            -116.791497,
            47.474435,
            779.6
          ],
          [
            -116.790173,
            47.47425,
            773.6
          ],
          [
            -116.789698,
            47.474197,
            771.9
          ],
          [
            -116.789221,
            47.474172,
            769.8
          ],
          [
            -116.788979,
            47.474177,
            768.9
          ],
          [
            -116.788733,
            47.474199,
            768
          ],
          [
            -116.788491,
            47.474235,
            766.9
          ],
          [
            -116.788025,
            47.474325,
            764.7
          ],
          [
            -116.786631,
            47.47464,
            759.2
          ],
          [
            -116.786304,
            47.474746,
            758.3
          ],
          [
            -116.785357,
            47.474956,
            753.9
          ],
          [
            -116.784866,
            47.475032,
            752.1
          ],
          [
            -116.784617,
            47.475057,
            750.2
          ],
          [
            -116.784361,
            47.47507,
            748.5
          ],
          [
            -116.783905,
            47.475065,
            745.7
          ],
          [
            -116.782574,
            47.475008,
            738.1
          ],
          [
            -116.780207,
            47.474886,
            726.3
          ],
          [
            -116.779673,
            47.474881,
            724.1
          ],
          [
            -116.779411,
            47.474896,
            723.4
          ],
          [
            -116.77916,
            47.474923,
            722.7
          ],
          [
            -116.778902,
            47.474966,
            721.8
          ],
          [
            -116.778654,
            47.475018,
            720.9
          ],
          [
            -116.777941,
            47.475193,
            717.5
          ],
          [
            -116.777703,
            47.475243,
            716.7
          ],
          [
            -116.777454,
            47.475282,
            715.4
          ],
          [
            -116.777201,
            47.475306,
            714.3
          ],
          [
            -116.776947,
            47.47531,
            713
          ],
          [
            -116.776226,
            47.475266,
            709.6
          ],
          [
            -116.775987,
            47.475265,
            708.5
          ],
          [
            -116.775752,
            47.475284,
            707.6
          ],
          [
            -116.775525,
            47.475323,
            706.7
          ],
          [
            -116.775309,
            47.475383,
            705.4
          ],
          [
            -116.775085,
            47.475471,
            704.3
          ],
          [
            -116.774315,
            47.475855,
            699.4
          ],
          [
            -116.774144,
            47.47596,
            698.2
          ],
          [
            -116.77396,
            47.476041,
            697
          ],
          [
            -116.773561,
            47.476143,
            695.1
          ],
          [
            -116.773358,
            47.476167,
            694.3
          ],
          [
            -116.773146,
            47.476162,
            693.4
          ],
          [
            -116.772941,
            47.476128,
            692.3
          ],
          [
            -116.772592,
            47.475953,
            689.3
          ],
          [
            -116.772228,
            47.475755,
            688.2
          ],
          [
            -116.769722,
            47.474321,
            671
          ],
          [
            -116.769524,
            47.474227,
            669.8
          ],
          [
            -116.769198,
            47.474025,
            667.7
          ],
          [
            -116.768938,
            47.473848,
            665.3
          ],
          [
            -116.768773,
            47.47368,
            664.3
          ],
          [
            -116.768413,
            47.473606,
            663.4
          ],
          [
            -116.768302,
            47.47362,
            663.2
          ],
          [
            -116.767709,
            47.473634,
            662.7
          ],
          [
            -116.767581,
            47.47362,
            662.8
          ],
          [
            -116.76731,
            47.473629,
            662.6
          ],
          [
            -116.76689,
            47.47365,
            661.6
          ],
          [
            -116.766744,
            47.473675,
            661.4
          ],
          [
            -116.766441,
            47.473687,
            661.5
          ],
          [
            -116.766292,
            47.47369,
            661.6
          ],
          [
            -116.766138,
            47.47368,
            661.7
          ],
          [
            -116.765989,
            47.473687,
            662
          ],
          [
            -116.765577,
            47.473757,
            663
          ],
          [
            -116.765467,
            47.473797,
            663.3
          ],
          [
            -116.765257,
            47.4739,
            663.9
          ],
          [
            -116.765166,
            47.473959,
            664
          ],
          [
            -116.765015,
            47.474107,
            664
          ],
          [
            -116.764757,
            47.474438,
            665.2
          ],
          [
            -116.764677,
            47.474523,
            665.6
          ],
          [
            -116.764569,
            47.47459,
            665.8
          ],
          [
            -116.76445,
            47.474638,
            666.1
          ],
          [
            -116.764062,
            47.474739,
            666.9
          ],
          [
            -116.763671,
            47.474794,
            666.7
          ],
          [
            -116.763379,
            47.47476,
            667.3
          ],
          [
            -116.763235,
            47.474754,
            667.5
          ],
          [
            -116.763067,
            47.474762,
            667.6
          ],
          [
            -116.762531,
            47.474841,
            667.8
          ],
          [
            -116.76196,
            47.474983,
            667.3
          ],
          [
            -116.761809,
            47.474998,
            667.1
          ],
          [
            -116.761494,
            47.474951,
            667.5
          ],
          [
            -116.761342,
            47.474918,
            668
          ],
          [
            -116.761047,
            47.474828,
            668.2
          ],
          [
            -116.759702,
            47.474243,
            671.6
          ],
          [
            -116.759227,
            47.473989,
            672.2
          ],
          [
            -116.759099,
            47.47393,
            672.2
          ],
          [
            -116.758964,
            47.473882,
            672.3
          ],
          [
            -116.758824,
            47.473853,
            672.4
          ],
          [
            -116.758534,
            47.473831,
            672.3
          ],
          [
            -116.758241,
            47.473822,
            672.3
          ],
          [
            -116.757947,
            47.473822,
            672.2
          ],
          [
            -116.757654,
            47.473835,
            672.1
          ],
          [
            -116.757362,
            47.473875,
            672.3
          ],
          [
            -116.757221,
            47.473908,
            672.4
          ],
          [
            -116.756813,
            47.474029,
            672.9
          ],
          [
            -116.756515,
            47.474094,
            673.2
          ],
          [
            -116.7562,
            47.474126,
            673.8
          ],
          [
            -116.75603,
            47.474131,
            674.1
          ],
          [
            -116.755697,
            47.474116,
            674.1
          ],
          [
            -116.755362,
            47.474073,
            673.8
          ],
          [
            -116.755207,
            47.474028,
            673.7
          ],
          [
            -116.754911,
            47.473965,
            673.3
          ],
          [
            -116.754741,
            47.47395,
            673
          ],
          [
            -116.754097,
            47.473819,
            672
          ],
          [
            -116.753768,
            47.473776,
            671.8
          ],
          [
            -116.753124,
            47.473729,
            670.7
          ],
          [
            -116.752964,
            47.473735,
            670.3
          ],
          [
            -116.752654,
            47.473784,
            669.2
          ],
          [
            -116.752504,
            47.473821,
            668.6
          ],
          [
            -116.75235,
            47.473872,
            668.1
          ],
          [
            -116.752228,
            47.473941,
            667.6
          ],
          [
            -116.75209,
            47.473996,
            667.1
          ],
          [
            -116.751977,
            47.474076,
            666.8
          ],
          [
            -116.751877,
            47.474164,
            666.6
          ],
          [
            -116.75179,
            47.474258,
            666.3
          ],
          [
            -116.751335,
            47.474881,
            665.2
          ],
          [
            -116.751282,
            47.474998,
            665.1
          ],
          [
            -116.75121,
            47.475104,
            664.9
          ],
          [
            -116.751134,
            47.475209,
            664.7
          ],
          [
            -116.751037,
            47.475307,
            664.5
          ],
          [
            -116.750451,
            47.476133,
            662.8
          ],
          [
            -116.750289,
            47.476337,
            662.3
          ],
          [
            -116.750089,
            47.476536,
            661.7
          ],
          [
            -116.749845,
            47.476715,
            661.5
          ],
          [
            -116.749707,
            47.476796,
            661.6
          ],
          [
            -116.749411,
            47.476935,
            661.8
          ],
          [
            -116.749131,
            47.47703,
            661.9
          ],
          [
            -116.748537,
            47.477176,
            662.2
          ],
          [
            -116.748418,
            47.477224,
            662.3
          ],
          [
            -116.748324,
            47.477292,
            662.5
          ],
          [
            -116.748263,
            47.477372,
            662.6
          ],
          [
            -116.748234,
            47.477489,
            662.5
          ],
          [
            -116.748298,
            47.477673,
            662
          ],
          [
            -116.748315,
            47.477784,
            661.7
          ],
          [
            -116.748314,
            47.477897,
            661.6
          ],
          [
            -116.74825,
            47.478023,
            661.1
          ],
          [
            -116.748092,
            47.478176,
            660.5
          ],
          [
            -116.747985,
            47.478246,
            660.7
          ],
          [
            -116.747854,
            47.4783,
            660.6
          ],
          [
            -116.747279,
            47.47829,
            660.9
          ],
          [
            -116.747004,
            47.4783,
            661.4
          ],
          [
            -116.746871,
            47.478311,
            661.4
          ],
          [
            -116.746503,
            47.478402,
            662
          ],
          [
            -116.746281,
            47.478494,
            662.6
          ],
          [
            -116.745983,
            47.478678,
            662.9
          ],
          [
            -116.74591,
            47.478759,
            663.1
          ],
          [
            -116.745733,
            47.478918,
            663.2
          ],
          [
            -116.745576,
            47.479098,
            663.7
          ],
          [
            -116.745452,
            47.479287,
            664
          ],
          [
            -116.745354,
            47.479478,
            664
          ],
          [
            -116.744966,
            47.480358,
            663.8
          ],
          [
            -116.744904,
            47.480544,
            664
          ],
          [
            -116.744897,
            47.480634,
            663.8
          ],
          [
            -116.744906,
            47.480734,
            663.5
          ],
          [
            -116.744932,
            47.480841,
            663.2
          ],
          [
            -116.745006,
            47.48106,
            662.7
          ],
          [
            -116.745025,
            47.481172,
            662.5
          ],
          [
            -116.745096,
            47.481364,
            662.6
          ],
          [
            -116.745161,
            47.481581,
            662.8
          ],
          [
            -116.745184,
            47.481708,
            663
          ],
          [
            -116.745187,
            47.481791,
            663
          ],
          [
            -116.745158,
            47.482011,
            663.2
          ],
          [
            -116.74512,
            47.482117,
            663.4
          ],
          [
            -116.745062,
            47.482221,
            663.7
          ],
          [
            -116.744968,
            47.482314,
            664.1
          ],
          [
            -116.744825,
            47.482516,
            664.6
          ],
          [
            -116.744779,
            47.482625,
            664.8
          ],
          [
            -116.744722,
            47.482725,
            664.9
          ],
          [
            -116.744636,
            47.482928,
            665.5
          ],
          [
            -116.744616,
            47.483037,
            665.7
          ],
          [
            -116.744617,
            47.483258,
            666.3
          ],
          [
            -116.744749,
            47.483951,
            665.7
          ],
          [
            -116.74479,
            47.484303,
            665.7
          ],
          [
            -116.744784,
            47.484534,
            665.9
          ],
          [
            -116.74475,
            47.484654,
            666.3
          ],
          [
            -116.744696,
            47.484771,
            666.5
          ],
          [
            -116.74456,
            47.484991,
            666.6
          ],
          [
            -116.744352,
            47.485183,
            666.9
          ],
          [
            -116.744133,
            47.485367,
            667.2
          ],
          [
            -116.74388,
            47.485544,
            667.9
          ],
          [
            -116.743224,
            47.48594,
            667.9
          ],
          [
            -116.742986,
            47.486112,
            668.1
          ],
          [
            -116.742882,
            47.4862,
            668
          ],
          [
            -116.742792,
            47.486321,
            668.1
          ],
          [
            -116.742704,
            47.486612,
            667.8
          ],
          [
            -116.742563,
            47.487365,
            666.2
          ],
          [
            -116.742491,
            47.487658,
            665.9
          ],
          [
            -116.74242,
            47.487885,
            665.5
          ],
          [
            -116.742274,
            47.488282,
            664.9
          ],
          [
            -116.742213,
            47.488495,
            664.8
          ],
          [
            -116.742101,
            47.489033,
            664.8
          ],
          [
            -116.74201,
            47.489675,
            664.1
          ],
          [
            -116.741943,
            47.48999,
            664
          ],
          [
            -116.741825,
            47.490394,
            662.9
          ],
          [
            -116.741678,
            47.490778,
            661.5
          ],
          [
            -116.74163,
            47.49094,
            661
          ],
          [
            -116.741526,
            47.49108,
            659.7
          ],
          [
            -116.741251,
            47.491376,
            658.3
          ],
          [
            -116.740838,
            47.491894,
            656.2
          ],
          [
            -116.740677,
            47.492057,
            655.7
          ],
          [
            -116.740578,
            47.492129,
            655.5
          ],
          [
            -116.740492,
            47.492177,
            655.2
          ],
          [
            -116.74037,
            47.49222,
            655.2
          ],
          [
            -116.739601,
            47.492325,
            654.5
          ],
          [
            -116.739453,
            47.492371,
            654.6
          ],
          [
            -116.739318,
            47.492443,
            654.6
          ],
          [
            -116.739202,
            47.492546,
            654.5
          ],
          [
            -116.739142,
            47.492628,
            654.5
          ],
          [
            -116.739116,
            47.492734,
            654.4
          ],
          [
            -116.739039,
            47.49294,
            654.2
          ],
          [
            -116.738929,
            47.49334,
            654.1
          ],
          [
            -116.738892,
            47.493431,
            654.1
          ],
          [
            -116.73884,
            47.493513,
            653.9
          ],
          [
            -116.738763,
            47.493587,
            653.9
          ],
          [
            -116.73853,
            47.493631,
            653.7
          ],
          [
            -116.738412,
            47.49363,
            653.6
          ],
          [
            -116.73766,
            47.493483,
            653.2
          ],
          [
            -116.737509,
            47.49344,
            653.1
          ],
          [
            -116.737226,
            47.49331,
            652.9
          ],
          [
            -116.736779,
            47.493066,
            652.9
          ],
          [
            -116.736478,
            47.492931,
            653.1
          ],
          [
            -116.736314,
            47.492881,
            653.3
          ],
          [
            -116.736141,
            47.492847,
            653.3
          ],
          [
            -116.735973,
            47.492836,
            653.3
          ],
          [
            -116.735639,
            47.49285,
            653.1
          ],
          [
            -116.734942,
            47.49293,
            653.5
          ],
          [
            -116.734424,
            47.493015,
            653.8
          ],
          [
            -116.734261,
            47.493059,
            653.9
          ],
          [
            -116.734104,
            47.493113,
            653.8
          ],
          [
            -116.73396,
            47.493178,
            653.7
          ],
          [
            -116.733835,
            47.493265,
            653.6
          ],
          [
            -116.733284,
            47.49359,
            653.1
          ],
          [
            -116.732994,
            47.493725,
            653.4
          ],
          [
            -116.732772,
            47.493772,
            653.6
          ],
          [
            -116.732445,
            47.493868,
            653.8
          ],
          [
            -116.732272,
            47.493929,
            653.6
          ],
          [
            -116.732113,
            47.494001,
            653.6
          ],
          [
            -116.731891,
            47.494063,
            653.6
          ],
          [
            -116.731556,
            47.494132,
            653.8
          ],
          [
            -116.730907,
            47.49414,
            654.5
          ],
          [
            -116.730136,
            47.494175,
            654.7
          ],
          [
            -116.729522,
            47.494176,
            654.7
          ],
          [
            -116.729115,
            47.494162,
            654.3
          ],
          [
            -116.728511,
            47.494099,
            653.9
          ],
          [
            -116.727928,
            47.494004,
            653.9
          ],
          [
            -116.727747,
            47.493962,
            653.9
          ],
          [
            -116.72723,
            47.493811,
            654
          ],
          [
            -116.727043,
            47.493775,
            654.1
          ],
          [
            -116.726692,
            47.493736,
            654.3
          ],
          [
            -116.726329,
            47.493711,
            654.8
          ],
          [
            -116.725795,
            47.493728,
            655.1
          ],
          [
            -116.725437,
            47.493724,
            655.2
          ],
          [
            -116.725267,
            47.493704,
            655.3
          ],
          [
            -116.724907,
            47.493637,
            655.3
          ],
          [
            -116.724519,
            47.493597,
            655.6
          ],
          [
            -116.724323,
            47.493588,
            655.7
          ],
          [
            -116.72393,
            47.493609,
            655.8
          ],
          [
            -116.723739,
            47.493609,
            655.7
          ],
          [
            -116.723546,
            47.493594,
            655.7
          ],
          [
            -116.722808,
            47.493464,
            655.9
          ],
          [
            -116.722621,
            47.49344,
            655.9
          ],
          [
            -116.721895,
            47.493389,
            655.7
          ],
          [
            -116.720999,
            47.4934,
            655.8
          ],
          [
            -116.720808,
            47.493418,
            656.1
          ],
          [
            -116.720431,
            47.493417,
            656
          ],
          [
            -116.720071,
            47.493398,
            656
          ],
          [
            -116.719392,
            47.49332,
            655.5
          ],
          [
            -116.719222,
            47.493314,
            655.5
          ],
          [
            -116.719052,
            47.493323,
            655.7
          ],
          [
            -116.718521,
            47.493395,
            656.2
          ],
          [
            -116.717478,
            47.493478,
            656.3
          ],
          [
            -116.716947,
            47.493487,
            656
          ],
          [
            -116.715898,
            47.49343,
            655.9
          ],
          [
            -116.715547,
            47.493426,
            655.8
          ],
          [
            -116.715191,
            47.493439,
            655.7
          ],
          [
            -116.714846,
            47.493478,
            655.9
          ],
          [
            -116.714677,
            47.49351,
            655.7
          ],
          [
            -116.713929,
            47.493706,
            656.6
          ],
          [
            -116.713803,
            47.493719,
            656.8
          ],
          [
            -116.713677,
            47.49371,
            657
          ],
          [
            -116.713594,
            47.493653,
            656.9
          ],
          [
            -116.713137,
            47.49325,
            658.3
          ],
          [
            -116.712589,
            47.492796,
            659.4
          ],
          [
            -116.71293,
            47.492583,
            658.6
          ],
          [
            -116.71317,
            47.492454,
            658.4
          ],
          [
            -116.713897,
            47.492131,
            658.5
          ],
          [
            -116.715101,
            47.491712,
            658.5
          ],
          [
            -116.715553,
            47.491606,
            657.6
          ],
          [
            -116.717028,
            47.491162,
            654.6
          ],
          [
            -116.717165,
            47.491111,
            653.4
          ],
          [
            -116.717405,
            47.490974,
            653.5
          ],
          [
            -116.717633,
            47.490826,
            653.6
          ],
          [
            -116.717853,
            47.490659,
            653.6
          ],
          [
            -116.717958,
            47.490563,
            653.5
          ],
          [
            -116.718051,
            47.490462,
            653.2
          ],
          [
            -116.718387,
            47.490031,
            653.2
          ],
          [
            -116.718785,
            47.489621,
            653.1
          ],
          [
            -116.719211,
            47.489152,
            652.9
          ],
          [
            -116.719549,
            47.488705,
            652.6
          ],
          [
            -116.719715,
            47.488466,
            652.6
          ],
          [
            -116.719953,
            47.48809,
            652.2
          ],
          [
            -116.720143,
            47.487843,
            651.4
          ],
          [
            -116.720977,
            47.48723,
            651.4
          ],
          [
            -116.721123,
            47.487132,
            651.5
          ],
          [
            -116.721275,
            47.487049,
            651.7
          ],
          [
            -116.722948,
            47.486302,
            654
          ],
          [
            -116.723273,
            47.486167,
            654.4
          ],
          [
            -116.723609,
            47.486054,
            654.7
          ],
          [
            -116.723779,
            47.486013,
            654.5
          ],
          [
            -116.723956,
            47.485989,
            654.5
          ],
          [
            -116.724331,
            47.485983,
            654.7
          ],
          [
            -116.724668,
            47.486021,
            655.1
          ],
          [
            -116.725522,
            47.486167,
            654.4
          ],
          [
            -116.725713,
            47.486188,
            654.1
          ],
          [
            -116.725908,
            47.486196,
            654
          ],
          [
            -116.726098,
            47.486189,
            653.7
          ],
          [
            -116.726293,
            47.486169,
            653.6
          ],
          [
            -116.726655,
            47.486098,
            653.2
          ],
          [
            -116.726828,
            47.486037,
            653.1
          ],
          [
            -116.726971,
            47.485956,
            653.2
          ],
          [
            -116.7272,
            47.485756,
            653.3
          ],
          [
            -116.7273,
            47.485643,
            653.4
          ],
          [
            -116.727555,
            47.485287,
            653.3
          ],
          [
            -116.727608,
            47.485143,
            653.3
          ],
          [
            -116.727878,
            47.484574,
            653.3
          ],
          [
            -116.727966,
            47.484435,
            653.4
          ],
          [
            -116.728051,
            47.484134,
            653.4
          ],
          [
            -116.728117,
            47.48383,
            653.6
          ],
          [
            -116.72818,
            47.483362,
            654
          ],
          [
            -116.728222,
            47.483197,
            654.1
          ],
          [
            -116.728305,
            47.481909,
            655.2
          ],
          [
            -116.728337,
            47.481605,
            655.5
          ],
          [
            -116.728366,
            47.48146,
            655.6
          ],
          [
            -116.728414,
            47.481318,
            655.4
          ],
          [
            -116.72852,
            47.481194,
            655.4
          ],
          [
            -116.728636,
            47.481083,
            655.5
          ],
          [
            -116.728779,
            47.480985,
            655.4
          ],
          [
            -116.728944,
            47.480903,
            655.2
          ],
          [
            -116.729129,
            47.480831,
            654.7
          ],
          [
            -116.730727,
            47.480361,
            652.8
          ],
          [
            -116.7319,
            47.479986,
            652.6
          ],
          [
            -116.733702,
            47.479435,
            652.1
          ],
          [
            -116.734535,
            47.479224,
            651.9
          ],
          [
            -116.736305,
            47.478875,
            651.8
          ],
          [
            -116.738549,
            47.478399,
            651.6
          ],
          [
            -116.739646,
            47.478143,
            652.1
          ],
          [
            -116.741354,
            47.477724,
            654
          ],
          [
            -116.741767,
            47.477593,
            654.3
          ],
          [
            -116.741949,
            47.477508,
            654.3
          ],
          [
            -116.742487,
            47.477297,
            654.1
          ],
          [
            -116.742971,
            47.477055,
            653.8
          ],
          [
            -116.744905,
            47.475999,
            653.2
          ],
          [
            -116.746079,
            47.475341,
            653.6
          ],
          [
            -116.747083,
            47.474802,
            654.1
          ],
          [
            -116.748563,
            47.473967,
            654.4
          ],
          [
            -116.750737,
            47.472788,
            654.5
          ],
          [
            -116.752057,
            47.472054,
            654.9
          ],
          [
            -116.753215,
            47.471462,
            654.7
          ],
          [
            -116.757224,
            47.469477,
            655
          ],
          [
            -116.757414,
            47.469403,
            655
          ],
          [
            -116.759217,
            47.468527,
            655.5
          ],
          [
            -116.76142,
            47.467497,
            655.7
          ],
          [
            -116.76367,
            47.466532,
            656.2
          ],
          [
            -116.763995,
            47.466409,
            656.1
          ],
          [
            -116.764158,
            47.466374,
            655.9
          ],
          [
            -116.764321,
            47.466355,
            655.9
          ],
          [
            -116.764476,
            47.466354,
            656.1
          ],
          [
            -116.765715,
            47.466444,
            659.2
          ],
          [
            -116.76589,
            47.466444,
            659.6
          ],
          [
            -116.766024,
            47.466428,
            659.6
          ],
          [
            -116.766028,
            47.466306,
            659.6
          ],
          [
            -116.766042,
            47.466257,
            659.4
          ],
          [
            -116.766039,
            47.466196,
            659.3
          ],
          [
            -116.765995,
            47.466137,
            659.1
          ],
          [
            -116.765885,
            47.465801,
            659.4
          ],
          [
            -116.765864,
            47.465701,
            659.7
          ],
          [
            -116.765786,
            47.465481,
            660.2
          ],
          [
            -116.765735,
            47.465366,
            660.5
          ],
          [
            -116.765618,
            47.464989,
            660.9
          ],
          [
            -116.765365,
            47.46426,
            660
          ],
          [
            -116.765231,
            47.46379,
            658.2
          ],
          [
            -116.765208,
            47.463658,
            657.7
          ],
          [
            -116.765195,
            47.463489,
            657.2
          ],
          [
            -116.765206,
            47.463342,
            656.7
          ],
          [
            -116.765271,
            47.463069,
            655.8
          ],
          [
            -116.765332,
            47.462916,
            655.3
          ],
          [
            -116.765411,
            47.462758,
            655
          ],
          [
            -116.765514,
            47.462602,
            654.7
          ],
          [
            -116.765816,
            47.46233,
            654.5
          ],
          [
            -116.765984,
            47.462202,
            654.6
          ],
          [
            -116.766172,
            47.462083,
            654.8
          ],
          [
            -116.766378,
            47.461977,
            655.1
          ],
          [
            -116.766592,
            47.461881,
            655.6
          ],
          [
            -116.766866,
            47.461782,
            656
          ],
          [
            -116.767053,
            47.461729,
            656.4
          ],
          [
            -116.76754,
            47.461637,
            656.9
          ],
          [
            -116.767792,
            47.46161,
            657.3
          ],
          [
            -116.7686,
            47.461554,
            658.8
          ],
          [
            -116.771876,
            47.461362,
            665.5
          ],
          [
            -116.77312,
            47.461274,
            667.2
          ],
          [
            -116.773371,
            47.461245,
            667.4
          ],
          [
            -116.773859,
            47.461155,
            667.7
          ],
          [
            -116.774321,
            47.461025,
            668
          ],
          [
            -116.774534,
            47.460947,
            668.6
          ],
          [
            -116.775241,
            47.460608,
            672.9
          ],
          [
            -116.776056,
            47.460119,
            674.1
          ],
          [
            -116.776415,
            47.459923,
            673.2
          ],
          [
            -116.776812,
            47.459734,
            672.4
          ],
          [
            -116.778097,
            47.459168,
            671.3
          ],
          [
            -116.778328,
            47.459086,
            671.1
          ],
          [
            -116.779874,
            47.458438,
            670.4
          ],
          [
            -116.783777,
            47.456961,
            663.6
          ],
          [
            -116.784082,
            47.456807,
            663.2
          ],
          [
            -116.784216,
            47.456725,
            663
          ],
          [
            -116.78433,
            47.456635,
            662.7
          ],
          [
            -116.784418,
            47.456541,
            662.7
          ],
          [
            -116.784671,
            47.456134,
            663.5
          ],
          [
            -116.784891,
            47.455847,
            665
          ],
          [
            -116.785499,
            47.455213,
            668.4
          ],
          [
            -116.785626,
            47.455067,
            669
          ],
          [
            -116.785755,
            47.454894,
            669.1
          ],
          [
            -116.785901,
            47.454663,
            669.3
          ],
          [
            -116.786023,
            47.45444,
            669
          ],
          [
            -116.786117,
            47.454227,
            668.7
          ],
          [
            -116.786182,
            47.454033,
            668.7
          ],
          [
            -116.786217,
            47.453822,
            668.6
          ],
          [
            -116.786225,
            47.453606,
            668
          ],
          [
            -116.786198,
            47.453492,
            667.6
          ],
          [
            -116.786044,
            47.453018,
            667.1
          ],
          [
            -116.785913,
            47.452737,
            667.8
          ],
          [
            -116.78586,
            47.452654,
            668.1
          ],
          [
            -116.785728,
            47.452486,
            669.2
          ],
          [
            -116.785472,
            47.45222,
            670.9
          ],
          [
            -116.785113,
            47.451955,
            672.2
          ],
          [
            -116.784564,
            47.451611,
            674.2
          ],
          [
            -116.784092,
            47.451347,
            675.5
          ],
          [
            -116.783622,
            47.451103,
            676.5
          ],
          [
            -116.783262,
            47.450939,
            676.8
          ],
          [
            -116.782437,
            47.45064,
            677.5
          ],
          [
            -116.781068,
            47.450211,
            679.6
          ],
          [
            -116.78047,
            47.45001,
            682
          ],
          [
            -116.780083,
            47.449859,
            684
          ],
          [
            -116.779163,
            47.449447,
            688.8
          ],
          [
            -116.778789,
            47.449289,
            691.2
          ],
          [
            -116.778406,
            47.449143,
            693.2
          ],
          [
            -116.777188,
            47.448745,
            699.9
          ],
          [
            -116.776796,
            47.448598,
            702
          ],
          [
            -116.776605,
            47.448517,
            702.9
          ],
          [
            -116.775907,
            47.448185,
            706.5
          ],
          [
            -116.775714,
            47.448113,
            707.2
          ],
          [
            -116.775311,
            47.447996,
            708.7
          ],
          [
            -116.773067,
            47.44743,
            715.7
          ],
          [
            -116.772635,
            47.44733,
            717.2
          ],
          [
            -116.772268,
            47.447278,
            719.1
          ],
          [
            -116.772062,
            47.447268,
            719.9
          ],
          [
            -116.771803,
            47.447279,
            720.6
          ],
          [
            -116.771235,
            47.447414,
            722.4
          ],
          [
            -116.770025,
            47.447724,
            727.6
          ],
          [
            -116.76983,
            47.447758,
            728.5
          ],
          [
            -116.769598,
            47.447759,
            729.6
          ],
          [
            -116.769261,
            47.447744,
            730.9
          ],
          [
            -116.769086,
            47.447704,
            731.6
          ],
          [
            -116.768927,
            47.44764,
            732.3
          ],
          [
            -116.768765,
            47.447441,
            733.4
          ],
          [
            -116.768724,
            47.447331,
            733.9
          ],
          [
            -116.768699,
            47.447213,
            734.3
          ],
          [
            -116.768641,
            47.446822,
            736.6
          ],
          [
            -116.768598,
            47.446684,
            737.3
          ],
          [
            -116.768532,
            47.446554,
            738.6
          ],
          [
            -116.768428,
            47.446433,
            739.5
          ],
          [
            -116.768304,
            47.446331,
            740.4
          ],
          [
            -116.767989,
            47.446178,
            742.6
          ],
          [
            -116.767812,
            47.446123,
            743.5
          ],
          [
            -116.767618,
            47.446087,
            744.2
          ],
          [
            -116.766991,
            47.446042,
            746.5
          ],
          [
            -116.766567,
            47.445997,
            748.9
          ],
          [
            -116.763625,
            47.445575,
            763.1
          ],
          [
            -116.763429,
            47.445544,
            763.5
          ],
          [
            -116.763186,
            47.445491,
            764.2
          ],
          [
            -116.762689,
            47.445268,
            767
          ],
          [
            -116.761797,
            47.444809,
            771.7
          ],
          [
            -116.761457,
            47.444612,
            773.7
          ],
          [
            -116.761146,
            47.444385,
            775.3
          ],
          [
            -116.760383,
            47.443783,
            780.1
          ],
          [
            -116.760065,
            47.443549,
            782
          ],
          [
            -116.759891,
            47.44344,
            782.8
          ],
          [
            -116.759508,
            47.443244,
            784.8
          ],
          [
            -116.758704,
            47.442894,
            788.1
          ],
          [
            -116.758284,
            47.442737,
            790.6
          ],
          [
            -116.758057,
            47.442683,
            791.7
          ],
          [
            -116.757618,
            47.44256,
            793.7
          ],
          [
            -116.757162,
            47.442467,
            795.7
          ],
          [
            -116.756688,
            47.442403,
            798
          ],
          [
            -116.756446,
            47.442384,
            798.7
          ],
          [
            -116.755952,
            47.442368,
            800
          ],
          [
            -116.751971,
            47.442375,
            818.3
          ],
          [
            -116.751726,
            47.442386,
            819.5
          ],
          [
            -116.750496,
            47.442536,
            826
          ],
          [
            -116.750058,
            47.442563,
            829
          ],
          [
            -116.749806,
            47.442568,
            830.2
          ],
          [
            -116.749315,
            47.442546,
            831.8
          ],
          [
            -116.749064,
            47.442518,
            832.3
          ],
          [
            -116.748592,
            47.442378,
            834.5
          ],
          [
            -116.748322,
            47.442283,
            835.4
          ],
          [
            -116.747939,
            47.442111,
            836.8
          ],
          [
            -116.747737,
            47.441997,
            837.7
          ],
          [
            -116.747557,
            47.441867,
            838.6
          ],
          [
            -116.747392,
            47.44173,
            839.3
          ],
          [
            -116.747242,
            47.441577,
            840.2
          ],
          [
            -116.746825,
            47.441105,
            843.2
          ],
          [
            -116.74664,
            47.440921,
            844.4
          ],
          [
            -116.746505,
            47.440802,
            845.5
          ],
          [
            -116.746283,
            47.440635,
            846.6
          ],
          [
            -116.746093,
            47.440512,
            847.7
          ],
          [
            -116.745691,
            47.440311,
            848.8
          ],
          [
            -116.744952,
            47.440014,
            849.4
          ],
          [
            -116.739467,
            47.437925,
            844.3
          ],
          [
            -116.738386,
            47.437533,
            841.3
          ],
          [
            -116.737571,
            47.43734,
            838.3
          ],
          [
            -116.736968,
            47.437252,
            836.5
          ],
          [
            -116.734505,
            47.437028,
            830.2
          ],
          [
            -116.733899,
            47.436949,
            829.3
          ],
          [
            -116.733597,
            47.436894,
            829.2
          ],
          [
            -116.733297,
            47.436825,
            829.3
          ],
          [
            -116.73301,
            47.436743,
            829.4
          ],
          [
            -116.731222,
            47.43597,
            833.5
          ],
          [
            -116.730796,
            47.435776,
            834.6
          ],
          [
            -116.73057,
            47.435658,
            835
          ],
          [
            -116.729716,
            47.435145,
            835.8
          ],
          [
            -116.729546,
            47.434989,
            835.8
          ],
          [
            -116.729248,
            47.434651,
            835.2
          ],
          [
            -116.728326,
            47.433359,
            835.5
          ],
          [
            -116.728056,
            47.433014,
            837.3
          ],
          [
            -116.727754,
            47.432709,
            839.2
          ],
          [
            -116.727583,
            47.432566,
            839.9
          ],
          [
            -116.727203,
            47.432294,
            840
          ],
          [
            -116.726559,
            47.431893,
            839.4
          ],
          [
            -116.723095,
            47.429775,
            839.6
          ],
          [
            -116.722692,
            47.42956,
            838.9
          ],
          [
            -116.722446,
            47.429452,
            838.5
          ],
          [
            -116.722142,
            47.429335,
            838.2
          ],
          [
            -116.72165,
            47.429193,
            837.4
          ],
          [
            -116.721302,
            47.429117,
            837.1
          ],
          [
            -116.720761,
            47.429028,
            836.4
          ],
          [
            -116.71984,
            47.42891,
            834.4
          ],
          [
            -116.718271,
            47.428734,
            828.9
          ],
          [
            -116.717887,
            47.428743,
            827.9
          ],
          [
            -116.717254,
            47.428655,
            826.1
          ],
          [
            -116.716885,
            47.42859,
            825.1
          ],
          [
            -116.716644,
            47.428537,
            824.3
          ],
          [
            -116.716027,
            47.428377,
            823.4
          ],
          [
            -116.71544,
            47.428189,
            823.3
          ],
          [
            -116.714649,
            47.427823,
            823.5
          ],
          [
            -116.714149,
            47.427562,
            824.8
          ],
          [
            -116.711809,
            47.426222,
            832.8
          ],
          [
            -116.71134,
            47.425962,
            832
          ],
          [
            -116.711088,
            47.425838,
            831.4
          ],
          [
            -116.709623,
            47.425176,
            833
          ],
          [
            -116.70916,
            47.424926,
            833.9
          ],
          [
            -116.708938,
            47.424788,
            834.3
          ],
          [
            -116.708687,
            47.424613,
            834.8
          ],
          [
            -116.708536,
            47.424491,
            835.2
          ],
          [
            -116.708143,
            47.42412,
            836
          ],
          [
            -116.70751,
            47.423447,
            838.4
          ],
          [
            -116.70637,
            47.422202,
            842.3
          ],
          [
            -116.705415,
            47.421178,
            839
          ],
          [
            -116.705086,
            47.420834,
            836.9
          ],
          [
            -116.704571,
            47.420325,
            833.3
          ],
          [
            -116.704312,
            47.420198,
            832.1
          ],
          [
            -116.704092,
            47.42005,
            830.9
          ],
          [
            -116.703623,
            47.419773,
            828.5
          ],
          [
            -116.70141,
            47.418587,
            827.5
          ],
          [
            -116.700933,
            47.418309,
            828.1
          ],
          [
            -116.700705,
            47.418162,
            828.9
          ],
          [
            -116.700295,
            47.417857,
            830.8
          ],
          [
            -116.699911,
            47.417534,
            832.1
          ],
          [
            -116.698437,
            47.416176,
            838.6
          ],
          [
            -116.698054,
            47.415844,
            840
          ],
          [
            -116.697891,
            47.415716,
            840.7
          ],
          [
            -116.697633,
            47.415535,
            841.5
          ],
          [
            -116.697452,
            47.415425,
            842.4
          ],
          [
            -116.697207,
            47.415299,
            843.2
          ],
          [
            -116.696942,
            47.415187,
            843.9
          ],
          [
            -116.696669,
            47.415093,
            844.5
          ],
          [
            -116.696321,
            47.414995,
            845.3
          ],
          [
            -116.695227,
            47.414747,
            848.3
          ],
          [
            -116.694827,
            47.414733,
            848.2
          ],
          [
            -116.694034,
            47.414544,
            846.5
          ],
          [
            -116.693755,
            47.414463,
            845.7
          ],
          [
            -116.69348,
            47.414366,
            844.8
          ],
          [
            -116.693226,
            47.414256,
            844.4
          ],
          [
            -116.692987,
            47.414131,
            843.7
          ],
          [
            -116.692759,
            47.41399,
            843
          ],
          [
            -116.692545,
            47.413834,
            842.1
          ],
          [
            -116.692348,
            47.41367,
            841.2
          ],
          [
            -116.692171,
            47.413495,
            841.1
          ],
          [
            -116.692016,
            47.413308,
            841.7
          ],
          [
            -116.691379,
            47.412362,
            843.2
          ],
          [
            -116.691238,
            47.412175,
            842.8
          ],
          [
            -116.691079,
            47.411995,
            842.3
          ],
          [
            -116.690898,
            47.41182,
            841.6
          ],
          [
            -116.690698,
            47.411658,
            841.2
          ],
          [
            -116.690475,
            47.411507,
            841.8
          ],
          [
            -116.690236,
            47.411373,
            842.6
          ],
          [
            -116.68999,
            47.411255,
            843.6
          ],
          [
            -116.689255,
            47.410942,
            846.4
          ],
          [
            -116.689031,
            47.410833,
            846.8
          ],
          [
            -116.68881,
            47.41071,
            846.7
          ],
          [
            -116.688594,
            47.410572,
            846
          ],
          [
            -116.688394,
            47.410423,
            845.2
          ],
          [
            -116.68765,
            47.409773,
            844.8
          ],
          [
            -116.687274,
            47.409458,
            846
          ],
          [
            -116.686913,
            47.409185,
            846.3
          ],
          [
            -116.686661,
            47.40901,
            846.5
          ],
          [
            -116.686219,
            47.408725,
            846.4
          ],
          [
            -116.683858,
            47.407361,
            839.9
          ],
          [
            -116.682439,
            47.406523,
            840
          ],
          [
            -116.68194,
            47.406266,
            841
          ],
          [
            -116.681423,
            47.406048,
            842.9
          ],
          [
            -116.681162,
            47.405954,
            843.6
          ],
          [
            -116.678226,
            47.404996,
            841
          ],
          [
            -116.674979,
            47.403952,
            848.9
          ],
          [
            -116.674438,
            47.403763,
            850.5
          ],
          [
            -116.674186,
            47.403656,
            851.4
          ],
          [
            -116.673951,
            47.40354,
            852.3
          ],
          [
            -116.673734,
            47.403414,
            852.9
          ],
          [
            -116.673528,
            47.403274,
            853.5
          ],
          [
            -116.673378,
            47.403158,
            853.8
          ],
          [
            -116.673198,
            47.403,
            853.9
          ],
          [
            -116.673037,
            47.402833,
            853.5
          ],
          [
            -116.672453,
            47.402111,
            850.6
          ],
          [
            -116.672288,
            47.401934,
            849.8
          ],
          [
            -116.672101,
            47.401765,
            848.9
          ],
          [
            -116.671893,
            47.401609,
            848.4
          ],
          [
            -116.671668,
            47.401466,
            848.2
          ],
          [
            -116.671425,
            47.401341,
            848.1
          ],
          [
            -116.67117,
            47.401231,
            848
          ],
          [
            -116.670907,
            47.401138,
            847.9
          ],
          [
            -116.67057,
            47.401042,
            847.8
          ],
          [
            -116.67034,
            47.400989,
            847.9
          ],
          [
            -116.670047,
            47.400939,
            848.2
          ],
          [
            -116.669744,
            47.400905,
            848.8
          ],
          [
            -116.669443,
            47.400889,
            849.7
          ],
          [
            -116.668275,
            47.400914,
            853.2
          ],
          [
            -116.667966,
            47.40099,
            853.9
          ],
          [
            -116.666876,
            47.401016,
            854.1
          ],
          [
            -116.666308,
            47.400997,
            853.6
          ],
          [
            -116.666026,
            47.400969,
            854.2
          ],
          [
            -116.665751,
            47.400926,
            854.9
          ],
          [
            -116.665245,
            47.40081,
            856.2
          ],
          [
            -116.664795,
            47.400669,
            857
          ],
          [
            -116.663817,
            47.400304,
            857
          ],
          [
            -116.66309,
            47.400018,
            857
          ],
          [
            -116.662732,
            47.399866,
            857.2
          ],
          [
            -116.662421,
            47.399704,
            858
          ],
          [
            -116.662102,
            47.399499,
            859
          ],
          [
            -116.661339,
            47.398943,
            862.5
          ],
          [
            -116.660425,
            47.398257,
            868
          ],
          [
            -116.660334,
            47.398096,
            869
          ],
          [
            -116.660021,
            47.397843,
            870.8
          ],
          [
            -116.659875,
            47.397709,
            871.7
          ],
          [
            -116.659741,
            47.397566,
            872.7
          ],
          [
            -116.659618,
            47.397417,
            873.7
          ],
          [
            -116.65941,
            47.397105,
            875.5
          ],
          [
            -116.659327,
            47.396946,
            876.3
          ],
          [
            -116.659253,
            47.396775,
            877
          ],
          [
            -116.659193,
            47.396603,
            877.7
          ],
          [
            -116.659068,
            47.396066,
            880.1
          ],
          [
            -116.658958,
            47.395705,
            881.3
          ],
          [
            -116.658889,
            47.395527,
            881.9
          ],
          [
            -116.658736,
            47.395187,
            883.8
          ],
          [
            -116.658647,
            47.395021,
            885
          ],
          [
            -116.658348,
            47.394537,
            886.5
          ],
          [
            -116.658093,
            47.394219,
            886.4
          ],
          [
            -116.657945,
            47.394068,
            886.6
          ],
          [
            -116.65778,
            47.393921,
            886.1
          ],
          [
            -116.657598,
            47.393786,
            885.6
          ],
          [
            -116.657205,
            47.393537,
            883.9
          ],
          [
            -116.657024,
            47.393404,
            882.6
          ],
          [
            -116.656868,
            47.393256,
            881.7
          ],
          [
            -116.656735,
            47.393091,
            881
          ],
          [
            -116.656644,
            47.392923,
            880.3
          ],
          [
            -116.656578,
            47.39274,
            879.6
          ],
          [
            -116.656542,
            47.392566,
            879.3
          ],
          [
            -116.656506,
            47.392174,
            878.5
          ],
          [
            -116.656488,
            47.392092,
            878.1
          ],
          [
            -116.65649,
            47.391999,
            868
          ],
          [
            -116.656476,
            47.391967,
            878
          ],
          [
            -116.65649,
            47.391921,
            879.7
          ],
          [
            -116.656478,
            47.391585,
            879
          ],
          [
            -116.656492,
            47.391273,
            878
          ],
          [
            -116.656554,
            47.390897,
            877.2
          ],
          [
            -116.656624,
            47.390621,
            876.6
          ],
          [
            -116.657036,
            47.389221,
            874.4
          ],
          [
            -116.657252,
            47.388561,
            872.3
          ],
          [
            -116.657312,
            47.388395,
            871
          ],
          [
            -116.657391,
            47.388231,
            869.3
          ],
          [
            -116.657495,
            47.388072,
            868
          ],
          [
            -116.657625,
            47.387922,
            866.4
          ],
          [
            -116.657743,
            47.387807,
            865.5
          ],
          [
            -116.657953,
            47.387654,
            864.6
          ],
          [
            -116.658153,
            47.387541,
            863.7
          ],
          [
            -116.658322,
            47.387462,
            862.7
          ],
          [
            -116.658554,
            47.387377,
            861.3
          ],
          [
            -116.658799,
            47.38731,
            858.5
          ],
          [
            -116.659048,
            47.387262,
            857.1
          ],
          [
            -116.659365,
            47.387226,
            855.3
          ],
          [
            -116.660951,
            47.387176,
            847.2
          ],
          [
            -116.661213,
            47.387147,
            846
          ],
          [
            -116.661469,
            47.387095,
            845.1
          ],
          [
            -116.661695,
            47.387007,
            844.6
          ],
          [
            -116.66189,
            47.386898,
            843.8
          ],
          [
            -116.662343,
            47.386507,
            841.5
          ],
          [
            -116.662526,
            47.386411,
            840.6
          ],
          [
            -116.662717,
            47.386343,
            839.8
          ],
          [
            -116.662937,
            47.386299,
            839
          ],
          [
            -116.663207,
            47.386286,
            837.9
          ],
          [
            -116.663383,
            47.3863,
            836.8
          ],
          [
            -116.663596,
            47.386341,
            835.3
          ],
          [
            -116.664328,
            47.386577,
            830.6
          ],
          [
            -116.664568,
            47.386644,
            829.3
          ],
          [
            -116.664827,
            47.386689,
            828.6
          ],
          [
            -116.665038,
            47.386695,
            828.1
          ],
          [
            -116.665298,
            47.38667,
            828.1
          ],
          [
            -116.665532,
            47.386609,
            828.2
          ],
          [
            -116.665919,
            47.386411,
            826.9
          ],
          [
            -116.666083,
            47.386285,
            825.9
          ],
          [
            -116.666208,
            47.38614,
            824.5
          ],
          [
            -116.666415,
            47.385829,
            822.5
          ],
          [
            -116.666541,
            47.385678,
            822.2
          ],
          [
            -116.66685,
            47.385402,
            820.7
          ],
          [
            -116.667199,
            47.385141,
            819.2
          ],
          [
            -116.667359,
            47.385004,
            817.8
          ],
          [
            -116.667494,
            47.384852,
            816.6
          ],
          [
            -116.667583,
            47.384685,
            814.9
          ],
          [
            -116.667634,
            47.384511,
            813.4
          ],
          [
            -116.667732,
            47.383977,
            810.1
          ],
          [
            -116.66775,
            47.383796,
            809.2
          ],
          [
            -116.667739,
            47.383614,
            808.2
          ],
          [
            -116.667692,
            47.383434,
            807.1
          ],
          [
            -116.667627,
            47.383294,
            805.6
          ],
          [
            -116.667491,
            47.383091,
            804.3
          ],
          [
            -116.6663,
            47.381836,
            795.5
          ],
          [
            -116.666087,
            47.381652,
            794.8
          ],
          [
            -116.665882,
            47.381519,
            794.1
          ],
          [
            -116.665464,
            47.38131,
            792.2
          ],
          [
            -116.665246,
            47.381184,
            791
          ],
          [
            -116.665013,
            47.381007,
            789.8
          ],
          [
            -116.664537,
            47.38056,
            787.1
          ],
          [
            -116.664347,
            47.380415,
            785.8
          ],
          [
            -116.663703,
            47.380019,
            782.3
          ],
          [
            -116.663502,
            47.379877,
            781
          ],
          [
            -116.663317,
            47.379721,
            779.7
          ],
          [
            -116.663163,
            47.379555,
            778.5
          ],
          [
            -116.663033,
            47.379376,
            777.1
          ],
          [
            -116.6629,
            47.378996,
            774.6
          ],
          [
            -116.662865,
            47.378802,
            773.1
          ],
          [
            -116.662859,
            47.378608,
            771.8
          ],
          [
            -116.662879,
            47.378417,
            770.8
          ],
          [
            -116.662918,
            47.378225,
            769.7
          ],
          [
            -116.663026,
            47.377834,
            767.6
          ],
          [
            -116.663165,
            47.37745,
            765.1
          ],
          [
            -116.663247,
            47.377263,
            763.7
          ],
          [
            -116.663348,
            47.377076,
            762.5
          ],
          [
            -116.66359,
            47.376712,
            760.2
          ],
          [
            -116.664148,
            47.375996,
            755.6
          ],
          [
            -116.664757,
            47.375252,
            750.6
          ],
          [
            -116.664909,
            47.375081,
            749.3
          ],
          [
            -116.665071,
            47.374916,
            748
          ],
          [
            -116.666159,
            47.373956,
            740.7
          ],
          [
            -116.66631,
            47.373837,
            739.5
          ],
          [
            -116.666515,
            47.373693,
            738.3
          ],
          [
            -116.666733,
            47.373567,
            737
          ],
          [
            -116.666968,
            47.37346,
            736.1
          ],
          [
            -116.66883,
            47.372791,
            729
          ],
          [
            -116.670717,
            47.372143,
            721.5
          ],
          [
            -116.671245,
            47.37193,
            719.3
          ],
          [
            -116.67149,
            47.371804,
            718.1
          ],
          [
            -116.67172,
            47.371661,
            717.1
          ],
          [
            -116.671921,
            47.371506,
            715.6
          ],
          [
            -116.672098,
            47.371338,
            714.6
          ],
          [
            -116.6724,
            47.370978,
            712.6
          ],
          [
            -116.672962,
            47.370275,
            707.8
          ],
          [
            -116.67312,
            47.370132,
            706.9
          ],
          [
            -116.673289,
            47.37001,
            706.1
          ],
          [
            -116.673478,
            47.369926,
            705.5
          ],
          [
            -116.673706,
            47.369868,
            704.9
          ],
          [
            -116.673933,
            47.369839,
            704
          ],
          [
            -116.674158,
            47.369845,
            703.2
          ],
          [
            -116.674401,
            47.369868,
            702.1
          ],
          [
            -116.675173,
            47.369981,
            698.9
          ],
          [
            -116.675449,
            47.370001,
            698.2
          ],
          [
            -116.675722,
            47.370004,
            697.6
          ],
          [
            -116.676,
            47.369989,
            697.2
          ],
          [
            -116.676268,
            47.369956,
            696.7
          ],
          [
            -116.677321,
            47.369777,
            692.9
          ],
          [
            -116.677853,
            47.369664,
            690.9
          ],
          [
            -116.678111,
            47.369594,
            690.3
          ],
          [
            -116.678552,
            47.369423,
            688.5
          ],
          [
            -116.678788,
            47.369318,
            687.7
          ],
          [
            -116.679056,
            47.369176,
            687
          ],
          [
            -116.679229,
            47.369071,
            686.3
          ],
          [
            -116.679429,
            47.368933,
            685.8
          ],
          [
            -116.679615,
            47.368786,
            684.6
          ],
          [
            -116.679785,
            47.368624,
            682.1
          ],
          [
            -116.679959,
            47.368417,
            681
          ],
          [
            -116.680057,
            47.368272,
            679.6
          ],
          [
            -116.680162,
            47.368082,
            679.2
          ],
          [
            -116.680248,
            47.367887,
            679.1
          ],
          [
            -116.680314,
            47.367684,
            678.3
          ],
          [
            -116.680361,
            47.367479,
            676.3
          ],
          [
            -116.680386,
            47.367273,
            674.1
          ],
          [
            -116.68039,
            47.367065,
            672.4
          ],
          [
            -116.680369,
            47.366858,
            670.7
          ],
          [
            -116.680332,
            47.366647,
            668.7
          ],
          [
            -116.680192,
            47.366032,
            664.8
          ],
          [
            -116.68016,
            47.365832,
            663.1
          ],
          [
            -116.680153,
            47.365628,
            662.1
          ],
          [
            -116.680186,
            47.365433,
            660.8
          ],
          [
            -116.680265,
            47.365244,
            659.9
          ],
          [
            -116.680409,
            47.365037,
            658.9
          ],
          [
            -116.680812,
            47.364594,
            657.5
          ],
          [
            -116.680927,
            47.36443,
            657.5
          ],
          [
            -116.681006,
            47.364263,
            657.5
          ],
          [
            -116.681051,
            47.364092,
            657.3
          ],
          [
            -116.681055,
            47.363921,
            657.3
          ],
          [
            -116.681017,
            47.363752,
            657.2
          ],
          [
            -116.680946,
            47.363584,
            657.1
          ],
          [
            -116.680449,
            47.362733,
            658.7
          ],
          [
            -116.67989,
            47.361843,
            659.1
          ],
          [
            -116.679678,
            47.361473,
            659.3
          ],
          [
            -116.67949,
            47.361091,
            659.3
          ],
          [
            -116.679241,
            47.360511,
            658.7
          ],
          [
            -116.679052,
            47.360122,
            658.6
          ],
          [
            -116.678123,
            47.358446,
            657.6
          ],
          [
            -116.67768,
            47.35768,
            657.6
          ],
          [
            -116.677441,
            47.357301,
            657.5
          ],
          [
            -116.677181,
            47.356924,
            657.2
          ],
          [
            -116.677039,
            47.356738,
            657
          ],
          [
            -116.673298,
            47.352161,
            656.1
          ],
          [
            -116.67298,
            47.351802,
            656.3
          ],
          [
            -116.67281,
            47.351624,
            656.3
          ],
          [
            -116.672488,
            47.351314,
            656.2
          ],
          [
            -116.671908,
            47.350816,
            656
          ],
          [
            -116.669441,
            47.348877,
            655.2
          ],
          [
            -116.669281,
            47.348762,
            655.1
          ],
          [
            -116.669067,
            47.348626,
            654.9
          ],
          [
            -116.668783,
            47.348476,
            654.6
          ],
          [
            -116.668581,
            47.348391,
            654.3
          ],
          [
            -116.668256,
            47.348279,
            654.3
          ],
          [
            -116.66803,
            47.348218,
            654.3
          ],
          [
            -116.667732,
            47.348154,
            654.7
          ],
          [
            -116.667109,
            47.348081,
            655.1
          ],
          [
            -116.666454,
            47.348032,
            654.6
          ],
          [
            -116.666128,
            47.347995,
            654.5
          ],
          [
            -116.663518,
            47.347878,
            655.4
          ],
          [
            -116.662847,
            47.34786,
            655.7
          ],
          [
            -116.660538,
            47.347769,
            656.7
          ],
          [
            -116.658302,
            47.347665,
            656.6
          ],
          [
            -116.657299,
            47.347639,
            656.8
          ],
          [
            -116.65623,
            47.347634,
            656.7
          ],
          [
            -116.653283,
            47.347702,
            656.6
          ],
          [
            -116.648956,
            47.347693,
            655.7
          ],
          [
            -116.645479,
            47.34772,
            655.3
          ],
          [
            -116.644888,
            47.347753,
            655.5
          ],
          [
            -116.644591,
            47.347789,
            655.6
          ],
          [
            -116.644009,
            47.347893,
            655.6
          ],
          [
            -116.642851,
            47.348137,
            656.3
          ],
          [
            -116.642272,
            47.348224,
            656.4
          ],
          [
            -116.641979,
            47.348251,
            656.5
          ],
          [
            -116.641678,
            47.348267,
            656.3
          ],
          [
            -116.641081,
            47.348272,
            655.2
          ],
          [
            -116.639617,
            47.348238,
            654.3
          ],
          [
            -116.639391,
            47.34822,
            653.9
          ],
          [
            -116.63906,
            47.348153,
            653.7
          ],
          [
            -116.638832,
            47.348138,
            653.7
          ],
          [
            -116.638558,
            47.348078,
            653.3
          ],
          [
            -116.638031,
            47.347929,
            653.1
          ],
          [
            -116.637758,
            47.347786,
            653.1
          ],
          [
            -116.636553,
            47.347378,
            653.8
          ],
          [
            -116.636119,
            47.347261,
            654.2
          ],
          [
            -116.635852,
            47.347257,
            654.1
          ],
          [
            -116.635608,
            47.347227,
            654.3
          ],
          [
            -116.63536,
            47.347222,
            654.3
          ],
          [
            -116.635105,
            47.347239,
            654.1
          ],
          [
            -116.633801,
            47.347398,
            655
          ],
          [
            -116.63327,
            47.347444,
            654.7
          ],
          [
            -116.632748,
            47.347472,
            654.6
          ],
          [
            -116.630893,
            47.347378,
            655.1
          ],
          [
            -116.630078,
            47.347313,
            655.4
          ],
          [
            -116.628183,
            47.34706,
            654.6
          ],
          [
            -116.627668,
            47.346965,
            654.2
          ],
          [
            -116.627433,
            47.346899,
            654.3
          ],
          [
            -116.626735,
            47.346667,
            654.8
          ],
          [
            -116.626499,
            47.346607,
            655
          ],
          [
            -116.626246,
            47.346567,
            655
          ],
          [
            -116.625751,
            47.346549,
            655
          ],
          [
            -116.625507,
            47.346565,
            655.2
          ],
          [
            -116.625267,
            47.346604,
            655.2
          ],
          [
            -116.624554,
            47.346769,
            654.7
          ],
          [
            -116.624304,
            47.346815,
            655.3
          ],
          [
            -116.624052,
            47.346851,
            655.5
          ],
          [
            -116.623588,
            47.346889,
            656
          ],
          [
            -116.623269,
            47.346899,
            656.3
          ],
          [
            -116.622797,
            47.346888,
            656.3
          ],
          [
            -116.621978,
            47.346826,
            655.7
          ],
          [
            -116.621774,
            47.346799,
            655.3
          ],
          [
            -116.621531,
            47.346748,
            655
          ],
          [
            -116.621288,
            47.346682,
            654.8
          ],
          [
            -116.621011,
            47.346588,
            654.7
          ],
          [
            -116.620623,
            47.346413,
            654.5
          ],
          [
            -116.620415,
            47.346299,
            654.4
          ],
          [
            -116.620186,
            47.346151,
            654.1
          ],
          [
            -116.620038,
            47.346042,
            653.8
          ],
          [
            -116.619833,
            47.345869,
            653.7
          ],
          [
            -116.619685,
            47.345716,
            653.7
          ],
          [
            -116.619427,
            47.345397,
            653.6
          ],
          [
            -116.61896,
            47.344758,
            654
          ],
          [
            -116.618789,
            47.344565,
            654.1
          ],
          [
            -116.618656,
            47.344445,
            654.3
          ],
          [
            -116.618471,
            47.344307,
            654.3
          ],
          [
            -116.618047,
            47.344065,
            654.2
          ],
          [
            -116.6176,
            47.343843,
            653.8
          ],
          [
            -116.617355,
            47.343743,
            653.5
          ],
          [
            -116.61454,
            47.342319,
            656.1
          ],
          [
            -116.614296,
            47.342209,
            656
          ],
          [
            -116.614042,
            47.342112,
            656
          ],
          [
            -116.613774,
            47.342031,
            656
          ],
          [
            -116.613497,
            47.341964,
            656
          ],
          [
            -116.611225,
            47.341479,
            658
          ],
          [
            -116.610683,
            47.341348,
            659.5
          ],
          [
            -116.610429,
            47.341263,
            660.4
          ],
          [
            -116.610197,
            47.341161,
            661.2
          ],
          [
            -116.609839,
            47.34089,
            662.9
          ],
          [
            -116.609498,
            47.340605,
            665.2
          ],
          [
            -116.609313,
            47.340474,
            666.3
          ],
          [
            -116.609105,
            47.340358,
            667.4
          ],
          [
            -116.608654,
            47.340178,
            669.6
          ],
          [
            -116.608425,
            47.340113,
            670.8
          ],
          [
            -116.608186,
            47.340067,
            672.1
          ],
          [
            -116.607937,
            47.340037,
            673
          ],
          [
            -116.606922,
            47.33996,
            674.7
          ],
          [
            -116.606725,
            47.339932,
            674.8
          ],
          [
            -116.606476,
            47.339881,
            674.9
          ],
          [
            -116.606237,
            47.339812,
            675
          ],
          [
            -116.60601,
            47.339727,
            674.9
          ],
          [
            -116.60577,
            47.339587,
            675
          ],
          [
            -116.604533,
            47.338915,
            678.5
          ],
          [
            -116.603875,
            47.338571,
            681.1
          ],
          [
            -116.603185,
            47.338291,
            684.2
          ],
          [
            -116.602469,
            47.338045,
            686.1
          ],
          [
            -116.600978,
            47.337599,
            684
          ],
          [
            -116.600721,
            47.337537,
            683.6
          ],
          [
            -116.600452,
            47.337488,
            683
          ],
          [
            -116.599661,
            47.337387,
            680.7
          ],
          [
            -116.599413,
            47.337331,
            679.7
          ],
          [
            -116.599188,
            47.337251,
            679
          ],
          [
            -116.598984,
            47.337141,
            678.6
          ],
          [
            -116.598809,
            47.33701,
            678.2
          ],
          [
            -116.598709,
            47.336845,
            677.5
          ],
          [
            -116.59859,
            47.336685,
            676.6
          ],
          [
            -116.598495,
            47.336517,
            675.2
          ],
          [
            -116.598422,
            47.336341,
            673.1
          ],
          [
            -116.598334,
            47.335979,
            671.2
          ],
          [
            -116.59828,
            47.335798,
            670.3
          ],
          [
            -116.598205,
            47.335617,
            669.6
          ],
          [
            -116.598095,
            47.335441,
            668.8
          ],
          [
            -116.59796,
            47.335278,
            668.1
          ],
          [
            -116.597613,
            47.334987,
            666.7
          ],
          [
            -116.59741,
            47.334854,
            666.2
          ],
          [
            -116.597188,
            47.334736,
            665.5
          ],
          [
            -116.596955,
            47.334638,
            664.6
          ],
          [
            -116.596434,
            47.334475,
            662.5
          ],
          [
            -116.595132,
            47.334145,
            658.2
          ],
          [
            -116.594613,
            47.333982,
            657.6
          ],
          [
            -116.594112,
            47.333791,
            657
          ],
          [
            -116.593629,
            47.333567,
            656.5
          ],
          [
            -116.593119,
            47.333291,
            655.9
          ],
          [
            -116.591293,
            47.332247,
            653.7
          ],
          [
            -116.58969,
            47.331312,
            653.3
          ],
          [
            -116.587865,
            47.330273,
            654.2
          ],
          [
            -116.587426,
            47.330004,
            654.8
          ],
          [
            -116.587225,
            47.329866,
            655
          ],
          [
            -116.586708,
            47.329417,
            655.7
          ],
          [
            -116.585878,
            47.328675,
            656.6
          ],
          [
            -116.585576,
            47.328381,
            656.4
          ],
          [
            -116.585313,
            47.328077,
            656.3
          ],
          [
            -116.585085,
            47.327776,
            656.2
          ],
          [
            -116.584806,
            47.32736,
            656.3
          ],
          [
            -116.584607,
            47.327032,
            656.1
          ],
          [
            -116.584468,
            47.326756,
            655.6
          ],
          [
            -116.584357,
            47.326433,
            655.5
          ],
          [
            -116.584283,
            47.326094,
            655.3
          ],
          [
            -116.584235,
            47.325564,
            655
          ],
          [
            -116.584173,
            47.325203,
            654.9
          ],
          [
            -116.584116,
            47.325028,
            654.7
          ],
          [
            -116.583951,
            47.324688,
            654.7
          ],
          [
            -116.583854,
            47.324524,
            654.7
          ],
          [
            -116.583738,
            47.324363,
            654.7
          ],
          [
            -116.583608,
            47.32421,
            654.7
          ],
          [
            -116.583462,
            47.324064,
            655
          ],
          [
            -116.583299,
            47.323922,
            655
          ],
          [
            -116.583125,
            47.323792,
            654.9
          ],
          [
            -116.582934,
            47.323668,
            654.9
          ],
          [
            -116.582735,
            47.323555,
            654.8
          ],
          [
            -116.58229,
            47.323355,
            654.3
          ],
          [
            -116.581802,
            47.32322,
            654.5
          ],
          [
            -116.581553,
            47.323164,
            654.6
          ],
          [
            -116.581299,
            47.323122,
            654.5
          ],
          [
            -116.581035,
            47.323091,
            654.4
          ],
          [
            -116.580502,
            47.32305,
            653.8
          ],
          [
            -116.580162,
            47.323054,
            653.7
          ],
          [
            -116.578227,
            47.32292,
            654.6
          ],
          [
            -116.575957,
            47.322748,
            655.4
          ],
          [
            -116.575081,
            47.322672,
            655.4
          ],
          [
            -116.570961,
            47.322237,
            654.9
          ],
          [
            -116.570226,
            47.322149,
            654.7
          ],
          [
            -116.569515,
            47.322035,
            654.1
          ],
          [
            -116.567417,
            47.32166,
            653
          ],
          [
            -116.566777,
            47.321509,
            652.9
          ],
          [
            -116.566394,
            47.321379,
            652.7
          ],
          [
            -116.566037,
            47.321225,
            652.7
          ],
          [
            -116.565699,
            47.321051,
            652.8
          ],
          [
            -116.565538,
            47.320958,
            653
          ],
          [
            -116.5654,
            47.320849,
            653.1
          ],
          [
            -116.564043,
            47.319968,
            652.9
          ],
          [
            -116.563711,
            47.31979,
            653.2
          ],
          [
            -116.563534,
            47.319714,
            653.6
          ],
          [
            -116.562944,
            47.319535,
            654.4
          ],
          [
            -116.562516,
            47.319433,
            654.7
          ],
          [
            -116.561877,
            47.319307,
            654.9
          ],
          [
            -116.561523,
            47.319219,
            654.9
          ],
          [
            -116.561348,
            47.319141,
            654.7
          ],
          [
            -116.561163,
            47.319042,
            655.1
          ],
          [
            -116.561058,
            47.318967,
            655.7
          ],
          [
            -116.560951,
            47.318864,
            656.1
          ],
          [
            -116.560876,
            47.318759,
            656.2
          ],
          [
            -116.560816,
            47.318645,
            656.2
          ],
          [
            -116.56077,
            47.31841,
            656.1
          ],
          [
            -116.560822,
            47.3182,
            656.3
          ],
          [
            -116.560873,
            47.318092,
            656.7
          ],
          [
            -116.560936,
            47.317987,
            656.9
          ],
          [
            -116.561089,
            47.317778,
            657.6
          ],
          [
            -116.561621,
            47.317126,
            660.4
          ],
          [
            -116.561668,
            47.317034,
            660.8
          ],
          [
            -116.56206,
            47.316575,
            661.6
          ],
          [
            -116.562126,
            47.316514,
            661.7
          ],
          [
            -116.562198,
            47.316467,
            661.8
          ],
          [
            -116.562288,
            47.316429,
            661.9
          ],
          [
            -116.562386,
            47.316442,
            662.1
          ],
          [
            -116.562615,
            47.316439,
            662.1
          ],
          [
            -116.562735,
            47.31638,
            661.7
          ],
          [
            -116.562866,
            47.316386,
            661.3
          ],
          [
            -116.562987,
            47.316442,
            660.6
          ],
          [
            -116.563097,
            47.316469,
            660.1
          ],
          [
            -116.563473,
            47.316638,
            658.5
          ],
          [
            -116.563495,
            47.31666,
            658.3
          ],
          [
            -116.563486,
            47.317687,
            658
          ],
          [
            -116.563632,
            47.31773,
            657.6
          ],
          [
            -116.564349,
            47.318053,
            655.1
          ],
          [
            -116.564656,
            47.318262,
            654.8
          ],
          [
            -116.565804,
            47.318984,
            654.3
          ],
          [
            -116.566046,
            47.3191,
            654.2
          ],
          [
            -116.566354,
            47.319154,
            653.9
          ],
          [
            -116.566689,
            47.319179,
            653.8
          ],
          [
            -116.568517,
            47.319198,
            653.8
          ],
          [
            -116.569024,
            47.319221,
            653.5
          ],
          [
            -116.569188,
            47.319244,
            653.3
          ],
          [
            -116.56936,
            47.319297,
            653.1
          ],
          [
            -116.569474,
            47.31931,
            652.9
          ],
          [
            -116.569756,
            47.319394,
            652.7
          ],
          [
            -116.569815,
            47.319428,
            652.8
          ],
          [
            -116.569962,
            47.319463,
            653
          ],
          [
            -116.570051,
            47.319371,
            653.1
          ],
          [
            -116.570024,
            47.319306,
            653.2
          ],
          [
            -116.570039,
            47.318938,
            654.8
          ],
          [
            -116.57004,
            47.318566,
            655.6
          ],
          [
            -116.570059,
            47.318472,
            655.9
          ],
          [
            -116.570018,
            47.318067,
            657.4
          ],
          [
            -116.569956,
            47.316951,
            663.2
          ],
          [
            -116.569964,
            47.316367,
            666
          ],
          [
            -116.569947,
            47.316317,
            668
          ],
          [
            -116.57007,
            47.316288,
            668.1
          ],
          [
            -116.570134,
            47.316283,
            667.9
          ],
          [
            -116.570224,
            47.316298,
            667.7
          ],
          [
            -116.572538,
            47.316323,
            663.9
          ],
          [
            -116.572687,
            47.316297,
            663.8
          ],
          [
            -116.572835,
            47.316298,
            663.6
          ],
          [
            -116.572988,
            47.316327,
            663.6
          ],
          [
            -116.573292,
            47.31633,
            663.4
          ],
          [
            -116.573438,
            47.316315,
            663.4
          ],
          [
            -116.57471,
            47.316339,
            662.5
          ],
          [
            -116.575251,
            47.316336,
            662.4
          ],
          [
            -116.57554,
            47.316303,
            662.3
          ],
          [
            -116.576144,
            47.316145,
            661.6
          ],
          [
            -116.576487,
            47.316097,
            661.6
          ],
          [
            -116.57706,
            47.316079,
            661.9
          ],
          [
            -116.581392,
            47.31605,
            662.7
          ],
          [
            -116.581782,
            47.316111,
            663.3
          ],
          [
            -116.581961,
            47.316163,
            663.8
          ],
          [
            -116.582131,
            47.316228,
            664.2
          ],
          [
            -116.582289,
            47.316306,
            664.6
          ],
          [
            -116.58258,
            47.31649,
            666.1
          ],
          [
            -116.583304,
            47.317,
            669.4
          ],
          [
            -116.584424,
            47.317825,
            676.3
          ],
          [
            -116.584579,
            47.317927,
            677.1
          ],
          [
            -116.584752,
            47.318014,
            677.7
          ],
          [
            -116.584932,
            47.318081,
            678.3
          ],
          [
            -116.585328,
            47.318163,
            679.9
          ],
          [
            -116.585526,
            47.318184,
            680.4
          ],
          [
            -116.585716,
            47.31819,
            681
          ],
          [
            -116.586225,
            47.318193,
            682.8
          ],
          [
            -116.586671,
            47.31818,
            684
          ],
          [
            -116.587053,
            47.318147,
            684.8
          ],
          [
            -116.587269,
            47.318111,
            685.1
          ],
          [
            -116.587484,
            47.318062,
            685.3
          ],
          [
            -116.587738,
            47.31799,
            685.3
          ],
          [
            -116.590843,
            47.316931,
            687
          ],
          [
            -116.591064,
            47.31687,
            687.3
          ],
          [
            -116.591294,
            47.31683,
            686.9
          ],
          [
            -116.591531,
            47.316817,
            686.8
          ],
          [
            -116.591767,
            47.316837,
            686.8
          ],
          [
            -116.591997,
            47.31689,
            687
          ],
          [
            -116.592655,
            47.317118,
            687.6
          ],
          [
            -116.592889,
            47.317175,
            687.7
          ],
          [
            -116.593635,
            47.317286,
            688.1
          ],
          [
            -116.593886,
            47.317333,
            688.2
          ],
          [
            -116.594109,
            47.317421,
            688.1
          ],
          [
            -116.594308,
            47.31753,
            688
          ],
          [
            -116.59468,
            47.317784,
            688.1
          ],
          [
            -116.59489,
            47.317908,
            687.6
          ],
          [
            -116.595117,
            47.318015,
            687.5
          ],
          [
            -116.595365,
            47.318103,
            687.2
          ],
          [
            -116.59589,
            47.318233,
            686.3
          ],
          [
            -116.596161,
            47.318287,
            685.9
          ],
          [
            -116.59839,
            47.318689,
            684.4
          ],
          [
            -116.59891,
            47.318759,
            684.1
          ],
          [
            -116.599201,
            47.318783,
            683.7
          ],
          [
            -116.599504,
            47.31879,
            683.6
          ],
          [
            -116.59986,
            47.31878,
            683.2
          ],
          [
            -116.602716,
            47.318634,
            680.4
          ],
          [
            -116.602984,
            47.318606,
            679.9
          ],
          [
            -116.603246,
            47.318555,
            679.4
          ],
          [
            -116.603488,
            47.31848,
            679.1
          ],
          [
            -116.603884,
            47.318237,
            678.8
          ],
          [
            -116.604255,
            47.317957,
            678.9
          ],
          [
            -116.604465,
            47.317821,
            679
          ],
          [
            -116.606788,
            47.316004,
            676.4
          ],
          [
            -116.606995,
            47.315864,
            676.3
          ],
          [
            -116.607231,
            47.315738,
            676.4
          ],
          [
            -116.607493,
            47.315641,
            676.6
          ],
          [
            -116.60777,
            47.315575,
            676.8
          ],
          [
            -116.608067,
            47.31556,
            676.9
          ],
          [
            -116.608366,
            47.315518,
            676.9
          ],
          [
            -116.609582,
            47.315524,
            674.2
          ],
          [
            -116.609884,
            47.315567,
            673.2
          ],
          [
            -116.610815,
            47.315575,
            670.7
          ],
          [
            -116.611132,
            47.315595,
            669.8
          ],
          [
            -116.611437,
            47.315638,
            669.1
          ],
          [
            -116.611729,
            47.315703,
            667.9
          ],
          [
            -116.612009,
            47.315794,
            666.3
          ],
          [
            -116.612224,
            47.315883,
            665
          ],
          [
            -116.612526,
            47.316044,
            663.6
          ],
          [
            -116.614769,
            47.317416,
            655.7
          ],
          [
            -116.614998,
            47.317575,
            656
          ],
          [
            -116.615215,
            47.317742,
            656.2
          ],
          [
            -116.615623,
            47.318099,
            657.5
          ],
          [
            -116.615993,
            47.318469,
            659.8
          ],
          [
            -116.617105,
            47.319536,
            667.1
          ],
          [
            -116.617348,
            47.319672,
            668.1
          ],
          [
            -116.617486,
            47.319853,
            669.1
          ],
          [
            -116.617603,
            47.32004,
            670.2
          ],
          [
            -116.617696,
            47.32023,
            671
          ],
          [
            -116.617774,
            47.320423,
            671.9
          ],
          [
            -116.617952,
            47.320989,
            674.5
          ],
          [
            -116.618038,
            47.321161,
            675.4
          ],
          [
            -116.618155,
            47.321315,
            676.1
          ],
          [
            -116.618309,
            47.321453,
            676.6
          ],
          [
            -116.61849,
            47.32157,
            676.6
          ],
          [
            -116.618699,
            47.321662,
            676.3
          ],
          [
            -116.618928,
            47.321727,
            676.1
          ],
          [
            -116.61917,
            47.321764,
            675.6
          ],
          [
            -116.61986,
            47.321778,
            672.9
          ],
          [
            -116.620066,
            47.321813,
            672
          ],
          [
            -116.620252,
            47.32188,
            671.2
          ],
          [
            -116.620403,
            47.32198,
            671.1
          ],
          [
            -116.620507,
            47.322105,
            670.9
          ],
          [
            -116.620556,
            47.322244,
            670.7
          ],
          [
            -116.620549,
            47.322388,
            670.8
          ],
          [
            -116.620483,
            47.322528,
            670.5
          ],
          [
            -116.620373,
            47.322663,
            670.4
          ],
          [
            -116.62008,
            47.322922,
            670.7
          ],
          [
            -116.61995,
            47.323054,
            671.2
          ],
          [
            -116.619844,
            47.323194,
            671.9
          ],
          [
            -116.619762,
            47.323349,
            672.6
          ],
          [
            -116.619722,
            47.323506,
            673.6
          ],
          [
            -116.619722,
            47.323637,
            674.1
          ],
          [
            -116.619776,
            47.323833,
            674.4
          ],
          [
            -116.619844,
            47.323962,
            674.4
          ],
          [
            -116.61996,
            47.324113,
            674.8
          ],
          [
            -116.620256,
            47.324404,
            675.8
          ],
          [
            -116.620899,
            47.324994,
            676.1
          ],
          [
            -116.621288,
            47.325316,
            676
          ],
          [
            -116.621445,
            47.325423,
            676.1
          ],
          [
            -116.621703,
            47.325572,
            675.7
          ],
          [
            -116.622346,
            47.3259,
            673.4
          ],
          [
            -116.622565,
            47.326036,
            672.5
          ],
          [
            -116.622767,
            47.326188,
            672.2
          ],
          [
            -116.62295,
            47.326355,
            672.1
          ],
          [
            -116.62311,
            47.32653,
            671.9
          ],
          [
            -116.623375,
            47.326898,
            670.7
          ],
          [
            -116.623516,
            47.327071,
            670
          ],
          [
            -116.623689,
            47.327238,
            669.7
          ],
          [
            -116.623888,
            47.327395,
            668.8
          ],
          [
            -116.624102,
            47.327544,
            667.8
          ],
          [
            -116.624332,
            47.327682,
            666.1
          ],
          [
            -116.624843,
            47.327938,
            664.3
          ],
          [
            -116.625644,
            47.328285,
            664
          ],
          [
            -116.625919,
            47.328387,
            664.4
          ],
          [
            -116.626481,
            47.328558,
            665.5
          ],
          [
            -116.626781,
            47.328622,
            666.2
          ],
          [
            -116.627375,
            47.328716,
            667.3
          ],
          [
            -116.628528,
            47.328817,
            669.4
          ],
          [
            -116.629069,
            47.32888,
            669.9
          ],
          [
            -116.629321,
            47.328928,
            670.2
          ],
          [
            -116.629794,
            47.329043,
            670.4
          ],
          [
            -116.630025,
            47.329082,
            670.9
          ],
          [
            -116.630257,
            47.329093,
            671.1
          ],
          [
            -116.631111,
            47.328904,
            670.7
          ],
          [
            -116.631618,
            47.328873,
            670.9
          ],
          [
            -116.631921,
            47.328899,
            671
          ],
          [
            -116.632119,
            47.328941,
            671.4
          ],
          [
            -116.63279,
            47.329159,
            672.9
          ],
          [
            -116.633052,
            47.329215,
            673.1
          ],
          [
            -116.633235,
            47.329231,
            673.3
          ],
          [
            -116.633463,
            47.329222,
            673.3
          ],
          [
            -116.633684,
            47.329187,
            673.1
          ],
          [
            -116.63388,
            47.329106,
            672.9
          ],
          [
            -116.634107,
            47.328992,
            672.8
          ],
          [
            -116.634433,
            47.328786,
            672.7
          ],
          [
            -116.634625,
            47.328681,
            672.6
          ],
          [
            -116.634991,
            47.328458,
            672.3
          ],
          [
            -116.635181,
            47.328361,
            671.9
          ],
          [
            -116.63538,
            47.328275,
            671.7
          ],
          [
            -116.635598,
            47.328216,
            671.4
          ],
          [
            -116.63583,
            47.328192,
            671.1
          ],
          [
            -116.636066,
            47.328206,
            671.1
          ],
          [
            -116.636276,
            47.328273,
            671.2
          ],
          [
            -116.636482,
            47.328396,
            671.1
          ],
          [
            -116.636587,
            47.328494,
            671
          ],
          [
            -116.636692,
            47.328634,
            671.2
          ],
          [
            -116.636919,
            47.329128,
            671.1
          ],
          [
            -116.637036,
            47.329289,
            670.9
          ],
          [
            -116.637198,
            47.329429,
            670.8
          ],
          [
            -116.637397,
            47.329537,
            670.7
          ],
          [
            -116.637609,
            47.329614,
            670.5
          ],
          [
            -116.63807,
            47.329675,
            669.9
          ],
          [
            -116.638301,
            47.329668,
            669.5
          ],
          [
            -116.638526,
            47.329628,
            668.9
          ],
          [
            -116.638747,
            47.329559,
            668.4
          ],
          [
            -116.638953,
            47.329472,
            667.7
          ],
          [
            -116.639769,
            47.329042,
            666.7
          ],
          [
            -116.640187,
            47.328841,
            666.3
          ],
          [
            -116.640414,
            47.32876,
            666.3
          ],
          [
            -116.640653,
            47.328699,
            666
          ],
          [
            -116.640906,
            47.328659,
            665.8
          ],
          [
            -116.641423,
            47.328618,
            665.6
          ],
          [
            -116.641939,
            47.328606,
            664.7
          ],
          [
            -116.642133,
            47.328639,
            664.1
          ],
          [
            -116.642361,
            47.328694,
            663.8
          ],
          [
            -116.642552,
            47.328774,
            663.9
          ],
          [
            -116.642713,
            47.328878,
            664.2
          ],
          [
            -116.642871,
            47.329028,
            664.4
          ],
          [
            -116.642942,
            47.329135,
            665
          ],
          [
            -116.643011,
            47.329283,
            665.6
          ],
          [
            -116.643058,
            47.329448,
            666.2
          ],
          [
            -116.643251,
            47.330312,
            668.3
          ],
          [
            -116.643301,
            47.330479,
            669
          ],
          [
            -116.643383,
            47.330644,
            669.8
          ],
          [
            -116.643506,
            47.330799,
            670.9
          ],
          [
            -116.64366,
            47.33093,
            671.6
          ],
          [
            -116.643851,
            47.331045,
            672.1
          ],
          [
            -116.644291,
            47.33121,
            673.3
          ],
          [
            -116.644529,
            47.33127,
            673.6
          ],
          [
            -116.644774,
            47.331303,
            674.3
          ],
          [
            -116.645023,
            47.331308,
            674.9
          ],
          [
            -116.645275,
            47.331284,
            675.3
          ],
          [
            -116.645519,
            47.331232,
            675.9
          ],
          [
            -116.645747,
            47.331157,
            676.3
          ],
          [
            -116.645965,
            47.331062,
            676.8
          ],
          [
            -116.646571,
            47.330755,
            678.4
          ],
          [
            -116.646768,
            47.330671,
            679.1
          ],
          [
            -116.646974,
            47.330602,
            679.4
          ],
          [
            -116.64719,
            47.330556,
            679.7
          ],
          [
            -116.647425,
            47.330533,
            679.8
          ],
          [
            -116.647668,
            47.33054,
            680.2
          ],
          [
            -116.647902,
            47.330573,
            680.4
          ],
          [
            -116.648374,
            47.330676,
            681.7
          ],
          [
            -116.648617,
            47.330712,
            682.5
          ],
          [
            -116.648869,
            47.330731,
            683.4
          ],
          [
            -116.649122,
            47.330731,
            684.2
          ],
          [
            -116.650406,
            47.33064,
            687.8
          ],
          [
            -116.650665,
            47.330607,
            688.6
          ],
          [
            -116.650919,
            47.330557,
            689.6
          ],
          [
            -116.651122,
            47.330505,
            690.5
          ],
          [
            -116.652682,
            47.330004,
            694.8
          ],
          [
            -116.653151,
            47.329882,
            696.3
          ],
          [
            -116.653424,
            47.329828,
            697.1
          ],
          [
            -116.654031,
            47.329748,
            698.1
          ],
          [
            -116.655315,
            47.329616,
            702.5
          ],
          [
            -116.655563,
            47.329601,
            703.1
          ],
          [
            -116.655803,
            47.329627,
            704
          ],
          [
            -116.656013,
            47.329684,
            704.3
          ],
          [
            -116.656186,
            47.329768,
            704.8
          ],
          [
            -116.656327,
            47.329878,
            705.4
          ],
          [
            -116.65645,
            47.330004,
            706.3
          ],
          [
            -116.656568,
            47.330149,
            707.1
          ],
          [
            -116.6577,
            47.33157,
            716.6
          ],
          [
            -116.65783,
            47.331713,
            717.5
          ],
          [
            -116.657981,
            47.331851,
            718.5
          ],
          [
            -116.65817,
            47.331971,
            719.4
          ],
          [
            -116.658378,
            47.332068,
            720.3
          ],
          [
            -116.658601,
            47.33214,
            721.1
          ],
          [
            -116.658841,
            47.332194,
            721.7
          ],
          [
            -116.65933,
            47.332288,
            723.3
          ],
          [
            -116.662238,
            47.332789,
            730.6
          ],
          [
            -116.662761,
            47.332897,
            732.1
          ],
          [
            -116.66323,
            47.333018,
            733.2
          ],
          [
            -116.663719,
            47.333197,
            734.5
          ],
          [
            -116.663989,
            47.333257,
            735.3
          ],
          [
            -116.664207,
            47.333383,
            735.9
          ],
          [
            -116.664404,
            47.333528,
            736.8
          ],
          [
            -116.664623,
            47.333721,
            737.8
          ],
          [
            -116.66463,
            47.333903,
            738.7
          ],
          [
            -116.665543,
            47.334962,
            743.6
          ],
          [
            -116.665856,
            47.335296,
            745.4
          ],
          [
            -116.666031,
            47.335456,
            746.2
          ],
          [
            -116.666408,
            47.335757,
            747.8
          ],
          [
            -116.6677,
            47.336707,
            753.4
          ],
          [
            -116.667888,
            47.336836,
            754.2
          ],
          [
            -116.66808,
            47.336947,
            755.2
          ],
          [
            -116.668499,
            47.337122,
            756.1
          ],
          [
            -116.668918,
            47.337246,
            756.7
          ],
          [
            -116.669599,
            47.337405,
            757.3
          ],
          [
            -116.669944,
            47.337501,
            757.3
          ],
          [
            -116.67012,
            47.337539,
            757.2
          ],
          [
            -116.670209,
            47.337547,
            757.3
          ],
          [
            -116.670694,
            47.337571,
            756.6
          ],
          [
            -116.670847,
            47.337567,
            756.2
          ],
          [
            -116.671009,
            47.33755,
            755.7
          ],
          [
            -116.671323,
            47.337446,
            754.7
          ],
          [
            -116.67148,
            47.337381,
            754.1
          ],
          [
            -116.671634,
            47.337299,
            753.3
          ],
          [
            -116.671775,
            47.337201,
            752.5
          ],
          [
            -116.67218,
            47.336876,
            749.5
          ],
          [
            -116.672375,
            47.336737,
            748.2
          ],
          [
            -116.672986,
            47.336221,
            743.1
          ],
          [
            -116.673996,
            47.335404,
            735.4
          ],
          [
            -116.674322,
            47.335156,
            732.6
          ],
          [
            -116.674519,
            47.335022,
            731.1
          ],
          [
            -116.674726,
            47.3349,
            729.6
          ],
          [
            -116.674948,
            47.334785,
            728.4
          ],
          [
            -116.676139,
            47.334277,
            721.9
          ],
          [
            -116.676589,
            47.334063,
            719.5
          ],
          [
            -116.676803,
            47.333949,
            718.3
          ],
          [
            -116.677004,
            47.333828,
            717.4
          ],
          [
            -116.677192,
            47.333693,
            716.2
          ],
          [
            -116.677349,
            47.333547,
            715.2
          ],
          [
            -116.677486,
            47.333391,
            714
          ],
          [
            -116.677727,
            47.333057,
            712.2
          ],
          [
            -116.677863,
            47.332893,
            710.6
          ],
          [
            -116.678024,
            47.332739,
            709.6
          ],
          [
            -116.678191,
            47.332596,
            708.4
          ],
          [
            -116.678658,
            47.332225,
            705.5
          ],
          [
            -116.678816,
            47.332127,
            704.8
          ],
          [
            -116.67899,
            47.332054,
            703.8
          ],
          [
            -116.679175,
            47.332043,
            702.4
          ],
          [
            -116.679332,
            47.332065,
            701.1
          ],
          [
            -116.679467,
            47.332115,
            699.6
          ],
          [
            -116.679568,
            47.332189,
            698.2
          ],
          [
            -116.67963,
            47.332286,
            697.4
          ],
          [
            -116.679646,
            47.332399,
            696.8
          ],
          [
            -116.679623,
            47.332523,
            695.7
          ],
          [
            -116.679547,
            47.33266,
            695.2
          ],
          [
            -116.679346,
            47.332951,
            693.7
          ],
          [
            -116.678983,
            47.333391,
            691.6
          ],
          [
            -116.678747,
            47.333699,
            689
          ],
          [
            -116.678662,
            47.333827,
            687.8
          ],
          [
            -116.678579,
            47.333987,
            686.8
          ],
          [
            -116.678525,
            47.334185,
            686.1
          ],
          [
            -116.678528,
            47.334311,
            684.9
          ],
          [
            -116.678574,
            47.334466,
            684.1
          ],
          [
            -116.678667,
            47.334611,
            682.7
          ],
          [
            -116.6788,
            47.334737,
            681.1
          ],
          [
            -116.679011,
            47.334862,
            680
          ],
          [
            -116.679177,
            47.334925,
            678.4
          ],
          [
            -116.679402,
            47.334978,
            676.6
          ],
          [
            -116.679649,
            47.335003,
            675.3
          ],
          [
            -116.679897,
            47.335004,
            674.1
          ],
          [
            -116.680663,
            47.334953,
            668.8
          ],
          [
            -116.680921,
            47.334959,
            667.3
          ],
          [
            -116.681187,
            47.334985,
            665.9
          ],
          [
            -116.681446,
            47.335032,
            663.7
          ],
          [
            -116.681701,
            47.335098,
            661.7
          ],
          [
            -116.681947,
            47.335181,
            660.3
          ],
          [
            -116.682186,
            47.33528,
            659.6
          ],
          [
            -116.682582,
            47.335552,
            658.8
          ],
          [
            -116.682745,
            47.335705,
            658.6
          ],
          [
            -116.682895,
            47.335869,
            658.6
          ],
          [
            -116.683171,
            47.3362,
            658.4
          ],
          [
            -116.683458,
            47.336507,
            659.1
          ],
          [
            -116.683627,
            47.336649,
            659.7
          ],
          [
            -116.684008,
            47.336888,
            661
          ],
          [
            -116.684217,
            47.33699,
            661.8
          ],
          [
            -116.68444,
            47.337078,
            662.7
          ],
          [
            -116.684914,
            47.337215,
            664.3
          ],
          [
            -116.686132,
            47.337514,
            668.9
          ],
          [
            -116.686828,
            47.337708,
            671.3
          ],
          [
            -116.687049,
            47.337796,
            672
          ],
          [
            -116.687244,
            47.337902,
            672.6
          ],
          [
            -116.687415,
            47.338031,
            673
          ],
          [
            -116.687544,
            47.338171,
            673.3
          ],
          [
            -116.687554,
            47.338339,
            673.5
          ],
          [
            -116.687584,
            47.338492,
            673.3
          ],
          [
            -116.687582,
            47.338649,
            673.2
          ],
          [
            -116.687539,
            47.33881,
            673
          ],
          [
            -116.687471,
            47.33898,
            672.5
          ],
          [
            -116.687512,
            47.339173,
            671.5
          ],
          [
            -116.687442,
            47.339312,
            670.5
          ],
          [
            -116.687225,
            47.339493,
            669.8
          ],
          [
            -116.687061,
            47.339839,
            668.8
          ],
          [
            -116.687011,
            47.339986,
            668.3
          ],
          [
            -116.686994,
            47.34016,
            668
          ],
          [
            -116.687028,
            47.340331,
            667.5
          ],
          [
            -116.687114,
            47.340493,
            666.7
          ],
          [
            -116.687263,
            47.34066,
            665.7
          ],
          [
            -116.687376,
            47.340768,
            664.5
          ],
          [
            -116.687537,
            47.340892,
            664.1
          ],
          [
            -116.688614,
            47.341562,
            662.3
          ],
          [
            -116.688795,
            47.341664,
            662.2
          ],
          [
            -116.688982,
            47.341752,
            662.3
          ],
          [
            -116.689189,
            47.341823,
            662.2
          ],
          [
            -116.689411,
            47.34187,
            661.9
          ],
          [
            -116.689645,
            47.341897,
            661.3
          ],
          [
            -116.691408,
            47.342011,
            660.1
          ],
          [
            -116.691664,
            47.342038,
            660
          ],
          [
            -116.692177,
            47.342109,
            659.6
          ],
          [
            -116.69367,
            47.342409,
            660
          ],
          [
            -116.694138,
            47.342519,
            659.7
          ],
          [
            -116.694585,
            47.342663,
            659.5
          ],
          [
            -116.6948,
            47.34275,
            659.3
          ],
          [
            -116.695206,
            47.342935,
            659.5
          ],
          [
            -116.695596,
            47.343128,
            658.8
          ],
          [
            -116.695978,
            47.343335,
            658.2
          ],
          [
            -116.696431,
            47.343674,
            657.7
          ],
          [
            -116.697211,
            47.344282,
            657.3
          ],
          [
            -116.697346,
            47.344402,
            656.9
          ],
          [
            -116.697469,
            47.344552,
            656.5
          ],
          [
            -116.697523,
            47.34466,
            656
          ],
          [
            -116.697543,
            47.344794,
            655.9
          ],
          [
            -116.697515,
            47.344923,
            655.9
          ],
          [
            -116.697449,
            47.34504,
            655.7
          ],
          [
            -116.697241,
            47.345256,
            655.7
          ],
          [
            -116.697138,
            47.345378,
            655.9
          ],
          [
            -116.697062,
            47.345508,
            656.1
          ],
          [
            -116.69703,
            47.345655,
            656.4
          ],
          [
            -116.697039,
            47.345796,
            656.7
          ],
          [
            -116.697082,
            47.345933,
            656.7
          ],
          [
            -116.697166,
            47.346066,
            656.9
          ],
          [
            -116.697401,
            47.346308,
            656.4
          ],
          [
            -116.6978,
            47.346664,
            655.6
          ],
          [
            -116.697922,
            47.346787,
            655
          ],
          [
            -116.698004,
            47.346924,
            654.6
          ],
          [
            -116.698064,
            47.347061,
            654.5
          ],
          [
            -116.698084,
            47.347204,
            654.6
          ],
          [
            -116.698066,
            47.347343,
            654.8
          ],
          [
            -116.698014,
            47.347476,
            655.3
          ],
          [
            -116.697936,
            47.347601,
            655.6
          ],
          [
            -116.697648,
            47.347978,
            656.5
          ],
          [
            -116.697593,
            47.348112,
            656.7
          ],
          [
            -116.697581,
            47.348246,
            657
          ],
          [
            -116.697608,
            47.348382,
            657.3
          ],
          [
            -116.697742,
            47.348628,
            657.9
          ],
          [
            -116.69785,
            47.34874,
            658
          ],
          [
            -116.697989,
            47.348834,
            658.4
          ],
          [
            -116.698155,
            47.34891,
            658.8
          ],
          [
            -116.698338,
            47.348967,
            659.9
          ],
          [
            -116.698949,
            47.349098,
            662.3
          ],
          [
            -116.699148,
            47.349154,
            663.2
          ],
          [
            -116.699482,
            47.34929,
            664.8
          ],
          [
            -116.69965,
            47.349383,
            665.7
          ],
          [
            -116.699802,
            47.349488,
            666.6
          ],
          [
            -116.700617,
            47.350171,
            671.1
          ],
          [
            -116.700726,
            47.350249,
            672.2
          ],
          [
            -116.700872,
            47.350337,
            673.1
          ],
          [
            -116.701029,
            47.350411,
            673.5
          ],
          [
            -116.701205,
            47.350469,
            674.1
          ],
          [
            -116.701433,
            47.350514,
            675
          ],
          [
            -116.701789,
            47.350506,
            676.5
          ],
          [
            -116.701995,
            47.35048,
            676.9
          ],
          [
            -116.702179,
            47.350434,
            677.4
          ],
          [
            -116.702365,
            47.350366,
            677.9
          ],
          [
            -116.702869,
            47.350078,
            678.9
          ],
          [
            -116.70306,
            47.349992,
            679.3
          ],
          [
            -116.704098,
            47.349721,
            682.5
          ],
          [
            -116.70429,
            47.349644,
            683.2
          ],
          [
            -116.704478,
            47.349582,
            683.9
          ],
          [
            -116.70482,
            47.349427,
            685.1
          ],
          [
            -116.705111,
            47.349248,
            685.8
          ],
          [
            -116.705367,
            47.349044,
            685.6
          ],
          [
            -116.705517,
            47.348966,
            685.1
          ],
          [
            -116.705688,
            47.348918,
            684.8
          ],
          [
            -116.705876,
            47.348902,
            684.3
          ],
          [
            -116.706069,
            47.348921,
            684.5
          ],
          [
            -116.706255,
            47.348972,
            684.4
          ],
          [
            -116.706418,
            47.349062,
            684.4
          ],
          [
            -116.70658,
            47.349166,
            684.4
          ],
          [
            -116.70768,
            47.350052,
            685.8
          ],
          [
            -116.707854,
            47.350181,
            685.6
          ],
          [
            -116.708238,
            47.350421,
            685
          ],
          [
            -116.709048,
            47.35083,
            683.4
          ],
          [
            -116.709465,
            47.351019,
            682.9
          ],
          [
            -116.709633,
            47.351084,
            682.8
          ],
          [
            -116.709858,
            47.351151,
            682.8
          ],
          [
            -116.710091,
            47.351193,
            683.1
          ],
          [
            -116.710325,
            47.351211,
            683.7
          ],
          [
            -116.710607,
            47.351201,
            683.8
          ],
          [
            -116.710782,
            47.351173,
            684
          ],
          [
            -116.710987,
            47.351097,
            683.6
          ],
          [
            -116.711189,
            47.351006,
            683.3
          ],
          [
            -116.711375,
            47.350899,
            683.1
          ],
          [
            -116.712291,
            47.350291,
            684.3
          ],
          [
            -116.712517,
            47.350154,
            684.5
          ],
          [
            -116.712675,
            47.35007,
            684.6
          ],
          [
            -116.713113,
            47.34993,
            685.6
          ],
          [
            -116.713346,
            47.349884,
            686
          ],
          [
            -116.713587,
            47.349863,
            686.3
          ],
          [
            -116.713835,
            47.349863,
            686.6
          ],
          [
            -116.715014,
            47.349938,
            688.1
          ],
          [
            -116.715468,
            47.349945,
            688.3
          ],
          [
            -116.715931,
            47.349908,
            688.4
          ],
          [
            -116.716628,
            47.349822,
            687
          ],
          [
            -116.717076,
            47.349732,
            686.3
          ],
          [
            -116.717276,
            47.349676,
            686.1
          ],
          [
            -116.717456,
            47.349601,
            686.2
          ],
          [
            -116.717622,
            47.349494,
            686
          ],
          [
            -116.717765,
            47.349365,
            685.9
          ],
          [
            -116.717889,
            47.349225,
            686.1
          ],
          [
            -116.718119,
            47.348924,
            686.4
          ],
          [
            -116.718549,
            47.348139,
            684.8
          ],
          [
            -116.718643,
            47.34799,
            684.2
          ],
          [
            -116.718775,
            47.347847,
            683.6
          ],
          [
            -116.718937,
            47.347724,
            683
          ],
          [
            -116.719134,
            47.34762,
            682.8
          ],
          [
            -116.719353,
            47.347536,
            682.8
          ],
          [
            -116.719812,
            47.347396,
            681.9
          ],
          [
            -116.720662,
            47.347163,
            680.1
          ],
          [
            -116.720905,
            47.347064,
            679.3
          ],
          [
            -116.721078,
            47.346964,
            678.6
          ],
          [
            -116.721231,
            47.346843,
            677.4
          ],
          [
            -116.72134,
            47.346736,
            676.7
          ],
          [
            -116.721569,
            47.34647,
            676.1
          ],
          [
            -116.721722,
            47.346331,
            675.5
          ],
          [
            -116.721846,
            47.346251,
            675.1
          ],
          [
            -116.722021,
            47.346179,
            675.2
          ],
          [
            -116.722227,
            47.346168,
            675
          ],
          [
            -116.722418,
            47.346175,
            674.4
          ],
          [
            -116.722612,
            47.346205,
            673.1
          ],
          [
            -116.722788,
            47.34626,
            671.7
          ],
          [
            -116.722957,
            47.346335,
            670.5
          ],
          [
            -116.723121,
            47.346427,
            669.3
          ],
          [
            -116.723429,
            47.346626,
            666.6
          ],
          [
            -116.723887,
            47.346949,
            663.4
          ],
          [
            -116.724089,
            47.347051,
            662.2
          ],
          [
            -116.724344,
            47.347117,
            660.6
          ],
          [
            -116.724798,
            47.347202,
            658.9
          ],
          [
            -116.725015,
            47.347258,
            658
          ],
          [
            -116.725226,
            47.347328,
            657.3
          ],
          [
            -116.728367,
            47.348609,
            652.6
          ],
          [
            -116.728618,
            47.348694,
            652.5
          ],
          [
            -116.72889,
            47.34876,
            652.5
          ],
          [
            -116.729162,
            47.348797,
            652.5
          ],
          [
            -116.729427,
            47.348809,
            652.7
          ],
          [
            -116.729695,
            47.348794,
            652.6
          ],
          [
            -116.73068,
            47.348679,
            652.8
          ],
          [
            -116.73092,
            47.348667,
            652.5
          ],
          [
            -116.731154,
            47.348674,
            652.1
          ],
          [
            -116.732335,
            47.348796,
            652
          ],
          [
            -116.7336,
            47.34894,
            652.1
          ],
          [
            -116.733837,
            47.348975,
            652.1
          ],
          [
            -116.734091,
            47.349037,
            652.1
          ],
          [
            -116.73426,
            47.349092,
            652
          ],
          [
            -116.734818,
            47.349385,
            652.6
          ],
          [
            -116.734979,
            47.349514,
            652.9
          ],
          [
            -116.735112,
            47.349663,
            652.9
          ],
          [
            -116.735207,
            47.349826,
            652.9
          ],
          [
            -116.735459,
            47.350545,
            654.3
          ],
          [
            -116.735536,
            47.350727,
            654.9
          ],
          [
            -116.735634,
            47.350894,
            656
          ],
          [
            -116.735768,
            47.351053,
            656.9
          ],
          [
            -116.735948,
            47.351192,
            657.3
          ],
          [
            -116.736142,
            47.35131,
            657.4
          ],
          [
            -116.73636,
            47.351405,
            657.3
          ],
          [
            -116.737084,
            47.351605,
            658.1
          ],
          [
            -116.738873,
            47.352048,
            661.6
          ],
          [
            -116.739397,
            47.352168,
            662.6
          ],
          [
            -116.739929,
            47.352265,
            663.6
          ],
          [
            -116.740715,
            47.35236,
            665.1
          ],
          [
            -116.741233,
            47.352394,
            665.4
          ],
          [
            -116.741765,
            47.352397,
            664.8
          ],
          [
            -116.742584,
            47.352376,
            663.5
          ],
          [
            -116.742859,
            47.352378,
            663.7
          ],
          [
            -116.743127,
            47.352397,
            664.1
          ],
          [
            -116.743384,
            47.352437,
            664.6
          ],
          [
            -116.743631,
            47.3525,
            665.5
          ],
          [
            -116.743851,
            47.352601,
            666.2
          ],
          [
            -116.744228,
            47.352816,
            667.8
          ],
          [
            -116.74468,
            47.353099,
            669.8
          ],
          [
            -116.744837,
            47.353207,
            670.8
          ],
          [
            -116.745018,
            47.353345,
            671.9
          ],
          [
            -116.745181,
            47.35349,
            673
          ],
          [
            -116.745609,
            47.353933,
            676
          ],
          [
            -116.745763,
            47.354065,
            676.9
          ],
          [
            -116.746138,
            47.354255,
            677.8
          ],
          [
            -116.746386,
            47.354339,
            678
          ],
          [
            -116.746562,
            47.354376,
            677.9
          ],
          [
            -116.746791,
            47.354402,
            677.4
          ],
          [
            -116.747029,
            47.354403,
            676.5
          ],
          [
            -116.747263,
            47.354373,
            675.3
          ],
          [
            -116.747935,
            47.35413,
            672.8
          ],
          [
            -116.74871,
            47.353926,
            671.2
          ],
          [
            -116.749869,
            47.353858,
            665
          ],
          [
            -116.750173,
            47.353824,
            663.4
          ],
          [
            -116.751078,
            47.353766,
            659.5
          ],
          [
            -116.751978,
            47.353727,
            657.4
          ],
          [
            -116.75227,
            47.353742,
            656.9
          ],
          [
            -116.752841,
            47.353751,
            656.7
          ],
          [
            -116.753116,
            47.353767,
            656.4
          ],
          [
            -116.753665,
            47.353821,
            655.4
          ],
          [
            -116.754462,
            47.353939,
            654.1
          ],
          [
            -116.757288,
            47.354423,
            652.5
          ],
          [
            -116.758279,
            47.354595,
            652.7
          ],
          [
            -116.758978,
            47.35474,
            653.3
          ],
          [
            -116.759931,
            47.354992,
            654.4
          ],
          [
            -116.760162,
            47.355043,
            654.7
          ],
          [
            -116.7604,
            47.355079,
            655.1
          ],
          [
            -116.760664,
            47.355092,
            655.2
          ],
          [
            -116.761079,
            47.355018,
            654.6
          ],
          [
            -116.761343,
            47.354933,
            654.5
          ],
          [
            -116.762184,
            47.354608,
            655.4
          ],
          [
            -116.762919,
            47.354435,
            655.4
          ],
          [
            -116.766085,
            47.35395,
            653.1
          ],
          [
            -116.770769,
            47.35319,
            654.9
          ],
          [
            -116.772217,
            47.352983,
            657.3
          ],
          [
            -116.772429,
            47.35294,
            657.7
          ],
          [
            -116.772628,
            47.352882,
            658
          ],
          [
            -116.772812,
            47.352804,
            658.5
          ],
          [
            -116.772922,
            47.352713,
            659
          ],
          [
            -116.773059,
            47.352568,
            659.5
          ],
          [
            -116.773146,
            47.352434,
            660
          ],
          [
            -116.773188,
            47.352318,
            660.4
          ],
          [
            -116.773206,
            47.352165,
            660.7
          ],
          [
            -116.773179,
            47.352011,
            660.8
          ],
          [
            -116.773093,
            47.351827,
            660.8
          ],
          [
            -116.772998,
            47.351712,
            660.4
          ],
          [
            -116.77285,
            47.351581,
            660.2
          ],
          [
            -116.772675,
            47.35146,
            660.3
          ],
          [
            -116.77184,
            47.351097,
            662.3
          ],
          [
            -116.771446,
            47.350915,
            664.5
          ],
          [
            -116.771271,
            47.350816,
            665.8
          ],
          [
            -116.771107,
            47.350708,
            666.9
          ],
          [
            -116.770971,
            47.350589,
            667.9
          ],
          [
            -116.770856,
            47.35046,
            668.6
          ],
          [
            -116.770778,
            47.350323,
            669.3
          ],
          [
            -116.770717,
            47.350176,
            669.9
          ],
          [
            -116.770683,
            47.350027,
            670.4
          ],
          [
            -116.770624,
            47.349567,
            673
          ],
          [
            -116.770624,
            47.349411,
            674
          ],
          [
            -116.770647,
            47.349248,
            675.4
          ],
          [
            -116.770698,
            47.349092,
            676.6
          ],
          [
            -116.770777,
            47.348934,
            677.8
          ],
          [
            -116.771051,
            47.348469,
            681.2
          ],
          [
            -116.771646,
            47.347516,
            691
          ],
          [
            -116.771909,
            47.347221,
            693.4
          ],
          [
            -116.77203,
            47.347059,
            694.4
          ],
          [
            -116.772126,
            47.346892,
            695.8
          ],
          [
            -116.772203,
            47.346723,
            697.3
          ],
          [
            -116.772325,
            47.346393,
            699.7
          ],
          [
            -116.772423,
            47.346234,
            700.9
          ],
          [
            -116.772551,
            47.346085,
            702.1
          ],
          [
            -116.772618,
            47.345952,
            703.4
          ],
          [
            -116.772776,
            47.345778,
            705.1
          ],
          [
            -116.772943,
            47.345643,
            707.5
          ],
          [
            -116.773318,
            47.345457,
            711.5
          ],
          [
            -116.77376,
            47.345276,
            714.3
          ],
          [
            -116.775219,
            47.344861,
            722.8
          ],
          [
            -116.775508,
            47.344764,
            724.3
          ],
          [
            -116.775929,
            47.344593,
            727.2
          ],
          [
            -116.776148,
            47.344487,
            728.5
          ],
          [
            -116.77657,
            47.344261,
            731.2
          ],
          [
            -116.77886,
            47.34299,
            750.3
          ],
          [
            -116.779073,
            47.342882,
            751.6
          ],
          [
            -116.779304,
            47.342781,
            753
          ],
          [
            -116.779543,
            47.342691,
            754.4
          ],
          [
            -116.779791,
            47.342612,
            755.7
          ],
          [
            -116.780044,
            47.342545,
            756.8
          ],
          [
            -116.780566,
            47.342431,
            759.8
          ],
          [
            -116.781369,
            47.342276,
            763.9
          ],
          [
            -116.782174,
            47.342127,
            767.9
          ],
          [
            -116.78244,
            47.34209,
            769.4
          ],
          [
            -116.78298,
            47.34204,
            772.4
          ],
          [
            -116.786807,
            47.341802,
            793.8
          ],
          [
            -116.787349,
            47.341781,
            796.7
          ],
          [
            -116.787886,
            47.341801,
            798.9
          ],
          [
            -116.7881,
            47.341825,
            800.1
          ],
          [
            -116.789177,
            47.342048,
            806.1
          ],
          [
            -116.789387,
            47.342082,
            807.4
          ],
          [
            -116.789656,
            47.342106,
            808.7
          ],
          [
            -116.789926,
            47.342106,
            810.1
          ],
          [
            -116.790188,
            47.342089,
            811.3
          ],
          [
            -116.790956,
            47.341976,
            814.8
          ],
          [
            -116.791214,
            47.341949,
            815.9
          ],
          [
            -116.791474,
            47.341938,
            816.8
          ],
          [
            -116.791994,
            47.341983,
            818.7
          ],
          [
            -116.79225,
            47.342018,
            819.8
          ],
          [
            -116.792504,
            47.342069,
            820.7
          ],
          [
            -116.792746,
            47.342135,
            821.9
          ],
          [
            -116.79322,
            47.342298,
            823.9
          ],
          [
            -116.793436,
            47.342401,
            825.5
          ],
          [
            -116.795695,
            47.343631,
            838.5
          ],
          [
            -116.796177,
            47.34386,
            840.8
          ],
          [
            -116.796427,
            47.343962,
            841.9
          ],
          [
            -116.796685,
            47.344055,
            842.8
          ],
          [
            -116.796953,
            47.344136,
            843.8
          ],
          [
            -116.797507,
            47.344272,
            845.4
          ],
          [
            -116.798077,
            47.344392,
            846.8
          ],
          [
            -116.798673,
            47.344475,
            847.6
          ],
          [
            -116.799292,
            47.344516,
            848.3
          ],
          [
            -116.799922,
            47.344525,
            849.1
          ],
          [
            -116.803553,
            47.344503,
            854.5
          ],
          [
            -116.804224,
            47.344471,
            855.9
          ],
          [
            -116.804491,
            47.344444,
            856.5
          ],
          [
            -116.80515,
            47.344347,
            857.6
          ],
          [
            -116.805854,
            47.344212,
            858.4
          ],
          [
            -116.808343,
            47.343667,
            858.4
          ],
          [
            -116.809282,
            47.343434,
            856.8
          ],
          [
            -116.810208,
            47.343176,
            855
          ],
          [
            -116.810813,
            47.342989,
            853.7
          ],
          [
            -116.811709,
            47.342684,
            852
          ],
          [
            -116.812287,
            47.342469,
            851.1
          ],
          [
            -116.813149,
            47.342122,
            849.9
          ],
          [
            -116.815973,
            47.340938,
            848.6
          ],
          [
            -116.818274,
            47.339989,
            844.5
          ],
          [
            -116.819422,
            47.339526,
            841.1
          ],
          [
            -116.820294,
            47.339199,
            838.5
          ],
          [
            -116.821136,
            47.338936,
            835.9
          ],
          [
            -116.822134,
            47.338669,
            832.6
          ],
          [
            -116.823021,
            47.338476,
            828.9
          ],
          [
            -116.823997,
            47.338311,
            824.5
          ],
          [
            -116.82499,
            47.338186,
            820.4
          ],
          [
            -116.825982,
            47.338104,
            815.9
          ],
          [
            -116.826664,
            47.338076,
            812.2
          ],
          [
            -116.827006,
            47.338071,
            810.3
          ],
          [
            -116.828035,
            47.338081,
            805.4
          ],
          [
            -116.829081,
            47.338146,
            800.9
          ],
          [
            -116.829774,
            47.338203,
            798
          ],
          [
            -116.83148,
            47.338396,
            794.6
          ],
          [
            -116.832455,
            47.338519,
            794.1
          ],
          [
            -116.833701,
            47.338645,
            795
          ],
          [
            -116.834665,
            47.338699,
            797.8
          ],
          [
            -116.835309,
            47.338705,
            799.8
          ],
          [
            -116.835952,
            47.338684,
            801.9
          ],
          [
            -116.836604,
            47.338639,
            804
          ],
          [
            -116.837255,
            47.338567,
            806.2
          ],
          [
            -116.83758,
            47.338519,
            807.4
          ],
          [
            -116.838537,
            47.338338,
            810.5
          ],
          [
            -116.840343,
            47.337917,
            817.3
          ],
          [
            -116.840971,
            47.337775,
            819.6
          ],
          [
            -116.841286,
            47.337713,
            820.9
          ],
          [
            -116.841928,
            47.33761,
            823.3
          ],
          [
            -116.842579,
            47.337531,
            825.5
          ],
          [
            -116.842904,
            47.337502,
            826.5
          ],
          [
            -116.843559,
            47.337465,
            828.5
          ],
          [
            -116.844211,
            47.337451,
            830.3
          ],
          [
            -116.845866,
            47.337441,
            835.1
          ],
          [
            -116.85286,
            47.337444,
            838.7
          ],
          [
            -116.856485,
            47.33743,
            834.4
          ],
          [
            -116.859367,
            47.337433,
            835.6
          ],
          [
            -116.860363,
            47.337422,
            836.1
          ],
          [
            -116.861027,
            47.337403,
            836.3
          ],
          [
            -116.862691,
            47.337333,
            836
          ],
          [
            -116.863689,
            47.33731,
            834.6
          ],
          [
            -116.866018,
            47.33729,
            829.9
          ],
          [
            -116.870055,
            47.337293,
            827.1
          ],
          [
            -116.8706,
            47.337265,
            826.8
          ],
          [
            -116.87113,
            47.337192,
            826.5
          ],
          [
            -116.871641,
            47.337087,
            826.4
          ],
          [
            -116.871897,
            47.337019,
            826.2
          ],
          [
            -116.872146,
            47.336939,
            826.2
          ],
          [
            -116.872387,
            47.336849,
            826.3
          ],
          [
            -116.872609,
            47.336751,
            826.3
          ],
          [
            -116.87298,
            47.336555,
            826.3
          ],
          [
            -116.87389,
            47.335953,
            827.5
          ],
          [
            -116.874121,
            47.335822,
            828
          ],
          [
            -116.874276,
            47.335747,
            828.3
          ],
          [
            -116.87468,
            47.335577,
            828.9
          ],
          [
            -116.874887,
            47.335505,
            829.2
          ],
          [
            -116.875308,
            47.335387,
            829.4
          ],
          [
            -116.875739,
            47.335303,
            829.7
          ],
          [
            -116.876187,
            47.335248,
            829.9
          ],
          [
            -116.876861,
            47.335214,
            830
          ],
          [
            -116.880018,
            47.335203,
            828.6
          ],
          [
            -116.880213,
            47.335219,
            828.5
          ],
          [
            -116.880597,
            47.335219,
            828.3
          ],
          [
            -116.880788,
            47.3352,
            828.4
          ],
          [
            -116.887711,
            47.335201,
            834.2
          ],
          [
            -116.887891,
            47.335208,
            834.1
          ],
          [
            -116.887975,
            47.335228,
            834.3
          ],
          [
            -116.888005,
            47.335243,
            834.1
          ],
          [
            -116.887998,
            47.335276,
            834
          ],
          [
            -116.888007,
            47.335382,
            833.6
          ],
          [
            -116.888104,
            47.335454,
            833.5
          ],
          [
            -116.888113,
            47.335722,
            833.2
          ],
          [
            -116.888042,
            47.335823,
            833.1
          ],
          [
            -116.888236,
            47.33804,
            830.3
          ],
          [
            -116.888271,
            47.338181,
            830.3
          ],
          [
            -116.888546,
            47.341535,
            832.8
          ],
          [
            -116.888715,
            47.343975,
            836.5
          ],
          [
            -116.889115,
            47.348606,
            843.7
          ],
          [
            -116.889445,
            47.352225,
            847.2
          ],
          [
            -116.889484,
            47.352899,
            848.5
          ],
          [
            -116.889484,
            47.353123,
            849.1
          ],
          [
            -116.889407,
            47.353567,
            851
          ],
          [
            -116.889269,
            47.354221,
            854.2
          ],
          [
            -116.889184,
            47.354437,
            855.4
          ],
          [
            -116.889085,
            47.35465,
            856.3
          ],
          [
            -116.888971,
            47.354864,
            857.4
          ],
          [
            -116.888842,
            47.355074,
            858.7
          ],
          [
            -116.88856,
            47.355484,
            861.5
          ],
          [
            -116.88765,
            47.356707,
            867.6
          ],
          [
            -116.887371,
            47.357124,
            869.1
          ],
          [
            -116.887253,
            47.357337,
            869.8
          ],
          [
            -116.887147,
            47.357556,
            870.3
          ],
          [
            -116.887057,
            47.357775,
            870.7
          ],
          [
            -116.886984,
            47.358,
            871
          ],
          [
            -116.886937,
            47.358181,
            871.1
          ],
          [
            -116.886893,
            47.358407,
            871.2
          ],
          [
            -116.886864,
            47.358638,
            871.1
          ],
          [
            -116.886829,
            47.359095,
            870.8
          ],
          [
            -116.886661,
            47.36273,
            858.4
          ],
          [
            -116.886317,
            47.368361,
            845.7
          ],
          [
            -116.886275,
            47.368587,
            845.5
          ],
          [
            -116.886199,
            47.369261,
            844.5
          ],
          [
            -116.88612,
            47.369712,
            844
          ],
          [
            -116.886018,
            47.37016,
            843.4
          ],
          [
            -116.885844,
            47.370826,
            842.4
          ],
          [
            -116.885703,
            47.371269,
            841.8
          ],
          [
            -116.885555,
            47.371663,
            841.1
          ],
          [
            -116.885369,
            47.372094,
            840.4
          ],
          [
            -116.885059,
            47.372741,
            838.9
          ],
          [
            -116.884842,
            47.373168,
            838.6
          ],
          [
            -116.882849,
            47.37679,
            834.1
          ],
          [
            -116.87893,
            47.384018,
            840.1
          ],
          [
            -116.878882,
            47.384197,
            840.4
          ],
          [
            -116.877242,
            47.387183,
            840.2
          ],
          [
            -116.877138,
            47.387395,
            840.1
          ],
          [
            -116.877044,
            47.387614,
            840
          ],
          [
            -116.876894,
            47.388053,
            839.7
          ],
          [
            -116.876786,
            47.388502,
            839.2
          ],
          [
            -116.876753,
            47.388728,
            839.1
          ],
          [
            -116.876715,
            47.389182,
            838.8
          ],
          [
            -116.876711,
            47.389408,
            838.6
          ],
          [
            -116.876735,
            47.389857,
            837.9
          ],
          [
            -116.876765,
            47.390083,
            837.8
          ],
          [
            -116.876807,
            47.390307,
            837.6
          ],
          [
            -116.876973,
            47.390542,
            837.4
          ],
          [
            -116.87711,
            47.390987,
            836.8
          ],
          [
            -116.87729,
            47.391425,
            836.3
          ],
          [
            -116.877509,
            47.391848,
            835.7
          ],
          [
            -116.877772,
            47.392265,
            835.1
          ],
          [
            -116.877919,
            47.392468,
            834.8
          ],
          [
            -116.878243,
            47.392864,
            833.9
          ],
          [
            -116.878605,
            47.393245,
            833
          ],
          [
            -116.878898,
            47.39341,
            832.6
          ],
          [
            -116.879319,
            47.393761,
            831.6
          ],
          [
            -116.879739,
            47.394057,
            830.8
          ],
          [
            -116.880705,
            47.394682,
            829.6
          ],
          [
            -116.881713,
            47.395269,
            828.4
          ],
          [
            -116.882501,
            47.395683,
            828
          ],
          [
            -116.883606,
            47.396188,
            827.5
          ],
          [
            -116.88389,
            47.396307,
            827.5
          ],
          [
            -116.88419,
            47.396402,
            827.6
          ],
          [
            -116.885061,
            47.396735,
            827.7
          ],
          [
            -116.885655,
            47.396943,
            827.7
          ],
          [
            -116.886024,
            47.397012,
            827.6
          ],
          [
            -116.886944,
            47.397294,
            827.3
          ],
          [
            -116.887566,
            47.397465,
            827
          ],
          [
            -116.888197,
            47.397627,
            826.7
          ],
          [
            -116.88915,
            47.397846,
            826
          ],
          [
            -116.890115,
            47.398037,
            825.3
          ],
          [
            -116.891082,
            47.398198,
            824.5
          ],
          [
            -116.891745,
            47.398287,
            824.1
          ],
          [
            -116.892402,
            47.398361,
            823.9
          ],
          [
            -116.893399,
            47.398448,
            823.7
          ],
          [
            -116.894063,
            47.39849,
            823.4
          ],
          [
            -116.895057,
            47.398528,
            823.2
          ],
          [
            -116.896392,
            47.398531,
            822.9
          ],
          [
            -116.897078,
            47.39851,
            822.4
          ],
          [
            -116.903347,
            47.398408,
            820
          ],
          [
            -116.906341,
            47.398404,
            818.4
          ],
          [
            -116.908823,
            47.398441,
            814.6
          ],
          [
            -116.909121,
            47.398455,
            814.2
          ],
          [
            -116.909699,
            47.398503,
            813.4
          ],
          [
            -116.910257,
            47.398581,
            812.9
          ],
          [
            -116.910787,
            47.39868,
            812.6
          ],
          [
            -116.911284,
            47.398798,
            812.3
          ],
          [
            -116.911704,
            47.398918,
            812.4
          ],
          [
            -116.912144,
            47.399067,
            812.4
          ],
          [
            -116.912544,
            47.399224,
            812.4
          ],
          [
            -116.915263,
            47.400418,
            812.5
          ],
          [
            -116.915647,
            47.400555,
            812.6
          ],
          [
            -116.915847,
            47.400613,
            812.6
          ],
          [
            -116.916258,
            47.400706,
            812.3
          ],
          [
            -116.916681,
            47.400772,
            812.1
          ],
          [
            -116.91689,
            47.400794,
            812.1
          ],
          [
            -116.917313,
            47.40082,
            811.8
          ],
          [
            -116.917745,
            47.400827,
            811
          ],
          [
            -116.919751,
            47.40082,
            807.6
          ],
          [
            -116.921937,
            47.400827,
            810.5
          ],
          [
            -116.922376,
            47.40085,
            811.2
          ],
          [
            -116.922817,
            47.400908,
            811.9
          ],
          [
            -116.923222,
            47.400998,
            812.1
          ],
          [
            -116.923445,
            47.401064,
            812.2
          ],
          [
            -116.923865,
            47.401242,
            812.3
          ],
          [
            -116.924095,
            47.401325,
            812.3
          ],
          [
            -116.925912,
            47.402222,
            811.3
          ],
          [
            -116.926082,
            47.402325,
            811
          ],
          [
            -116.926554,
            47.402559,
            810.3
          ],
          [
            -116.926786,
            47.402673,
            809.9
          ],
          [
            -116.927047,
            47.40278,
            809.5
          ],
          [
            -116.929772,
            47.404157,
            803.3
          ],
          [
            -116.93338,
            47.406007,
            806.2
          ],
          [
            -116.934163,
            47.406398,
            808.8
          ],
          [
            -116.934976,
            47.406772,
            810.6
          ],
          [
            -116.935808,
            47.40712,
            812.1
          ],
          [
            -116.936664,
            47.407444,
            813.5
          ],
          [
            -116.937542,
            47.407743,
            814.5
          ],
          [
            -116.938374,
            47.408002,
            814.9
          ],
          [
            -116.939038,
            47.408191,
            814.9
          ],
          [
            -116.940197,
            47.408487,
            813.7
          ],
          [
            -116.941432,
            47.408757,
            812.3
          ],
          [
            -116.942692,
            47.408982,
            810.2
          ],
          [
            -116.943655,
            47.409121,
            808.6
          ],
          [
            -116.946183,
            47.409432,
            806.1
          ],
          [
            -116.94842,
            47.409679,
            808.5
          ],
          [
            -116.958924,
            47.410948,
            821.9
          ],
          [
            -116.966612,
            47.41186,
            815.7
          ],
          [
            -116.967879,
            47.412034,
            814.6
          ],
          [
            -116.96914,
            47.412252,
            813.1
          ],
          [
            -116.970385,
            47.412514,
            811.6
          ],
          [
            -116.971298,
            47.412739,
            810.4
          ],
          [
            -116.972196,
            47.412986,
            809.3
          ],
          [
            -116.973072,
            47.413254,
            808.9
          ],
          [
            -116.973647,
            47.413446,
            809.3
          ],
          [
            -116.974722,
            47.413841,
            810.5
          ],
          [
            -116.975836,
            47.414293,
            811.3
          ],
          [
            -116.976648,
            47.414659,
            812
          ],
          [
            -116.977436,
            47.415047,
            812.2
          ],
          [
            -116.9782,
            47.415457,
            812
          ],
          [
            -116.978699,
            47.415742,
            812.1
          ],
          [
            -116.979426,
            47.416196,
            812
          ],
          [
            -116.980352,
            47.416825,
            811.1
          ],
          [
            -116.980798,
            47.41715,
            810.5
          ],
          [
            -116.981439,
            47.417649,
            809.3
          ],
          [
            -116.981848,
            47.41799,
            808.2
          ],
          [
            -116.982445,
            47.418518,
            806.4
          ],
          [
            -116.983008,
            47.419064,
            804.2
          ],
          [
            -116.983366,
            47.419435,
            802.4
          ],
          [
            -116.983874,
            47.419999,
            799.6
          ],
          [
            -116.984199,
            47.420385,
            797.6
          ],
          [
            -116.984507,
            47.420774,
            795.5
          ],
          [
            -116.984802,
            47.421171,
            793.4
          ],
          [
            -116.985212,
            47.421771,
            790.4
          ],
          [
            -116.985467,
            47.422177,
            788.5
          ],
          [
            -116.985821,
            47.422792,
            785.7
          ],
          [
            -116.986137,
            47.423414,
            783.4
          ],
          [
            -116.988438,
            47.428405,
            791.5
          ],
          [
            -116.988817,
            47.42925,
            795.1
          ],
          [
            -116.989169,
            47.4301,
            798.3
          ],
          [
            -116.989413,
            47.43074,
            800.7
          ],
          [
            -116.98972,
            47.431599,
            803.9
          ],
          [
            -116.990007,
            47.432456,
            806.8
          ],
          [
            -116.9982,
            47.45773,
            803.7
          ],
          [
            -116.998411,
            47.458423,
            803.2
          ],
          [
            -116.999976,
            47.463772,
            799.6
          ],
          [
            -117.000573,
            47.465939,
            796.8
          ],
          [
            -117.00157,
            47.469349,
            791.9
          ],
          [
            -117.001678,
            47.46978,
            792.2
          ],
          [
            -117.001775,
            47.470256,
            792.9
          ],
          [
            -117.001869,
            47.470866,
            794.2
          ],
          [
            -117.001938,
            47.471527,
            795.6
          ],
          [
            -117.00197,
            47.472189,
            797
          ],
          [
            -117.001959,
            47.472854,
            798.2
          ],
          [
            -117.001899,
            47.473516,
            799.2
          ],
          [
            -117.001803,
            47.474179,
            799.7
          ],
          [
            -117.001669,
            47.474833,
            799.7
          ],
          [
            -117.001494,
            47.475491,
            799.4
          ],
          [
            -117.001284,
            47.476139,
            798.7
          ],
          [
            -117.001034,
            47.476779,
            797.8
          ],
          [
            -117.000845,
            47.477205,
            796.8
          ],
          [
            -117.000642,
            47.477624,
            795.7
          ],
          [
            -117.000308,
            47.478249,
            794
          ],
          [
            -116.999936,
            47.478866,
            792.1
          ],
          [
            -116.999528,
            47.479476,
            789.6
          ],
          [
            -116.99909,
            47.480068,
            787
          ],
          [
            -116.998648,
            47.480611,
            784.6
          ],
          [
            -116.998141,
            47.48118,
            782.2
          ],
          [
            -116.997419,
            47.481914,
            779.9
          ],
          [
            -116.99704,
            47.48227,
            779.5
          ],
          [
            -116.996446,
            47.482793,
            778.9
          ],
          [
            -116.995817,
            47.483301,
            778.1
          ],
          [
            -116.995161,
            47.483793,
            777.4
          ],
          [
            -116.994472,
            47.484271,
            776.8
          ],
          [
            -116.993763,
            47.484727,
            776.3
          ],
          [
            -116.993031,
            47.485163,
            776.5
          ],
          [
            -116.992272,
            47.485577,
            777.3
          ],
          [
            -116.991755,
            47.485844,
            778
          ],
          [
            -116.990961,
            47.486224,
            779.6
          ],
          [
            -116.990151,
            47.486587,
            781.8
          ],
          [
            -116.989599,
            47.486815,
            783.9
          ],
          [
            -116.988749,
            47.487139,
            786.6
          ],
          [
            -116.988174,
            47.487347,
            788.7
          ],
          [
            -116.97985,
            47.49026,
            816
          ],
          [
            -116.979547,
            47.490357,
            816.6
          ],
          [
            -116.976339,
            47.491463,
            820.6
          ],
          [
            -116.971422,
            47.493174,
            823.9
          ],
          [
            -116.970287,
            47.49359,
            824.8
          ],
          [
            -116.969503,
            47.493911,
            825.5
          ],
          [
            -116.968692,
            47.494272,
            826.3
          ],
          [
            -116.968162,
            47.494524,
            826.8
          ],
          [
            -116.967386,
            47.494919,
            827.4
          ],
          [
            -116.967146,
            47.495072,
            827.6
          ],
          [
            -116.966411,
            47.4955,
            827.9
          ],
          [
            -116.965701,
            47.495946,
            828.2
          ],
          [
            -116.965014,
            47.496408,
            828.3
          ],
          [
            -116.964351,
            47.496892,
            828.2
          ],
          [
            -116.963714,
            47.497395,
            827.6
          ],
          [
            -116.962915,
            47.498087,
            826.9
          ],
          [
            -116.962343,
            47.498627,
            826.3
          ],
          [
            -116.961618,
            47.499367,
            824.7
          ],
          [
            -116.961424,
            47.499545,
            824.1
          ],
          [
            -116.961254,
            47.499736,
            823.5
          ],
          [
            -116.960935,
            47.500124,
            821.9
          ],
          [
            -116.960482,
            47.500715,
            819.8
          ],
          [
            -116.960204,
            47.501116,
            818.4
          ],
          [
            -116.959808,
            47.501729,
            815.8
          ],
          [
            -116.959447,
            47.50235,
            812.7
          ],
          [
            -116.958707,
            47.503777,
            805.9
          ],
          [
            -116.958472,
            47.50419,
            804.1
          ],
          [
            -116.958219,
            47.504598,
            802.2
          ],
          [
            -116.957803,
            47.505204,
            799.4
          ],
          [
            -116.957356,
            47.505791,
            796.9
          ],
          [
            -116.957036,
            47.506174,
            795.1
          ],
          [
            -116.956528,
            47.506742,
            792.8
          ],
          [
            -116.955992,
            47.507289,
            791.4
          ],
          [
            -116.955426,
            47.50782,
            790.8
          ],
          [
            -116.954824,
            47.50834,
            790
          ],
          [
            -116.954191,
            47.508844,
            789.5
          ],
          [
            -116.953531,
            47.509331,
            789.2
          ],
          [
            -116.952836,
            47.509803,
            788.7
          ],
          [
            -116.952114,
            47.510256,
            788
          ],
          [
            -116.951114,
            47.51083,
            786.5
          ],
          [
            -116.950334,
            47.511238,
            785.3
          ],
          [
            -116.94981,
            47.511496,
            784.3
          ],
          [
            -116.947711,
            47.512465,
            780.8
          ],
          [
            -116.946625,
            47.512956,
            778.9
          ],
          [
            -116.94604,
            47.513236,
            777.9
          ],
          [
            -116.945327,
            47.513625,
            776.2
          ],
          [
            -116.944801,
            47.513952,
            775
          ],
          [
            -116.94439,
            47.514232,
            774.2
          ],
          [
            -116.944171,
            47.514395,
            774
          ],
          [
            -116.943752,
            47.514732,
            773.3
          ],
          [
            -116.943574,
            47.514916,
            773
          ],
          [
            -116.942408,
            47.515973,
            771.2
          ],
          [
            -116.942195,
            47.51614,
            771
          ],
          [
            -116.939892,
            47.518281,
            766.8
          ],
          [
            -116.938912,
            47.51917,
            764.3
          ],
          [
            -116.935785,
            47.521937,
            752.1
          ],
          [
            -116.927624,
            47.52934,
            764.2
          ],
          [
            -116.927065,
            47.529879,
            764.4
          ],
          [
            -116.926543,
            47.530435,
            764.8
          ],
          [
            -116.926211,
            47.530811,
            765.2
          ],
          [
            -116.926072,
            47.531013,
            765.4
          ],
          [
            -116.925513,
            47.531755,
            765.9
          ],
          [
            -116.925105,
            47.532357,
            766.3
          ],
          [
            -116.924851,
            47.532762,
            766.3
          ],
          [
            -116.924496,
            47.533383,
            766.5
          ],
          [
            -116.924172,
            47.534009,
            766.3
          ],
          [
            -116.924054,
            47.534214,
            766.2
          ],
          [
            -116.923711,
            47.535066,
            765.4
          ],
          [
            -116.92366,
            47.535287,
            765.2
          ],
          [
            -116.923568,
            47.5355,
            765
          ],
          [
            -116.923504,
            47.535717,
            764.9
          ],
          [
            -116.923465,
            47.535935,
            764.7
          ],
          [
            -116.923386,
            47.536149,
            764.5
          ],
          [
            -116.92336,
            47.53637,
            764.3
          ],
          [
            -116.923288,
            47.536586,
            764.2
          ],
          [
            -116.923197,
            47.537025,
            764
          ],
          [
            -116.922957,
            47.538339,
            762.9
          ],
          [
            -116.922782,
            47.539213,
            762
          ],
          [
            -116.921883,
            47.543358,
            759.6
          ],
          [
            -116.921595,
            47.544615,
            761
          ],
          [
            -116.921406,
            47.545262,
            761.8
          ],
          [
            -116.921256,
            47.545693,
            762.2
          ],
          [
            -116.921089,
            47.546122,
            762.8
          ],
          [
            -116.920806,
            47.546756,
            763.5
          ],
          [
            -116.920595,
            47.547173,
            764
          ],
          [
            -116.920365,
            47.547589,
            764.5
          ],
          [
            -116.919994,
            47.548199,
            765.8
          ],
          [
            -116.919725,
            47.5486,
            766.7
          ],
          [
            -116.919292,
            47.549193,
            767.9
          ],
          [
            -116.913545,
            47.556572,
            774.7
          ],
          [
            -116.913248,
            47.556963,
            774.1
          ],
          [
            -116.912938,
            47.557402,
            773.5
          ],
          [
            -116.912569,
            47.557968,
            772.7
          ],
          [
            -116.912211,
            47.558581,
            771.2
          ],
          [
            -116.911892,
            47.55921,
            769.8
          ],
          [
            -116.911839,
            47.55943,
            769.1
          ],
          [
            -116.911539,
            47.560106,
            767.2
          ],
          [
            -116.911133,
            47.561125,
            763.6
          ],
          [
            -116.911032,
            47.561335,
            762.9
          ],
          [
            -116.910642,
            47.562406,
            759.4
          ],
          [
            -116.909761,
            47.564755,
            754.3
          ],
          [
            -116.909026,
            47.566632,
            750.6
          ],
          [
            -116.908753,
            47.56727,
            748.5
          ],
          [
            -116.908536,
            47.567689,
            747.4
          ],
          [
            -116.908292,
            47.568096,
            746.5
          ],
          [
            -116.908155,
            47.5683,
            746.1
          ],
          [
            -116.90786,
            47.568694,
            744.8
          ],
          [
            -116.90754,
            47.569076,
            743.6
          ],
          [
            -116.907187,
            47.569452,
            742
          ],
          [
            -116.906811,
            47.569813,
            740.5
          ],
          [
            -116.906614,
            47.569989,
            739.7
          ],
          [
            -116.906198,
            47.570331,
            738.1
          ],
          [
            -116.905534,
            47.570817,
            736
          ],
          [
            -116.903445,
            47.572207,
            732.9
          ],
          [
            -116.902067,
            47.573137,
            731.4
          ],
          [
            -116.899965,
            47.57453,
            729.5
          ],
          [
            -116.899275,
            47.575,
            728.5
          ],
          [
            -116.898845,
            47.57533,
            727.6
          ],
          [
            -116.898451,
            47.575681,
            727
          ],
          [
            -116.898121,
            47.576014,
            726.4
          ],
          [
            -116.897794,
            47.576398,
            725.3
          ],
          [
            -116.897509,
            47.576798,
            724.1
          ],
          [
            -116.897381,
            47.577001,
            723.2
          ],
          [
            -116.897096,
            47.577634,
            720.6
          ],
          [
            -116.897014,
            47.577845,
            719.6
          ],
          [
            -116.896887,
            47.57828,
            717.6
          ],
          [
            -116.896834,
            47.578498,
            716.7
          ],
          [
            -116.896481,
            47.580253,
            709.3
          ],
          [
            -116.896417,
            47.58047,
            708.6
          ],
          [
            -116.896374,
            47.580688,
            707.9
          ],
          [
            -116.896101,
            47.582222,
            704.6
          ],
          [
            -116.895725,
            47.584197,
            701
          ],
          [
            -116.895625,
            47.584634,
            700
          ],
          [
            -116.895563,
            47.584854,
            699.5
          ],
          [
            -116.895415,
            47.585283,
            698.3
          ],
          [
            -116.895326,
            47.5855,
            697.6
          ],
          [
            -116.895123,
            47.585923,
            696.1
          ],
          [
            -116.894886,
            47.586337,
            694.6
          ],
          [
            -116.893372,
            47.588752,
            683.6
          ],
          [
            -116.893135,
            47.589162,
            681
          ],
          [
            -116.892825,
            47.589793,
            677.4
          ],
          [
            -116.891891,
            47.591898,
            668.3
          ],
          [
            -116.891602,
            47.59252,
            666.2
          ],
          [
            -116.89128,
            47.593139,
            664.4
          ],
          [
            -116.890922,
            47.593748,
            663.1
          ],
          [
            -116.890665,
            47.594149,
            662.3
          ],
          [
            -116.890392,
            47.594547,
            661.6
          ],
          [
            -116.890104,
            47.594942,
            661
          ],
          [
            -116.8898,
            47.595335,
            660.5
          ],
          [
            -116.889482,
            47.595721,
            660.2
          ],
          [
            -116.889146,
            47.596104,
            659.8
          ],
          [
            -116.888268,
            47.597038,
            658.4
          ],
          [
            -116.885491,
            47.599951,
            661.2
          ],
          [
            -116.88395,
            47.601619,
            671.2
          ],
          [
            -116.882553,
            47.603102,
            680.2
          ],
          [
            -116.882016,
            47.603656,
            683.6
          ],
          [
            -116.881822,
            47.603832,
            684.8
          ],
          [
            -116.881614,
            47.604004,
            686
          ],
          [
            -116.881134,
            47.604296,
            688.7
          ],
          [
            -116.880885,
            47.604433,
            689.9
          ],
          [
            -116.880357,
            47.604685,
            692.3
          ],
          [
            -116.880084,
            47.604799,
            693.4
          ],
          [
            -116.879516,
            47.604994,
            696.1
          ],
          [
            -116.879223,
            47.605078,
            697.5
          ],
          [
            -116.878924,
            47.60515,
            698.6
          ],
          [
            -116.876412,
            47.605598,
            711.4
          ],
          [
            -116.875788,
            47.605745,
            714.3
          ],
          [
            -116.875544,
            47.605814,
            715.8
          ],
          [
            -116.875182,
            47.605935,
            717.1
          ],
          [
            -116.874129,
            47.606375,
            722.5
          ],
          [
            -116.873876,
            47.606592,
            723.9
          ],
          [
            -116.873448,
            47.60686,
            726.5
          ],
          [
            -116.873223,
            47.607023,
            727.9
          ],
          [
            -116.873015,
            47.607191,
            729.3
          ],
          [
            -116.872786,
            47.607402,
            730.7
          ],
          [
            -116.872644,
            47.607546,
            732
          ],
          [
            -116.872479,
            47.607734,
            733
          ],
          [
            -116.872331,
            47.607927,
            734
          ],
          [
            -116.872192,
            47.608129,
            735.3
          ],
          [
            -116.872048,
            47.608372,
            736.5
          ],
          [
            -116.871886,
            47.608746,
            738.4
          ],
          [
            -116.871813,
            47.608959,
            739.5
          ],
          [
            -116.871756,
            47.609175,
            740.8
          ],
          [
            -116.871716,
            47.609392,
            742.1
          ],
          [
            -116.871693,
            47.609614,
            743.4
          ],
          [
            -116.871686,
            47.609833,
            744.8
          ],
          [
            -116.871696,
            47.610052,
            745.6
          ],
          [
            -116.871724,
            47.610271,
            746.6
          ],
          [
            -116.871769,
            47.610488,
            747.7
          ],
          [
            -116.87183,
            47.610699,
            749.2
          ],
          [
            -116.872091,
            47.610943,
            750.6
          ],
          [
            -116.872185,
            47.611157,
            751.8
          ],
          [
            -116.872402,
            47.611573,
            754
          ],
          [
            -116.873693,
            47.613835,
            764.6
          ],
          [
            -116.873915,
            47.614045,
            765.1
          ],
          [
            -116.874718,
            47.615479,
            768.5
          ],
          [
            -116.874813,
            47.615689,
            769
          ],
          [
            -116.874891,
            47.615899,
            769.8
          ],
          [
            -116.874942,
            47.616116,
            770.6
          ],
          [
            -116.874969,
            47.616334,
            771.4
          ],
          [
            -116.874973,
            47.616551,
            772.4
          ],
          [
            -116.874956,
            47.616769,
            773.3
          ],
          [
            -116.874924,
            47.616944,
            774.3
          ],
          [
            -116.874856,
            47.617161,
            775.1
          ],
          [
            -116.874764,
            47.617374,
            775.8
          ],
          [
            -116.874659,
            47.617581,
            776.5
          ],
          [
            -116.874495,
            47.617823,
            777.5
          ],
          [
            -116.874216,
            47.61817,
            779.5
          ],
          [
            -116.873546,
            47.618926,
            781.9
          ],
          [
            -116.873018,
            47.619495,
            783.4
          ],
          [
            -116.872821,
            47.619727,
            783.7
          ],
          [
            -116.872549,
            47.620085,
            784.6
          ],
          [
            -116.872412,
            47.620285,
            784.9
          ],
          [
            -116.87228,
            47.620491,
            785.1
          ],
          [
            -116.872041,
            47.620904,
            785.3
          ],
          [
            -116.871832,
            47.621321,
            785.3
          ],
          [
            -116.871645,
            47.621747,
            785.6
          ],
          [
            -116.871563,
            47.621959,
            785.6
          ],
          [
            -116.871423,
            47.622387,
            785.8
          ],
          [
            -116.871368,
            47.622605,
            786
          ],
          [
            -116.87128,
            47.623046,
            786.2
          ],
          [
            -116.87123,
            47.623488,
            786.7
          ],
          [
            -116.871186,
            47.624149,
            786.7
          ],
          [
            -116.871184,
            47.624591,
            786.7
          ],
          [
            -116.871221,
            47.626356,
            787.3
          ],
          [
            -116.871219,
            47.626798,
            787.8
          ],
          [
            -116.871196,
            47.627239,
            788.4
          ],
          [
            -116.871137,
            47.627677,
            789.1
          ],
          [
            -116.871042,
            47.628112,
            789.7
          ],
          [
            -116.870983,
            47.628329,
            790.1
          ],
          [
            -116.870853,
            47.628713,
            790.9
          ],
          [
            -116.870672,
            47.629138,
            791.5
          ],
          [
            -116.870462,
            47.629555,
            792.1
          ],
          [
            -116.870216,
            47.629968,
            792.6
          ],
          [
            -116.870078,
            47.630168,
            792.7
          ],
          [
            -116.869776,
            47.630557,
            793.4
          ],
          [
            -116.868267,
            47.632277,
            795.5
          ],
          [
            -116.866476,
            47.634384,
            797
          ],
          [
            -116.865975,
            47.634951,
            797.2
          ],
          [
            -116.864922,
            47.636112,
            797.3
          ],
          [
            -116.864478,
            47.636647,
            797.7
          ],
          [
            -116.864191,
            47.637042,
            798.3
          ],
          [
            -116.86406,
            47.637243,
            798.6
          ],
          [
            -116.863937,
            47.637448,
            798.9
          ],
          [
            -116.863719,
            47.637863,
            799
          ],
          [
            -116.863542,
            47.63829,
            799.3
          ],
          [
            -116.863473,
            47.638506,
            799.5
          ],
          [
            -116.863303,
            47.639155,
            800.1
          ],
          [
            -116.863209,
            47.639592,
            800.4
          ],
          [
            -116.862955,
            47.641091,
            799.4
          ],
          [
            -116.862869,
            47.641528,
            798.4
          ],
          [
            -116.862815,
            47.641746,
            797.9
          ],
          [
            -116.862743,
            47.641957,
            797.3
          ],
          [
            -116.862648,
            47.642165,
            797
          ],
          [
            -116.862507,
            47.642403,
            796.5
          ],
          [
            -116.862189,
            47.642731,
            795.5
          ],
          [
            -116.861993,
            47.642904,
            794.6
          ],
          [
            -116.861774,
            47.643065,
            793.5
          ],
          [
            -116.861539,
            47.643213,
            792.6
          ],
          [
            -116.861285,
            47.643349,
            791.2
          ],
          [
            -116.86102,
            47.643473,
            789.9
          ],
          [
            -116.860736,
            47.643585,
            788.8
          ],
          [
            -116.860444,
            47.643678,
            787.7
          ],
          [
            -116.860139,
            47.643748,
            786.7
          ],
          [
            -116.859819,
            47.643805,
            785.2
          ],
          [
            -116.859425,
            47.643851,
            784.1
          ],
          [
            -116.859101,
            47.643864,
            783
          ],
          [
            -116.857736,
            47.643863,
            778.3
          ],
          [
            -116.857384,
            47.643877,
            777.2
          ],
          [
            -116.857029,
            47.643909,
            775.9
          ],
          [
            -116.856691,
            47.64396,
            774.3
          ],
          [
            -116.856357,
            47.644028,
            772.7
          ],
          [
            -116.855722,
            47.644222,
            770
          ],
          [
            -116.855419,
            47.644335,
            768.3
          ],
          [
            -116.855128,
            47.644463,
            766.8
          ],
          [
            -116.854852,
            47.644603,
            765.6
          ],
          [
            -116.854586,
            47.644759,
            764.3
          ],
          [
            -116.854078,
            47.645087,
            761.1
          ],
          [
            -116.853075,
            47.645766,
            755.2
          ],
          [
            -116.852807,
            47.645933,
            753.5
          ],
          [
            -116.852529,
            47.646092,
            751.8
          ],
          [
            -116.852238,
            47.646239,
            750.3
          ],
          [
            -116.851933,
            47.646373,
            748.7
          ],
          [
            -116.851615,
            47.646493,
            747.3
          ],
          [
            -116.850924,
            47.646656,
            743.4
          ],
          [
            -116.849869,
            47.646869,
            738.8
          ],
          [
            -116.849596,
            47.646941,
            737.3
          ],
          [
            -116.848883,
            47.647056,
            734.7
          ],
          [
            -116.848179,
            47.647195,
            732.4
          ],
          [
            -116.847839,
            47.647286,
            730.9
          ],
          [
            -116.847456,
            47.647419,
            729.5
          ],
          [
            -116.847215,
            47.647519,
            728
          ],
          [
            -116.846922,
            47.64766,
            726.6
          ],
          [
            -116.846652,
            47.647814,
            724.9
          ],
          [
            -116.846401,
            47.647982,
            722.9
          ],
          [
            -116.846132,
            47.648201,
            721.4
          ],
          [
            -116.84597,
            47.648357,
            719.9
          ],
          [
            -116.845795,
            47.648568,
            718.4
          ],
          [
            -116.84565,
            47.648787,
            716.8
          ],
          [
            -116.84553,
            47.649016,
            715.3
          ],
          [
            -116.845436,
            47.64925,
            713.8
          ],
          [
            -116.845365,
            47.649488,
            712.5
          ],
          [
            -116.845316,
            47.649729,
            710.7
          ],
          [
            -116.845281,
            47.649976,
            709
          ],
          [
            -116.845067,
            47.651954,
            695
          ],
          [
            -116.844974,
            47.652456,
            691.7
          ],
          [
            -116.844908,
            47.652707,
            690.1
          ],
          [
            -116.84483,
            47.652956,
            688.5
          ],
          [
            -116.844642,
            47.653448,
            685.6
          ],
          [
            -116.844411,
            47.653936,
            682.5
          ],
          [
            -116.844139,
            47.654414,
            679.5
          ],
          [
            -116.843823,
            47.654884,
            676.3
          ],
          [
            -116.84365,
            47.655114,
            674.9
          ],
          [
            -116.843266,
            47.655564,
            672.4
          ],
          [
            -116.842839,
            47.655998,
            669.9
          ],
          [
            -116.842371,
            47.656419,
            667.3
          ],
          [
            -116.841876,
            47.656818,
            664.6
          ],
          [
            -116.84059,
            47.657768,
            660.4
          ],
          [
            -116.839336,
            47.658665,
            657.6
          ],
          [
            -116.838289,
            47.659391,
            656.3
          ],
          [
            -116.835354,
            47.661521,
            655.4
          ],
          [
            -116.833666,
            47.662722,
            655.6
          ],
          [
            -116.832969,
            47.663251,
            656
          ],
          [
            -116.832749,
            47.663437,
            656
          ],
          [
            -116.832355,
            47.663814,
            656.1
          ],
          [
            -116.831989,
            47.664218,
            656.2
          ],
          [
            -116.831666,
            47.664633,
            656.6
          ],
          [
            -116.831515,
            47.664844,
            657
          ],
          [
            -116.831157,
            47.6655,
            657.9
          ],
          [
            -116.830952,
            47.665947,
            658.3
          ],
          [
            -116.830787,
            47.666398,
            658.9
          ],
          [
            -116.83066,
            47.666849,
            659.1
          ],
          [
            -116.830268,
            47.668396,
            658.7
          ],
          [
            -116.830193,
            47.668612,
            658.9
          ],
          [
            -116.829805,
            47.670284,
            660.1
          ],
          [
            -116.829655,
            47.670893,
            660.6
          ],
          [
            -116.82958,
            47.671133,
            661
          ],
          [
            -116.829518,
            47.671293,
            661.5
          ],
          [
            -116.829426,
            47.671486,
            661.7
          ],
          [
            -116.829313,
            47.671677,
            662
          ],
          [
            -116.829178,
            47.671865,
            662.1
          ],
          [
            -116.828988,
            47.672087,
            662.4
          ],
          [
            -116.828827,
            47.672216,
            662.5
          ],
          [
            -116.828648,
            47.672401,
            661.9
          ],
          [
            -116.828433,
            47.672566,
            661.6
          ],
          [
            -116.828191,
            47.672722,
            661.2
          ],
          [
            -116.827924,
            47.672866,
            660.7
          ],
          [
            -116.827652,
            47.672999,
            660.4
          ],
          [
            -116.827361,
            47.673119,
            659.9
          ],
          [
            -116.827061,
            47.673228,
            659.6
          ],
          [
            -116.825212,
            47.673822,
            658.4
          ],
          [
            -116.824314,
            47.674122,
            658.1
          ],
          [
            -116.824023,
            47.674228,
            658.1
          ],
          [
            -116.82374,
            47.674344,
            658.3
          ],
          [
            -116.82347,
            47.674473,
            658.5
          ],
          [
            -116.82322,
            47.674613,
            658.5
          ],
          [
            -116.822756,
            47.674933,
            658.3
          ],
          [
            -116.822557,
            47.675107,
            658.4
          ],
          [
            -116.82182,
            47.675799,
            658.7
          ],
          [
            -116.821405,
            47.676129,
            658.9
          ],
          [
            -116.821188,
            47.676282,
            659.1
          ],
          [
            -116.820952,
            47.676427,
            659.2
          ],
          [
            -116.8207,
            47.67656,
            659.6
          ],
          [
            -116.820434,
            47.676679,
            659.6
          ],
          [
            -116.820154,
            47.676784,
            660
          ],
          [
            -116.819858,
            47.676875,
            660.2
          ],
          [
            -116.819229,
            47.677007,
            661.7
          ],
          [
            -116.818904,
            47.677049,
            662.2
          ],
          [
            -116.818565,
            47.677069,
            662.6
          ],
          [
            -116.818241,
            47.677076,
            663.3
          ],
          [
            -116.817573,
            47.677032,
            664.3
          ],
          [
            -116.817249,
            47.676987,
            665.5
          ],
          [
            -116.816612,
            47.676857,
            667.9
          ],
          [
            -116.815427,
            47.676514,
            672.5
          ],
          [
            -116.814927,
            47.676387,
            674.3
          ],
          [
            -116.814647,
            47.676327,
            675
          ],
          [
            -116.814024,
            47.676247,
            676.3
          ],
          [
            -116.813796,
            47.676234,
            676.6
          ],
          [
            -116.813237,
            47.676234,
            677.3
          ],
          [
            -116.812955,
            47.676251,
            677.4
          ],
          [
            -116.812629,
            47.676286,
            677.5
          ],
          [
            -116.812149,
            47.676367,
            677.4
          ],
          [
            -116.811641,
            47.676497,
            676.8
          ],
          [
            -116.811352,
            47.67659,
            676.4
          ],
          [
            -116.810923,
            47.676746,
            675.4
          ],
          [
            -116.810454,
            47.676933,
            674.2
          ],
          [
            -116.809063,
            47.677527,
            670.7
          ],
          [
            -116.808618,
            47.677742,
            669.2
          ],
          [
            -116.808209,
            47.677976,
            667.4
          ],
          [
            -116.80784,
            47.678237,
            665.5
          ],
          [
            -116.807673,
            47.678374,
            664.4
          ],
          [
            -116.807522,
            47.678516,
            663.3
          ],
          [
            -116.80738,
            47.67867,
            662.4
          ],
          [
            -116.807257,
            47.678823,
            661.3
          ],
          [
            -116.807002,
            47.679298,
            659.2
          ],
          [
            -116.806872,
            47.679622,
            658.4
          ],
          [
            -116.806756,
            47.679963,
            657.9
          ],
          [
            -116.806684,
            47.680132,
            657.6
          ],
          [
            -116.806647,
            47.680302,
            657.5
          ],
          [
            -116.806661,
            47.680523,
            657.5
          ],
          [
            -116.806435,
            47.681322,
            657.7
          ],
          [
            -116.806262,
            47.681794,
            657.8
          ],
          [
            -116.806191,
            47.681949,
            657.8
          ],
          [
            -116.806042,
            47.682228,
            657.6
          ],
          [
            -116.805838,
            47.682532,
            657.5
          ],
          [
            -116.805563,
            47.682864,
            657.7
          ],
          [
            -116.805308,
            47.683133,
            657.6
          ],
          [
            -116.805133,
            47.683271,
            657.6
          ],
          [
            -116.804766,
            47.68359,
            657.2
          ],
          [
            -116.804251,
            47.683964,
            656.9
          ],
          [
            -116.803858,
            47.684204,
            657
          ],
          [
            -116.80344,
            47.684426,
            656.4
          ],
          [
            -116.803007,
            47.68462,
            655.9
          ],
          [
            -116.802561,
            47.684803,
            655.8
          ],
          [
            -116.801691,
            47.68514,
            657.8
          ],
          [
            -116.797177,
            47.686841,
            667.5
          ],
          [
            -116.795737,
            47.687409,
            669.7
          ],
          [
            -116.795562,
            47.687492,
            670.1
          ],
          [
            -116.795225,
            47.687608,
            671.1
          ],
          [
            -116.794983,
            47.687664,
            671.6
          ],
          [
            -116.794406,
            47.687819,
            672.9
          ],
          [
            -116.79405,
            47.687883,
            674.2
          ],
          [
            -116.793413,
            47.687954,
            675.4
          ],
          [
            -116.793257,
            47.687937,
            675.8
          ],
          [
            -116.792736,
            47.687977,
            676.8
          ],
          [
            -116.792575,
            47.687999,
            677.4
          ],
          [
            -116.792438,
            47.688026,
            677.9
          ],
          [
            -116.792311,
            47.688063,
            678.1
          ],
          [
            -116.792217,
            47.688114,
            678.2
          ],
          [
            -116.792052,
            47.688172,
            678.3
          ],
          [
            -116.792007,
            47.688121,
            678.3
          ],
          [
            -116.791879,
            47.688094,
            678.4
          ],
          [
            -116.791788,
            47.688122,
            678.2
          ],
          [
            -116.79181,
            47.688057,
            678
          ],
          [
            -116.791814,
            47.68798,
            677.3
          ],
          [
            -116.791843,
            47.685955,
            674.8
          ],
          [
            -116.791819,
            47.685837,
            674.7
          ],
          [
            -116.791828,
            47.685424,
            674.9
          ],
          [
            -116.791843,
            47.685367,
            674.9
          ],
          [
            -116.791834,
            47.685295,
            674.6
          ],
          [
            -116.791636,
            47.685268,
            674.3
          ],
          [
            -116.79154,
            47.685267,
            674.1
          ],
          [
            -116.78952,
            47.685279,
            674
          ],
          [
            -116.788552,
            47.685294,
            675.8
          ],
          [
            -116.788416,
            47.685277,
            676.1
          ],
          [
            -116.787449,
            47.685275,
            676.9
          ],
          [
            -116.787316,
            47.685289,
            676.8
          ],
          [
            -116.786445,
            47.685284,
            677.1
          ],
          [
            -116.786286,
            47.685267,
            676
          ],
          [
            -116.786233,
            47.685235,
            677.7
          ],
          [
            -116.786246,
            47.685192,
            677.7
          ],
          [
            -116.786246,
            47.684881,
            677.1
          ],
          [
            -116.786224,
            47.684798,
            677.2
          ],
          [
            -116.786243,
            47.684464,
            677.3
          ],
          [
            -116.786286,
            47.682994,
            673.9
          ],
          [
            -116.786275,
            47.680421,
            673.8
          ],
          [
            -116.786296,
            47.677105,
            668.4
          ],
          [
            -116.786273,
            47.677001,
            667.9
          ],
          [
            -116.786301,
            47.676892,
            667.7
          ],
          [
            -116.786325,
            47.676683,
            667.2
          ],
          [
            -116.786356,
            47.676576,
            667.1
          ],
          [
            -116.786402,
            47.676472,
            666.8
          ],
          [
            -116.786478,
            47.67638,
            666.4
          ],
          [
            -116.786701,
            47.676014,
            663.7
          ],
          [
            -116.786757,
            47.675947,
            663.3
          ],
          [
            -116.786825,
            47.675889,
            662.9
          ],
          [
            -116.786982,
            47.675818,
            662.2
          ],
          [
            -116.787101,
            47.675787,
            661.4
          ],
          [
            -116.787187,
            47.675776,
            658
          ],
          [
            -116.787426,
            47.675788,
            661.2
          ],
          [
            -116.787547,
            47.675605,
            660.9
          ],
          [
            -116.787551,
            47.675541,
            660.9
          ],
          [
            -116.787526,
            47.675468,
            660.8
          ],
          [
            -116.787326,
            47.675132,
            659.9
          ],
          [
            -116.787148,
            47.674862,
            658.8
          ],
          [
            -116.787125,
            47.674807,
            658
          ],
          [
            -116.787143,
            47.67476,
            658
          ],
          [
            -116.787205,
            47.674779,
            659.1
          ],
          [
            -116.78724,
            47.674771,
            659
          ],
          [
            -116.787272,
            47.67474,
            658.9
          ],
          [
            -116.787352,
            47.674733,
            658.8
          ],
          [
            -116.787402,
            47.674747,
            658
          ],
          [
            -116.78744,
            47.674774,
            658.8
          ],
          [
            -116.787932,
            47.675396,
            658
          ],
          [
            -116.788065,
            47.675499,
            659
          ],
          [
            -116.788024,
            47.675542,
            658.9
          ],
          [
            -116.787669,
            47.675559,
            658
          ],
          [
            -116.787717,
            47.675459,
            658
          ],
          [
            -116.787726,
            47.675494,
            647
          ],
          [
            -116.787764,
            47.675494,
            648
          ],
          [
            -116.787747,
            47.675471,
            651
          ],
          [
            -116.787718,
            47.675474,
            651
          ],
          [
            -116.787622,
            47.675255,
            651
          ],
          [
            -116.787564,
            47.675198,
            651
          ],
          [
            -116.787444,
            47.675024,
            650
          ],
          [
            -116.78742,
            47.674977,
            649
          ],
          [
            -116.787396,
            47.674858,
            652
          ],
          [
            -116.787237,
            47.67474,
            650
          ],
          [
            -116.787152,
            47.674764,
            648
          ],
          [
            -116.787097,
            47.674671,
            651
          ],
          [
            -116.787047,
            47.674626,
            652
          ],
          [
            -116.787017,
            47.674566,
            651
          ],
          [
            -116.786968,
            47.674513,
            651
          ],
          [
            -116.786872,
            47.674355,
            651
          ],
          [
            -116.786786,
            47.674254,
            651
          ],
          [
            -116.786738,
            47.674159,
            645
          ],
          [
            -116.786766,
            47.674093,
            652
          ],
          [
            -116.786747,
            47.674061,
            652
          ],
          [
            -116.78653,
            47.673976,
            651
          ],
          [
            -116.786475,
            47.673919,
            651
          ],
          [
            -116.786317,
            47.6738,
            651
          ],
          [
            -116.785823,
            47.673558,
            651
          ],
          [
            -116.785598,
            47.67352,
            650
          ],
          [
            -116.78547,
            47.673515,
            650
          ],
          [
            -116.785201,
            47.673478,
            650
          ],
          [
            -116.78482,
            47.673447,
            652
          ],
          [
            -116.784593,
            47.673442,
            651
          ],
          [
            -116.784371,
            47.67346,
            652
          ],
          [
            -116.784231,
            47.673453,
            652
          ],
          [
            -116.784052,
            47.673461,
            651
          ],
          [
            -116.783867,
            47.67362,
            652
          ],
          [
            -116.78349,
            47.673583,
            652
          ],
          [
            -116.783414,
            47.6736,
            651
          ],
          [
            -116.783303,
            47.673583,
            651
          ],
          [
            -116.783233,
            47.673591,
            652
          ],
          [
            -116.783147,
            47.673574,
            648
          ],
          [
            -116.783107,
            47.673662,
            650
          ],
          [
            -116.783105,
            47.673691,
            652
          ],
          [
            -116.783089,
            47.673624,
            652
          ],
          [
            -116.782839,
            47.673545,
            650
          ],
          [
            -116.78276,
            47.673551,
            652.5
          ],
          [
            -116.782788,
            47.673562,
            646
          ],
          [
            -116.782766,
            47.673367,
            652
          ],
          [
            -116.78278,
            47.673302,
            651
          ],
          [
            -116.782753,
            47.673275,
            652
          ],
          [
            -116.782739,
            47.67321,
            653
          ],
          [
            -116.78266,
            47.673129,
            654
          ],
          [
            -116.78266,
            47.673072,
            654
          ],
          [
            -116.782678,
            47.673034,
            654
          ],
          [
            -116.782641,
            47.672972,
            652
          ],
          [
            -116.782658,
            47.672877,
            654
          ],
          [
            -116.782637,
            47.672811,
            654
          ],
          [
            -116.782633,
            47.672708,
            654
          ],
          [
            -116.78266,
            47.672679,
            654
          ],
          [
            -116.782722,
            47.67264,
            656
          ],
          [
            -116.782825,
            47.672644,
            653
          ],
          [
            -116.782854,
            47.672614,
            651
          ],
          [
            -116.782807,
            47.672479,
            650
          ],
          [
            -116.7828,
            47.672435,
            652.4
          ],
          [
            -116.782769,
            47.672388,
            651
          ],
          [
            -116.782746,
            47.672326,
            650
          ],
          [
            -116.78277,
            47.67226,
            648
          ],
          [
            -116.782774,
            47.672156,
            648
          ],
          [
            -116.782735,
            47.672091,
            648
          ],
          [
            -116.782685,
            47.672057,
            650
          ],
          [
            -116.782602,
            47.672034,
            648
          ],
          [
            -116.782486,
            47.672023,
            649
          ],
          [
            -116.782334,
            47.672025,
            648
          ],
          [
            -116.782304,
            47.672007,
            648
          ],
          [
            -116.782286,
            47.671977,
            650
          ],
          [
            -116.782276,
            47.671852,
            650
          ],
          [
            -116.782301,
            47.671782,
            651
          ],
          [
            -116.782355,
            47.6717,
            648
          ],
          [
            -116.782331,
            47.671493,
            648
          ],
          [
            -116.782335,
            47.671426,
            649
          ],
          [
            -116.782372,
            47.671337,
            648
          ],
          [
            -116.782384,
            47.671264,
            648
          ],
          [
            -116.782387,
            47.671124,
            648
          ],
          [
            -116.782404,
            47.671001,
            648
          ],
          [
            -116.782376,
            47.670854,
            648
          ],
          [
            -116.782377,
            47.670788,
            648
          ],
          [
            -116.782349,
            47.670718,
            650
          ],
          [
            -116.782363,
            47.670681,
            639
          ],
          [
            -116.782434,
            47.670608,
            648
          ],
          [
            -116.782491,
            47.670594,
            648
          ],
          [
            -116.78253,
            47.670561,
            648
          ],
          [
            -116.782486,
            47.670531,
            630
          ],
          [
            -116.782391,
            47.67063,
            650.4
          ],
          [
            -116.782367,
            47.670686,
            648
          ],
          [
            -116.782348,
            47.670789,
            648
          ],
          [
            -116.782318,
            47.670804,
            648
          ],
          [
            -116.782131,
            47.670816,
            648
          ],
          [
            -116.781857,
            47.670816,
            648
          ],
          [
            -116.781558,
            47.670789,
            650
          ],
          [
            -116.780912,
            47.67066,
            650
          ],
          [
            -116.780662,
            47.670645,
            649
          ],
          [
            -116.78035,
            47.67066,
            650
          ],
          [
            -116.779926,
            47.67075,
            650
          ],
          [
            -116.779752,
            47.670812,
            650
          ],
          [
            -116.779681,
            47.670818,
            650
          ],
          [
            -116.779593,
            47.670851,
            651
          ],
          [
            -116.779476,
            47.670875,
            650
          ],
          [
            -116.779414,
            47.670904,
            651
          ],
          [
            -116.779382,
            47.670934,
            651
          ],
          [
            -116.779244,
            47.67102,
            651
          ],
          [
            -116.779188,
            47.671095,
            650
          ],
          [
            -116.779115,
            47.671313,
            648
          ],
          [
            -116.779089,
            47.671452,
            651
          ],
          [
            -116.779089,
            47.671547,
            652
          ],
          [
            -116.779125,
            47.671668,
            649
          ],
          [
            -116.779177,
            47.671755,
            651
          ],
          [
            -116.779232,
            47.671808,
            651
          ],
          [
            -116.779594,
            47.671911,
            652.6
          ],
          [
            -116.779999,
            47.671936,
            651
          ],
          [
            -116.78016,
            47.671926,
            652
          ],
          [
            -116.780339,
            47.671944,
            652
          ],
          [
            -116.780518,
            47.671992,
            651
          ],
          [
            -116.780626,
            47.671976,
            651
          ],
          [
            -116.780697,
            47.671943,
            651
          ],
          [
            -116.780793,
            47.671851,
            652
          ],
          [
            -116.780831,
            47.671851,
            651
          ],
          [
            -116.780929,
            47.671896,
            652
          ],
          [
            -116.78114,
            47.67203,
            651
          ],
          [
            -116.781255,
            47.672052,
            651
          ],
          [
            -116.781382,
            47.672048,
            652
          ],
          [
            -116.781343,
            47.672135,
            652
          ],
          [
            -116.781308,
            47.672307,
            652
          ],
          [
            -116.781253,
            47.672447,
            653
          ],
          [
            -116.781207,
            47.672518,
            652
          ],
          [
            -116.78117,
            47.672541,
            652
          ],
          [
            -116.78117,
            47.672644,
            652
          ],
          [
            -116.781137,
            47.672811,
            652
          ],
          [
            -116.781106,
            47.672901,
            656
          ],
          [
            -116.781109,
            47.672935,
            657
          ],
          [
            -116.781163,
            47.673044,
            656
          ],
          [
            -116.78116,
            47.673115,
            655
          ],
          [
            -116.781175,
            47.67322,
            655
          ],
          [
            -116.781088,
            47.673368,
            656
          ],
          [
            -116.781083,
            47.673408,
            658.3
          ],
          [
            -116.781495,
            47.67342,
            654
          ],
          [
            -116.781567,
            47.673413,
            656
          ],
          [
            -116.781725,
            47.673437,
            655
          ],
          [
            -116.781929,
            47.673402,
            652
          ],
          [
            -116.782145,
            47.673404,
            654
          ],
          [
            -116.78234,
            47.673416,
            654
          ],
          [
            -116.782522,
            47.67344,
            644
          ],
          [
            -116.782592,
            47.673428,
            654
          ],
          [
            -116.782772,
            47.673436,
            652
          ],
          [
            -116.782966,
            47.673427,
            652
          ],
          [
            -116.783223,
            47.673455,
            651
          ],
          [
            -116.783554,
            47.673453,
            654
          ],
          [
            -116.783668,
            47.673467,
            651
          ],
          [
            -116.783833,
            47.673454,
            652
          ],
          [
            -116.783955,
            47.673466,
            651
          ],
          [
            -116.784067,
            47.673445,
            652
          ],
          [
            -116.784158,
            47.67344,
            651
          ],
          [
            -116.784407,
            47.673472,
            652
          ],
          [
            -116.784624,
            47.673466,
            650
          ],
          [
            -116.785166,
            47.673508,
            650
          ],
          [
            -116.785237,
            47.673526,
            650
          ],
          [
            -116.785628,
            47.673547,
            651
          ],
          [
            -116.785848,
            47.673587,
            651
          ],
          [
            -116.786029,
            47.67365,
            650
          ],
          [
            -116.78623,
            47.673748,
            648
          ],
          [
            -116.786329,
            47.67381,
            650
          ],
          [
            -116.786441,
            47.673893,
            648
          ],
          [
            -116.78653,
            47.673974,
            650
          ],
          [
            -116.786588,
            47.674004,
            648
          ],
          [
            -116.786793,
            47.674232,
            648
          ],
          [
            -116.786806,
            47.674261,
            648
          ],
          [
            -116.786805,
            47.674299,
            648
          ],
          [
            -116.786855,
            47.674345,
            648
          ],
          [
            -116.786925,
            47.67449,
            650
          ],
          [
            -116.786969,
            47.674539,
            651
          ],
          [
            -116.787042,
            47.674684,
            651
          ],
          [
            -116.787129,
            47.674781,
            648
          ],
          [
            -116.787318,
            47.674857,
            648
          ],
          [
            -116.787341,
            47.674879,
            651
          ],
          [
            -116.787374,
            47.674937,
            652
          ],
          [
            -116.787411,
            47.674965,
            651
          ],
          [
            -116.787486,
            47.675103,
            652.7
          ],
          [
            -116.787575,
            47.675228,
            651
          ],
          [
            -116.787578,
            47.675265,
            648
          ],
          [
            -116.787607,
            47.675333,
            651
          ],
          [
            -116.787718,
            47.675475,
            651
          ],
          [
            -116.78769,
            47.675511,
            652
          ],
          [
            -116.787767,
            47.675471,
            675.1
          ],
          [
            -116.787798,
            47.67549,
            675.3
          ],
          [
            -116.787699,
            47.675359,
            668.2
          ],
          [
            -116.787471,
            47.674995,
            666.4
          ],
          [
            -116.787378,
            47.674871,
            662
          ],
          [
            -116.787306,
            47.674794,
            662.4
          ],
          [
            -116.787278,
            47.674777,
            661.9
          ],
          [
            -116.787204,
            47.67476,
            659
          ],
          [
            -116.787112,
            47.674773,
            660.1
          ],
          [
            -116.78705,
            47.6748,
            660
          ],
          [
            -116.78701,
            47.674833,
            660
          ],
          [
            -116.786994,
            47.674871,
            660
          ],
          [
            -116.786996,
            47.674918,
            659.9
          ],
          [
            -116.787045,
            47.675031,
            659.6
          ],
          [
            -116.787396,
            47.675587,
            659.2
          ],
          [
            -116.787593,
            47.67587,
            658.8
          ],
          [
            -116.787886,
            47.676249,
            658.6
          ],
          [
            -116.788126,
            47.676529,
            658.7
          ],
          [
            -116.789087,
            47.677527,
            659.3
          ],
          [
            -116.789878,
            47.678319,
            659.8
          ],
          [
            -116.791626,
            47.680107,
            660.5
          ],
          [
            -116.792097,
            47.680629,
            660.5
          ],
          [
            -116.793794,
            47.682686,
            661.1
          ],
          [
            -116.794513,
            47.683581,
            661.6
          ],
          [
            -116.794707,
            47.683845,
            662.3
          ],
          [
            -116.794766,
            47.683941,
            662.7
          ],
          [
            -116.794883,
            47.684191,
            663.2
          ],
          [
            -116.794898,
            47.684317,
            663.4
          ],
          [
            -116.794983,
            47.684686,
            663.9
          ],
          [
            -116.795036,
            47.684804,
            663.9
          ],
          [
            -116.795093,
            47.685045,
            663.9
          ],
          [
            -116.795092,
            47.685289,
            663.9
          ],
          [
            -116.795147,
            47.685531,
            664.3
          ],
          [
            -116.795218,
            47.685769,
            665.1
          ],
          [
            -116.79529,
            47.685883,
            665.5
          ],
          [
            -116.795393,
            47.686109,
            666.3
          ],
          [
            -116.795813,
            47.686931,
            671.1
          ],
          [
            -116.79591,
            47.687136,
            672.1
          ],
          [
            -116.795936,
            47.68722,
            672.3
          ],
          [
            -116.795968,
            47.687245,
            672.4
          ],
          [
            -116.795997,
            47.6873,
            672
          ],
          [
            -116.795881,
            47.687369,
            672.8
          ],
          [
            -116.795772,
            47.687396,
            672.8
          ],
          [
            -116.795296,
            47.687567,
            673.3
          ],
          [
            -116.794833,
            47.687706,
            674.6
          ],
          [
            -116.794288,
            47.687842,
            676.2
          ],
          [
            -116.793959,
            47.687896,
            677.1
          ],
          [
            -116.793598,
            47.687935,
            678
          ],
          [
            -116.793341,
            47.687947,
            678.1
          ],
          [
            -116.793169,
            47.687944,
            678.5
          ],
          [
            -116.792851,
            47.687967,
            679.2
          ],
          [
            -116.792546,
            47.688005,
            679.8
          ],
          [
            -116.792395,
            47.688038,
            680
          ],
          [
            -116.792258,
            47.688088,
            680.3
          ],
          [
            -116.792131,
            47.688156,
            680.6
          ],
          [
            -116.792037,
            47.688243,
            680.8
          ],
          [
            -116.791934,
            47.68832,
            681.1
          ],
          [
            -116.79185,
            47.688408,
            681.2
          ],
          [
            -116.791785,
            47.688502,
            681.4
          ],
          [
            -116.791741,
            47.688606,
            681.3
          ],
          [
            -116.791717,
            47.688712,
            681.3
          ],
          [
            -116.791659,
            47.689506,
            682.5
          ],
          [
            -116.79172,
            47.689659,
            682.6
          ],
          [
            -116.791714,
            47.690001,
            682.9
          ],
          [
            -116.791724,
            47.691949,
            683.8
          ],
          [
            -116.791703,
            47.693902,
            684.2
          ],
          [
            -116.79168,
            47.69395,
            684.2
          ],
          [
            -116.791642,
            47.693983,
            683.9
          ],
          [
            -116.791589,
            47.694005,
            683.7
          ],
          [
            -116.791485,
            47.694017,
            683.4
          ],
          [
            -116.791433,
            47.69394,
            683.3
          ],
          [
            -116.791279,
            47.69394,
            683.3
          ],
          [
            -116.791217,
            47.694004,
            683.2
          ],
          [
            -116.790962,
            47.693996,
            683.4
          ],
          [
            -116.790902,
            47.693938,
            683.4
          ],
          [
            -116.789808,
            47.69394,
            685
          ],
          [
            -116.789768,
            47.694058,
            685.2
          ],
          [
            -116.789717,
            47.694292,
            685.2
          ],
          [
            -116.789725,
            47.694328,
            685.2
          ],
          [
            -116.789756,
            47.694357,
            685.2
          ],
          [
            -116.789827,
            47.694525,
            685.2
          ],
          [
            -116.789889,
            47.694531,
            685
          ],
          [
            -116.789849,
            47.694365,
            684
          ],
          [
            -116.789896,
            47.694335,
            675
          ],
          [
            -116.789851,
            47.694364,
            675
          ],
          [
            -116.78995,
            47.694318,
            678.7
          ],
          [
            -116.790031,
            47.694257,
            679.1
          ],
          [
            -116.789999,
            47.694221,
            679.3
          ],
          [
            -116.790027,
            47.694077,
            679
          ],
          [
            -116.790041,
            47.69403,
            680
          ],
          [
            -116.790112,
            47.693969,
            680.6
          ],
          [
            -116.790984,
            47.693972,
            681.8
          ],
          [
            -116.791052,
            47.694023,
            682
          ],
          [
            -116.791308,
            47.694031,
            683
          ],
          [
            -116.791366,
            47.693973,
            683.2
          ],
          [
            -116.791478,
            47.693973,
            683.5
          ],
          [
            -116.791535,
            47.694048,
            683.5
          ],
          [
            -116.791582,
            47.694064,
            683.4
          ],
          [
            -116.791621,
            47.694094,
            683.4
          ],
          [
            -116.791639,
            47.694127,
            683.3
          ],
          [
            -116.791644,
            47.694203,
            683.2
          ],
          [
            -116.791616,
            47.695001,
            684.3
          ],
          [
            -116.791552,
            47.69606,
            686.1
          ],
          [
            -116.791535,
            47.696599,
            686.8
          ],
          [
            -116.791558,
            47.696697,
            686.9
          ],
          [
            -116.791557,
            47.69679,
            687
          ],
          [
            -116.791625,
            47.696844,
            687.1
          ],
          [
            -116.791608,
            47.697829,
            687.8
          ],
          [
            -116.791588,
            47.697954,
            687.8
          ],
          [
            -116.791529,
            47.69807,
            687.7
          ],
          [
            -116.791289,
            47.698148,
            687.4
          ],
          [
            -116.791151,
            47.698174,
            687.2
          ],
          [
            -116.790985,
            47.698169,
            686.9
          ],
          [
            -116.78977,
            47.698361,
            682.2
          ],
          [
            -116.789201,
            47.698416,
            680.5
          ],
          [
            -116.788676,
            47.698442,
            679.4
          ],
          [
            -116.787866,
            47.698406,
            679.1
          ],
          [
            -116.787585,
            47.698423,
            679
          ],
          [
            -116.78731,
            47.698404,
            679
          ],
          [
            -116.785893,
            47.698259,
            679
          ],
          [
            -116.784176,
            47.698043,
            678
          ],
          [
            -116.78388,
            47.697981,
            677.8
          ],
          [
            -116.782673,
            47.697786,
            677.4
          ],
          [
            -116.782307,
            47.697642,
            677.4
          ],
          [
            -116.778288,
            47.696976,
            677.6
          ],
          [
            -116.777337,
            47.696804,
            677
          ],
          [
            -116.776695,
            47.696671,
            676.8
          ],
          [
            -116.775741,
            47.696433,
            676
          ],
          [
            -116.775116,
            47.69625,
            675.4
          ],
          [
            -116.774503,
            47.696049,
            675
          ],
          [
            -116.773903,
            47.69583,
            674.3
          ],
          [
            -116.77361,
            47.695713,
            674.3
          ],
          [
            -116.773039,
            47.695468,
            674.3
          ],
          [
            -116.77248,
            47.695204,
            674.2
          ],
          [
            -116.771678,
            47.694782,
            675
          ],
          [
            -116.770921,
            47.694324,
            675.6
          ],
          [
            -116.770485,
            47.694033,
            675.9
          ],
          [
            -116.770024,
            47.693699,
            675.9
          ],
          [
            -116.769756,
            47.69349,
            676.1
          ],
          [
            -116.769373,
            47.693167,
            676.5
          ],
          [
            -116.769173,
            47.692985,
            676.5
          ],
          [
            -116.768593,
            47.692417,
            676.9
          ],
          [
            -116.76257,
            47.6863,
            675.9
          ],
          [
            -116.762442,
            47.685966,
            676
          ],
          [
            -116.761125,
            47.68464,
            675
          ],
          [
            -116.75773,
            47.681182,
            671.5
          ],
          [
            -116.75369,
            47.677094,
            669.4
          ],
          [
            -116.75331,
            47.676695,
            669
          ],
          [
            -116.752943,
            47.676286,
            669.1
          ],
          [
            -116.752771,
            47.676079,
            669.1
          ],
          [
            -116.752445,
            47.675655,
            669
          ],
          [
            -116.752293,
            47.675437,
            668.9
          ],
          [
            -116.752019,
            47.675,
            668.6
          ],
          [
            -116.751773,
            47.674551,
            668.6
          ],
          [
            -116.751557,
            47.674096,
            668.9
          ],
          [
            -116.751371,
            47.673634,
            668.9
          ],
          [
            -116.751214,
            47.673164,
            668.6
          ],
          [
            -116.751086,
            47.672687,
            667.7
          ],
          [
            -116.750983,
            47.672203,
            667.1
          ],
          [
            -116.750941,
            47.671957,
            666.9
          ],
          [
            -116.750908,
            47.671713,
            666.8
          ],
          [
            -116.75087,
            47.671221,
            667.2
          ],
          [
            -116.750771,
            47.669328,
            674.3
          ],
          [
            -116.750863,
            47.668963,
            675.6
          ],
          [
            -116.750726,
            47.666364,
            687.7
          ],
          [
            -116.750686,
            47.665894,
            690
          ],
          [
            -116.750645,
            47.665662,
            691.2
          ],
          [
            -116.750588,
            47.665432,
            692.3
          ],
          [
            -116.750515,
            47.665208,
            693.3
          ],
          [
            -116.750424,
            47.664982,
            694
          ],
          [
            -116.750147,
            47.664565,
            695.5
          ],
          [
            -116.749989,
            47.664365,
            696.2
          ],
          [
            -116.749813,
            47.664172,
            696.8
          ],
          [
            -116.74962,
            47.663986,
            697.3
          ],
          [
            -116.749416,
            47.663805,
            697.9
          ],
          [
            -116.749196,
            47.663638,
            698.8
          ],
          [
            -116.748964,
            47.663477,
            700
          ],
          [
            -116.748723,
            47.663325,
            700.9
          ],
          [
            -116.748462,
            47.663183,
            701.9
          ],
          [
            -116.748189,
            47.663049,
            702.8
          ],
          [
            -116.747625,
            47.662814,
            704.2
          ],
          [
            -116.74561,
            47.662314,
            709.6
          ],
          [
            -116.745274,
            47.662258,
            710.5
          ],
          [
            -116.744595,
            47.662206,
            712.5
          ],
          [
            -116.744258,
            47.662191,
            713.5
          ],
          [
            -116.74392,
            47.662184,
            714.6
          ],
          [
            -116.743247,
            47.662201,
            716.9
          ],
          [
            -116.74259,
            47.66225,
            719.6
          ],
          [
            -116.74135,
            47.662395,
            723.8
          ],
          [
            -116.740697,
            47.662462,
            725.9
          ],
          [
            -116.740037,
            47.662501,
            728.8
          ],
          [
            -116.739314,
            47.662492,
            732
          ],
          [
            -116.737136,
            47.662354,
            742.6
          ],
          [
            -116.736511,
            47.662356,
            745.4
          ],
          [
            -116.736196,
            47.662373,
            746.5
          ],
          [
            -116.735893,
            47.662404,
            747.4
          ],
          [
            -116.735582,
            47.662448,
            748.2
          ],
          [
            -116.73464,
            47.662611,
            750.6
          ],
          [
            -116.734,
            47.662709,
            752
          ],
          [
            -116.733665,
            47.662741,
            752.6
          ],
          [
            -116.733331,
            47.662755,
            753.2
          ],
          [
            -116.732998,
            47.662753,
            753.8
          ],
          [
            -116.732659,
            47.662733,
            754.4
          ],
          [
            -116.732325,
            47.662696,
            754.7
          ],
          [
            -116.731993,
            47.662637,
            755
          ],
          [
            -116.731612,
            47.66266,
            755.4
          ],
          [
            -116.731297,
            47.662583,
            756
          ],
          [
            -116.730997,
            47.66249,
            756.3
          ],
          [
            -116.730704,
            47.66238,
            757.2
          ],
          [
            -116.73043,
            47.662256,
            757.9
          ],
          [
            -116.72996,
            47.661947,
            760
          ],
          [
            -116.729742,
            47.661786,
            761.2
          ],
          [
            -116.729348,
            47.661443,
            762.8
          ],
          [
            -116.729172,
            47.661267,
            763.7
          ],
          [
            -116.729016,
            47.661087,
            764.8
          ],
          [
            -116.728875,
            47.660899,
            765.7
          ],
          [
            -116.728756,
            47.660715,
            766.8
          ],
          [
            -116.728652,
            47.660531,
            767.8
          ],
          [
            -116.72856,
            47.660339,
            768.5
          ],
          [
            -116.728481,
            47.660147,
            769.2
          ],
          [
            -116.728416,
            47.65995,
            769.6
          ],
          [
            -116.728361,
            47.659754,
            770.4
          ],
          [
            -116.728268,
            47.659348,
            771.8
          ],
          [
            -116.728238,
            47.659022,
            772.8
          ],
          [
            -116.727832,
            47.657197,
            782.5
          ],
          [
            -116.727654,
            47.656154,
            786.6
          ],
          [
            -116.727601,
            47.655905,
            787.3
          ],
          [
            -116.727498,
            47.655531,
            788.4
          ],
          [
            -116.727423,
            47.655325,
            789.1
          ],
          [
            -116.727329,
            47.655127,
            789.4
          ],
          [
            -116.727217,
            47.654936,
            789.5
          ],
          [
            -116.727086,
            47.654751,
            789.4
          ],
          [
            -116.726933,
            47.654571,
            789.1
          ],
          [
            -116.726724,
            47.654362,
            788.9
          ],
          [
            -116.726369,
            47.654071,
            787.9
          ],
          [
            -116.726155,
            47.653921,
            787.2
          ],
          [
            -116.725654,
            47.653671,
            786.2
          ],
          [
            -116.725118,
            47.653459,
            785
          ],
          [
            -116.724833,
            47.653367,
            784.5
          ],
          [
            -116.724543,
            47.653292,
            783.5
          ],
          [
            -116.724245,
            47.653229,
            782.3
          ],
          [
            -116.723934,
            47.653178,
            781.4
          ],
          [
            -116.723629,
            47.65314,
            780.6
          ],
          [
            -116.723314,
            47.653116,
            779.8
          ],
          [
            -116.722683,
            47.653099,
            777.7
          ],
          [
            -116.722178,
            47.653113,
            776.9
          ],
          [
            -116.720259,
            47.653089,
            771.4
          ],
          [
            -116.719622,
            47.653059,
            770
          ],
          [
            -116.719301,
            47.653029,
            769.2
          ],
          [
            -116.718989,
            47.652987,
            768.3
          ],
          [
            -116.718381,
            47.652868,
            766.7
          ],
          [
            -116.718084,
            47.652789,
            765.8
          ],
          [
            -116.717796,
            47.652697,
            764.9
          ],
          [
            -116.717522,
            47.652594,
            763.8
          ],
          [
            -116.717259,
            47.652479,
            762.9
          ],
          [
            -116.717003,
            47.65235,
            762.3
          ],
          [
            -116.716765,
            47.652212,
            761.4
          ],
          [
            -116.716538,
            47.652065,
            760.7
          ],
          [
            -116.716325,
            47.65191,
            760
          ],
          [
            -116.716124,
            47.651742,
            759.3
          ],
          [
            -116.715941,
            47.65157,
            758.9
          ],
          [
            -116.715774,
            47.651391,
            758.1
          ],
          [
            -116.715621,
            47.651201,
            757.5
          ],
          [
            -116.715489,
            47.651009,
            757
          ],
          [
            -116.715376,
            47.650815,
            756.7
          ],
          [
            -116.715299,
            47.650655,
            756.4
          ],
          [
            -116.715218,
            47.650453,
            756.3
          ],
          [
            -116.715179,
            47.650246,
            756.2
          ],
          [
            -116.715055,
            47.649798,
            755.8
          ],
          [
            -116.71445,
            47.647468,
            753.8
          ],
          [
            -116.714481,
            47.647147,
            753.6
          ],
          [
            -116.713556,
            47.643516,
            750.6
          ],
          [
            -116.713339,
            47.642716,
            750.2
          ],
          [
            -116.71321,
            47.64232,
            750.3
          ],
          [
            -116.713131,
            47.642122,
            750.4
          ],
          [
            -116.713038,
            47.641931,
            750.4
          ],
          [
            -116.712928,
            47.64174,
            750.5
          ],
          [
            -116.712778,
            47.641562,
            750.5
          ],
          [
            -116.712618,
            47.641396,
            750.6
          ],
          [
            -116.712255,
            47.641078,
            750.9
          ],
          [
            -116.712058,
            47.640931,
            750.9
          ],
          [
            -116.711625,
            47.64067,
            751.3
          ],
          [
            -116.7114,
            47.640556,
            751.7
          ],
          [
            -116.711169,
            47.640448,
            751.9
          ],
          [
            -116.710212,
            47.64004,
            752.8
          ],
          [
            -116.709894,
            47.639928,
            753.1
          ],
          [
            -116.709437,
            47.639717,
            753.4
          ],
          [
            -116.709052,
            47.639508,
            754.1
          ],
          [
            -116.708817,
            47.639356,
            754.3
          ],
          [
            -116.708634,
            47.639221,
            754.6
          ],
          [
            -116.708337,
            47.638963,
            755.1
          ],
          [
            -116.70819,
            47.638809,
            755.4
          ],
          [
            -116.708034,
            47.638617,
            755.5
          ],
          [
            -116.707839,
            47.638322,
            755.7
          ],
          [
            -116.70775,
            47.638152,
            755.8
          ],
          [
            -116.707677,
            47.637979,
            755.7
          ],
          [
            -116.707611,
            47.637772,
            755.9
          ],
          [
            -116.70755,
            47.637459,
            756
          ],
          [
            -116.707536,
            47.637286,
            756.2
          ],
          [
            -116.707544,
            47.636941,
            756.4
          ],
          [
            -116.707619,
            47.635893,
            754.5
          ],
          [
            -116.707764,
            47.635658,
            753.9
          ],
          [
            -116.707792,
            47.635314,
            752.9
          ],
          [
            -116.707808,
            47.634793,
            752.1
          ],
          [
            -116.707777,
            47.634449,
            751.2
          ],
          [
            -116.707698,
            47.634108,
            750.1
          ],
          [
            -116.707639,
            47.633937,
            749.7
          ],
          [
            -116.707562,
            47.633769,
            749
          ],
          [
            -116.707467,
            47.633605,
            748.5
          ],
          [
            -116.707349,
            47.63344,
            747.8
          ],
          [
            -116.707217,
            47.63328,
            747.1
          ],
          [
            -116.707065,
            47.63312,
            746.5
          ],
          [
            -116.706693,
            47.632818,
            744.8
          ],
          [
            -116.706492,
            47.632671,
            743.8
          ],
          [
            -116.706276,
            47.63253,
            742.9
          ],
          [
            -116.706046,
            47.632395,
            742.1
          ],
          [
            -116.705802,
            47.632269,
            740.9
          ],
          [
            -116.705542,
            47.632155,
            740.6
          ],
          [
            -116.705265,
            47.63205,
            739.9
          ],
          [
            -116.704977,
            47.631962,
            738.9
          ],
          [
            -116.704683,
            47.631889,
            737.9
          ],
          [
            -116.703139,
            47.631558,
            731.5
          ],
          [
            -116.702621,
            47.631478,
            730.4
          ],
          [
            -116.700199,
            47.630962,
            721.6
          ],
          [
            -116.699577,
            47.630852,
            719.9
          ],
          [
            -116.699259,
            47.63081,
            719.2
          ],
          [
            -116.698615,
            47.630785,
            717.3
          ],
          [
            -116.698298,
            47.630786,
            716.4
          ],
          [
            -116.697979,
            47.630799,
            715
          ],
          [
            -116.69735,
            47.630856,
            712.7
          ],
          [
            -116.696735,
            47.630953,
            710.4
          ],
          [
            -116.695492,
            47.631206,
            705.8
          ],
          [
            -116.695167,
            47.631261,
            704.8
          ],
          [
            -116.694512,
            47.63134,
            702.7
          ],
          [
            -116.694178,
            47.631361,
            701.5
          ],
          [
            -116.693846,
            47.631367,
            700.1
          ],
          [
            -116.693511,
            47.631358,
            699.2
          ],
          [
            -116.692849,
            47.631308,
            697
          ],
          [
            -116.692519,
            47.631261,
            695.9
          ],
          [
            -116.6922,
            47.631201,
            694.6
          ],
          [
            -116.69034,
            47.630726,
            687.3
          ],
          [
            -116.689383,
            47.630552,
            684.1
          ],
          [
            -116.688942,
            47.630529,
            683
          ],
          [
            -116.686649,
            47.630189,
            672.1
          ],
          [
            -116.685997,
            47.630059,
            669.7
          ],
          [
            -116.685368,
            47.629904,
            667.5
          ],
          [
            -116.684434,
            47.629628,
            665.5
          ],
          [
            -116.681095,
            47.628564,
            662.9
          ],
          [
            -116.675728,
            47.626928,
            663.2
          ],
          [
            -116.666769,
            47.624214,
            658.6
          ],
          [
            -116.666142,
            47.624036,
            658.1
          ],
          [
            -116.665506,
            47.623881,
            657.8
          ],
          [
            -116.664792,
            47.62374,
            657.7
          ],
          [
            -116.664196,
            47.623646,
            657.9
          ],
          [
            -116.663532,
            47.623562,
            657.6
          ],
          [
            -116.662864,
            47.623498,
            657
          ],
          [
            -116.662192,
            47.623452,
            657.1
          ],
          [
            -116.661523,
            47.623432,
            657.6
          ],
          [
            -116.660858,
            47.623439,
            657.6
          ],
          [
            -116.660205,
            47.623462,
            658.1
          ],
          [
            -116.659884,
            47.623498,
            658.3
          ],
          [
            -116.659564,
            47.623503,
            658.3
          ],
          [
            -116.657653,
            47.623655,
            658
          ],
          [
            -116.657004,
            47.623673,
            658
          ],
          [
            -116.656351,
            47.623653,
            657.8
          ],
          [
            -116.654749,
            47.623539,
            657.6
          ],
          [
            -116.653811,
            47.623486,
            657.3
          ],
          [
            -116.651988,
            47.623435,
            656.6
          ],
          [
            -116.651703,
            47.623454,
            656.5
          ],
          [
            -116.651416,
            47.623404,
            656.3
          ],
          [
            -116.650886,
            47.623343,
            656.2
          ],
          [
            -116.650645,
            47.6233,
            656.2
          ],
          [
            -116.649639,
            47.623056,
            657.4
          ],
          [
            -116.649364,
            47.623,
            657.9
          ],
          [
            -116.649121,
            47.622962,
            658.6
          ],
          [
            -116.649014,
            47.622966,
            658.8
          ],
          [
            -116.648806,
            47.622956,
            658.2
          ],
          [
            -116.648841,
            47.622803,
            656.9
          ],
          [
            -116.649209,
            47.621784,
            654.3
          ],
          [
            -116.649444,
            47.621181,
            654.8
          ],
          [
            -116.649672,
            47.620697,
            654.8
          ],
          [
            -116.649965,
            47.620161,
            655.6
          ],
          [
            -116.649995,
            47.620012,
            655.8
          ],
          [
            -116.650082,
            47.619878,
            656
          ],
          [
            -116.650218,
            47.61976,
            656.1
          ],
          [
            -116.650503,
            47.619358,
            656.3
          ],
          [
            -116.650715,
            47.619095,
            656.3
          ],
          [
            -116.650933,
            47.618844,
            656.6
          ],
          [
            -116.651316,
            47.618429,
            656.6
          ],
          [
            -116.651533,
            47.618244,
            656.5
          ],
          [
            -116.651692,
            47.618082,
            656.3
          ],
          [
            -116.651928,
            47.617923,
            656.4
          ],
          [
            -116.652131,
            47.617804,
            656.4
          ],
          [
            -116.652256,
            47.617744,
            656.2
          ],
          [
            -116.652548,
            47.617645,
            655.9
          ],
          [
            -116.652739,
            47.617598,
            655.8
          ],
          [
            -116.653067,
            47.617541,
            655.7
          ],
          [
            -116.653264,
            47.617526,
            655.7
          ],
          [
            -116.653454,
            47.617525,
            656.1
          ],
          [
            -116.653674,
            47.617547,
            656
          ],
          [
            -116.653825,
            47.617575,
            655.8
          ],
          [
            -116.654012,
            47.617623,
            655.6
          ],
          [
            -116.65418,
            47.617688,
            655.2
          ],
          [
            -116.65455,
            47.617855,
            654.6
          ],
          [
            -116.654912,
            47.618038,
            654.4
          ],
          [
            -116.655082,
            47.618134,
            654.3
          ],
          [
            -116.65542,
            47.618347,
            654.4
          ],
          [
            -116.655939,
            47.618623,
            653.8
          ],
          [
            -116.656066,
            47.618717,
            653.8
          ],
          [
            -116.656177,
            47.618826,
            653.7
          ],
          [
            -116.656365,
            47.619066,
            653.8
          ],
          [
            -116.656477,
            47.619189,
            653.8
          ],
          [
            -116.656617,
            47.619302,
            653.8
          ],
          [
            -116.65678,
            47.619387,
            653.8
          ],
          [
            -116.656964,
            47.619449,
            653.8
          ],
          [
            -116.65715,
            47.619487,
            653.8
          ],
          [
            -116.657339,
            47.619513,
            653.7
          ],
          [
            -116.657538,
            47.619525,
            653.6
          ],
          [
            -116.657937,
            47.619514,
            653.1
          ],
          [
            -116.658305,
            47.619437,
            653.2
          ],
          [
            -116.658471,
            47.619381,
            653.4
          ],
          [
            -116.65862,
            47.619305,
            653.5
          ],
          [
            -116.658746,
            47.619216,
            653.6
          ],
          [
            -116.659092,
            47.618912,
            653.1
          ],
          [
            -116.659216,
            47.618813,
            652.9
          ],
          [
            -116.65935,
            47.618723,
            652.9
          ],
          [
            -116.659507,
            47.618643,
            652.9
          ],
          [
            -116.65968,
            47.61858,
            653.1
          ],
          [
            -116.659865,
            47.618532,
            653.4
          ],
          [
            -116.660224,
            47.61848,
            653.9
          ],
          [
            -116.660435,
            47.618487,
            653.9
          ],
          [
            -116.662555,
            47.618487,
            654.2
          ],
          [
            -116.663014,
            47.618513,
            653.9
          ],
          [
            -116.665879,
            47.618786,
            654.3
          ],
          [
            -116.66635,
            47.618845,
            654.1
          ],
          [
            -116.666561,
            47.618896,
            653.8
          ],
          [
            -116.667159,
            47.61911,
            652.9
          ],
          [
            -116.667378,
            47.619165,
            652.6
          ],
          [
            -116.667598,
            47.619193,
            652.5
          ],
          [
            -116.668019,
            47.619226,
            652.2
          ],
          [
            -116.668226,
            47.619261,
            652.3
          ],
          [
            -116.668424,
            47.619312,
            652.1
          ],
          [
            -116.669233,
            47.619578,
            652
          ],
          [
            -116.669665,
            47.619692,
            651.9
          ],
          [
            -116.67032,
            47.619845,
            652
          ],
          [
            -116.671007,
            47.619986,
            652
          ],
          [
            -116.671938,
            47.620117,
            652.1
          ],
          [
            -116.672602,
            47.620255,
            652.5
          ],
          [
            -116.672996,
            47.620321,
            652.8
          ],
          [
            -116.673454,
            47.620357,
            652.9
          ],
          [
            -116.674624,
            47.62042,
            653.2
          ],
          [
            -116.676048,
            47.620549,
            652.9
          ],
          [
            -116.677501,
            47.620586,
            652.5
          ],
          [
            -116.678637,
            47.620599,
            652.4
          ],
          [
            -116.679247,
            47.620655,
            652.6
          ],
          [
            -116.679427,
            47.62066,
            652.8
          ],
          [
            -116.679743,
            47.620622,
            653.1
          ],
          [
            -116.679883,
            47.620579,
            653.3
          ],
          [
            -116.680002,
            47.620513,
            653.3
          ],
          [
            -116.680099,
            47.620424,
            653.3
          ],
          [
            -116.680131,
            47.62031,
            653.1
          ],
          [
            -116.680419,
            47.619709,
            653.2
          ],
          [
            -116.680463,
            47.619588,
            653.3
          ],
          [
            -116.68049,
            47.61947,
            653.6
          ],
          [
            -116.680497,
            47.619348,
            653.6
          ],
          [
            -116.680486,
            47.61922,
            653.3
          ],
          [
            -116.680454,
            47.619095,
            653.2
          ],
          [
            -116.680396,
            47.618971,
            653
          ],
          [
            -116.680173,
            47.618574,
            652.8
          ],
          [
            -116.680111,
            47.618434,
            652.9
          ],
          [
            -116.68001,
            47.618153,
            653.2
          ],
          [
            -116.679974,
            47.618006,
            653.3
          ],
          [
            -116.67996,
            47.617862,
            653.5
          ],
          [
            -116.679968,
            47.61759,
            653.7
          ],
          [
            -116.679998,
            47.617413,
            653.7
          ],
          [
            -116.680067,
            47.617157,
            654.1
          ],
          [
            -116.680094,
            47.61702,
            654.1
          ],
          [
            -116.680106,
            47.616882,
            653.9
          ],
          [
            -116.68009,
            47.616605,
            653.9
          ],
          [
            -116.680062,
            47.616468,
            654.1
          ],
          [
            -116.680017,
            47.616337,
            654.1
          ],
          [
            -116.679895,
            47.616049,
            653.5
          ],
          [
            -116.679803,
            47.615919,
            653.5
          ],
          [
            -116.679563,
            47.615669,
            653.7
          ],
          [
            -116.679194,
            47.615354,
            653.2
          ],
          [
            -116.679107,
            47.615243,
            653.2
          ],
          [
            -116.679053,
            47.615119,
            653.4
          ],
          [
            -116.679039,
            47.614995,
            653.5
          ],
          [
            -116.679126,
            47.614746,
            653.3
          ],
          [
            -116.679186,
            47.614633,
            653.5
          ],
          [
            -116.679499,
            47.614164,
            654.8
          ],
          [
            -116.679597,
            47.61393,
            655.3
          ],
          [
            -116.679565,
            47.613687,
            655.3
          ],
          [
            -116.679513,
            47.613577,
            655.2
          ],
          [
            -116.679429,
            47.613467,
            655.2
          ],
          [
            -116.679329,
            47.613369,
            655.2
          ],
          [
            -116.679205,
            47.613282,
            655.2
          ],
          [
            -116.678573,
            47.612932,
            655
          ],
          [
            -116.678458,
            47.612874,
            655.1
          ],
          [
            -116.67835,
            47.612836,
            655.2
          ],
          [
            -116.678222,
            47.612866,
            655.2
          ],
          [
            -116.678095,
            47.612855,
            655
          ],
          [
            -116.677364,
            47.612748,
            654.4
          ],
          [
            -116.67707,
            47.612689,
            654.7
          ],
          [
            -116.676919,
            47.612649,
            654.9
          ],
          [
            -116.676664,
            47.61256,
            655.2
          ],
          [
            -116.675995,
            47.612271,
            655.8
          ],
          [
            -116.675865,
            47.61222,
            655.9
          ],
          [
            -116.675695,
            47.612168,
            656
          ],
          [
            -116.675408,
            47.612125,
            655.9
          ],
          [
            -116.674849,
            47.612095,
            656
          ],
          [
            -116.674705,
            47.612079,
            656.1
          ],
          [
            -116.674362,
            47.612006,
            656.7
          ],
          [
            -116.674007,
            47.611902,
            656.8
          ],
          [
            -116.673885,
            47.611857,
            656.6
          ],
          [
            -116.67347,
            47.611653,
            656.5
          ],
          [
            -116.673344,
            47.611581,
            656.5
          ],
          [
            -116.673239,
            47.611505,
            656.3
          ],
          [
            -116.673149,
            47.611421,
            656
          ],
          [
            -116.673071,
            47.611331,
            655.8
          ],
          [
            -116.672949,
            47.611139,
            655.6
          ],
          [
            -116.672903,
            47.611041,
            655.5
          ],
          [
            -116.672802,
            47.61074,
            655.4
          ],
          [
            -116.672744,
            47.610647,
            655.4
          ],
          [
            -116.672656,
            47.610562,
            655.4
          ],
          [
            -116.672549,
            47.610487,
            655.1
          ],
          [
            -116.671881,
            47.610137,
            655.6
          ],
          [
            -116.671618,
            47.60998,
            655.9
          ],
          [
            -116.671157,
            47.609625,
            656.1
          ],
          [
            -116.671037,
            47.609549,
            656.3
          ],
          [
            -116.670881,
            47.609493,
            656.5
          ],
          [
            -116.670758,
            47.609424,
            656.7
          ],
          [
            -116.670481,
            47.609324,
            657.1
          ],
          [
            -116.670354,
            47.609261,
            657.2
          ],
          [
            -116.670163,
            47.609121,
            657.8
          ],
          [
            -116.669977,
            47.608942,
            658
          ],
          [
            -116.669246,
            47.60811,
            662.3
          ],
          [
            -116.669125,
            47.60794,
            663.1
          ],
          [
            -116.669029,
            47.607775,
            664.1
          ],
          [
            -116.669005,
            47.607705,
            664.3
          ],
          [
            -116.669007,
            47.607644,
            664.6
          ],
          [
            -116.668973,
            47.607605,
            664.8
          ],
          [
            -116.66913,
            47.607608,
            665.1
          ],
          [
            -116.669372,
            47.607495,
            665.4
          ],
          [
            -116.66933,
            47.60736,
            665.6
          ],
          [
            -116.669275,
            47.607307,
            665.9
          ],
          [
            -116.669214,
            47.607212,
            665.8
          ],
          [
            -116.669007,
            47.60702,
            666.5
          ],
          [
            -116.66896,
            47.607014,
            666.3
          ],
          [
            -116.668687,
            47.606869,
            665.9
          ],
          [
            -116.668412,
            47.606763,
            665.6
          ],
          [
            -116.668394,
            47.606709,
            665.6
          ],
          [
            -116.668166,
            47.606631,
            664
          ],
          [
            -116.668166,
            47.606631,
            656
          ],
          [
            -116.667678,
            47.606456,
            666.4
          ],
          [
            -116.667611,
            47.606498,
            666.5
          ],
          [
            -116.66761,
            47.606436,
            666.6
          ],
          [
            -116.666714,
            47.606108,
            668.7
          ],
          [
            -116.666632,
            47.606124,
            668.8
          ],
          [
            -116.665452,
            47.605667,
            670
          ],
          [
            -116.665315,
            47.605579,
            670.9
          ],
          [
            -116.665302,
            47.605538,
            670.8
          ],
          [
            -116.665132,
            47.605357,
            671.4
          ],
          [
            -116.665083,
            47.605339,
            671.6
          ],
          [
            -116.664924,
            47.605247,
            671.9
          ],
          [
            -116.664934,
            47.605189,
            672.1
          ],
          [
            -116.664669,
            47.605023,
            672.2
          ],
          [
            -116.664611,
            47.605013,
            672.5
          ],
          [
            -116.664589,
            47.604991,
            672.4
          ],
          [
            -116.664557,
            47.604927,
            668
          ],
          [
            -116.664468,
            47.604825,
            672.1
          ],
          [
            -116.66423,
            47.604486,
            641
          ],
          [
            -116.664268,
            47.604542,
            670
          ],
          [
            -116.664417,
            47.604502,
            663
          ],
          [
            -116.664433,
            47.604567,
            660
          ],
          [
            -116.664481,
            47.604546,
            660
          ],
          [
            -116.664478,
            47.60451,
            660
          ],
          [
            -116.664438,
            47.604481,
            664
          ],
          [
            -116.664465,
            47.604553,
            664
          ],
          [
            -116.66445,
            47.604573,
            664
          ],
          [
            -116.664495,
            47.604569,
            664
          ],
          [
            -116.664399,
            47.604473,
            660
          ],
          [
            -116.664424,
            47.604469,
            659
          ],
          [
            -116.664431,
            47.604502,
            660
          ],
          [
            -116.664474,
            47.604539,
            658
          ],
          [
            -116.664442,
            47.604538,
            660
          ],
          [
            -116.664473,
            47.604541,
            658
          ],
          [
            -116.664448,
            47.60449,
            660
          ],
          [
            -116.664407,
            47.604472,
            659
          ],
          [
            -116.664434,
            47.604486,
            658
          ],
          [
            -116.664447,
            47.604532,
            658
          ],
          [
            -116.664493,
            47.604544,
            660
          ],
          [
            -116.664449,
            47.604543,
            656
          ],
          [
            -116.664428,
            47.604477,
            657
          ],
          [
            -116.664446,
            47.604501,
            662
          ],
          [
            -116.664438,
            47.604528,
            659
          ],
          [
            -116.664485,
            47.604552,
            660
          ],
          [
            -116.664451,
            47.604568,
            662
          ],
          [
            -116.664485,
            47.604561,
            659
          ],
          [
            -116.664442,
            47.604523,
            660
          ],
          [
            -116.664412,
            47.604462,
            652
          ],
          [
            -116.664438,
            47.604493,
            656
          ],
          [
            -116.66443,
            47.604532,
            653
          ],
          [
            -116.664479,
            47.604556,
            661
          ],
          [
            -116.664479,
            47.604563,
            663.2
          ]
        ]
      }
    },
    {
      "type": "Feature",
      "properties": {
        "name": "Last Known Position",
        "type": "current-position",
        "sourceFile": "d034-2520_Wylie_Avenue-Missoula-MT_to_Beauty_Creek_Campground-Kootenai_County-ID-USA.gpx",
        "updated": "2026-07-28T04:45:33.969Z"
      },
      "geometry": {
        "type": "Point",
        "coordinates": [
          -116.664479,
          47.604563,
          663.2
        ]
      }
    }
  ]
}
