{
  "type": "FeatureCollection",
  "features": [
    {
      "type": "Feature",
      "properties": {
        "name": "Waldo Expedition Route — d039-Bald_Knob_Campground_to_Group_Camping_Site-Spokane_County-WA-USA",
        "description": "GPS track exported from Gaia GPS (d039-Bald_Knob_Campground_to_Group_Camping_Site-Spokane_County-WA-USA.gpx)",
        "sourceFile": "d039-Bald_Knob_Campground_to_Group_Camping_Site-Spokane_County-WA-USA.gpx",
        "generated": "2026-08-03T18:36:48.581Z",
        "pointCount": 3267,
        "distanceKm": 88.163
      },
      "geometry": {
        "type": "LineString",
        "coordinates": [
          [
            -117.111989,
            47.91331,
            1559.4
          ],
          [
            -117.112007,
            47.913363,
            1560.9
          ],
          [
            -117.112024,
            47.913366,
            1561.4
          ],
          [
            -117.11201,
            47.913367,
            1560.6
          ],
          [
            -117.112016,
            47.913368,
            1561.3
          ],
          [
            -117.112004,
            47.913384,
            1560
          ],
          [
            -117.111974,
            47.913382,
            1552
          ],
          [
            -117.112067,
            47.91337,
            1562
          ],
          [
            -117.112043,
            47.913362,
            1560
          ],
          [
            -117.112058,
            47.913329,
            1560
          ],
          [
            -117.112162,
            47.913287,
            1552
          ],
          [
            -117.11223,
            47.913276,
            1560
          ],
          [
            -117.112106,
            47.913319,
            1562
          ],
          [
            -117.112146,
            47.913307,
            1562
          ],
          [
            -117.112115,
            47.913313,
            1562.4
          ],
          [
            -117.112044,
            47.913363,
            1557
          ],
          [
            -117.11203,
            47.913376,
            1557
          ],
          [
            -117.112025,
            47.913319,
            1557
          ],
          [
            -117.112087,
            47.913205,
            1557
          ],
          [
            -117.112051,
            47.91317,
            1557
          ],
          [
            -117.112009,
            47.913299,
            1556
          ],
          [
            -117.112018,
            47.913342,
            1557
          ],
          [
            -117.11206,
            47.91338,
            1558
          ],
          [
            -117.112019,
            47.913361,
            1560
          ],
          [
            -117.112043,
            47.913382,
            1554
          ],
          [
            -117.112009,
            47.913419,
            1547
          ],
          [
            -117.112009,
            47.913482,
            1557
          ],
          [
            -117.111989,
            47.913518,
            1556
          ],
          [
            -117.112001,
            47.913554,
            1558
          ],
          [
            -117.112052,
            47.913584,
            1557
          ],
          [
            -117.112016,
            47.913569,
            1557
          ],
          [
            -117.112114,
            47.913551,
            1562
          ],
          [
            -117.112348,
            47.913401,
            1563
          ],
          [
            -117.112428,
            47.913315,
            1560
          ],
          [
            -117.112469,
            47.913226,
            1560
          ],
          [
            -117.112467,
            47.913195,
            1560
          ],
          [
            -117.112428,
            47.913135,
            1562
          ],
          [
            -117.112434,
            47.913065,
            1562
          ],
          [
            -117.112495,
            47.913013,
            1561
          ],
          [
            -117.112541,
            47.913006,
            1560
          ],
          [
            -117.112668,
            47.912943,
            1560
          ],
          [
            -117.112715,
            47.912938,
            1557
          ],
          [
            -117.11275,
            47.912911,
            1559
          ],
          [
            -117.112757,
            47.91287,
            1560
          ],
          [
            -117.11271,
            47.912785,
            1558
          ],
          [
            -117.112687,
            47.912761,
            1558
          ],
          [
            -117.112424,
            47.912634,
            1560
          ],
          [
            -117.11227,
            47.912614,
            1560
          ],
          [
            -117.112222,
            47.912621,
            1559.3
          ],
          [
            -117.112275,
            47.912611,
            1560
          ],
          [
            -117.112356,
            47.912576,
            1560
          ],
          [
            -117.11239,
            47.912585,
            1560
          ],
          [
            -117.112409,
            47.912552,
            1557
          ],
          [
            -117.112337,
            47.912557,
            1557
          ],
          [
            -117.112308,
            47.912583,
            1555
          ],
          [
            -117.112323,
            47.912611,
            1557
          ],
          [
            -117.112427,
            47.912642,
            1556
          ],
          [
            -117.11262,
            47.912762,
            1557
          ],
          [
            -117.112693,
            47.912796,
            1556
          ],
          [
            -117.112714,
            47.912826,
            1556
          ],
          [
            -117.112811,
            47.912879,
            1557
          ],
          [
            -117.112847,
            47.912894,
            1557
          ],
          [
            -117.112951,
            47.912907,
            1556
          ],
          [
            -117.113002,
            47.912948,
            1558
          ],
          [
            -117.113085,
            47.912975,
            1557
          ],
          [
            -117.113106,
            47.913,
            1557
          ],
          [
            -117.11313,
            47.913033,
            1555
          ],
          [
            -117.113143,
            47.913102,
            1557
          ],
          [
            -117.113188,
            47.913173,
            1556
          ],
          [
            -117.113182,
            47.91321,
            1555
          ],
          [
            -117.113204,
            47.91328,
            1560
          ],
          [
            -117.113196,
            47.913321,
            1560
          ],
          [
            -117.113155,
            47.913372,
            1560
          ],
          [
            -117.113102,
            47.9134,
            1560
          ],
          [
            -117.113078,
            47.913428,
            1558
          ],
          [
            -117.113082,
            47.913458,
            1558
          ],
          [
            -117.113132,
            47.913483,
            1557
          ],
          [
            -117.113171,
            47.913476,
            1557
          ],
          [
            -117.11322,
            47.913489,
            1558
          ],
          [
            -117.113318,
            47.91354,
            1558
          ],
          [
            -117.113388,
            47.91356,
            1556
          ],
          [
            -117.113459,
            47.913566,
            1554
          ],
          [
            -117.113593,
            47.913633,
            1556
          ],
          [
            -117.113748,
            47.913677,
            1557.8
          ],
          [
            -117.113808,
            47.913719,
            1548
          ],
          [
            -117.113871,
            47.913834,
            1560
          ],
          [
            -117.113861,
            47.913917,
            1560
          ],
          [
            -117.113929,
            47.913975,
            1563
          ],
          [
            -117.114011,
            47.914024,
            1562
          ],
          [
            -117.114055,
            47.914072,
            1564
          ],
          [
            -117.114094,
            47.914073,
            1563
          ],
          [
            -117.114165,
            47.914056,
            1564
          ],
          [
            -117.114205,
            47.914063,
            1563
          ],
          [
            -117.11428,
            47.914101,
            1561
          ],
          [
            -117.114348,
            47.914122,
            1562
          ],
          [
            -117.114407,
            47.91415,
            1562.8
          ],
          [
            -117.114469,
            47.914219,
            1560
          ],
          [
            -117.114533,
            47.914269,
            1560
          ],
          [
            -117.114624,
            47.914326,
            1560
          ],
          [
            -117.114696,
            47.914356,
            1559
          ],
          [
            -117.114767,
            47.914375,
            1557
          ],
          [
            -117.114931,
            47.914368,
            1557
          ],
          [
            -117.115048,
            47.914342,
            1557
          ],
          [
            -117.115166,
            47.914364,
            1557
          ],
          [
            -117.115246,
            47.914365,
            1558
          ],
          [
            -117.115406,
            47.914389,
            1557
          ],
          [
            -117.115473,
            47.914415,
            1558
          ],
          [
            -117.115641,
            47.914427,
            1557
          ],
          [
            -117.115716,
            47.914449,
            1556
          ],
          [
            -117.115744,
            47.914473,
            1556
          ],
          [
            -117.115812,
            47.914487,
            1555
          ],
          [
            -117.115973,
            47.914548,
            1556
          ],
          [
            -117.116045,
            47.914558,
            1556
          ],
          [
            -117.116134,
            47.914608,
            1556
          ],
          [
            -117.116279,
            47.914663,
            1554
          ],
          [
            -117.116318,
            47.914699,
            1556
          ],
          [
            -117.116373,
            47.914731,
            1557
          ],
          [
            -117.116445,
            47.914742,
            1557
          ],
          [
            -117.116685,
            47.914827,
            1556
          ],
          [
            -117.11674,
            47.914871,
            1557
          ],
          [
            -117.1168,
            47.914897,
            1558
          ],
          [
            -117.116858,
            47.914899,
            1559.5
          ],
          [
            -117.116921,
            47.914918,
            1557
          ],
          [
            -117.116991,
            47.914951,
            1558
          ],
          [
            -117.117059,
            47.91497,
            1557
          ],
          [
            -117.117117,
            47.915003,
            1559
          ],
          [
            -117.117233,
            47.915021,
            1559
          ],
          [
            -117.117456,
            47.915106,
            1560
          ],
          [
            -117.117514,
            47.915113,
            1556
          ],
          [
            -117.117564,
            47.915138,
            1559.7
          ],
          [
            -117.117652,
            47.915149,
            1560
          ],
          [
            -117.117992,
            47.915255,
            1560
          ],
          [
            -117.118166,
            47.915328,
            1562
          ],
          [
            -117.118392,
            47.915382,
            1563
          ],
          [
            -117.118609,
            47.915473,
            1567
          ],
          [
            -117.118718,
            47.915483,
            1566
          ],
          [
            -117.118874,
            47.915456,
            1566.8
          ],
          [
            -117.119045,
            47.915471,
            1566
          ],
          [
            -117.119108,
            47.915487,
            1566
          ],
          [
            -117.11919,
            47.915517,
            1564
          ],
          [
            -117.119245,
            47.915556,
            1566
          ],
          [
            -117.119283,
            47.91556,
            1566
          ],
          [
            -117.119398,
            47.91565,
            1568
          ],
          [
            -117.119528,
            47.915654,
            1569.5
          ],
          [
            -117.119591,
            47.915672,
            1568
          ],
          [
            -117.119678,
            47.915672,
            1567
          ],
          [
            -117.119862,
            47.915716,
            1568
          ],
          [
            -117.119966,
            47.915729,
            1568
          ],
          [
            -117.120067,
            47.915766,
            1568
          ],
          [
            -117.120123,
            47.9158,
            1569
          ],
          [
            -117.120327,
            47.915837,
            1568
          ],
          [
            -117.120441,
            47.915827,
            1568
          ],
          [
            -117.120562,
            47.915849,
            1570
          ],
          [
            -117.120708,
            47.915839,
            1566
          ],
          [
            -117.120792,
            47.915823,
            1569
          ],
          [
            -117.120905,
            47.91584,
            1569
          ],
          [
            -117.121021,
            47.915872,
            1570.2
          ],
          [
            -117.121099,
            47.915862,
            1569
          ],
          [
            -117.121138,
            47.915869,
            1568
          ],
          [
            -117.121363,
            47.915861,
            1570
          ],
          [
            -117.121586,
            47.915878,
            1569
          ],
          [
            -117.121691,
            47.91587,
            1568
          ],
          [
            -117.121789,
            47.915896,
            1568
          ],
          [
            -117.122072,
            47.915935,
            1566
          ],
          [
            -117.122276,
            47.916009,
            1566
          ],
          [
            -117.122404,
            47.916069,
            1566
          ],
          [
            -117.122538,
            47.916156,
            1567
          ],
          [
            -117.122633,
            47.916204,
            1566
          ],
          [
            -117.122757,
            47.916245,
            1566
          ],
          [
            -117.122811,
            47.916296,
            1566
          ],
          [
            -117.122882,
            47.916322,
            1566
          ],
          [
            -117.123112,
            47.916435,
            1563
          ],
          [
            -117.123182,
            47.916498,
            1564
          ],
          [
            -117.123247,
            47.916588,
            1566
          ],
          [
            -117.123269,
            47.916648,
            1566
          ],
          [
            -117.12331,
            47.916704,
            1565
          ],
          [
            -117.123368,
            47.916865,
            1566
          ],
          [
            -117.123441,
            47.916961,
            1566
          ],
          [
            -117.123468,
            47.917019,
            1566
          ],
          [
            -117.123535,
            47.917117,
            1567
          ],
          [
            -117.123537,
            47.917217,
            1566
          ],
          [
            -117.123563,
            47.917284,
            1568
          ],
          [
            -117.12357,
            47.917351,
            1569
          ],
          [
            -117.123597,
            47.917384,
            1569
          ],
          [
            -117.123655,
            47.91742,
            1570
          ],
          [
            -117.123787,
            47.917463,
            1568
          ],
          [
            -117.123868,
            47.917545,
            1566
          ],
          [
            -117.123917,
            47.917646,
            1566
          ],
          [
            -117.124097,
            47.917899,
            1567
          ],
          [
            -117.124134,
            47.917935,
            1566
          ],
          [
            -117.124256,
            47.918011,
            1566
          ],
          [
            -117.124406,
            47.918058,
            1567
          ],
          [
            -117.12449,
            47.918055,
            1564
          ],
          [
            -117.124584,
            47.918092,
            1566
          ],
          [
            -117.124615,
            47.918093,
            1566
          ],
          [
            -117.124711,
            47.917999,
            1563
          ],
          [
            -117.12483,
            47.917949,
            1562
          ],
          [
            -117.125023,
            47.917941,
            1560
          ],
          [
            -117.125278,
            47.917847,
            1556
          ],
          [
            -117.12542,
            47.917812,
            1556
          ],
          [
            -117.125499,
            47.91781,
            1556
          ],
          [
            -117.125565,
            47.917777,
            1556
          ],
          [
            -117.125677,
            47.917742,
            1554
          ],
          [
            -117.125814,
            47.917677,
            1552
          ],
          [
            -117.125865,
            47.917678,
            1551
          ],
          [
            -117.125965,
            47.917636,
            1551
          ],
          [
            -117.126116,
            47.917609,
            1551
          ],
          [
            -117.12631,
            47.917597,
            1554
          ],
          [
            -117.126612,
            47.917596,
            1556
          ],
          [
            -117.126742,
            47.917608,
            1556
          ],
          [
            -117.126806,
            47.917602,
            1558
          ],
          [
            -117.127172,
            47.917641,
            1557
          ],
          [
            -117.12731,
            47.917638,
            1560
          ],
          [
            -117.127522,
            47.917694,
            1561.8
          ],
          [
            -117.127569,
            47.917758,
            1560
          ],
          [
            -117.127603,
            47.917776,
            1562
          ],
          [
            -117.127815,
            47.917852,
            1563
          ],
          [
            -117.127956,
            47.917914,
            1561
          ],
          [
            -117.128075,
            47.917935,
            1560
          ],
          [
            -117.128163,
            47.917934,
            1562
          ],
          [
            -117.12822,
            47.917915,
            1560
          ],
          [
            -117.128288,
            47.917911,
            1560.7
          ],
          [
            -117.128373,
            47.917941,
            1560
          ],
          [
            -117.128496,
            47.918008,
            1560
          ],
          [
            -117.128619,
            47.918058,
            1560
          ],
          [
            -117.128751,
            47.918091,
            1559
          ],
          [
            -117.128861,
            47.918153,
            1557
          ],
          [
            -117.128848,
            47.918208,
            1554
          ],
          [
            -117.128873,
            47.918177,
            1555
          ],
          [
            -117.128903,
            47.918201,
            1559
          ],
          [
            -117.128899,
            47.918245,
            1560
          ],
          [
            -117.128932,
            47.91828,
            1560
          ],
          [
            -117.129121,
            47.918359,
            1560
          ],
          [
            -117.129201,
            47.918436,
            1560
          ],
          [
            -117.129208,
            47.918473,
            1560
          ],
          [
            -117.129204,
            47.918549,
            1560
          ],
          [
            -117.129236,
            47.918611,
            1560
          ],
          [
            -117.129238,
            47.91868,
            1562
          ],
          [
            -117.129184,
            47.918735,
            1561
          ],
          [
            -117.129167,
            47.91872,
            1562
          ],
          [
            -117.128936,
            47.918644,
            1564
          ],
          [
            -117.128806,
            47.918652,
            1564
          ],
          [
            -117.128564,
            47.918642,
            1566
          ],
          [
            -117.128425,
            47.918647,
            1569
          ],
          [
            -117.12836,
            47.918615,
            1572
          ],
          [
            -117.128327,
            47.918612,
            1572
          ],
          [
            -117.128127,
            47.918644,
            1572
          ],
          [
            -117.128068,
            47.918639,
            1572
          ],
          [
            -117.128005,
            47.918615,
            1570
          ],
          [
            -117.127957,
            47.91865,
            1573
          ],
          [
            -117.128174,
            47.918648,
            1572
          ],
          [
            -117.128387,
            47.918659,
            1569
          ],
          [
            -117.128466,
            47.918701,
            1568
          ],
          [
            -117.128465,
            47.918785,
            1569
          ],
          [
            -117.1285,
            47.918859,
            1570
          ],
          [
            -117.128518,
            47.91895,
            1569
          ],
          [
            -117.128498,
            47.919119,
            1565
          ],
          [
            -117.128522,
            47.919149,
            1568
          ],
          [
            -117.128519,
            47.919181,
            1566
          ],
          [
            -117.128484,
            47.919241,
            1566
          ],
          [
            -117.128515,
            47.919298,
            1565
          ],
          [
            -117.128491,
            47.919412,
            1563
          ],
          [
            -117.128461,
            47.919429,
            1566
          ],
          [
            -117.128351,
            47.919449,
            1563
          ],
          [
            -117.128274,
            47.919488,
            1565
          ],
          [
            -117.12816,
            47.919529,
            1568
          ],
          [
            -117.127977,
            47.919558,
            1566
          ],
          [
            -117.127925,
            47.919551,
            1566.5
          ],
          [
            -117.127872,
            47.919578,
            1566
          ],
          [
            -117.127806,
            47.91959,
            1567.3
          ],
          [
            -117.127691,
            47.919592,
            1560
          ],
          [
            -117.127721,
            47.919621,
            1566
          ],
          [
            -117.12771,
            47.919653,
            1565
          ],
          [
            -117.127684,
            47.919672,
            1564
          ],
          [
            -117.127241,
            47.919678,
            1563
          ],
          [
            -117.127036,
            47.919665,
            1564
          ],
          [
            -117.126959,
            47.919676,
            1566
          ],
          [
            -117.126923,
            47.91966,
            1566
          ],
          [
            -117.126664,
            47.919648,
            1566
          ],
          [
            -117.126473,
            47.919624,
            1568
          ],
          [
            -117.126388,
            47.91965,
            1566
          ],
          [
            -117.126298,
            47.919697,
            1566
          ],
          [
            -117.126225,
            47.919675,
            1567
          ],
          [
            -117.126199,
            47.919654,
            1568
          ],
          [
            -117.126153,
            47.91964,
            1568
          ],
          [
            -117.125976,
            47.919618,
            1568
          ],
          [
            -117.125921,
            47.919592,
            1570
          ],
          [
            -117.125895,
            47.919531,
            1570
          ],
          [
            -117.125869,
            47.919508,
            1569
          ],
          [
            -117.125539,
            47.91941,
            1570
          ],
          [
            -117.125333,
            47.91933,
            1566
          ],
          [
            -117.125081,
            47.919196,
            1573
          ],
          [
            -117.124993,
            47.919163,
            1574
          ],
          [
            -117.12487,
            47.919179,
            1574.3
          ],
          [
            -117.124795,
            47.919216,
            1574
          ],
          [
            -117.124719,
            47.919218,
            1574
          ],
          [
            -117.124645,
            47.919158,
            1575
          ],
          [
            -117.124598,
            47.919101,
            1575
          ],
          [
            -117.124484,
            47.919046,
            1576
          ],
          [
            -117.12447,
            47.919016,
            1578
          ],
          [
            -117.124472,
            47.918969,
            1551
          ],
          [
            -117.124364,
            47.918992,
            1578
          ],
          [
            -117.124201,
            47.919049,
            1580
          ],
          [
            -117.124173,
            47.919068,
            1578
          ],
          [
            -117.124151,
            47.919098,
            1579
          ],
          [
            -117.124112,
            47.919195,
            1578
          ],
          [
            -117.124085,
            47.919218,
            1580
          ],
          [
            -117.124071,
            47.919254,
            1578
          ],
          [
            -117.124041,
            47.919282,
            1581
          ],
          [
            -117.123963,
            47.919313,
            1581
          ],
          [
            -117.123836,
            47.919395,
            1581
          ],
          [
            -117.12382,
            47.919422,
            1581
          ],
          [
            -117.12384,
            47.919523,
            1584
          ],
          [
            -117.123828,
            47.91956,
            1583
          ],
          [
            -117.123795,
            47.919636,
            1581
          ],
          [
            -117.123771,
            47.919665,
            1581
          ],
          [
            -117.12373,
            47.919677,
            1581
          ],
          [
            -117.123645,
            47.919857,
            1584
          ],
          [
            -117.123494,
            47.919968,
            1584
          ],
          [
            -117.12344,
            47.920064,
            1584
          ],
          [
            -117.123363,
            47.920131,
            1584
          ],
          [
            -117.123341,
            47.920196,
            1586
          ],
          [
            -117.123281,
            47.92022,
            1588
          ],
          [
            -117.123257,
            47.92025,
            1588.4
          ],
          [
            -117.123198,
            47.920281,
            1590
          ],
          [
            -117.123166,
            47.920341,
            1588
          ],
          [
            -117.123154,
            47.920408,
            1590
          ],
          [
            -117.123109,
            47.920461,
            1590
          ],
          [
            -117.123056,
            47.920491,
            1590
          ],
          [
            -117.123052,
            47.920542,
            1592.6
          ],
          [
            -117.122935,
            47.920608,
            1593
          ],
          [
            -117.122852,
            47.920717,
            1593
          ],
          [
            -117.122764,
            47.920764,
            1596
          ],
          [
            -117.122712,
            47.920824,
            1596
          ],
          [
            -117.122584,
            47.921046,
            1600
          ],
          [
            -117.122544,
            47.921065,
            1599
          ],
          [
            -117.122516,
            47.921026,
            1600
          ],
          [
            -117.122518,
            47.920795,
            1606
          ],
          [
            -117.122484,
            47.920741,
            1605
          ],
          [
            -117.122505,
            47.920663,
            1604
          ],
          [
            -117.122504,
            47.920555,
            1605
          ],
          [
            -117.122513,
            47.920522,
            1604
          ],
          [
            -117.122507,
            47.92049,
            1605
          ],
          [
            -117.122479,
            47.920474,
            1605
          ],
          [
            -117.122417,
            47.920495,
            1608
          ],
          [
            -117.122394,
            47.920525,
            1608
          ],
          [
            -117.122372,
            47.920647,
            1608
          ],
          [
            -117.122375,
            47.920685,
            1608
          ],
          [
            -117.122332,
            47.92075,
            1608
          ],
          [
            -117.1223,
            47.920757,
            1609
          ],
          [
            -117.122282,
            47.920732,
            1608
          ],
          [
            -117.122267,
            47.920593,
            1611
          ],
          [
            -117.12222,
            47.920427,
            1611.4
          ],
          [
            -117.12207,
            47.920172,
            1614
          ],
          [
            -117.122065,
            47.920135,
            1616
          ],
          [
            -117.122002,
            47.920046,
            1617
          ],
          [
            -117.121916,
            47.919981,
            1617
          ],
          [
            -117.121878,
            47.919924,
            1620
          ],
          [
            -117.121842,
            47.919913,
            1620
          ],
          [
            -117.121796,
            47.919926,
            1620
          ],
          [
            -117.121772,
            47.919953,
            1620
          ],
          [
            -117.121708,
            47.919978,
            1622
          ],
          [
            -117.121683,
            47.919999,
            1623
          ],
          [
            -117.121581,
            47.920157,
            1624
          ],
          [
            -117.121578,
            47.920258,
            1626
          ],
          [
            -117.12155,
            47.920326,
            1626
          ],
          [
            -117.121539,
            47.920395,
            1624
          ],
          [
            -117.121496,
            47.920525,
            1626
          ],
          [
            -117.121416,
            47.920575,
            1630
          ],
          [
            -117.121382,
            47.920707,
            1629
          ],
          [
            -117.121377,
            47.92077,
            1631
          ],
          [
            -117.12135,
            47.920844,
            1629
          ],
          [
            -117.121344,
            47.920913,
            1631
          ],
          [
            -117.121206,
            47.921098,
            1630
          ],
          [
            -117.121193,
            47.921147,
            1632
          ],
          [
            -117.12111,
            47.921265,
            1629
          ],
          [
            -117.121096,
            47.921331,
            1632
          ],
          [
            -117.12105,
            47.921416,
            1632
          ],
          [
            -117.121032,
            47.92148,
            1632
          ],
          [
            -117.120966,
            47.921551,
            1635.6
          ],
          [
            -117.12097,
            47.921577,
            1635
          ],
          [
            -117.12096,
            47.921646,
            1636
          ],
          [
            -117.120904,
            47.921771,
            1635
          ],
          [
            -117.120855,
            47.92182,
            1635
          ],
          [
            -117.120766,
            47.921868,
            1636
          ],
          [
            -117.120713,
            47.921965,
            1638
          ],
          [
            -117.120678,
            47.921981,
            1640
          ],
          [
            -117.120652,
            47.921981,
            1640
          ],
          [
            -117.120549,
            47.922026,
            1644
          ],
          [
            -117.120497,
            47.922061,
            1641
          ],
          [
            -117.120454,
            47.922113,
            1644
          ],
          [
            -117.120361,
            47.922174,
            1644
          ],
          [
            -117.120166,
            47.922432,
            1648
          ],
          [
            -117.120088,
            47.92251,
            1652
          ],
          [
            -117.119992,
            47.922574,
            1652
          ],
          [
            -117.119956,
            47.922621,
            1654
          ],
          [
            -117.119847,
            47.922689,
            1655
          ],
          [
            -117.119742,
            47.922816,
            1656
          ],
          [
            -117.119543,
            47.922926,
            1661
          ],
          [
            -117.11952,
            47.922959,
            1660
          ],
          [
            -117.119423,
            47.923019,
            1664
          ],
          [
            -117.119312,
            47.923062,
            1665
          ],
          [
            -117.11924,
            47.923121,
            1665
          ],
          [
            -117.119228,
            47.923179,
            1665
          ],
          [
            -117.119185,
            47.92324,
            1665
          ],
          [
            -117.119137,
            47.923279,
            1665
          ],
          [
            -117.119027,
            47.923338,
            1668
          ],
          [
            -117.118917,
            47.923423,
            1668
          ],
          [
            -117.118773,
            47.923664,
            1670
          ],
          [
            -117.118727,
            47.92372,
            1668
          ],
          [
            -117.118607,
            47.92381,
            1671
          ],
          [
            -117.118553,
            47.923863,
            1671
          ],
          [
            -117.118393,
            47.923953,
            1676
          ],
          [
            -117.118376,
            47.923979,
            1677
          ],
          [
            -117.118273,
            47.924025,
            1676
          ],
          [
            -117.118122,
            47.924138,
            1676
          ],
          [
            -117.117897,
            47.924264,
            1680
          ],
          [
            -117.117829,
            47.924286,
            1680
          ],
          [
            -117.117758,
            47.924296,
            1680
          ],
          [
            -117.117727,
            47.924313,
            1680
          ],
          [
            -117.117661,
            47.924395,
            1680
          ],
          [
            -117.11753,
            47.924458,
            1682
          ],
          [
            -117.11742,
            47.92448,
            1683
          ],
          [
            -117.117392,
            47.924496,
            1684
          ],
          [
            -117.117238,
            47.924653,
            1686
          ],
          [
            -117.117172,
            47.924685,
            1686
          ],
          [
            -117.117107,
            47.924695,
            1684
          ],
          [
            -117.117075,
            47.92471,
            1686
          ],
          [
            -117.116935,
            47.924814,
            1686
          ],
          [
            -117.116871,
            47.924819,
            1686
          ],
          [
            -117.116795,
            47.924797,
            1688
          ],
          [
            -117.116821,
            47.924765,
            1690
          ],
          [
            -117.116908,
            47.924706,
            1691
          ],
          [
            -117.116941,
            47.924696,
            1692
          ],
          [
            -117.117043,
            47.924605,
            1689
          ],
          [
            -117.117084,
            47.924514,
            1692
          ],
          [
            -117.117176,
            47.924449,
            1691
          ],
          [
            -117.117193,
            47.924424,
            1692
          ],
          [
            -117.117198,
            47.924367,
            1694
          ],
          [
            -117.117243,
            47.924285,
            1694
          ],
          [
            -117.117283,
            47.924265,
            1693
          ],
          [
            -117.117369,
            47.92418,
            1692
          ],
          [
            -117.117379,
            47.924113,
            1695
          ],
          [
            -117.117486,
            47.923893,
            1696
          ],
          [
            -117.117511,
            47.923788,
            1697
          ],
          [
            -117.11757,
            47.92369,
            1698
          ],
          [
            -117.117622,
            47.923656,
            1698
          ],
          [
            -117.117643,
            47.923629,
            1698
          ],
          [
            -117.117659,
            47.923594,
            1698
          ],
          [
            -117.117653,
            47.923564,
            1700
          ],
          [
            -117.117599,
            47.923556,
            1700
          ],
          [
            -117.117484,
            47.923661,
            1701.6
          ],
          [
            -117.117369,
            47.923703,
            1702
          ],
          [
            -117.117289,
            47.923794,
            1701
          ],
          [
            -117.11718,
            47.923867,
            1704
          ],
          [
            -117.117083,
            47.923902,
            1704
          ],
          [
            -117.117052,
            47.923922,
            1706
          ],
          [
            -117.11702,
            47.923976,
            1705.1
          ],
          [
            -117.116983,
            47.923989,
            1704
          ],
          [
            -117.116862,
            47.924087,
            1704
          ],
          [
            -117.116729,
            47.924118,
            1708
          ],
          [
            -117.116642,
            47.924175,
            1709
          ],
          [
            -117.116519,
            47.924234,
            1710
          ],
          [
            -117.116407,
            47.924235,
            1713
          ],
          [
            -117.116354,
            47.924269,
            1712
          ],
          [
            -117.11628,
            47.924281,
            1713
          ],
          [
            -117.116151,
            47.924357,
            1713
          ],
          [
            -117.116042,
            47.924443,
            1715
          ],
          [
            -117.115983,
            47.924452,
            1714
          ],
          [
            -117.11593,
            47.924445,
            1716
          ],
          [
            -117.115811,
            47.924511,
            1716
          ],
          [
            -117.115767,
            47.92457,
            1716
          ],
          [
            -117.11571,
            47.924611,
            1718
          ],
          [
            -117.115581,
            47.924743,
            1718
          ],
          [
            -117.115508,
            47.924802,
            1718
          ],
          [
            -117.115375,
            47.924889,
            1719
          ],
          [
            -117.11525,
            47.924956,
            1720
          ],
          [
            -117.115208,
            47.924953,
            1720
          ],
          [
            -117.115181,
            47.924928,
            1721
          ],
          [
            -117.115263,
            47.924807,
            1723
          ],
          [
            -117.115265,
            47.924725,
            1722
          ],
          [
            -117.115304,
            47.924669,
            1722
          ],
          [
            -117.11531,
            47.92463,
            1720
          ],
          [
            -117.115361,
            47.924539,
            1724
          ],
          [
            -117.115428,
            47.924501,
            1725
          ],
          [
            -117.115435,
            47.924467,
            1725
          ],
          [
            -117.115495,
            47.924379,
            1727
          ],
          [
            -117.115479,
            47.924348,
            1728
          ],
          [
            -117.115427,
            47.924348,
            1728
          ],
          [
            -117.115389,
            47.924399,
            1728
          ],
          [
            -117.115282,
            47.924413,
            1731.3
          ],
          [
            -117.115196,
            47.924461,
            1731
          ],
          [
            -117.115115,
            47.924466,
            1731
          ],
          [
            -117.114963,
            47.924541,
            1732
          ],
          [
            -117.114887,
            47.924545,
            1732
          ],
          [
            -117.114865,
            47.924503,
            1734
          ],
          [
            -117.114923,
            47.92447,
            1736
          ],
          [
            -117.114944,
            47.924442,
            1735
          ],
          [
            -117.114982,
            47.924341,
            1736
          ],
          [
            -117.115038,
            47.924282,
            1736
          ],
          [
            -117.11507,
            47.924222,
            1737
          ],
          [
            -117.115166,
            47.924152,
            1737
          ],
          [
            -117.115217,
            47.924057,
            1740.3
          ],
          [
            -117.115292,
            47.923963,
            1740
          ],
          [
            -117.115341,
            47.923928,
            1740
          ],
          [
            -117.115382,
            47.923873,
            1740
          ],
          [
            -117.115473,
            47.923786,
            1740
          ],
          [
            -117.115484,
            47.923747,
            1740
          ],
          [
            -117.115525,
            47.923683,
            1741
          ],
          [
            -117.115533,
            47.923642,
            1742
          ],
          [
            -117.115566,
            47.923582,
            1740
          ],
          [
            -117.115544,
            47.923557,
            1744
          ],
          [
            -117.115509,
            47.923549,
            1743
          ],
          [
            -117.115479,
            47.923556,
            1745
          ],
          [
            -117.115415,
            47.923594,
            1746
          ],
          [
            -117.115306,
            47.923703,
            1745
          ],
          [
            -117.115177,
            47.923783,
            1746
          ],
          [
            -117.115094,
            47.92381,
            1746
          ],
          [
            -117.115049,
            47.923866,
            1749
          ],
          [
            -117.115017,
            47.923882,
            1748
          ],
          [
            -117.114939,
            47.923906,
            1746
          ],
          [
            -117.114859,
            47.923915,
            1747
          ],
          [
            -117.114616,
            47.924028,
            1750
          ],
          [
            -117.114478,
            47.92407,
            1751
          ],
          [
            -117.114392,
            47.924145,
            1752
          ],
          [
            -117.1143,
            47.924205,
            1752
          ],
          [
            -117.114231,
            47.924186,
            1752
          ],
          [
            -117.114239,
            47.924162,
            1752
          ],
          [
            -117.114284,
            47.924119,
            1752
          ],
          [
            -117.114401,
            47.923891,
            1756
          ],
          [
            -117.114449,
            47.923834,
            1756
          ],
          [
            -117.114543,
            47.923626,
            1756
          ],
          [
            -117.114598,
            47.923569,
            1760
          ],
          [
            -117.114694,
            47.923425,
            1762
          ],
          [
            -117.114727,
            47.923404,
            1764
          ],
          [
            -117.114777,
            47.92331,
            1763
          ],
          [
            -117.114858,
            47.923191,
            1764
          ],
          [
            -117.114859,
            47.923157,
            1764
          ],
          [
            -117.114888,
            47.923064,
            1764
          ],
          [
            -117.114953,
            47.922937,
            1767
          ],
          [
            -117.115,
            47.922669,
            1765
          ],
          [
            -117.115041,
            47.922539,
            1768
          ],
          [
            -117.115109,
            47.922463,
            1768
          ],
          [
            -117.115132,
            47.922346,
            1770
          ],
          [
            -117.115131,
            47.922303,
            1772
          ],
          [
            -117.115101,
            47.922292,
            1771
          ],
          [
            -117.115068,
            47.922302,
            1772
          ],
          [
            -117.115041,
            47.922361,
            1773
          ],
          [
            -117.114986,
            47.922405,
            1774
          ],
          [
            -117.114951,
            47.92242,
            1774
          ],
          [
            -117.114779,
            47.922435,
            1774
          ],
          [
            -117.114695,
            47.922454,
            1776
          ],
          [
            -117.114539,
            47.922542,
            1776
          ],
          [
            -117.114474,
            47.922554,
            1778
          ],
          [
            -117.114402,
            47.92262,
            1776
          ],
          [
            -117.114119,
            47.922781,
            1778
          ],
          [
            -117.113908,
            47.922765,
            1779
          ],
          [
            -117.113853,
            47.922725,
            1781
          ],
          [
            -117.113817,
            47.922716,
            1780
          ],
          [
            -117.113745,
            47.922718,
            1782
          ],
          [
            -117.113574,
            47.922692,
            1782
          ],
          [
            -117.113527,
            47.9227,
            1784
          ],
          [
            -117.113407,
            47.922659,
            1782
          ],
          [
            -117.113296,
            47.92265,
            1784
          ],
          [
            -117.113221,
            47.922658,
            1784
          ],
          [
            -117.113145,
            47.922646,
            1785
          ],
          [
            -117.11304,
            47.922676,
            1785
          ],
          [
            -117.112927,
            47.922671,
            1781
          ],
          [
            -117.112927,
            47.922746,
            1784
          ],
          [
            -117.112894,
            47.922801,
            1781
          ],
          [
            -117.112932,
            47.92278,
            1784
          ],
          [
            -117.112966,
            47.922721,
            1782
          ],
          [
            -117.113025,
            47.922689,
            1782
          ],
          [
            -117.113071,
            47.922684,
            1776
          ],
          [
            -117.113138,
            47.922614,
            1783.1
          ],
          [
            -117.113198,
            47.922532,
            1782
          ],
          [
            -117.113222,
            47.922426,
            1785
          ],
          [
            -117.113261,
            47.922366,
            1783
          ],
          [
            -117.113324,
            47.922236,
            1786
          ],
          [
            -117.113419,
            47.922108,
            1784
          ],
          [
            -117.113494,
            47.921988,
            1787
          ],
          [
            -117.113588,
            47.921874,
            1788
          ],
          [
            -117.113695,
            47.921706,
            1787
          ],
          [
            -117.11382,
            47.921563,
            1788
          ],
          [
            -117.113893,
            47.921448,
            1786
          ],
          [
            -117.114008,
            47.921316,
            1787
          ],
          [
            -117.114362,
            47.92104,
            1775
          ],
          [
            -117.114428,
            47.921014,
            1786
          ],
          [
            -117.114479,
            47.921011,
            1782
          ],
          [
            -117.114469,
            47.920974,
            1785
          ],
          [
            -117.114348,
            47.92089,
            1782
          ],
          [
            -117.114277,
            47.920909,
            1786
          ],
          [
            -117.114215,
            47.920962,
            1785
          ],
          [
            -117.114142,
            47.921112,
            1784
          ],
          [
            -117.114134,
            47.921156,
            1785
          ],
          [
            -117.113878,
            47.921471,
            1786
          ],
          [
            -117.113867,
            47.921499,
            1786
          ],
          [
            -117.113782,
            47.921617,
            1785
          ],
          [
            -117.113671,
            47.921709,
            1788
          ],
          [
            -117.113573,
            47.921903,
            1785
          ],
          [
            -117.113445,
            47.922059,
            1787
          ],
          [
            -117.113174,
            47.922543,
            1783
          ],
          [
            -117.113112,
            47.922633,
            1782
          ],
          [
            -117.113083,
            47.92265,
            1784
          ],
          [
            -117.113036,
            47.922709,
            1782
          ],
          [
            -117.113008,
            47.922728,
            1780
          ],
          [
            -117.112912,
            47.92287,
            1784
          ],
          [
            -117.112899,
            47.9229,
            1779
          ],
          [
            -117.11293,
            47.922936,
            1782
          ],
          [
            -117.112879,
            47.922959,
            1784
          ],
          [
            -117.112835,
            47.923,
            1783
          ],
          [
            -117.112809,
            47.92305,
            1782
          ],
          [
            -117.112782,
            47.923071,
            1782
          ],
          [
            -117.112748,
            47.923128,
            1782
          ],
          [
            -117.11274,
            47.923198,
            1782
          ],
          [
            -117.112754,
            47.923273,
            1784
          ],
          [
            -117.112756,
            47.923351,
            1784
          ],
          [
            -117.112724,
            47.923455,
            1785
          ],
          [
            -117.112675,
            47.923514,
            1785
          ],
          [
            -117.112522,
            47.923588,
            1788
          ],
          [
            -117.112261,
            47.923592,
            1790
          ],
          [
            -117.112242,
            47.923568,
            1790
          ],
          [
            -117.112259,
            47.923595,
            1790
          ],
          [
            -117.112256,
            47.923632,
            1788
          ],
          [
            -117.112199,
            47.923676,
            1791
          ],
          [
            -117.112194,
            47.92366,
            1791
          ],
          [
            -117.112152,
            47.923674,
            1788
          ],
          [
            -117.112149,
            47.923719,
            1788
          ],
          [
            -117.112225,
            47.923663,
            1790
          ],
          [
            -117.112271,
            47.923652,
            1792
          ],
          [
            -117.112298,
            47.923631,
            1791
          ],
          [
            -117.112344,
            47.923631,
            1791
          ],
          [
            -117.112495,
            47.923596,
            1788
          ],
          [
            -117.112528,
            47.923577,
            1788
          ],
          [
            -117.112631,
            47.923548,
            1786
          ],
          [
            -117.112702,
            47.923506,
            1785
          ],
          [
            -117.112753,
            47.92341,
            1785
          ],
          [
            -117.112768,
            47.923363,
            1786.5
          ],
          [
            -117.112755,
            47.923242,
            1783
          ],
          [
            -117.112761,
            47.923134,
            1782
          ],
          [
            -117.112795,
            47.923068,
            1784
          ],
          [
            -117.112829,
            47.922964,
            1783
          ],
          [
            -117.112907,
            47.922843,
            1782
          ],
          [
            -117.112906,
            47.922727,
            1782
          ],
          [
            -117.112919,
            47.922683,
            1778
          ],
          [
            -117.112948,
            47.922694,
            1781
          ],
          [
            -117.112935,
            47.922644,
            1782
          ],
          [
            -117.1129,
            47.922618,
            1781
          ],
          [
            -117.112866,
            47.922505,
            1779
          ],
          [
            -117.11286,
            47.922426,
            1779
          ],
          [
            -117.112875,
            47.922216,
            1779
          ],
          [
            -117.112902,
            47.922099,
            1779
          ],
          [
            -117.112907,
            47.922024,
            1779
          ],
          [
            -117.112938,
            47.92195,
            1779
          ],
          [
            -117.112942,
            47.921876,
            1776
          ],
          [
            -117.113044,
            47.921424,
            1774
          ],
          [
            -117.113079,
            47.921142,
            1772
          ],
          [
            -117.113094,
            47.92111,
            1772
          ],
          [
            -117.113089,
            47.921045,
            1771
          ],
          [
            -117.113107,
            47.920975,
            1770
          ],
          [
            -117.113115,
            47.920897,
            1770
          ],
          [
            -117.113206,
            47.9206,
            1770
          ],
          [
            -117.11326,
            47.920497,
            1767
          ],
          [
            -117.113373,
            47.920324,
            1769.4
          ],
          [
            -117.113593,
            47.920144,
            1768
          ],
          [
            -117.113756,
            47.920057,
            1764
          ],
          [
            -117.113999,
            47.919953,
            1764
          ],
          [
            -117.114149,
            47.919903,
            1763
          ],
          [
            -117.114567,
            47.919849,
            1761
          ],
          [
            -117.115019,
            47.919865,
            1761
          ],
          [
            -117.115092,
            47.919883,
            1760
          ],
          [
            -117.115243,
            47.919899,
            1758
          ],
          [
            -117.115729,
            47.92,
            1754
          ],
          [
            -117.116097,
            47.920125,
            1754
          ],
          [
            -117.116156,
            47.920155,
            1754
          ],
          [
            -117.116274,
            47.920236,
            1752
          ],
          [
            -117.116413,
            47.920349,
            1752
          ],
          [
            -117.116575,
            47.920693,
            1749
          ],
          [
            -117.116608,
            47.920869,
            1749
          ],
          [
            -117.116639,
            47.920961,
            1748
          ],
          [
            -117.116629,
            47.921,
            1749
          ],
          [
            -117.116652,
            47.921304,
            1746
          ],
          [
            -117.116624,
            47.921486,
            1746
          ],
          [
            -117.11663,
            47.92169,
            1743
          ],
          [
            -117.116601,
            47.921854,
            1743
          ],
          [
            -117.116605,
            47.921926,
            1743
          ],
          [
            -117.116578,
            47.922002,
            1743
          ],
          [
            -117.116597,
            47.922176,
            1742
          ],
          [
            -117.116584,
            47.922328,
            1742.6
          ],
          [
            -117.116518,
            47.922524,
            1740
          ],
          [
            -117.116509,
            47.922595,
            1737
          ],
          [
            -117.116449,
            47.922749,
            1735
          ],
          [
            -117.116444,
            47.922785,
            1735
          ],
          [
            -117.1164,
            47.922873,
            1736
          ],
          [
            -117.116364,
            47.922997,
            1734
          ],
          [
            -117.116257,
            47.923229,
            1734
          ],
          [
            -117.116169,
            47.923451,
            1734
          ],
          [
            -117.116157,
            47.923505,
            1731
          ],
          [
            -117.116065,
            47.923669,
            1731
          ],
          [
            -117.115848,
            47.923889,
            1731
          ],
          [
            -117.115729,
            47.923956,
            1732
          ],
          [
            -117.115676,
            47.924004,
            1732
          ],
          [
            -117.115663,
            47.924034,
            1731
          ],
          [
            -117.115685,
            47.924067,
            1730
          ],
          [
            -117.115714,
            47.924085,
            1730
          ],
          [
            -117.115753,
            47.924093,
            1729
          ],
          [
            -117.115877,
            47.924065,
            1727
          ],
          [
            -117.116377,
            47.923676,
            1724
          ],
          [
            -117.116526,
            47.923587,
            1726
          ],
          [
            -117.116629,
            47.923503,
            1724
          ],
          [
            -117.116665,
            47.923487,
            1724
          ],
          [
            -117.116817,
            47.92336,
            1722
          ],
          [
            -117.116861,
            47.923308,
            1720
          ],
          [
            -117.117046,
            47.923142,
            1720
          ],
          [
            -117.117113,
            47.923097,
            1718
          ],
          [
            -117.117161,
            47.923039,
            1716
          ],
          [
            -117.117305,
            47.922914,
            1716
          ],
          [
            -117.117375,
            47.92283,
            1715
          ],
          [
            -117.117652,
            47.922549,
            1715
          ],
          [
            -117.117663,
            47.922519,
            1713
          ],
          [
            -117.117803,
            47.922331,
            1713
          ],
          [
            -117.117883,
            47.92217,
            1710
          ],
          [
            -117.118143,
            47.921806,
            1704
          ],
          [
            -117.118171,
            47.921745,
            1706
          ],
          [
            -117.118281,
            47.92163,
            1704
          ],
          [
            -117.11831,
            47.921565,
            1704
          ],
          [
            -117.118383,
            47.92145,
            1704
          ],
          [
            -117.118407,
            47.921373,
            1704
          ],
          [
            -117.118462,
            47.921309,
            1704
          ],
          [
            -117.118562,
            47.921153,
            1704
          ],
          [
            -117.118607,
            47.921044,
            1704
          ],
          [
            -117.118608,
            47.920994,
            1702
          ],
          [
            -117.118677,
            47.920835,
            1702
          ],
          [
            -117.11867,
            47.920802,
            1701
          ],
          [
            -117.118727,
            47.920629,
            1700
          ],
          [
            -117.118778,
            47.920517,
            1701
          ],
          [
            -117.118771,
            47.92048,
            1698
          ],
          [
            -117.118794,
            47.92038,
            1698
          ],
          [
            -117.118833,
            47.920314,
            1698
          ],
          [
            -117.118844,
            47.920114,
            1694
          ],
          [
            -117.118857,
            47.92004,
            1693
          ],
          [
            -117.118874,
            47.920007,
            1694
          ],
          [
            -117.118868,
            47.919953,
            1692
          ],
          [
            -117.118887,
            47.919856,
            1692
          ],
          [
            -117.118888,
            47.919595,
            1692
          ],
          [
            -117.118806,
            47.919408,
            1690
          ],
          [
            -117.118687,
            47.919061,
            1689
          ],
          [
            -117.118662,
            47.919042,
            1683
          ],
          [
            -117.118508,
            47.918775,
            1686
          ],
          [
            -117.11835,
            47.918607,
            1683
          ],
          [
            -117.11827,
            47.918543,
            1682
          ],
          [
            -117.118054,
            47.918418,
            1682
          ],
          [
            -117.117955,
            47.918344,
            1682
          ],
          [
            -117.1175,
            47.918106,
            1678
          ],
          [
            -117.117005,
            47.917913,
            1678
          ],
          [
            -117.11634,
            47.917634,
            1672
          ],
          [
            -117.11584,
            47.917478,
            1670
          ],
          [
            -117.115583,
            47.91742,
            1670
          ],
          [
            -117.115514,
            47.917419,
            1668
          ],
          [
            -117.115403,
            47.917379,
            1668
          ],
          [
            -117.114511,
            47.917229,
            1664
          ],
          [
            -117.114404,
            47.917221,
            1664
          ],
          [
            -117.114262,
            47.917191,
            1664
          ],
          [
            -117.114231,
            47.917171,
            1664
          ],
          [
            -117.113897,
            47.917117,
            1662
          ],
          [
            -117.113639,
            47.917097,
            1662
          ],
          [
            -117.113067,
            47.917111,
            1658
          ],
          [
            -117.112993,
            47.917125,
            1658
          ],
          [
            -117.112877,
            47.917126,
            1657
          ],
          [
            -117.112734,
            47.917144,
            1655
          ],
          [
            -117.112659,
            47.917001,
            1647
          ],
          [
            -117.112651,
            47.916921,
            1648
          ],
          [
            -117.11263,
            47.916893,
            1648
          ],
          [
            -117.112735,
            47.916708,
            1640
          ],
          [
            -117.112739,
            47.916642,
            1639
          ],
          [
            -117.112695,
            47.916517,
            1630
          ],
          [
            -117.112702,
            47.91648,
            1631
          ],
          [
            -117.112638,
            47.916409,
            1628
          ],
          [
            -117.11261,
            47.916358,
            1627
          ],
          [
            -117.112617,
            47.916311,
            1625
          ],
          [
            -117.112601,
            47.916253,
            1624
          ],
          [
            -117.112653,
            47.916229,
            1625
          ],
          [
            -117.112735,
            47.916216,
            1623
          ],
          [
            -117.112771,
            47.916179,
            1620
          ],
          [
            -117.112721,
            47.916207,
            1620
          ],
          [
            -117.112639,
            47.91623,
            1624
          ],
          [
            -117.11259,
            47.916217,
            1619
          ],
          [
            -117.112584,
            47.916131,
            1620
          ],
          [
            -117.112558,
            47.915997,
            1617
          ],
          [
            -117.112525,
            47.915916,
            1611
          ],
          [
            -117.112473,
            47.915863,
            1611
          ],
          [
            -117.112423,
            47.915784,
            1608
          ],
          [
            -117.112358,
            47.915568,
            1600
          ],
          [
            -117.112315,
            47.915528,
            1601.1
          ],
          [
            -117.112253,
            47.91534,
            1594
          ],
          [
            -117.112249,
            47.915206,
            1590
          ],
          [
            -117.112227,
            47.915154,
            1590
          ],
          [
            -117.112201,
            47.915115,
            1587.9
          ],
          [
            -117.112156,
            47.915084,
            1584
          ],
          [
            -117.112116,
            47.915023,
            1584
          ],
          [
            -117.111969,
            47.914883,
            1577
          ],
          [
            -117.111918,
            47.914793,
            1573
          ],
          [
            -117.111846,
            47.914706,
            1573
          ],
          [
            -117.111817,
            47.914683,
            1569
          ],
          [
            -117.111674,
            47.914499,
            1565
          ],
          [
            -117.111563,
            47.91439,
            1563
          ],
          [
            -117.1115,
            47.914308,
            1560
          ],
          [
            -117.111408,
            47.91425,
            1560
          ],
          [
            -117.111366,
            47.914155,
            1558
          ],
          [
            -117.111342,
            47.91413,
            1558
          ],
          [
            -117.111277,
            47.914103,
            1556
          ],
          [
            -117.111275,
            47.914066,
            1551
          ],
          [
            -117.111251,
            47.914054,
            1557
          ],
          [
            -117.1112,
            47.913962,
            1552
          ],
          [
            -117.111197,
            47.913888,
            1548
          ],
          [
            -117.111224,
            47.913832,
            1552
          ],
          [
            -117.11125,
            47.913804,
            1551
          ],
          [
            -117.111279,
            47.91379,
            1552
          ],
          [
            -117.111351,
            47.913791,
            1552
          ],
          [
            -117.111402,
            47.913779,
            1552
          ],
          [
            -117.111656,
            47.913676,
            1550
          ],
          [
            -117.11184,
            47.913583,
            1554
          ],
          [
            -117.111918,
            47.913571,
            1554
          ],
          [
            -117.112043,
            47.913593,
            1554
          ],
          [
            -117.112123,
            47.913562,
            1554
          ],
          [
            -117.112259,
            47.913468,
            1556
          ],
          [
            -117.112297,
            47.913455,
            1556
          ],
          [
            -117.112389,
            47.913379,
            1557
          ],
          [
            -117.112431,
            47.913322,
            1558
          ],
          [
            -117.112466,
            47.913246,
            1556
          ],
          [
            -117.112414,
            47.913093,
            1557
          ],
          [
            -117.112538,
            47.913021,
            1556
          ],
          [
            -117.112596,
            47.912967,
            1556
          ],
          [
            -117.11267,
            47.912942,
            1556
          ],
          [
            -117.112699,
            47.912922,
            1556
          ],
          [
            -117.112709,
            47.912852,
            1556
          ],
          [
            -117.11264,
            47.912787,
            1556
          ],
          [
            -117.112583,
            47.912698,
            1556
          ],
          [
            -117.112484,
            47.912652,
            1554
          ],
          [
            -117.112359,
            47.912629,
            1554
          ],
          [
            -117.112394,
            47.912607,
            1554
          ],
          [
            -117.112398,
            47.912577,
            1556
          ],
          [
            -117.112384,
            47.912604,
            1556
          ],
          [
            -117.112343,
            47.912599,
            1558
          ],
          [
            -117.112374,
            47.912545,
            1553
          ],
          [
            -117.112407,
            47.912566,
            1557
          ],
          [
            -117.112372,
            47.912607,
            1557
          ],
          [
            -117.112329,
            47.912615,
            1557.7
          ],
          [
            -117.112234,
            47.912676,
            1556
          ],
          [
            -117.112198,
            47.912778,
            1556
          ],
          [
            -117.112212,
            47.912817,
            1553
          ],
          [
            -117.11225,
            47.912816,
            1552.4
          ],
          [
            -117.112209,
            47.912814,
            1549
          ],
          [
            -117.112167,
            47.912722,
            1554
          ],
          [
            -117.112201,
            47.912702,
            1558
          ],
          [
            -117.112317,
            47.912668,
            1558.5
          ],
          [
            -117.112408,
            47.912656,
            1556
          ],
          [
            -117.112389,
            47.912616,
            1555
          ],
          [
            -117.112411,
            47.912567,
            1554
          ],
          [
            -117.112371,
            47.912588,
            1554
          ],
          [
            -117.112348,
            47.91266,
            1558
          ],
          [
            -117.112369,
            47.912697,
            1560
          ],
          [
            -117.112578,
            47.912791,
            1560
          ],
          [
            -117.112647,
            47.912842,
            1560
          ],
          [
            -117.112726,
            47.912928,
            1560
          ],
          [
            -117.112765,
            47.912942,
            1560
          ],
          [
            -117.112844,
            47.912939,
            1560.7
          ],
          [
            -117.113148,
            47.912811,
            1560.4
          ],
          [
            -117.113585,
            47.912664,
            1559.3
          ],
          [
            -117.113755,
            47.912594,
            1558.1
          ],
          [
            -117.113911,
            47.9125,
            1556.9
          ],
          [
            -117.114106,
            47.912335,
            1555.9
          ],
          [
            -117.114225,
            47.912194,
            1554.9
          ],
          [
            -117.11434,
            47.911971,
            1551.6
          ],
          [
            -117.114431,
            47.911721,
            1548.3
          ],
          [
            -117.114451,
            47.911588,
            1546.6
          ],
          [
            -117.114448,
            47.911517,
            1545.9
          ],
          [
            -117.114402,
            47.911383,
            1544.6
          ],
          [
            -117.11437,
            47.911331,
            1544
          ],
          [
            -117.114261,
            47.911201,
            1542.6
          ],
          [
            -117.114123,
            47.911081,
            1540.8
          ],
          [
            -117.114043,
            47.911025,
            1540.2
          ],
          [
            -117.113864,
            47.910933,
            1538
          ],
          [
            -117.113655,
            47.910876,
            1536.3
          ],
          [
            -117.113401,
            47.910851,
            1534.7
          ],
          [
            -117.113186,
            47.910857,
            1533.3
          ],
          [
            -117.113067,
            47.91087,
            1532.8
          ],
          [
            -117.112937,
            47.910867,
            1532.3
          ],
          [
            -117.112818,
            47.910886,
            1531.7
          ],
          [
            -117.112711,
            47.910917,
            1531.2
          ],
          [
            -117.112247,
            47.910979,
            1529.6
          ],
          [
            -117.112027,
            47.910992,
            1529
          ],
          [
            -117.111807,
            47.91098,
            1528
          ],
          [
            -117.111195,
            47.910883,
            1525.1
          ],
          [
            -117.110955,
            47.910864,
            1523.7
          ],
          [
            -117.110562,
            47.910873,
            1521.2
          ],
          [
            -117.110155,
            47.910929,
            1517.4
          ],
          [
            -117.109767,
            47.911029,
            1513.4
          ],
          [
            -117.10953,
            47.911119,
            1511
          ],
          [
            -117.109416,
            47.911176,
            1510.2
          ],
          [
            -117.109308,
            47.911244,
            1509.6
          ],
          [
            -117.109043,
            47.911464,
            1507.2
          ],
          [
            -117.108877,
            47.911581,
            1504.6
          ],
          [
            -117.108794,
            47.911624,
            1503.6
          ],
          [
            -117.108701,
            47.911656,
            1502.8
          ],
          [
            -117.108605,
            47.911673,
            1501.9
          ],
          [
            -117.10851,
            47.911674,
            1500.6
          ],
          [
            -117.108402,
            47.911655,
            1499.8
          ],
          [
            -117.108307,
            47.911618,
            1498.8
          ],
          [
            -117.108217,
            47.911563,
            1498.1
          ],
          [
            -117.108156,
            47.911489,
            1497.4
          ],
          [
            -117.107928,
            47.911278,
            1494.4
          ],
          [
            -117.107837,
            47.911224,
            1493.7
          ],
          [
            -117.10778,
            47.911173,
            1493.4
          ],
          [
            -117.107435,
            47.910931,
            1491.5
          ],
          [
            -117.107234,
            47.910758,
            1489.8
          ],
          [
            -117.107044,
            47.910554,
            1487.2
          ],
          [
            -117.106816,
            47.910268,
            1483.4
          ],
          [
            -117.106721,
            47.910123,
            1481.8
          ],
          [
            -117.106705,
            47.910044,
            1481.1
          ],
          [
            -117.106616,
            47.909816,
            1479.2
          ],
          [
            -117.106463,
            47.909241,
            1473.6
          ],
          [
            -117.106415,
            47.909161,
            1472.7
          ],
          [
            -117.106332,
            47.908833,
            1468.6
          ],
          [
            -117.10634,
            47.908751,
            1467.8
          ],
          [
            -117.106239,
            47.908226,
            1464.1
          ],
          [
            -117.106212,
            47.908141,
            1463.2
          ],
          [
            -117.106148,
            47.908061,
            1462.2
          ],
          [
            -117.106051,
            47.907893,
            1459.1
          ],
          [
            -117.105909,
            47.90774,
            1457.4
          ],
          [
            -117.105727,
            47.907607,
            1455.7
          ],
          [
            -117.105435,
            47.907441,
            1452.7
          ],
          [
            -117.105359,
            47.907387,
            1451.2
          ],
          [
            -117.105304,
            47.907327,
            1449.7
          ],
          [
            -117.105311,
            47.907259,
            1448.7
          ],
          [
            -117.105332,
            47.907194,
            1448
          ],
          [
            -117.105374,
            47.907133,
            1447.2
          ],
          [
            -117.10543,
            47.907075,
            1446.1
          ],
          [
            -117.105766,
            47.906827,
            1442.1
          ],
          [
            -117.105945,
            47.906722,
            1440.3
          ],
          [
            -117.106104,
            47.906611,
            1438.9
          ],
          [
            -117.106215,
            47.906517,
            1438.3
          ],
          [
            -117.106321,
            47.906368,
            1437.1
          ],
          [
            -117.106368,
            47.906276,
            1436.5
          ],
          [
            -117.106393,
            47.906174,
            1435.8
          ],
          [
            -117.106387,
            47.905992,
            1434
          ],
          [
            -117.106372,
            47.905898,
            1432.8
          ],
          [
            -117.106338,
            47.905811,
            1432
          ],
          [
            -117.106234,
            47.905626,
            1430.3
          ],
          [
            -117.106098,
            47.905495,
            1429
          ],
          [
            -117.105991,
            47.905417,
            1428.2
          ],
          [
            -117.105793,
            47.905325,
            1425.8
          ],
          [
            -117.105424,
            47.905196,
            1421
          ],
          [
            -117.104094,
            47.904832,
            1406.9
          ],
          [
            -117.103959,
            47.904816,
            1405.1
          ],
          [
            -117.102889,
            47.904606,
            1392.3
          ],
          [
            -117.102853,
            47.904592,
            1392
          ],
          [
            -117.102869,
            47.904434,
            1391.2
          ],
          [
            -117.102986,
            47.904347,
            1390.3
          ],
          [
            -117.103061,
            47.904304,
            1389.8
          ],
          [
            -117.103131,
            47.904274,
            1389.2
          ],
          [
            -117.103233,
            47.904246,
            1388.8
          ],
          [
            -117.104039,
            47.904138,
            1384.1
          ],
          [
            -117.10523,
            47.903926,
            1376.9
          ],
          [
            -117.105383,
            47.903885,
            1376.1
          ],
          [
            -117.105584,
            47.90386,
            1375.2
          ],
          [
            -117.106071,
            47.903824,
            1371.7
          ],
          [
            -117.106413,
            47.903819,
            1369.6
          ],
          [
            -117.106749,
            47.903829,
            1367.8
          ],
          [
            -117.107081,
            47.903866,
            1364.8
          ],
          [
            -117.107358,
            47.903931,
            1363.1
          ],
          [
            -117.107539,
            47.90399,
            1361.2
          ],
          [
            -117.107947,
            47.90418,
            1356.1
          ],
          [
            -117.108641,
            47.904535,
            1350.1
          ],
          [
            -117.108747,
            47.904615,
            1349.3
          ],
          [
            -117.108845,
            47.904704,
            1348.6
          ],
          [
            -117.108921,
            47.904797,
            1348
          ],
          [
            -117.108985,
            47.904899,
            1347.4
          ],
          [
            -117.109088,
            47.905121,
            1345.6
          ],
          [
            -117.109148,
            47.905221,
            1344.6
          ],
          [
            -117.109322,
            47.905471,
            1341.6
          ],
          [
            -117.109467,
            47.905642,
            1339.4
          ],
          [
            -117.109574,
            47.905721,
            1338.8
          ],
          [
            -117.109711,
            47.905781,
            1338.6
          ],
          [
            -117.109868,
            47.905806,
            1338.4
          ],
          [
            -117.110031,
            47.9058,
            1337.6
          ],
          [
            -117.110473,
            47.905701,
            1334.9
          ],
          [
            -117.110815,
            47.905653,
            1332.1
          ],
          [
            -117.111281,
            47.905677,
            1329.2
          ],
          [
            -117.111448,
            47.905665,
            1328.2
          ],
          [
            -117.111632,
            47.905622,
            1327.2
          ],
          [
            -117.111749,
            47.905575,
            1326.4
          ],
          [
            -117.112022,
            47.905439,
            1324.6
          ],
          [
            -117.112169,
            47.90538,
            1323.8
          ],
          [
            -117.112352,
            47.905327,
            1323.1
          ],
          [
            -117.112483,
            47.905301,
            1322.3
          ],
          [
            -117.112814,
            47.905259,
            1321.2
          ],
          [
            -117.113144,
            47.905186,
            1319.4
          ],
          [
            -117.113299,
            47.905134,
            1318.6
          ],
          [
            -117.113446,
            47.905066,
            1317.8
          ],
          [
            -117.113579,
            47.904986,
            1317
          ],
          [
            -117.113696,
            47.904895,
            1315.6
          ],
          [
            -117.11397,
            47.904589,
            1311.7
          ],
          [
            -117.114072,
            47.904491,
            1310.3
          ],
          [
            -117.114215,
            47.904385,
            1309.2
          ],
          [
            -117.114321,
            47.904321,
            1307.7
          ],
          [
            -117.114763,
            47.904125,
            1304.4
          ],
          [
            -117.114891,
            47.904053,
            1303.1
          ],
          [
            -117.114999,
            47.903966,
            1301.3
          ],
          [
            -117.115075,
            47.903865,
            1299.4
          ],
          [
            -117.115189,
            47.903638,
            1295
          ],
          [
            -117.11526,
            47.903528,
            1292.6
          ],
          [
            -117.115346,
            47.903422,
            1291.1
          ],
          [
            -117.115442,
            47.903317,
            1289.6
          ],
          [
            -117.115555,
            47.903215,
            1288
          ],
          [
            -117.115675,
            47.903126,
            1286.5
          ],
          [
            -117.115814,
            47.903047,
            1285.3
          ],
          [
            -117.115966,
            47.903005,
            1283.8
          ],
          [
            -117.116111,
            47.902979,
            1282.1
          ],
          [
            -117.116262,
            47.902972,
            1279.1
          ],
          [
            -117.116408,
            47.902983,
            1277
          ],
          [
            -117.116559,
            47.903011,
            1275
          ],
          [
            -117.116694,
            47.903061,
            1273.1
          ],
          [
            -117.116803,
            47.903131,
            1271.4
          ],
          [
            -117.116986,
            47.903305,
            1268.9
          ],
          [
            -117.117091,
            47.903383,
            1268
          ],
          [
            -117.117221,
            47.903434,
            1267.1
          ],
          [
            -117.117347,
            47.903458,
            1266.6
          ],
          [
            -117.117503,
            47.903457,
            1266.3
          ],
          [
            -117.117657,
            47.903431,
            1265.8
          ],
          [
            -117.117819,
            47.903354,
            1265.2
          ],
          [
            -117.118361,
            47.90315,
            1263.1
          ],
          [
            -117.11849,
            47.90308,
            1262.3
          ],
          [
            -117.118608,
            47.902978,
            1261.6
          ],
          [
            -117.118664,
            47.902902,
            1261
          ],
          [
            -117.118774,
            47.902695,
            1259.7
          ],
          [
            -117.118843,
            47.902601,
            1258.8
          ],
          [
            -117.118954,
            47.902499,
            1257.2
          ],
          [
            -117.119047,
            47.902442,
            1255.3
          ],
          [
            -117.119182,
            47.902386,
            1254
          ],
          [
            -117.11933,
            47.902351,
            1252.4
          ],
          [
            -117.119491,
            47.902335,
            1250.7
          ],
          [
            -117.119843,
            47.902341,
            1248.1
          ],
          [
            -117.120943,
            47.902401,
            1240.5
          ],
          [
            -117.121286,
            47.902442,
            1238.1
          ],
          [
            -117.121451,
            47.902485,
            1236.6
          ],
          [
            -117.1216,
            47.902542,
            1234.5
          ],
          [
            -117.121736,
            47.902611,
            1232.5
          ],
          [
            -117.121853,
            47.902698,
            1230.6
          ],
          [
            -117.121991,
            47.902771,
            1229.1
          ],
          [
            -117.122142,
            47.902824,
            1227.5
          ],
          [
            -117.12228,
            47.90289,
            1226.6
          ],
          [
            -117.122541,
            47.903032,
            1224.9
          ],
          [
            -117.122653,
            47.903111,
            1223.9
          ],
          [
            -117.122752,
            47.903201,
            1223.1
          ],
          [
            -117.122828,
            47.903296,
            1222.4
          ],
          [
            -117.122864,
            47.903401,
            1221.5
          ],
          [
            -117.12292,
            47.903504,
            1220.5
          ],
          [
            -117.123002,
            47.903603,
            1219.7
          ],
          [
            -117.12311,
            47.90369,
            1218.9
          ],
          [
            -117.123258,
            47.903752,
            1218.1
          ],
          [
            -117.123519,
            47.9039,
            1216.3
          ],
          [
            -117.123642,
            47.903983,
            1215.7
          ],
          [
            -117.123833,
            47.904152,
            1214.4
          ],
          [
            -117.124069,
            47.904437,
            1211.5
          ],
          [
            -117.124177,
            47.904529,
            1210.4
          ],
          [
            -117.124259,
            47.904568,
            1209.8
          ],
          [
            -117.124383,
            47.904597,
            1209.2
          ],
          [
            -117.124515,
            47.904598,
            1207.8
          ],
          [
            -117.124639,
            47.904569,
            1207.1
          ],
          [
            -117.124762,
            47.904497,
            1206.1
          ],
          [
            -117.124894,
            47.904343,
            1202.9
          ],
          [
            -117.124884,
            47.904237,
            1201.3
          ],
          [
            -117.124819,
            47.90414,
            1199.8
          ],
          [
            -117.124727,
            47.904035,
            1198.4
          ],
          [
            -117.124657,
            47.903958,
            1197.4
          ],
          [
            -117.124537,
            47.903849,
            1196.6
          ],
          [
            -117.124426,
            47.903662,
            1194.5
          ],
          [
            -117.124376,
            47.903554,
            1193.9
          ],
          [
            -117.124303,
            47.903334,
            1192.7
          ],
          [
            -117.124255,
            47.90311,
            1191.3
          ],
          [
            -117.124241,
            47.90288,
            1190.1
          ],
          [
            -117.124251,
            47.902757,
            1189.6
          ],
          [
            -117.124281,
            47.902631,
            1189
          ],
          [
            -117.124335,
            47.902509,
            1188.2
          ],
          [
            -117.124487,
            47.902276,
            1186.5
          ],
          [
            -117.124674,
            47.902063,
            1185.1
          ],
          [
            -117.124902,
            47.901858,
            1183.1
          ],
          [
            -117.125048,
            47.901777,
            1182.1
          ],
          [
            -117.125358,
            47.901636,
            1178.7
          ],
          [
            -117.125838,
            47.901468,
            1173.3
          ],
          [
            -117.125986,
            47.901399,
            1172
          ],
          [
            -117.126282,
            47.901295,
            1166.8
          ],
          [
            -117.126415,
            47.90123,
            1166
          ],
          [
            -117.126527,
            47.90115,
            1165.1
          ],
          [
            -117.126628,
            47.901048,
            1163.6
          ],
          [
            -117.126685,
            47.900923,
            1162.2
          ],
          [
            -117.126712,
            47.9008,
            1161.3
          ],
          [
            -117.126711,
            47.900672,
            1160.5
          ],
          [
            -117.12668,
            47.900545,
            1159.5
          ],
          [
            -117.12648,
            47.900028,
            1154.1
          ],
          [
            -117.126328,
            47.899665,
            1148.9
          ],
          [
            -117.126248,
            47.899523,
            1147.4
          ],
          [
            -117.126158,
            47.89942,
            1145.8
          ],
          [
            -117.126039,
            47.899328,
            1144.4
          ],
          [
            -117.125927,
            47.899265,
            1142.3
          ],
          [
            -117.125767,
            47.899205,
            1139.3
          ],
          [
            -117.125595,
            47.899171,
            1137
          ],
          [
            -117.125374,
            47.899166,
            1134.4
          ],
          [
            -117.124842,
            47.899242,
            1129.3
          ],
          [
            -117.124674,
            47.899244,
            1128.6
          ],
          [
            -117.124503,
            47.89922,
            1128.2
          ],
          [
            -117.124351,
            47.899172,
            1127.7
          ],
          [
            -117.124217,
            47.899098,
            1127.4
          ],
          [
            -117.123991,
            47.898894,
            1126.6
          ],
          [
            -117.123898,
            47.898774,
            1126.1
          ],
          [
            -117.123829,
            47.898652,
            1125.6
          ],
          [
            -117.12378,
            47.8985,
            1124.9
          ],
          [
            -117.123763,
            47.898396,
            1124.1
          ],
          [
            -117.123766,
            47.898145,
            1122.7
          ],
          [
            -117.123758,
            47.898018,
            1121.6
          ],
          [
            -117.12373,
            47.897888,
            1119.7
          ],
          [
            -117.123679,
            47.897765,
            1118.4
          ],
          [
            -117.123604,
            47.897648,
            1116.9
          ],
          [
            -117.123507,
            47.897539,
            1116.2
          ],
          [
            -117.123392,
            47.897443,
            1115.1
          ],
          [
            -117.123147,
            47.897277,
            1113.4
          ],
          [
            -117.123043,
            47.897189,
            1112.4
          ],
          [
            -117.122966,
            47.897093,
            1111.6
          ],
          [
            -117.12292,
            47.896984,
            1110.6
          ],
          [
            -117.122912,
            47.896871,
            1109.9
          ],
          [
            -117.122943,
            47.89676,
            1109.3
          ],
          [
            -117.123006,
            47.896656,
            1108.2
          ],
          [
            -117.123086,
            47.89655,
            1107
          ],
          [
            -117.123282,
            47.896344,
            1104
          ],
          [
            -117.123362,
            47.896234,
            1103
          ],
          [
            -117.123431,
            47.896115,
            1102.2
          ],
          [
            -117.123486,
            47.895994,
            1101.7
          ],
          [
            -117.123524,
            47.895869,
            1101.1
          ],
          [
            -117.123554,
            47.895607,
            1099.5
          ],
          [
            -117.123546,
            47.895471,
            1098
          ],
          [
            -117.123512,
            47.895337,
            1096.7
          ],
          [
            -117.123451,
            47.895204,
            1094.8
          ],
          [
            -117.123073,
            47.894567,
            1086.4
          ],
          [
            -117.122987,
            47.894475,
            1084.8
          ],
          [
            -117.122862,
            47.89438,
            1082.9
          ],
          [
            -117.122723,
            47.894309,
            1081
          ],
          [
            -117.12253,
            47.894252,
            1077.8
          ],
          [
            -117.122377,
            47.894231,
            1074.5
          ],
          [
            -117.122197,
            47.89423,
            1073.1
          ],
          [
            -117.121999,
            47.89425,
            1071.8
          ],
          [
            -117.121289,
            47.89436,
            1067.3
          ],
          [
            -117.121127,
            47.894396,
            1066.1
          ],
          [
            -117.12096,
            47.894388,
            1064.7
          ],
          [
            -117.120799,
            47.894345,
            1063.7
          ],
          [
            -117.120561,
            47.894183,
            1062.1
          ],
          [
            -117.120482,
            47.894083,
            1061.5
          ],
          [
            -117.120444,
            47.893972,
            1060.7
          ],
          [
            -117.120449,
            47.893859,
            1059.8
          ],
          [
            -117.120523,
            47.893757,
            1058.8
          ],
          [
            -117.120624,
            47.893677,
            1056
          ],
          [
            -117.120751,
            47.893613,
            1054.8
          ],
          [
            -117.121224,
            47.893439,
            1051
          ],
          [
            -117.121536,
            47.893284,
            1048.5
          ],
          [
            -117.12168,
            47.893191,
            1046.8
          ],
          [
            -117.12179,
            47.893087,
            1045.1
          ],
          [
            -117.122155,
            47.892794,
            1041.8
          ],
          [
            -117.122261,
            47.892698,
            1040.9
          ],
          [
            -117.12235,
            47.892593,
            1039.6
          ],
          [
            -117.12241,
            47.89248,
            1038.5
          ],
          [
            -117.122437,
            47.892358,
            1037.7
          ],
          [
            -117.122434,
            47.892231,
            1036.9
          ],
          [
            -117.1224,
            47.891966,
            1036.1
          ],
          [
            -117.122401,
            47.891832,
            1035.7
          ],
          [
            -117.122423,
            47.891698,
            1035.5
          ],
          [
            -117.122468,
            47.891563,
            1034.8
          ],
          [
            -117.122535,
            47.891429,
            1034.3
          ],
          [
            -117.122617,
            47.891302,
            1033.9
          ],
          [
            -117.122719,
            47.891178,
            1033.2
          ],
          [
            -117.122837,
            47.891061,
            1032.8
          ],
          [
            -117.123522,
            47.890507,
            1029.5
          ],
          [
            -117.123768,
            47.890277,
            1027
          ],
          [
            -117.123968,
            47.890068,
            1025.1
          ],
          [
            -117.124055,
            47.889901,
            1024.3
          ],
          [
            -117.124106,
            47.889761,
            1023.4
          ],
          [
            -117.124134,
            47.889637,
            1022.5
          ],
          [
            -117.124165,
            47.889472,
            1021.9
          ],
          [
            -117.124184,
            47.888958,
            1019.9
          ],
          [
            -117.12422,
            47.888811,
            1019.6
          ],
          [
            -117.124267,
            47.888721,
            1019.2
          ],
          [
            -117.124352,
            47.888618,
            1018.8
          ],
          [
            -117.124465,
            47.888525,
            1018.2
          ],
          [
            -117.124598,
            47.888444,
            1017.3
          ],
          [
            -117.124749,
            47.888373,
            1016.2
          ],
          [
            -117.125078,
            47.888253,
            1014
          ],
          [
            -117.125808,
            47.888058,
            1007
          ],
          [
            -117.125987,
            47.888006,
            1005.5
          ],
          [
            -117.126159,
            47.887943,
            1004.3
          ],
          [
            -117.126473,
            47.887793,
            1001.3
          ],
          [
            -117.126604,
            47.887699,
            1000
          ],
          [
            -117.126912,
            47.887529,
            997.6
          ],
          [
            -117.127986,
            47.887144,
            990.8
          ],
          [
            -117.128321,
            47.887033,
            988.9
          ],
          [
            -117.128493,
            47.88699,
            988
          ],
          [
            -117.128687,
            47.886971,
            987.1
          ],
          [
            -117.129424,
            47.886961,
            984.7
          ],
          [
            -117.12961,
            47.886947,
            984.2
          ],
          [
            -117.129968,
            47.886895,
            982.7
          ],
          [
            -117.130283,
            47.886808,
            980.7
          ],
          [
            -117.130438,
            47.886748,
            979.1
          ],
          [
            -117.130731,
            47.886617,
            976.7
          ],
          [
            -117.13087,
            47.886539,
            975.9
          ],
          [
            -117.130991,
            47.88646,
            974.9
          ],
          [
            -117.131089,
            47.886379,
            973.6
          ],
          [
            -117.131177,
            47.886278,
            972.5
          ],
          [
            -117.131331,
            47.886051,
            971
          ],
          [
            -117.131521,
            47.885823,
            969
          ],
          [
            -117.131658,
            47.885539,
            967.9
          ],
          [
            -117.131812,
            47.885336,
            966.3
          ],
          [
            -117.13188,
            47.885217,
            965.8
          ],
          [
            -117.132049,
            47.884825,
            963.6
          ],
          [
            -117.132224,
            47.884486,
            962.1
          ],
          [
            -117.132378,
            47.884252,
            961.3
          ],
          [
            -117.132469,
            47.884132,
            960.9
          ],
          [
            -117.13267,
            47.883914,
            960.2
          ],
          [
            -117.132781,
            47.88381,
            959.7
          ],
          [
            -117.133025,
            47.88361,
            958
          ],
          [
            -117.133537,
            47.883217,
            954.6
          ],
          [
            -117.133639,
            47.883104,
            953.7
          ],
          [
            -117.133898,
            47.882908,
            951.5
          ],
          [
            -117.134059,
            47.882829,
            950.4
          ],
          [
            -117.134238,
            47.882757,
            949.1
          ],
          [
            -117.134792,
            47.88256,
            945.1
          ],
          [
            -117.134969,
            47.882488,
            944.3
          ],
          [
            -117.135131,
            47.882407,
            943.8
          ],
          [
            -117.135279,
            47.882314,
            942.9
          ],
          [
            -117.135381,
            47.882131,
            941.9
          ],
          [
            -117.13588,
            47.881674,
            938.4
          ],
          [
            -117.136586,
            47.880969,
            934.4
          ],
          [
            -117.136816,
            47.88077,
            933.3
          ],
          [
            -117.136943,
            47.88068,
            933.3
          ],
          [
            -117.137083,
            47.880598,
            932.8
          ],
          [
            -117.137237,
            47.88053,
            932.2
          ],
          [
            -117.137372,
            47.88049,
            931.7
          ],
          [
            -117.137545,
            47.880459,
            931.3
          ],
          [
            -117.137765,
            47.880442,
            930.6
          ],
          [
            -117.138282,
            47.880426,
            929.6
          ],
          [
            -117.138465,
            47.880409,
            929.2
          ],
          [
            -117.138679,
            47.880371,
            928.8
          ],
          [
            -117.138815,
            47.880331,
            928.2
          ],
          [
            -117.138972,
            47.880266,
            926.9
          ],
          [
            -117.139116,
            47.880188,
            926.1
          ],
          [
            -117.139252,
            47.880099,
            925.7
          ],
          [
            -117.139398,
            47.879982,
            925
          ],
          [
            -117.139486,
            47.879897,
            924.3
          ],
          [
            -117.139786,
            47.879567,
            922.3
          ],
          [
            -117.139888,
            47.879463,
            921.6
          ],
          [
            -117.139999,
            47.879368,
            920.9
          ],
          [
            -117.140126,
            47.879288,
            920.2
          ],
          [
            -117.140282,
            47.879222,
            919.6
          ],
          [
            -117.140458,
            47.879174,
            918.4
          ],
          [
            -117.140646,
            47.87914,
            917.5
          ],
          [
            -117.141045,
            47.879089,
            916
          ],
          [
            -117.142518,
            47.878972,
            911.5
          ],
          [
            -117.143164,
            47.878898,
            908.9
          ],
          [
            -117.143587,
            47.878811,
            907.3
          ],
          [
            -117.144173,
            47.878659,
            905.3
          ],
          [
            -117.144372,
            47.878625,
            904.6
          ],
          [
            -117.144571,
            47.878607,
            904
          ],
          [
            -117.144771,
            47.878606,
            903.2
          ],
          [
            -117.145574,
            47.878667,
            898.4
          ],
          [
            -117.145986,
            47.87867,
            897.3
          ],
          [
            -117.146191,
            47.87866,
            896.9
          ],
          [
            -117.146512,
            47.878604,
            896.4
          ],
          [
            -117.146921,
            47.878548,
            895.5
          ],
          [
            -117.147124,
            47.878509,
            895.2
          ],
          [
            -117.147521,
            47.878413,
            894.3
          ],
          [
            -117.147895,
            47.878297,
            893.4
          ],
          [
            -117.14808,
            47.878229,
            892.9
          ],
          [
            -117.148385,
            47.878088,
            891.7
          ],
          [
            -117.148531,
            47.877995,
            891
          ],
          [
            -117.148656,
            47.877852,
            890.3
          ],
          [
            -117.148724,
            47.877756,
            889.7
          ],
          [
            -117.148789,
            47.877626,
            888.9
          ],
          [
            -117.14882,
            47.877488,
            888.2
          ],
          [
            -117.148831,
            47.877189,
            887.8
          ],
          [
            -117.148791,
            47.877089,
            887.4
          ],
          [
            -117.148771,
            47.876963,
            887.1
          ],
          [
            -117.148774,
            47.876834,
            886.4
          ],
          [
            -117.148811,
            47.876707,
            885.6
          ],
          [
            -117.14893,
            47.87656,
            884.4
          ],
          [
            -117.149044,
            47.876477,
            883.4
          ],
          [
            -117.149203,
            47.87639,
            882.4
          ],
          [
            -117.149389,
            47.87632,
            881.4
          ],
          [
            -117.149759,
            47.876214,
            879.3
          ],
          [
            -117.149903,
            47.876102,
            878.4
          ],
          [
            -117.150449,
            47.875915,
            875.6
          ],
          [
            -117.150782,
            47.87575,
            874
          ],
          [
            -117.150938,
            47.875661,
            873.6
          ],
          [
            -117.15108,
            47.875556,
            873
          ],
          [
            -117.151548,
            47.875096,
            871.3
          ],
          [
            -117.151799,
            47.874872,
            870.1
          ],
          [
            -117.152061,
            47.874658,
            868.4
          ],
          [
            -117.152344,
            47.874452,
            866.6
          ],
          [
            -117.152642,
            47.874255,
            864.4
          ],
          [
            -117.152963,
            47.874066,
            862.7
          ],
          [
            -117.153636,
            47.873711,
            859.9
          ],
          [
            -117.154615,
            47.87316,
            855.4
          ],
          [
            -117.1548,
            47.873038,
            855
          ],
          [
            -117.15491,
            47.872952,
            854.4
          ],
          [
            -117.155059,
            47.872805,
            853.7
          ],
          [
            -117.155136,
            47.8727,
            852.8
          ],
          [
            -117.155211,
            47.872564,
            851.8
          ],
          [
            -117.155522,
            47.871852,
            848.6
          ],
          [
            -117.155685,
            47.87141,
            846.1
          ],
          [
            -117.155711,
            47.871226,
            844.9
          ],
          [
            -117.155859,
            47.870909,
            843.1
          ],
          [
            -117.15597,
            47.870772,
            842.6
          ],
          [
            -117.156107,
            47.870624,
            841.2
          ],
          [
            -117.156302,
            47.870473,
            839.3
          ],
          [
            -117.156446,
            47.87039,
            838.2
          ],
          [
            -117.156634,
            47.870298,
            836.8
          ],
          [
            -117.156879,
            47.8702,
            834.7
          ],
          [
            -117.157051,
            47.870146,
            832.8
          ],
          [
            -117.157316,
            47.870085,
            830.9
          ],
          [
            -117.158158,
            47.869951,
            825.5
          ],
          [
            -117.158357,
            47.869904,
            824.8
          ],
          [
            -117.158545,
            47.869839,
            824.1
          ],
          [
            -117.158716,
            47.869756,
            823.4
          ],
          [
            -117.158867,
            47.869657,
            822.6
          ],
          [
            -117.158994,
            47.869543,
            822.2
          ],
          [
            -117.159433,
            47.869021,
            820.2
          ],
          [
            -117.160021,
            47.868355,
            819.4
          ],
          [
            -117.160363,
            47.867946,
            818.5
          ],
          [
            -117.16045,
            47.8678,
            818.1
          ],
          [
            -117.161025,
            47.866987,
            816.8
          ],
          [
            -117.161127,
            47.866823,
            816.6
          ],
          [
            -117.16138,
            47.866275,
            815
          ],
          [
            -117.161549,
            47.865993,
            814.2
          ],
          [
            -117.161619,
            47.865856,
            814
          ],
          [
            -117.161923,
            47.865148,
            812.4
          ],
          [
            -117.161967,
            47.865004,
            811.6
          ],
          [
            -117.161992,
            47.864857,
            810.8
          ],
          [
            -117.162019,
            47.864558,
            808.9
          ],
          [
            -117.162027,
            47.864406,
            808.2
          ],
          [
            -117.161986,
            47.864045,
            807.5
          ],
          [
            -117.162031,
            47.863897,
            806.9
          ],
          [
            -117.162091,
            47.863756,
            806.5
          ],
          [
            -117.16217,
            47.863614,
            806
          ],
          [
            -117.162452,
            47.863207,
            804.2
          ],
          [
            -117.162535,
            47.86307,
            803.5
          ],
          [
            -117.1626,
            47.862923,
            802.7
          ],
          [
            -117.162663,
            47.862615,
            801.4
          ],
          [
            -117.162683,
            47.862462,
            800.7
          ],
          [
            -117.162684,
            47.862148,
            799.8
          ],
          [
            -117.162615,
            47.861229,
            794.4
          ],
          [
            -117.162591,
            47.860784,
            792.4
          ],
          [
            -117.16253,
            47.860195,
            790.3
          ],
          [
            -117.162516,
            47.859904,
            788.7
          ],
          [
            -117.162545,
            47.859613,
            787.3
          ],
          [
            -117.162618,
            47.859326,
            786.1
          ],
          [
            -117.162672,
            47.859185,
            785.5
          ],
          [
            -117.162878,
            47.858741,
            783.3
          ],
          [
            -117.163264,
            47.857982,
            779.9
          ],
          [
            -117.163322,
            47.857824,
            778.9
          ],
          [
            -117.163348,
            47.857693,
            777.9
          ],
          [
            -117.163356,
            47.857533,
            776.8
          ],
          [
            -117.163205,
            47.857018,
            775.1
          ],
          [
            -117.163196,
            47.856901,
            775.2
          ],
          [
            -117.163212,
            47.856756,
            775.1
          ],
          [
            -117.163262,
            47.856618,
            774.4
          ],
          [
            -117.163344,
            47.856487,
            774.4
          ],
          [
            -117.163651,
            47.856106,
            773.8
          ],
          [
            -117.163744,
            47.85597,
            773.7
          ],
          [
            -117.16382,
            47.85583,
            773.7
          ],
          [
            -117.163877,
            47.855682,
            773.7
          ],
          [
            -117.163919,
            47.855528,
            772.9
          ],
          [
            -117.163948,
            47.855027,
            770.4
          ],
          [
            -117.164016,
            47.85471,
            769.9
          ],
          [
            -117.164065,
            47.85455,
            769.3
          ],
          [
            -117.164129,
            47.854389,
            769
          ],
          [
            -117.164277,
            47.85407,
            767.4
          ],
          [
            -117.164402,
            47.853738,
            766.6
          ],
          [
            -117.164479,
            47.853583,
            765.4
          ],
          [
            -117.164836,
            47.852781,
            763.4
          ],
          [
            -117.164959,
            47.852457,
            762.3
          ],
          [
            -117.165121,
            47.851964,
            762
          ],
          [
            -117.165183,
            47.851803,
            760.5
          ],
          [
            -117.165262,
            47.851643,
            760.3
          ],
          [
            -117.165362,
            47.85149,
            759.3
          ],
          [
            -117.165598,
            47.851193,
            757.2
          ],
          [
            -117.165702,
            47.851038,
            756.7
          ],
          [
            -117.165789,
            47.850879,
            756.3
          ],
          [
            -117.166002,
            47.8504,
            754.2
          ],
          [
            -117.166183,
            47.850093,
            754.3
          ],
          [
            -117.166299,
            47.849949,
            754
          ],
          [
            -117.166427,
            47.84981,
            754
          ],
          [
            -117.166666,
            47.849567,
            753.2
          ],
          [
            -117.1671,
            47.849151,
            751.6
          ],
          [
            -117.167251,
            47.849032,
            751.1
          ],
          [
            -117.16742,
            47.848925,
            750.3
          ],
          [
            -117.167596,
            47.848834,
            749.7
          ],
          [
            -117.168115,
            47.848596,
            746.9
          ],
          [
            -117.168287,
            47.848507,
            745.9
          ],
          [
            -117.168485,
            47.848384,
            744.7
          ],
          [
            -117.168595,
            47.848293,
            744.2
          ],
          [
            -117.168702,
            47.848167,
            743.6
          ],
          [
            -117.16877,
            47.848032,
            743.3
          ],
          [
            -117.168795,
            47.847892,
            742.9
          ],
          [
            -117.168779,
            47.84775,
            742.5
          ],
          [
            -117.168734,
            47.847611,
            741.7
          ],
          [
            -117.168561,
            47.847201,
            741.6
          ],
          [
            -117.168522,
            47.847064,
            741.2
          ],
          [
            -117.168503,
            47.846926,
            741
          ],
          [
            -117.168505,
            47.846788,
            740.6
          ],
          [
            -117.168531,
            47.84665,
            740.2
          ],
          [
            -117.168638,
            47.846377,
            739.6
          ],
          [
            -117.168734,
            47.846248,
            739
          ],
          [
            -117.168862,
            47.846135,
            738.6
          ],
          [
            -117.169009,
            47.846034,
            737.7
          ],
          [
            -117.170132,
            47.845391,
            732.7
          ],
          [
            -117.170299,
            47.845306,
            731.6
          ],
          [
            -117.170478,
            47.845233,
            730
          ],
          [
            -117.171081,
            47.845139,
            727.6
          ],
          [
            -117.171482,
            47.845062,
            725.7
          ],
          [
            -117.171661,
            47.844998,
            725.2
          ],
          [
            -117.171907,
            47.844791,
            724.5
          ],
          [
            -117.171984,
            47.844674,
            724.1
          ],
          [
            -117.172028,
            47.844549,
            723.9
          ],
          [
            -117.172104,
            47.844015,
            723.4
          ],
          [
            -117.172128,
            47.843885,
            723.3
          ],
          [
            -117.172165,
            47.843755,
            723.2
          ],
          [
            -117.172221,
            47.843626,
            722.7
          ],
          [
            -117.172297,
            47.843497,
            722.2
          ],
          [
            -117.172475,
            47.843259,
            721.7
          ],
          [
            -117.17255,
            47.843134,
            721.1
          ],
          [
            -117.172587,
            47.84303,
            720.5
          ],
          [
            -117.172596,
            47.84286,
            720.1
          ],
          [
            -117.172517,
            47.842138,
            717.7
          ],
          [
            -117.17251,
            47.84188,
            717.3
          ],
          [
            -117.172533,
            47.841594,
            716.8
          ],
          [
            -117.172607,
            47.84102,
            714.8
          ],
          [
            -117.172612,
            47.840722,
            713.6
          ],
          [
            -117.172598,
            47.840571,
            713.1
          ],
          [
            -117.172573,
            47.84042,
            712.5
          ],
          [
            -117.172533,
            47.84027,
            712
          ],
          [
            -117.172474,
            47.840123,
            711.9
          ],
          [
            -117.172397,
            47.839984,
            711.3
          ],
          [
            -117.172222,
            47.839715,
            710.2
          ],
          [
            -117.172153,
            47.839581,
            709.8
          ],
          [
            -117.172117,
            47.839445,
            709.2
          ],
          [
            -117.172112,
            47.839308,
            708.8
          ],
          [
            -117.172137,
            47.83917,
            708.4
          ],
          [
            -117.172351,
            47.838467,
            706.7
          ],
          [
            -117.172548,
            47.8379,
            705.1
          ],
          [
            -117.172771,
            47.837326,
            703.7
          ],
          [
            -117.172837,
            47.837183,
            702.8
          ],
          [
            -117.172918,
            47.837041,
            702.5
          ],
          [
            -117.173016,
            47.836907,
            701.6
          ],
          [
            -117.173133,
            47.83678,
            700.2
          ],
          [
            -117.173273,
            47.83666,
            699
          ],
          [
            -117.17343,
            47.836555,
            698.1
          ],
          [
            -117.173933,
            47.836268,
            694.3
          ],
          [
            -117.174052,
            47.836182,
            693.2
          ],
          [
            -117.174203,
            47.836041,
            693.4
          ],
          [
            -117.174289,
            47.835935,
            693.3
          ],
          [
            -117.174374,
            47.835801,
            692.8
          ],
          [
            -117.174526,
            47.835525,
            692.4
          ],
          [
            -117.174637,
            47.835367,
            691.8
          ],
          [
            -117.174727,
            47.835271,
            691.7
          ],
          [
            -117.174862,
            47.835157,
            691.1
          ],
          [
            -117.175015,
            47.83506,
            690.2
          ],
          [
            -117.175408,
            47.83488,
            687.7
          ],
          [
            -117.175541,
            47.834803,
            686.7
          ],
          [
            -117.175913,
            47.83464,
            684.3
          ],
          [
            -117.176131,
            47.834594,
            683.8
          ],
          [
            -117.17637,
            47.834515,
            682.9
          ],
          [
            -117.176758,
            47.834414,
            681.1
          ],
          [
            -117.176979,
            47.834373,
            680.1
          ],
          [
            -117.177209,
            47.834346,
            679.1
          ],
          [
            -117.177438,
            47.834332,
            678.2
          ],
          [
            -117.177672,
            47.834335,
            677.4
          ],
          [
            -117.178536,
            47.834277,
            673.9
          ],
          [
            -117.178937,
            47.834216,
            672.8
          ],
          [
            -117.179141,
            47.83421,
            672
          ],
          [
            -117.179336,
            47.834242,
            671.4
          ],
          [
            -117.179681,
            47.834368,
            669.3
          ],
          [
            -117.180764,
            47.834819,
            665.3
          ],
          [
            -117.181125,
            47.834979,
            663.8
          ],
          [
            -117.181298,
            47.835069,
            663.2
          ],
          [
            -117.181456,
            47.83517,
            662.9
          ],
          [
            -117.181592,
            47.835285,
            662.7
          ],
          [
            -117.181837,
            47.835533,
            661.6
          ],
          [
            -117.181973,
            47.835657,
            661.3
          ],
          [
            -117.182122,
            47.835769,
            661.3
          ],
          [
            -117.18313,
            47.836113,
            657
          ],
          [
            -117.183303,
            47.836216,
            656.4
          ],
          [
            -117.183424,
            47.836339,
            655.2
          ],
          [
            -117.183594,
            47.836595,
            653.9
          ],
          [
            -117.183655,
            47.836733,
            653.2
          ],
          [
            -117.183803,
            47.837133,
            651.7
          ],
          [
            -117.183912,
            47.837299,
            650.6
          ],
          [
            -117.184,
            47.837402,
            650.2
          ],
          [
            -117.184126,
            47.837526,
            649.6
          ],
          [
            -117.184263,
            47.837641,
            648.7
          ],
          [
            -117.184417,
            47.837743,
            647.9
          ],
          [
            -117.18462,
            47.837852,
            646.7
          ],
          [
            -117.184769,
            47.837916,
            645.3
          ],
          [
            -117.185378,
            47.838155,
            642.7
          ],
          [
            -117.185667,
            47.838223,
            642.2
          ],
          [
            -117.186022,
            47.838429,
            640.6
          ],
          [
            -117.186549,
            47.838774,
            639.7
          ],
          [
            -117.186689,
            47.838852,
            639.2
          ],
          [
            -117.186875,
            47.838936,
            639.1
          ],
          [
            -117.187072,
            47.838999,
            638.5
          ],
          [
            -117.187498,
            47.839014,
            636.4
          ],
          [
            -117.187717,
            47.838999,
            635.5
          ],
          [
            -117.187973,
            47.838965,
            634.6
          ],
          [
            -117.188424,
            47.838885,
            632.9
          ],
          [
            -117.18868,
            47.838906,
            632.5
          ],
          [
            -117.188916,
            47.838876,
            631.7
          ],
          [
            -117.189135,
            47.83877,
            631
          ],
          [
            -117.189612,
            47.838711,
            629.4
          ],
          [
            -117.189834,
            47.838674,
            628.3
          ],
          [
            -117.190258,
            47.838568,
            627
          ],
          [
            -117.190449,
            47.838505,
            626.5
          ],
          [
            -117.190609,
            47.838423,
            625.6
          ],
          [
            -117.190767,
            47.838331,
            625.2
          ],
          [
            -117.190911,
            47.838218,
            624.7
          ],
          [
            -117.191022,
            47.838106,
            624
          ],
          [
            -117.191261,
            47.838019,
            623.2
          ],
          [
            -117.191308,
            47.837668,
            622.7
          ],
          [
            -117.191721,
            47.837121,
            620.9
          ],
          [
            -117.19184,
            47.836994,
            620.5
          ],
          [
            -117.191974,
            47.836873,
            620.3
          ],
          [
            -117.192127,
            47.836758,
            619.8
          ],
          [
            -117.192452,
            47.83655,
            619.4
          ],
          [
            -117.192955,
            47.836251,
            618.4
          ],
          [
            -117.193103,
            47.836141,
            617.7
          ],
          [
            -117.193268,
            47.836043,
            617.3
          ],
          [
            -117.193616,
            47.835894,
            616.7
          ],
          [
            -117.19379,
            47.835839,
            616.3
          ],
          [
            -117.193943,
            47.835808,
            615.7
          ],
          [
            -117.194138,
            47.83579,
            615.1
          ],
          [
            -117.194345,
            47.835791,
            614.9
          ],
          [
            -117.194594,
            47.835814,
            614.5
          ],
          [
            -117.195175,
            47.835904,
            613.7
          ],
          [
            -117.195782,
            47.835934,
            612.6
          ],
          [
            -117.195999,
            47.835922,
            611.9
          ],
          [
            -117.196217,
            47.835889,
            611.1
          ],
          [
            -117.196429,
            47.83584,
            610.4
          ],
          [
            -117.19667,
            47.835754,
            609.6
          ],
          [
            -117.196853,
            47.835733,
            609
          ],
          [
            -117.197065,
            47.835684,
            608.5
          ],
          [
            -117.197264,
            47.835616,
            607.7
          ],
          [
            -117.197709,
            47.835529,
            607.1
          ],
          [
            -117.19786,
            47.835489,
            607
          ],
          [
            -117.198043,
            47.835423,
            606.8
          ],
          [
            -117.198391,
            47.835266,
            606.8
          ],
          [
            -117.198552,
            47.835171,
            606.8
          ],
          [
            -117.199007,
            47.834864,
            607.1
          ],
          [
            -117.199273,
            47.834654,
            607.3
          ],
          [
            -117.199465,
            47.834411,
            607.8
          ],
          [
            -117.199536,
            47.834276,
            607.9
          ],
          [
            -117.199575,
            47.834125,
            607.7
          ],
          [
            -117.199592,
            47.833968,
            607.8
          ],
          [
            -117.199605,
            47.833646,
            607.6
          ],
          [
            -117.199629,
            47.833485,
            607.5
          ],
          [
            -117.199702,
            47.833163,
            607.3
          ],
          [
            -117.199754,
            47.833007,
            607.1
          ],
          [
            -117.199957,
            47.832541,
            607.1
          ],
          [
            -117.200056,
            47.832385,
            607
          ],
          [
            -117.200128,
            47.832219,
            607
          ],
          [
            -117.200258,
            47.831857,
            607.2
          ],
          [
            -117.200654,
            47.830841,
            607.1
          ],
          [
            -117.20074,
            47.830691,
            607
          ],
          [
            -117.200862,
            47.830554,
            607.1
          ],
          [
            -117.201041,
            47.830455,
            607.3
          ],
          [
            -117.201789,
            47.83013,
            607.9
          ],
          [
            -117.201948,
            47.830017,
            607.7
          ],
          [
            -117.202492,
            47.829725,
            606.1
          ],
          [
            -117.202694,
            47.829642,
            606
          ],
          [
            -117.203432,
            47.829241,
            605.2
          ],
          [
            -117.204753,
            47.82849,
            605.5
          ],
          [
            -117.205285,
            47.828216,
            605.1
          ],
          [
            -117.205868,
            47.827959,
            604.4
          ],
          [
            -117.207745,
            47.827238,
            601.6
          ],
          [
            -117.208577,
            47.826884,
            599
          ],
          [
            -117.208956,
            47.826687,
            598.4
          ],
          [
            -117.209272,
            47.826457,
            598.9
          ],
          [
            -117.209413,
            47.826331,
            599.1
          ],
          [
            -117.209533,
            47.826195,
            599.4
          ],
          [
            -117.209636,
            47.826049,
            599.6
          ],
          [
            -117.209721,
            47.825902,
            599.8
          ],
          [
            -117.210137,
            47.825125,
            598.1
          ],
          [
            -117.2106,
            47.824334,
            599.6
          ],
          [
            -117.210937,
            47.823731,
            598.6
          ],
          [
            -117.2111,
            47.823417,
            598.8
          ],
          [
            -117.211234,
            47.823096,
            598.8
          ],
          [
            -117.211348,
            47.822736,
            598.3
          ],
          [
            -117.211559,
            47.821887,
            598.3
          ],
          [
            -117.211625,
            47.821592,
            598.1
          ],
          [
            -117.211775,
            47.820765,
            596.5
          ],
          [
            -117.211817,
            47.820602,
            596.1
          ],
          [
            -117.21187,
            47.820445,
            596.2
          ],
          [
            -117.211956,
            47.82026,
            596.1
          ],
          [
            -117.212125,
            47.819992,
            595.9
          ],
          [
            -117.212844,
            47.818986,
            593.5
          ],
          [
            -117.213124,
            47.818565,
            592.5
          ],
          [
            -117.213436,
            47.81815,
            591.3
          ],
          [
            -117.213675,
            47.817879,
            590.6
          ],
          [
            -117.214077,
            47.817489,
            589.8
          ],
          [
            -117.214896,
            47.816735,
            589
          ],
          [
            -117.215016,
            47.81661,
            589
          ],
          [
            -117.215118,
            47.816484,
            588.9
          ],
          [
            -117.215204,
            47.816348,
            588.9
          ],
          [
            -117.215268,
            47.816207,
            588.8
          ],
          [
            -117.215311,
            47.816063,
            588.7
          ],
          [
            -117.21533,
            47.815916,
            588.4
          ],
          [
            -117.215324,
            47.815769,
            588.8
          ],
          [
            -117.215193,
            47.815484,
            588.4
          ],
          [
            -117.214595,
            47.814488,
            589
          ],
          [
            -117.214426,
            47.814322,
            589.2
          ],
          [
            -117.213239,
            47.812357,
            589.9
          ],
          [
            -117.213077,
            47.81206,
            589.7
          ],
          [
            -117.213008,
            47.811909,
            589.4
          ],
          [
            -117.212951,
            47.811756,
            589.2
          ],
          [
            -117.212911,
            47.811608,
            589.1
          ],
          [
            -117.212888,
            47.81145,
            588.9
          ],
          [
            -117.212865,
            47.810806,
            588.1
          ],
          [
            -117.212855,
            47.810016,
            586.9
          ],
          [
            -117.212866,
            47.80914,
            584.8
          ],
          [
            -117.212853,
            47.80705,
            582.3
          ],
          [
            -117.212859,
            47.806494,
            581.8
          ],
          [
            -117.212842,
            47.805121,
            581.4
          ],
          [
            -117.212852,
            47.804858,
            581.6
          ],
          [
            -117.212869,
            47.804726,
            581.6
          ],
          [
            -117.2129,
            47.804594,
            581.2
          ],
          [
            -117.212949,
            47.804461,
            580.9
          ],
          [
            -117.213014,
            47.80433,
            581.1
          ],
          [
            -117.213341,
            47.803984,
            581
          ],
          [
            -117.213471,
            47.803879,
            580.9
          ],
          [
            -117.213615,
            47.803784,
            580.7
          ],
          [
            -117.213939,
            47.80362,
            580.5
          ],
          [
            -117.214119,
            47.80355,
            580.3
          ],
          [
            -117.216838,
            47.802584,
            578.8
          ],
          [
            -117.217246,
            47.802471,
            577.9
          ],
          [
            -117.217455,
            47.802424,
            577.1
          ],
          [
            -117.217912,
            47.802346,
            576.5
          ],
          [
            -117.218383,
            47.802305,
            575.9
          ],
          [
            -117.218876,
            47.802286,
            575.3
          ],
          [
            -117.221982,
            47.802228,
            574.3
          ],
          [
            -117.222219,
            47.802208,
            574.2
          ],
          [
            -117.227766,
            47.802134,
            574.1
          ],
          [
            -117.229872,
            47.802094,
            579
          ],
          [
            -117.233514,
            47.802075,
            583
          ],
          [
            -117.233985,
            47.80205,
            584
          ],
          [
            -117.234449,
            47.801988,
            585.2
          ],
          [
            -117.234897,
            47.801898,
            586.5
          ],
          [
            -117.23529,
            47.801796,
            587.1
          ],
          [
            -117.235714,
            47.801652,
            587
          ],
          [
            -117.236275,
            47.801344,
            584.8
          ],
          [
            -117.237769,
            47.800399,
            580.5
          ],
          [
            -117.23799,
            47.80031,
            580.3
          ],
          [
            -117.23817,
            47.800193,
            580.2
          ],
          [
            -117.238316,
            47.800051,
            580
          ],
          [
            -117.2413,
            47.798125,
            581.5
          ],
          [
            -117.241454,
            47.797951,
            581.5
          ],
          [
            -117.246507,
            47.794716,
            573.3
          ],
          [
            -117.24813,
            47.793654,
            576.8
          ],
          [
            -117.251367,
            47.791585,
            575.1
          ],
          [
            -117.253898,
            47.78994,
            576.5
          ],
          [
            -117.256269,
            47.788413,
            575.6
          ],
          [
            -117.256798,
            47.788104,
            575.8
          ],
          [
            -117.257179,
            47.787918,
            576.2
          ],
          [
            -117.257805,
            47.787717,
            576.7
          ],
          [
            -117.25801,
            47.787619,
            576.9
          ],
          [
            -117.25823,
            47.787564,
            577.1
          ],
          [
            -117.258468,
            47.787572,
            577.4
          ],
          [
            -117.25892,
            47.787515,
            578
          ],
          [
            -117.259608,
            47.787484,
            578.9
          ],
          [
            -117.264742,
            47.787477,
            581
          ],
          [
            -117.278738,
            47.787497,
            590.4
          ],
          [
            -117.281828,
            47.787515,
            585.7
          ],
          [
            -117.286802,
            47.787564,
            586.8
          ],
          [
            -117.297776,
            47.787604,
            572.5
          ],
          [
            -117.301154,
            47.787639,
            570.6
          ],
          [
            -117.302251,
            47.787641,
            571.6
          ],
          [
            -117.30264,
            47.787653,
            572
          ],
          [
            -117.303173,
            47.787705,
            572.4
          ],
          [
            -117.303328,
            47.787707,
            572.5
          ],
          [
            -117.303703,
            47.787688,
            572.6
          ],
          [
            -117.303808,
            47.787702,
            572.5
          ],
          [
            -117.303875,
            47.787746,
            572.6
          ],
          [
            -117.304065,
            47.787768,
            572.9
          ],
          [
            -117.304155,
            47.787766,
            572.9
          ],
          [
            -117.304199,
            47.787708,
            573.1
          ],
          [
            -117.304325,
            47.787672,
            573.2
          ],
          [
            -117.304449,
            47.787674,
            573.4
          ],
          [
            -117.304566,
            47.787652,
            573.5
          ],
          [
            -117.304842,
            47.787639,
            573.4
          ],
          [
            -117.318717,
            47.787462,
            574.7
          ],
          [
            -117.320915,
            47.787463,
            575.2
          ],
          [
            -117.324151,
            47.787432,
            575.5
          ],
          [
            -117.327957,
            47.787361,
            576.1
          ],
          [
            -117.332539,
            47.787312,
            576.1
          ],
          [
            -117.335777,
            47.787262,
            570.9
          ],
          [
            -117.336496,
            47.787273,
            570.1
          ],
          [
            -117.336991,
            47.787308,
            569.8
          ],
          [
            -117.337472,
            47.787372,
            569.5
          ],
          [
            -117.337699,
            47.787436,
            569.4
          ],
          [
            -117.338148,
            47.787539,
            569.3
          ],
          [
            -117.338376,
            47.787579,
            569.2
          ],
          [
            -117.338796,
            47.787688,
            569.5
          ],
          [
            -117.339425,
            47.787834,
            569.4
          ],
          [
            -117.33986,
            47.787905,
            569.1
          ],
          [
            -117.340308,
            47.787954,
            568.8
          ],
          [
            -117.340992,
            47.787988,
            568.3
          ],
          [
            -117.342646,
            47.787996,
            568.5
          ],
          [
            -117.343125,
            47.787987,
            568.8
          ],
          [
            -117.343597,
            47.787961,
            569.4
          ],
          [
            -117.344055,
            47.787912,
            570.3
          ],
          [
            -117.344506,
            47.787841,
            571.5
          ],
          [
            -117.344951,
            47.787754,
            572.1
          ],
          [
            -117.34622,
            47.787479,
            573.8
          ],
          [
            -117.346813,
            47.787375,
            574.3
          ],
          [
            -117.347406,
            47.787288,
            574.6
          ],
          [
            -117.347957,
            47.787226,
            575.1
          ],
          [
            -117.348507,
            47.787186,
            575.2
          ],
          [
            -117.34983,
            47.787145,
            576
          ],
          [
            -117.350482,
            47.787115,
            576.6
          ],
          [
            -117.351243,
            47.787113,
            577.4
          ],
          [
            -117.351307,
            47.787123,
            577.7
          ],
          [
            -117.351226,
            47.787062,
            578.2
          ],
          [
            -117.351232,
            47.78691,
            578
          ],
          [
            -117.351422,
            47.786846,
            578.8
          ],
          [
            -117.351464,
            47.786868,
            578.8
          ],
          [
            -117.351583,
            47.786863,
            578.9
          ],
          [
            -117.351869,
            47.786877,
            578.7
          ],
          [
            -117.35202,
            47.786842,
            576
          ],
          [
            -117.35202,
            47.786784,
            551
          ],
          [
            -117.351697,
            47.786777,
            560
          ],
          [
            -117.351771,
            47.786842,
            578
          ],
          [
            -117.351865,
            47.78683,
            575
          ],
          [
            -117.3518,
            47.786776,
            580
          ],
          [
            -117.351752,
            47.786714,
            580
          ],
          [
            -117.351741,
            47.78668,
            576
          ],
          [
            -117.351778,
            47.786653,
            580
          ],
          [
            -117.351826,
            47.786644,
            580.2
          ],
          [
            -117.351991,
            47.786644,
            580.2
          ],
          [
            -117.352067,
            47.78662,
            580.2
          ],
          [
            -117.352089,
            47.786596,
            580.2
          ],
          [
            -117.352106,
            47.786533,
            580.4
          ],
          [
            -117.352128,
            47.786339,
            581.1
          ],
          [
            -117.35216,
            47.786283,
            581.3
          ],
          [
            -117.352192,
            47.786264,
            581.3
          ],
          [
            -117.352268,
            47.78625,
            580
          ],
          [
            -117.352348,
            47.786266,
            581.7
          ],
          [
            -117.352377,
            47.786292,
            581.7
          ],
          [
            -117.352397,
            47.786369,
            581.7
          ],
          [
            -117.352408,
            47.786577,
            581.7
          ],
          [
            -117.352406,
            47.786868,
            581.8
          ],
          [
            -117.352383,
            47.786952,
            581.9
          ],
          [
            -117.352351,
            47.786985,
            581.9
          ],
          [
            -117.352292,
            47.787015,
            581.9
          ],
          [
            -117.351963,
            47.787073,
            581.8
          ],
          [
            -117.351481,
            47.787108,
            581.3
          ],
          [
            -117.351395,
            47.787091,
            581.4
          ],
          [
            -117.351329,
            47.787098,
            581.4
          ],
          [
            -117.351225,
            47.787212,
            581.3
          ],
          [
            -117.351245,
            47.787269,
            581.2
          ],
          [
            -117.351225,
            47.787393,
            581
          ],
          [
            -117.351221,
            47.787756,
            581.7
          ],
          [
            -117.351229,
            47.787791,
            581.8
          ],
          [
            -117.351255,
            47.787822,
            581.7
          ],
          [
            -117.351297,
            47.787844,
            581.7
          ],
          [
            -117.351383,
            47.787863,
            581.8
          ],
          [
            -117.352069,
            47.787866,
            582.1
          ],
          [
            -117.35217,
            47.787873,
            582.2
          ],
          [
            -117.352213,
            47.787886,
            582.2
          ],
          [
            -117.352259,
            47.78788,
            582.3
          ],
          [
            -117.352285,
            47.787996,
            582.3
          ],
          [
            -117.352265,
            47.788308,
            582.5
          ],
          [
            -117.352285,
            47.788376,
            582.5
          ],
          [
            -117.352294,
            47.788676,
            582.9
          ],
          [
            -117.35233,
            47.788688,
            583
          ],
          [
            -117.352356,
            47.788716,
            583.1
          ],
          [
            -117.352579,
            47.788833,
            582.8
          ],
          [
            -117.352555,
            47.788925,
            582.8
          ],
          [
            -117.35257,
            47.788981,
            582.8
          ],
          [
            -117.352559,
            47.789117,
            582.7
          ],
          [
            -117.352499,
            47.789496,
            582.9
          ],
          [
            -117.352452,
            47.789676,
            583.1
          ],
          [
            -117.352424,
            47.78971,
            583.1
          ],
          [
            -117.352494,
            47.789742,
            583.1
          ],
          [
            -117.352545,
            47.789748,
            583
          ],
          [
            -117.352603,
            47.78973,
            582
          ],
          [
            -117.352612,
            47.789652,
            583.3
          ],
          [
            -117.352609,
            47.789555,
            583.4
          ],
          [
            -117.352658,
            47.789335,
            583.7
          ],
          [
            -117.352785,
            47.788976,
            583.9
          ],
          [
            -117.35282,
            47.788923,
            583.9
          ],
          [
            -117.352886,
            47.788882,
            583.9
          ],
          [
            -117.353013,
            47.788859,
            584
          ],
          [
            -117.353321,
            47.788842,
            583.9
          ],
          [
            -117.3538,
            47.788774,
            583.6
          ],
          [
            -117.354577,
            47.788739,
            583.8
          ],
          [
            -117.354923,
            47.788738,
            584.4
          ],
          [
            -117.354962,
            47.788631,
            584.4
          ],
          [
            -117.354945,
            47.788596,
            584.4
          ],
          [
            -117.354934,
            47.787947,
            583.9
          ],
          [
            -117.355111,
            47.787904,
            583.8
          ],
          [
            -117.355179,
            47.787919,
            583.8
          ],
          [
            -117.355269,
            47.787911,
            583.8
          ],
          [
            -117.35531,
            47.787934,
            583.7
          ],
          [
            -117.355344,
            47.787919,
            583.6
          ],
          [
            -117.35542,
            47.787919,
            583
          ],
          [
            -117.35535,
            47.787919,
            580
          ],
          [
            -117.355356,
            47.788144,
            580
          ],
          [
            -117.355373,
            47.788219,
            580
          ],
          [
            -117.355355,
            47.788331,
            580
          ],
          [
            -117.355362,
            47.788407,
            579
          ],
          [
            -117.355353,
            47.788558,
            580
          ],
          [
            -117.355367,
            47.788588,
            581
          ],
          [
            -117.355453,
            47.788652,
            580
          ],
          [
            -117.355526,
            47.788762,
            577
          ],
          [
            -117.355535,
            47.788802,
            579
          ],
          [
            -117.355582,
            47.788825,
            582
          ],
          [
            -117.355623,
            47.78887,
            580
          ],
          [
            -117.355599,
            47.788896,
            582.1
          ],
          [
            -117.355608,
            47.78846,
            582.2
          ],
          [
            -117.355649,
            47.788422,
            582
          ],
          [
            -117.355616,
            47.788278,
            582.3
          ],
          [
            -117.355573,
            47.788271,
            582.2
          ],
          [
            -117.355528,
            47.788313,
            582.2
          ],
          [
            -117.355473,
            47.788308,
            582.2
          ],
          [
            -117.355373,
            47.788325,
            582.2
          ],
          [
            -117.355538,
            47.788399,
            582.1
          ],
          [
            -117.355773,
            47.789769,
            580
          ],
          [
            -117.356305,
            47.78998,
            580
          ],
          [
            -117.356461,
            47.789611,
            580.9
          ],
          [
            -117.356467,
            47.789578,
            580.9
          ],
          [
            -117.356596,
            47.789485,
            580.9
          ],
          [
            -117.356608,
            47.789445,
            580.9
          ],
          [
            -117.356652,
            47.789415,
            581
          ],
          [
            -117.356698,
            47.789339,
            580
          ],
          [
            -117.356458,
            47.788991,
            582.3
          ],
          [
            -117.356504,
            47.789009,
            582.2
          ],
          [
            -117.356525,
            47.789041,
            582
          ],
          [
            -117.356346,
            47.789002,
            582
          ],
          [
            -117.356207,
            47.789022,
            582
          ],
          [
            -117.356169,
            47.789011,
            582
          ],
          [
            -117.35603,
            47.788793,
            582
          ],
          [
            -117.355933,
            47.78876,
            579
          ],
          [
            -117.355898,
            47.78873,
            580
          ],
          [
            -117.355701,
            47.788666,
            582
          ],
          [
            -117.355655,
            47.788632,
            582.4
          ],
          [
            -117.35549,
            47.788572,
            582
          ],
          [
            -117.35547,
            47.788546,
            580
          ],
          [
            -117.355476,
            47.788406,
            580
          ],
          [
            -117.355449,
            47.788299,
            580
          ],
          [
            -117.35547,
            47.788155,
            580
          ],
          [
            -117.355441,
            47.787965,
            581
          ],
          [
            -117.355385,
            47.787958,
            580
          ],
          [
            -117.355416,
            47.787966,
            580
          ],
          [
            -117.35535,
            47.78797,
            579
          ],
          [
            -117.355523,
            47.787914,
            579.1
          ],
          [
            -117.355642,
            47.787901,
            580.3
          ],
          [
            -117.35586,
            47.787921,
            580.6
          ],
          [
            -117.35589,
            47.787963,
            580
          ],
          [
            -117.355896,
            47.788021,
            581.3
          ],
          [
            -117.355922,
            47.788064,
            580
          ],
          [
            -117.355902,
            47.788148,
            581.3
          ],
          [
            -117.355691,
            47.788238,
            581
          ],
          [
            -117.35566,
            47.788193,
            582.2
          ],
          [
            -117.355627,
            47.788185,
            582
          ],
          [
            -117.355594,
            47.788155,
            583.2
          ],
          [
            -117.355589,
            47.788124,
            583.3
          ],
          [
            -117.355566,
            47.788093,
            583.1
          ],
          [
            -117.355471,
            47.788055,
            582.9
          ],
          [
            -117.355368,
            47.788032,
            582
          ],
          [
            -117.355337,
            47.788007,
            582.1
          ],
          [
            -117.355221,
            47.78797,
            581.7
          ],
          [
            -117.355144,
            47.787961,
            581.7
          ],
          [
            -117.354818,
            47.787951,
            581.5
          ],
          [
            -117.354709,
            47.787305,
            582
          ],
          [
            -117.354365,
            47.787286,
            582.2
          ],
          [
            -117.354019,
            47.787283,
            581.8
          ],
          [
            -117.353528,
            47.787233,
            580.4
          ],
          [
            -117.350856,
            47.787041,
            578.4
          ],
          [
            -117.349782,
            47.78705,
            577.3
          ],
          [
            -117.34772,
            47.787124,
            576.7
          ],
          [
            -117.347494,
            47.787145,
            577.1
          ],
          [
            -117.347298,
            47.787177,
            576.9
          ],
          [
            -117.344808,
            47.787681,
            572.5
          ],
          [
            -117.343859,
            47.787855,
            571.3
          ],
          [
            -117.343125,
            47.787919,
            570.2
          ],
          [
            -117.342376,
            47.78794,
            568.4
          ],
          [
            -117.341137,
            47.787938,
            568.8
          ],
          [
            -117.34089,
            47.787921,
            568.3
          ],
          [
            -117.340394,
            47.787907,
            567.8
          ],
          [
            -117.339896,
            47.787875,
            566.8
          ],
          [
            -117.339392,
            47.787792,
            566.7
          ],
          [
            -117.339144,
            47.787741,
            567
          ],
          [
            -117.338399,
            47.787573,
            568.2
          ],
          [
            -117.337911,
            47.787448,
            568.9
          ],
          [
            -117.337438,
            47.787348,
            568.7
          ],
          [
            -117.337168,
            47.787307,
            568.8
          ],
          [
            -117.336624,
            47.787244,
            569.4
          ],
          [
            -117.336097,
            47.787218,
            570.2
          ],
          [
            -117.335844,
            47.787215,
            570.6
          ],
          [
            -117.335574,
            47.78723,
            571
          ],
          [
            -117.3353,
            47.787219,
            571.1
          ],
          [
            -117.335033,
            47.787221,
            571.5
          ],
          [
            -117.334768,
            47.78724,
            572.1
          ],
          [
            -117.326429,
            47.787338,
            575.4
          ],
          [
            -117.323361,
            47.787361,
            575
          ],
          [
            -117.313572,
            47.787482,
            574.7
          ],
          [
            -117.306784,
            47.787581,
            570.2
          ],
          [
            -117.305443,
            47.787587,
            571.7
          ],
          [
            -117.305261,
            47.78758,
            571.8
          ],
          [
            -117.304773,
            47.787539,
            572.9
          ],
          [
            -117.304245,
            47.787551,
            576.2
          ],
          [
            -117.303991,
            47.787498,
            576.4
          ],
          [
            -117.303917,
            47.787457,
            575.6
          ],
          [
            -117.303814,
            47.787378,
            575.5
          ],
          [
            -117.303955,
            47.787164,
            573.5
          ],
          [
            -117.303974,
            47.786561,
            574.1
          ],
          [
            -117.304,
            47.786436,
            574.1
          ],
          [
            -117.303994,
            47.785778,
            575.7
          ],
          [
            -117.303972,
            47.785646,
            575.8
          ],
          [
            -117.304002,
            47.784712,
            573.8
          ],
          [
            -117.304012,
            47.784026,
            571.1
          ],
          [
            -117.304033,
            47.783603,
            568.7
          ],
          [
            -117.304064,
            47.783313,
            566.4
          ],
          [
            -117.304381,
            47.781121,
            555.8
          ],
          [
            -117.304422,
            47.780647,
            554.9
          ],
          [
            -117.304449,
            47.779176,
            556.2
          ],
          [
            -117.304433,
            47.778844,
            556.9
          ],
          [
            -117.304416,
            47.778679,
            557.5
          ],
          [
            -117.304385,
            47.778513,
            558.2
          ],
          [
            -117.304341,
            47.778351,
            559.1
          ],
          [
            -117.30413,
            47.777718,
            563.9
          ],
          [
            -117.303996,
            47.777242,
            566.3
          ],
          [
            -117.303972,
            47.77708,
            567.4
          ],
          [
            -117.303909,
            47.776437,
            571.2
          ],
          [
            -117.303924,
            47.776287,
            571.5
          ],
          [
            -117.30391,
            47.775951,
            571
          ],
          [
            -117.303943,
            47.775449,
            571.1
          ],
          [
            -117.303968,
            47.773778,
            572.5
          ],
          [
            -117.303972,
            47.772598,
            573.4
          ],
          [
            -117.303963,
            47.771749,
            573.4
          ],
          [
            -117.303975,
            47.770756,
            573
          ],
          [
            -117.303953,
            47.767159,
            574.9
          ],
          [
            -117.303945,
            47.767035,
            575.4
          ],
          [
            -117.303949,
            47.766677,
            574.7
          ],
          [
            -117.303938,
            47.766466,
            573.6
          ],
          [
            -117.303943,
            47.765496,
            572
          ],
          [
            -117.303928,
            47.76534,
            572.7
          ],
          [
            -117.303907,
            47.765239,
            573
          ],
          [
            -117.303897,
            47.765044,
            573.1
          ],
          [
            -117.303903,
            47.764938,
            573.8
          ],
          [
            -117.303926,
            47.764797,
            573.5
          ],
          [
            -117.303944,
            47.764535,
            574
          ],
          [
            -117.303934,
            47.764399,
            573.3
          ],
          [
            -117.30396,
            47.762331,
            575.4
          ],
          [
            -117.303945,
            47.762023,
            574.9
          ],
          [
            -117.303946,
            47.761364,
            575.3
          ],
          [
            -117.303971,
            47.759649,
            574.6
          ],
          [
            -117.303964,
            47.759328,
            574.4
          ],
          [
            -117.303972,
            47.757785,
            573.1
          ],
          [
            -117.303957,
            47.756521,
            572.4
          ],
          [
            -117.303959,
            47.755195,
            573.2
          ],
          [
            -117.303943,
            47.754872,
            574.2
          ],
          [
            -117.303925,
            47.754708,
            574.7
          ],
          [
            -117.303848,
            47.754383,
            574.9
          ],
          [
            -117.303789,
            47.754219,
            576
          ],
          [
            -117.303744,
            47.754058,
            576.8
          ],
          [
            -117.303681,
            47.753897,
            578.4
          ],
          [
            -117.303604,
            47.753741,
            578.6
          ],
          [
            -117.303339,
            47.753306,
            578.5
          ],
          [
            -117.303226,
            47.753167,
            578.4
          ],
          [
            -117.303099,
            47.753034,
            578.6
          ],
          [
            -117.302627,
            47.752636,
            579.3
          ],
          [
            -117.3023,
            47.752386,
            579.4
          ],
          [
            -117.302132,
            47.752272,
            579.9
          ],
          [
            -117.301761,
            47.752056,
            580.8
          ],
          [
            -117.300284,
            47.751319,
            582.1
          ],
          [
            -117.299633,
            47.750975,
            582.7
          ],
          [
            -117.299224,
            47.750739,
            582.7
          ],
          [
            -117.298644,
            47.750355,
            583.9
          ],
          [
            -117.298111,
            47.749956,
            584.8
          ],
          [
            -117.29794,
            47.749816,
            585.1
          ],
          [
            -117.297622,
            47.749532,
            584.9
          ],
          [
            -117.297168,
            47.749082,
            584.6
          ],
          [
            -117.296743,
            47.7486,
            586
          ],
          [
            -117.296617,
            47.748434,
            586.5
          ],
          [
            -117.296183,
            47.747764,
            588.9
          ],
          [
            -117.295996,
            47.747419,
            590
          ],
          [
            -117.29564,
            47.746556,
            591.6
          ],
          [
            -117.295479,
            47.745845,
            593.8
          ],
          [
            -117.294691,
            47.742171,
            607
          ],
          [
            -117.294632,
            47.742002,
            608.5
          ],
          [
            -117.294498,
            47.741294,
            612.7
          ],
          [
            -117.294288,
            47.740078,
            619.6
          ],
          [
            -117.29418,
            47.739563,
            623.1
          ],
          [
            -117.293602,
            47.738227,
            632.9
          ],
          [
            -117.293492,
            47.738061,
            633.9
          ],
          [
            -117.293245,
            47.737757,
            636.4
          ],
          [
            -117.292709,
            47.737161,
            641.1
          ],
          [
            -117.292563,
            47.737018,
            642.2
          ],
          [
            -117.292221,
            47.73677,
            644.3
          ],
          [
            -117.291003,
            47.735941,
            652.7
          ],
          [
            -117.290845,
            47.735822,
            653.7
          ],
          [
            -117.290532,
            47.735547,
            655.6
          ],
          [
            -117.290385,
            47.735399,
            656.2
          ],
          [
            -117.290225,
            47.735272,
            657.4
          ],
          [
            -117.290073,
            47.735134,
            658.7
          ],
          [
            -117.289639,
            47.734721,
            660.9
          ],
          [
            -117.289397,
            47.734418,
            662
          ],
          [
            -117.289289,
            47.73426,
            662.8
          ],
          [
            -117.288928,
            47.7336,
            665.4
          ],
          [
            -117.288793,
            47.733251,
            667
          ],
          [
            -117.288698,
            47.7329,
            669
          ],
          [
            -117.288621,
            47.732535,
            671.8
          ],
          [
            -117.28857,
            47.732171,
            674.2
          ],
          [
            -117.288555,
            47.731981,
            675.6
          ],
          [
            -117.288557,
            47.731615,
            678
          ],
          [
            -117.288584,
            47.731264,
            680.2
          ],
          [
            -117.288618,
            47.731094,
            680.8
          ],
          [
            -117.288752,
            47.730565,
            684.2
          ],
          [
            -117.289472,
            47.728427,
            696.4
          ],
          [
            -117.289543,
            47.728037,
            697.4
          ],
          [
            -117.289489,
            47.727666,
            697.7
          ],
          [
            -117.289449,
            47.727482,
            697.1
          ],
          [
            -117.289329,
            47.727114,
            696.2
          ],
          [
            -117.289252,
            47.726935,
            695.6
          ],
          [
            -117.289158,
            47.726757,
            695.2
          ],
          [
            -117.288935,
            47.726417,
            695
          ],
          [
            -117.288669,
            47.726093,
            695.2
          ],
          [
            -117.288518,
            47.725936,
            695.3
          ],
          [
            -117.288208,
            47.72564,
            695.7
          ],
          [
            -117.287805,
            47.725392,
            696.4
          ],
          [
            -117.286841,
            47.724878,
            697.6
          ],
          [
            -117.286541,
            47.724703,
            697.5
          ],
          [
            -117.285774,
            47.724337,
            697.1
          ],
          [
            -117.285295,
            47.724077,
            697.3
          ],
          [
            -117.284861,
            47.723821,
            696.9
          ],
          [
            -117.284688,
            47.723695,
            696.5
          ],
          [
            -117.284408,
            47.723467,
            695.3
          ],
          [
            -117.283933,
            47.722995,
            694.2
          ],
          [
            -117.283896,
            47.72297,
            694.2
          ],
          [
            -117.283875,
            47.722942,
            694.2
          ],
          [
            -117.283798,
            47.722893,
            688
          ],
          [
            -117.283556,
            47.722549,
            694
          ],
          [
            -117.283346,
            47.722156,
            692
          ],
          [
            -117.283301,
            47.722116,
            693.3
          ],
          [
            -117.283208,
            47.722091,
            693.9
          ],
          [
            -117.2831,
            47.722083,
            694.4
          ],
          [
            -117.28183,
            47.72204,
            694.7
          ],
          [
            -117.280262,
            47.72203,
            697.3
          ],
          [
            -117.277934,
            47.721989,
            706.3
          ],
          [
            -117.27596,
            47.721999,
            713.5
          ],
          [
            -117.271809,
            47.721986,
            730.1
          ],
          [
            -117.268067,
            47.721904,
            739
          ],
          [
            -117.265233,
            47.721881,
            745.4
          ],
          [
            -117.264963,
            47.721895,
            745.5
          ],
          [
            -117.264694,
            47.721878,
            745.5
          ],
          [
            -117.26442,
            47.721893,
            745.4
          ],
          [
            -117.264145,
            47.721876,
            745.2
          ],
          [
            -117.263864,
            47.721894,
            745.1
          ],
          [
            -117.263585,
            47.72188,
            745.1
          ],
          [
            -117.26331,
            47.721897,
            744.8
          ],
          [
            -117.261657,
            47.721905,
            741.8
          ],
          [
            -117.260802,
            47.721905,
            740.3
          ],
          [
            -117.260509,
            47.721891,
            739.6
          ],
          [
            -117.254192,
            47.721946,
            737.4
          ],
          [
            -117.253896,
            47.721936,
            736.6
          ],
          [
            -117.251881,
            47.721949,
            732.8
          ],
          [
            -117.249349,
            47.721978,
            728.6
          ],
          [
            -117.248507,
            47.721997,
            726.6
          ],
          [
            -117.247653,
            47.721994,
            724.7
          ],
          [
            -117.242081,
            47.722031,
            723
          ],
          [
            -117.237837,
            47.722045,
            731.2
          ],
          [
            -117.229781,
            47.722033,
            745.2
          ],
          [
            -117.2278,
            47.72204,
            746.7
          ],
          [
            -117.226069,
            47.722027,
            748.7
          ],
          [
            -117.224094,
            47.722051,
            749.8
          ],
          [
            -117.218664,
            47.722044,
            742.2
          ],
          [
            -117.21702,
            47.722067,
            733.8
          ],
          [
            -117.216175,
            47.722057,
            729.4
          ],
          [
            -117.215903,
            47.722034,
            727.9
          ],
          [
            -117.215633,
            47.721996,
            726.3
          ],
          [
            -117.215145,
            47.721883,
            723
          ],
          [
            -117.214716,
            47.721739,
            722
          ],
          [
            -117.214319,
            47.721564,
            719.6
          ],
          [
            -117.214008,
            47.721335,
            718.3
          ],
          [
            -117.213857,
            47.7212,
            717
          ],
          [
            -117.213685,
            47.721064,
            716.9
          ],
          [
            -117.213545,
            47.720913,
            716.4
          ],
          [
            -117.213433,
            47.720763,
            715.8
          ],
          [
            -117.213335,
            47.720596,
            713.2
          ],
          [
            -117.213229,
            47.72038,
            712.3
          ],
          [
            -117.212916,
            47.719625,
            709.1
          ],
          [
            -117.212861,
            47.719435,
            708
          ],
          [
            -117.212559,
            47.718729,
            703.2
          ],
          [
            -117.212515,
            47.718558,
            702.4
          ],
          [
            -117.212445,
            47.718382,
            701.4
          ],
          [
            -117.212364,
            47.718206,
            700.9
          ],
          [
            -117.212267,
            47.718037,
            699.7
          ],
          [
            -117.212153,
            47.717868,
            698.7
          ],
          [
            -117.212019,
            47.717704,
            697.3
          ],
          [
            -117.211703,
            47.717395,
            694.8
          ],
          [
            -117.211112,
            47.71697,
            690.5
          ],
          [
            -117.211015,
            47.716758,
            689.1
          ],
          [
            -117.210819,
            47.716613,
            688.2
          ],
          [
            -117.210563,
            47.716501,
            686.9
          ],
          [
            -117.210355,
            47.716362,
            685.3
          ],
          [
            -117.210129,
            47.716241,
            683.5
          ],
          [
            -117.20997,
            47.716081,
            682.3
          ],
          [
            -117.209851,
            47.715912,
            681.1
          ],
          [
            -117.209723,
            47.715759,
            679.7
          ],
          [
            -117.209405,
            47.715264,
            674.3
          ],
          [
            -117.209321,
            47.715085,
            672.4
          ],
          [
            -117.209212,
            47.714907,
            670.8
          ],
          [
            -117.209135,
            47.714719,
            669.4
          ],
          [
            -117.209033,
            47.714541,
            667.5
          ],
          [
            -117.208763,
            47.714189,
            663.6
          ],
          [
            -117.208609,
            47.714009,
            662.3
          ],
          [
            -117.208287,
            47.713692,
            659
          ],
          [
            -117.208107,
            47.713535,
            657.4
          ],
          [
            -117.20769,
            47.713229,
            654.1
          ],
          [
            -117.206636,
            47.712509,
            644
          ],
          [
            -117.204817,
            47.711139,
            637.8
          ],
          [
            -117.204677,
            47.710985,
            638.2
          ],
          [
            -117.204429,
            47.710648,
            639.7
          ],
          [
            -117.204252,
            47.710352,
            642.3
          ],
          [
            -117.204196,
            47.710188,
            643.7
          ],
          [
            -117.204053,
            47.709853,
            645.2
          ],
          [
            -117.203868,
            47.709301,
            646.6
          ],
          [
            -117.203715,
            47.708775,
            645.9
          ],
          [
            -117.203532,
            47.708096,
            639.6
          ],
          [
            -117.203428,
            47.707762,
            635.5
          ],
          [
            -117.203308,
            47.707436,
            630.5
          ],
          [
            -117.203153,
            47.70711,
            626.5
          ],
          [
            -117.203062,
            47.706951,
            624.6
          ],
          [
            -117.202838,
            47.706637,
            621.9
          ],
          [
            -117.202405,
            47.706199,
            620.6
          ],
          [
            -117.202108,
            47.705913,
            620.2
          ],
          [
            -117.201723,
            47.705645,
            621.1
          ],
          [
            -117.201096,
            47.705295,
            623.2
          ],
          [
            -117.198879,
            47.70426,
            625.7
          ],
          [
            -117.19827,
            47.703955,
            626
          ],
          [
            -117.198086,
            47.703843,
            626.2
          ],
          [
            -117.197784,
            47.703591,
            626.9
          ],
          [
            -117.197652,
            47.703458,
            627.6
          ],
          [
            -117.197428,
            47.703176,
            629.4
          ],
          [
            -117.197333,
            47.703035,
            630.2
          ],
          [
            -117.197245,
            47.702721,
            630
          ],
          [
            -117.197201,
            47.702411,
            630
          ],
          [
            -117.197118,
            47.701045,
            625.1
          ],
          [
            -117.197108,
            47.700732,
            626.8
          ],
          [
            -117.19709,
            47.700638,
            627.1
          ],
          [
            -117.197082,
            47.700015,
            627.5
          ],
          [
            -117.197041,
            47.699221,
            627.2
          ],
          [
            -117.197012,
            47.697441,
            626.4
          ],
          [
            -117.196961,
            47.696251,
            628.8
          ],
          [
            -117.196951,
            47.695014,
            629.7
          ],
          [
            -117.196951,
            47.691804,
            616.2
          ],
          [
            -117.196917,
            47.690166,
            616.4
          ],
          [
            -117.196875,
            47.687025,
            616.3
          ],
          [
            -117.196817,
            47.686255,
            615.2
          ],
          [
            -117.196821,
            47.686121,
            614
          ],
          [
            -117.196793,
            47.686029,
            614
          ],
          [
            -117.196335,
            47.686002,
            615.5
          ],
          [
            -117.193193,
            47.68597,
            615.9
          ],
          [
            -117.192785,
            47.685923,
            615.9
          ],
          [
            -117.192583,
            47.68589,
            616
          ],
          [
            -117.191977,
            47.685764,
            616.4
          ],
          [
            -117.191784,
            47.685703,
            616.4
          ],
          [
            -117.191425,
            47.68555,
            617.4
          ],
          [
            -117.191086,
            47.685382,
            617.8
          ],
          [
            -117.190929,
            47.685288,
            617.9
          ],
          [
            -117.190644,
            47.685084,
            617.8
          ],
          [
            -117.190246,
            47.684762,
            617.1
          ],
          [
            -117.189808,
            47.684479,
            616.9
          ],
          [
            -117.189651,
            47.684399,
            617.2
          ],
          [
            -117.189302,
            47.684251,
            617.3
          ],
          [
            -117.188916,
            47.68412,
            617.3
          ],
          [
            -117.188495,
            47.684018,
            617.4
          ],
          [
            -117.188058,
            47.683947,
            617.7
          ],
          [
            -117.187841,
            47.683923,
            617.6
          ],
          [
            -117.187406,
            47.683893,
            617.3
          ],
          [
            -117.187192,
            47.683907,
            617.2
          ],
          [
            -117.185731,
            47.683905,
            616.4
          ],
          [
            -117.18553,
            47.683893,
            616.5
          ],
          [
            -117.185154,
            47.683889,
            616.3
          ],
          [
            -117.18498,
            47.683903,
            616.1
          ],
          [
            -117.184475,
            47.683901,
            615.6
          ],
          [
            -117.184354,
            47.683711,
            616
          ],
          [
            -117.184378,
            47.683565,
            616.8
          ],
          [
            -117.184423,
            47.683386,
            616.8
          ],
          [
            -117.184562,
            47.683188,
            617.5
          ],
          [
            -117.184737,
            47.683003,
            616.7
          ],
          [
            -117.185007,
            47.682849,
            616
          ],
          [
            -117.185154,
            47.682786,
            616.3
          ],
          [
            -117.185312,
            47.682729,
            616.3
          ],
          [
            -117.185476,
            47.682683,
            616
          ],
          [
            -117.185823,
            47.682606,
            615.9
          ],
          [
            -117.186902,
            47.682418,
            613.8
          ],
          [
            -117.188513,
            47.682118,
            614.7
          ],
          [
            -117.191727,
            47.681553,
            615.6
          ],
          [
            -117.192648,
            47.68143,
            615.6
          ],
          [
            -117.193432,
            47.681429,
            615.6
          ],
          [
            -117.193638,
            47.681414,
            615.7
          ],
          [
            -117.194028,
            47.681416,
            615.8
          ],
          [
            -117.194404,
            47.68143,
            616
          ],
          [
            -117.195408,
            47.681433,
            615.2
          ],
          [
            -117.196418,
            47.681407,
            612
          ],
          [
            -117.196621,
            47.681418,
            614.8
          ],
          [
            -117.196697,
            47.681396,
            615.1
          ],
          [
            -117.196766,
            47.681403,
            614.9
          ],
          [
            -117.196811,
            47.681289,
            615.6
          ],
          [
            -117.196822,
            47.681026,
            614.4
          ],
          [
            -117.196801,
            47.680719,
            615
          ],
          [
            -117.196787,
            47.680085,
            617.9
          ],
          [
            -117.196771,
            47.679792,
            618.6
          ],
          [
            -117.196739,
            47.67964,
            618.8
          ],
          [
            -117.196732,
            47.679487,
            619
          ],
          [
            -117.196749,
            47.679323,
            618.9
          ],
          [
            -117.196732,
            47.678699,
            618.7
          ],
          [
            -117.196708,
            47.678544,
            618.7
          ],
          [
            -117.196703,
            47.678082,
            617.4
          ],
          [
            -117.196723,
            47.677932,
            616.4
          ],
          [
            -117.19671,
            47.677612,
            614.9
          ],
          [
            -117.196714,
            47.676996,
            612.3
          ],
          [
            -117.19669,
            47.675424,
            607.8
          ],
          [
            -117.196638,
            47.67417,
            605.9
          ],
          [
            -117.196642,
            47.673864,
            606.5
          ],
          [
            -117.196668,
            47.673286,
            606
          ],
          [
            -117.196628,
            47.671768,
            608.2
          ],
          [
            -117.196645,
            47.671164,
            607.6
          ],
          [
            -117.196662,
            47.670934,
            607
          ],
          [
            -117.19667,
            47.670397,
            609.5
          ],
          [
            -117.196762,
            47.669684,
            614.6
          ],
          [
            -117.196781,
            47.669419,
            615.8
          ],
          [
            -117.196781,
            47.669211,
            616.5
          ],
          [
            -117.196766,
            47.669012,
            617.3
          ],
          [
            -117.196744,
            47.668899,
            617.4
          ],
          [
            -117.196706,
            47.668811,
            618.1
          ],
          [
            -117.196723,
            47.668769,
            618.2
          ],
          [
            -117.196722,
            47.668736,
            618.3
          ],
          [
            -117.196704,
            47.668699,
            618
          ],
          [
            -117.1967,
            47.668665,
            616
          ],
          [
            -117.19672,
            47.668639,
            616
          ],
          [
            -117.196714,
            47.668418,
            616
          ],
          [
            -117.196694,
            47.668381,
            616.8
          ],
          [
            -117.19669,
            47.66835,
            616
          ],
          [
            -117.196711,
            47.668324,
            612
          ],
          [
            -117.196707,
            47.668222,
            618
          ],
          [
            -117.196417,
            47.668147,
            619
          ],
          [
            -117.196314,
            47.66817,
            619.3
          ],
          [
            -117.196049,
            47.668181,
            619.6
          ],
          [
            -117.194887,
            47.668278,
            617.7
          ],
          [
            -117.194415,
            47.668299,
            615.7
          ],
          [
            -117.193921,
            47.668295,
            614.7
          ],
          [
            -117.193413,
            47.668264,
            614
          ],
          [
            -117.192882,
            47.668207,
            613.5
          ],
          [
            -117.192357,
            47.668128,
            614.2
          ],
          [
            -117.190783,
            47.667848,
            615.7
          ],
          [
            -117.190513,
            47.667822,
            615.9
          ],
          [
            -117.18999,
            47.667718,
            616.5
          ],
          [
            -117.189734,
            47.667648,
            616.5
          ],
          [
            -117.188396,
            47.667389,
            617.4
          ],
          [
            -117.187307,
            47.667167,
            617.9
          ],
          [
            -117.184998,
            47.666728,
            619
          ],
          [
            -117.181986,
            47.66612,
            620
          ],
          [
            -117.181066,
            47.665951,
            619.6
          ],
          [
            -117.180136,
            47.66581,
            620
          ],
          [
            -117.178879,
            47.665657,
            619.7
          ],
          [
            -117.177601,
            47.665548,
            619
          ],
          [
            -117.176952,
            47.665503,
            618.7
          ],
          [
            -117.176305,
            47.665473,
            618.2
          ],
          [
            -117.175006,
            47.665444,
            618.5
          ],
          [
            -117.174684,
            47.665459,
            618.6
          ],
          [
            -117.172428,
            47.665459,
            618.3
          ],
          [
            -117.172104,
            47.66545,
            618.9
          ],
          [
            -117.171131,
            47.665456,
            619.3
          ],
          [
            -117.169837,
            47.665445,
            619.4
          ],
          [
            -117.166871,
            47.665477,
            622.4
          ],
          [
            -117.16226,
            47.665495,
            622.9
          ],
          [
            -117.161291,
            47.66549,
            622.9
          ],
          [
            -117.160054,
            47.665462,
            622.5
          ],
          [
            -117.158618,
            47.665398,
            622
          ],
          [
            -117.157819,
            47.665311,
            621.9
          ],
          [
            -117.157064,
            47.665192,
            622
          ],
          [
            -117.156121,
            47.665022,
            622.8
          ],
          [
            -117.155684,
            47.66493,
            623.2
          ],
          [
            -117.155477,
            47.664875,
            623.5
          ],
          [
            -117.155269,
            47.664841,
            623.6
          ],
          [
            -117.154903,
            47.664764,
            623.8
          ],
          [
            -117.15434,
            47.664687,
            623.9
          ],
          [
            -117.15411,
            47.664642,
            623.9
          ],
          [
            -117.154004,
            47.664638,
            624.2
          ],
          [
            -117.153855,
            47.664543,
            624.1
          ],
          [
            -117.153848,
            47.664461,
            623.6
          ],
          [
            -117.153776,
            47.664323,
            623
          ],
          [
            -117.153724,
            47.664255,
            622.9
          ],
          [
            -117.153743,
            47.664151,
            622.6
          ],
          [
            -117.153756,
            47.663731,
            621.9
          ],
          [
            -117.153736,
            47.661391,
            622.7
          ],
          [
            -117.153695,
            47.660792,
            623.9
          ],
          [
            -117.153722,
            47.660757,
            625
          ],
          [
            -117.153699,
            47.660721,
            624
          ],
          [
            -117.15369,
            47.660623,
            624.6
          ],
          [
            -117.153672,
            47.660586,
            624.8
          ],
          [
            -117.15368,
            47.660546,
            625.1
          ],
          [
            -117.153512,
            47.660469,
            625.4
          ],
          [
            -117.153423,
            47.66045,
            625.5
          ],
          [
            -117.153319,
            47.660455,
            625.6
          ],
          [
            -117.153055,
            47.660506,
            625.6
          ],
          [
            -117.152021,
            47.660746,
            624.5
          ],
          [
            -117.150314,
            47.661109,
            624.2
          ],
          [
            -117.147424,
            47.661749,
            624.5
          ],
          [
            -117.147163,
            47.661795,
            624.9
          ],
          [
            -117.144586,
            47.66239,
            623.7
          ],
          [
            -117.138943,
            47.663589,
            627.5
          ],
          [
            -117.138707,
            47.663628,
            627.6
          ],
          [
            -117.137969,
            47.663686,
            627.3
          ],
          [
            -117.137245,
            47.66372,
            627.4
          ],
          [
            -117.136233,
            47.663783,
            628.5
          ],
          [
            -117.13468,
            47.663863,
            628.8
          ],
          [
            -117.133914,
            47.663889,
            629.2
          ],
          [
            -117.122108,
            47.664087,
            633.2
          ],
          [
            -117.121509,
            47.664132,
            633.4
          ],
          [
            -117.121143,
            47.664203,
            632.7
          ],
          [
            -117.120781,
            47.664288,
            632.9
          ],
          [
            -117.120434,
            47.664398,
            632.2
          ],
          [
            -117.12026,
            47.664463,
            631.8
          ],
          [
            -117.119931,
            47.66461,
            631.7
          ],
          [
            -117.119629,
            47.664773,
            631.6
          ],
          [
            -117.11879,
            47.665284,
            632.3
          ],
          [
            -117.118499,
            47.665441,
            632.7
          ],
          [
            -117.118187,
            47.665583,
            632.9
          ],
          [
            -117.117689,
            47.665755,
            632.8
          ],
          [
            -117.117324,
            47.665844,
            632.8
          ],
          [
            -117.116783,
            47.665946,
            633.3
          ],
          [
            -117.113995,
            47.666404,
            628.9
          ],
          [
            -117.107924,
            47.667443,
            631.6
          ],
          [
            -117.107018,
            47.667627,
            630.5
          ],
          [
            -117.106894,
            47.667632,
            630
          ],
          [
            -117.106596,
            47.667688,
            630.6
          ],
          [
            -117.106257,
            47.667777,
            627
          ],
          [
            -117.106213,
            47.667772,
            631.3
          ],
          [
            -117.106144,
            47.667788,
            631.1
          ],
          [
            -117.106178,
            47.667893,
            630.5
          ],
          [
            -117.106211,
            47.667934,
            630.6
          ],
          [
            -117.10622,
            47.667971,
            630.7
          ],
          [
            -117.106247,
            47.668013,
            630.6
          ],
          [
            -117.10628,
            47.66805,
            630.7
          ],
          [
            -117.106385,
            47.668128,
            631.3
          ],
          [
            -117.106388,
            47.668163,
            631.6
          ],
          [
            -117.106452,
            47.668172,
            631.8
          ],
          [
            -117.106587,
            47.668243,
            632
          ],
          [
            -117.10667,
            47.668354,
            632
          ],
          [
            -117.106662,
            47.668393,
            630
          ],
          [
            -117.10643,
            47.668413,
            631.7
          ],
          [
            -117.106385,
            47.66846,
            631.7
          ],
          [
            -117.106184,
            47.668494,
            631.4
          ],
          [
            -117.106116,
            47.668479,
            631.5
          ],
          [
            -117.106066,
            47.66849,
            631.5
          ],
          [
            -117.106024,
            47.668514,
            631.7
          ],
          [
            -117.10597,
            47.66851,
            631.7
          ],
          [
            -117.105928,
            47.668534,
            631.9
          ],
          [
            -117.105603,
            47.668608,
            628
          ],
          [
            -117.105664,
            47.668592,
            631.2
          ],
          [
            -117.105672,
            47.668589,
            627
          ],
          [
            -117.105858,
            47.668565,
            630
          ],
          [
            -117.105991,
            47.668574,
            630
          ],
          [
            -117.106092,
            47.668554,
            630
          ],
          [
            -117.106174,
            47.668622,
            630
          ],
          [
            -117.106277,
            47.668642,
            630
          ],
          [
            -117.106497,
            47.668606,
            630
          ],
          [
            -117.106609,
            47.668621,
            630
          ],
          [
            -117.106631,
            47.668639,
            630
          ],
          [
            -117.106669,
            47.668709,
            630
          ],
          [
            -117.106708,
            47.668721,
            630
          ],
          [
            -117.106914,
            47.668741,
            632
          ],
          [
            -117.107152,
            47.668715,
            630
          ],
          [
            -117.107225,
            47.668685,
            631.3
          ],
          [
            -117.107155,
            47.668668,
            630
          ],
          [
            -117.107274,
            47.668684,
            631.4
          ],
          [
            -117.107345,
            47.668682,
            630
          ],
          [
            -117.107237,
            47.668664,
            631
          ],
          [
            -117.107213,
            47.668633,
            631.1
          ],
          [
            -117.106997,
            47.668658,
            630.7
          ],
          [
            -117.106933,
            47.668681,
            630
          ],
          [
            -117.107068,
            47.668641,
            631.1
          ],
          [
            -117.107007,
            47.668664,
            630
          ],
          [
            -117.106968,
            47.668705,
            630
          ],
          [
            -117.107099,
            47.668675,
            630
          ],
          [
            -117.107313,
            47.668685,
            630
          ],
          [
            -117.10732,
            47.66874,
            631.7
          ],
          [
            -117.107298,
            47.668765,
            630
          ],
          [
            -117.107366,
            47.66871,
            631.8
          ],
          [
            -117.107324,
            47.668741,
            628
          ],
          [
            -117.10735,
            47.66876,
            631.5
          ],
          [
            -117.107501,
            47.668737,
            630
          ],
          [
            -117.107564,
            47.668755,
            631.8
          ],
          [
            -117.10752,
            47.668725,
            632.1
          ],
          [
            -117.107566,
            47.668667,
            631
          ],
          [
            -117.107497,
            47.668703,
            630
          ],
          [
            -117.107546,
            47.66867,
            630
          ],
          [
            -117.10754,
            47.668612,
            630
          ],
          [
            -117.107438,
            47.668524,
            631.1
          ],
          [
            -117.107424,
            47.668494,
            630
          ],
          [
            -117.107336,
            47.668522,
            630
          ],
          [
            -117.107256,
            47.668575,
            627
          ],
          [
            -117.106958,
            47.668625,
            628
          ],
          [
            -117.106951,
            47.668595,
            631.6
          ],
          [
            -117.107005,
            47.668594,
            630
          ],
          [
            -117.106967,
            47.668576,
            631.6
          ],
          [
            -117.107048,
            47.668538,
            631.6
          ],
          [
            -117.107003,
            47.668547,
            630
          ],
          [
            -117.106989,
            47.6686,
            630
          ],
          [
            -117.10705,
            47.668594,
            630
          ],
          [
            -117.106973,
            47.668622,
            630
          ],
          [
            -117.107083,
            47.668479,
            631.6
          ],
          [
            -117.106988,
            47.668544,
            631.6
          ],
          [
            -117.107045,
            47.668528,
            631.6
          ],
          [
            -117.107076,
            47.668496,
            631.6
          ],
          [
            -117.10696,
            47.668596,
            631.6
          ],
          [
            -117.107029,
            47.668507,
            631.6
          ],
          [
            -117.10692,
            47.668562,
            631.6
          ],
          [
            -117.107003,
            47.668541,
            630
          ],
          [
            -117.106928,
            47.668557,
            631.6
          ],
          [
            -117.106979,
            47.668569,
            631.6
          ],
          [
            -117.106989,
            47.66853,
            631.6
          ],
          [
            -117.107058,
            47.66849,
            630
          ],
          [
            -117.106981,
            47.668554,
            631.6
          ],
          [
            -117.107091,
            47.668472,
            631.6
          ],
          [
            -117.10704,
            47.668486,
            630
          ],
          [
            -117.107069,
            47.668468,
            630
          ],
          [
            -117.106993,
            47.668496,
            631.6
          ],
          [
            -117.106963,
            47.668522,
            631.6
          ],
          [
            -117.107075,
            47.668456,
            630
          ],
          [
            -117.107031,
            47.66854,
            631.6
          ],
          [
            -117.106988,
            47.668518,
            630
          ],
          [
            -117.107001,
            47.668476,
            631.7
          ],
          [
            -117.107077,
            47.668469,
            630
          ],
          [
            -117.106983,
            47.668495,
            631.7
          ],
          [
            -117.106962,
            47.668521,
            631.7
          ],
          [
            -117.107039,
            47.668466,
            631.7
          ],
          [
            -117.106959,
            47.668489,
            630
          ],
          [
            -117.106974,
            47.668528,
            631.7
          ],
          [
            -117.106988,
            47.66849,
            631.7
          ],
          [
            -117.106959,
            47.668515,
            631.7
          ],
          [
            -117.107124,
            47.668253,
            630
          ],
          [
            -117.107238,
            47.668208,
            631.2
          ],
          [
            -117.107286,
            47.668286,
            631
          ],
          [
            -117.107319,
            47.668373,
            630.9
          ],
          [
            -117.107321,
            47.668407,
            631
          ],
          [
            -117.107304,
            47.668464,
            630
          ],
          [
            -117.107357,
            47.668498,
            631.3
          ],
          [
            -117.107348,
            47.668421,
            631.3
          ],
          [
            -117.10731,
            47.668374,
            630
          ],
          [
            -117.107323,
            47.668586,
            630
          ],
          [
            -117.107353,
            47.668677,
            629
          ],
          [
            -117.107353,
            47.668746,
            630
          ],
          [
            -117.107329,
            47.668699,
            630
          ],
          [
            -117.107209,
            47.66828,
            628
          ],
          [
            -117.107048,
            47.668348,
            630
          ],
          [
            -117.10714,
            47.668229,
            630
          ],
          [
            -117.107114,
            47.668265,
            631.9
          ],
          [
            -117.107131,
            47.668328,
            631.8
          ],
          [
            -117.107177,
            47.668333,
            629
          ],
          [
            -117.107148,
            47.668283,
            631.6
          ],
          [
            -117.107151,
            47.668238,
            631.3
          ],
          [
            -117.1072,
            47.668362,
            631.4
          ],
          [
            -117.107482,
            47.66868,
            631.4
          ],
          [
            -117.107715,
            47.668881,
            631.7
          ],
          [
            -117.107379,
            47.668456,
            628
          ],
          [
            -117.107455,
            47.668445,
            630
          ],
          [
            -117.107519,
            47.668423,
            631.2
          ],
          [
            -117.107472,
            47.668424,
            631.3
          ],
          [
            -117.107577,
            47.668393,
            631.4
          ],
          [
            -117.107546,
            47.668406,
            630
          ],
          [
            -117.107345,
            47.668262,
            631.2
          ],
          [
            -117.107324,
            47.668237,
            630
          ],
          [
            -117.107316,
            47.668197,
            630
          ],
          [
            -117.107285,
            47.66818,
            630
          ],
          [
            -117.107243,
            47.668089,
            630
          ],
          [
            -117.107175,
            47.668126,
            630
          ],
          [
            -117.107135,
            47.668135,
            630
          ],
          [
            -117.107122,
            47.668071,
            630
          ],
          [
            -117.107058,
            47.668099,
            631.3
          ],
          [
            -117.107025,
            47.668146,
            630
          ],
          [
            -117.106973,
            47.668486,
            630
          ],
          [
            -117.10704,
            47.668481,
            631.6
          ],
          [
            -117.106884,
            47.668591,
            631.7
          ],
          [
            -117.106925,
            47.668572,
            631.7
          ],
          [
            -117.106923,
            47.668607,
            631.7
          ],
          [
            -117.106875,
            47.668514,
            630
          ],
          [
            -117.106741,
            47.668568,
            630
          ],
          [
            -117.106739,
            47.668688,
            630
          ],
          [
            -117.106797,
            47.668711,
            630
          ],
          [
            -117.106313,
            47.668802,
            629
          ],
          [
            -117.106243,
            47.668721,
            630
          ],
          [
            -117.106211,
            47.668705,
            630
          ],
          [
            -117.106029,
            47.668685,
            630
          ],
          [
            -117.105936,
            47.668638,
            630
          ],
          [
            -117.105819,
            47.668608,
            630
          ],
          [
            -117.105746,
            47.668615,
            630
          ],
          [
            -117.105662,
            47.668596,
            625
          ],
          [
            -117.105609,
            47.668619,
            630
          ],
          [
            -117.10557,
            47.668609,
            634
          ],
          [
            -117.105635,
            47.668597,
            630
          ],
          [
            -117.105615,
            47.668641,
            631
          ],
          [
            -117.105721,
            47.668826,
            632.9
          ],
          [
            -117.105746,
            47.668892,
            632.9
          ],
          [
            -117.105743,
            47.668924,
            632.9
          ],
          [
            -117.105723,
            47.668953,
            632.9
          ],
          [
            -117.105688,
            47.668975,
            632.8
          ],
          [
            -117.105488,
            47.669024,
            632.6
          ],
          [
            -117.105441,
            47.669023,
            632.6
          ],
          [
            -117.105392,
            47.669009,
            632.5
          ],
          [
            -117.105353,
            47.66898,
            632.5
          ],
          [
            -117.105323,
            47.668935,
            632.4
          ],
          [
            -117.105202,
            47.668689,
            632.3
          ],
          [
            -117.10511,
            47.668536,
            632.2
          ],
          [
            -117.105092,
            47.66845,
            632.1
          ],
          [
            -117.104962,
            47.668187,
            631.7
          ],
          [
            -117.104878,
            47.668104,
            631.5
          ],
          [
            -117.104484,
            47.667322,
            630.9
          ],
          [
            -117.104345,
            47.667032,
            630.7
          ],
          [
            -117.104312,
            47.666904,
            630.7
          ],
          [
            -117.104133,
            47.666494,
            630.1
          ],
          [
            -117.103576,
            47.665359,
            629.2
          ],
          [
            -117.103204,
            47.66456,
            629.3
          ],
          [
            -117.100205,
            47.658435,
            630.1
          ],
          [
            -117.100062,
            47.658172,
            630
          ],
          [
            -117.099881,
            47.657888,
            630
          ],
          [
            -117.099683,
            47.657614,
            629.8
          ],
          [
            -117.099552,
            47.65745,
            629.8
          ],
          [
            -117.099206,
            47.657079,
            629.5
          ],
          [
            -117.0986,
            47.656615,
            629
          ],
          [
            -117.097671,
            47.655991,
            628.1
          ],
          [
            -117.095551,
            47.654632,
            629.6
          ],
          [
            -117.09528,
            47.654453,
            630
          ],
          [
            -117.095161,
            47.654358,
            630.2
          ],
          [
            -117.095059,
            47.654249,
            630.3
          ],
          [
            -117.094933,
            47.654022,
            630.3
          ],
          [
            -117.09489,
            47.653908,
            630.3
          ],
          [
            -117.094868,
            47.653797,
            630.3
          ],
          [
            -117.094861,
            47.65369,
            630.2
          ],
          [
            -117.094855,
            47.653169,
            631.5
          ],
          [
            -117.09487,
            47.653111,
            631.9
          ],
          [
            -117.094863,
            47.653081,
            632.1
          ],
          [
            -117.094728,
            47.653058,
            632.1
          ],
          [
            -117.094136,
            47.653101,
            631.5
          ],
          [
            -117.093544,
            47.65319,
            630.5
          ],
          [
            -117.093248,
            47.653256,
            631.1
          ],
          [
            -117.09313,
            47.653246,
            631
          ],
          [
            -117.093027,
            47.653217,
            630.9
          ],
          [
            -117.09294,
            47.653166,
            630.9
          ],
          [
            -117.092888,
            47.653098,
            630
          ],
          [
            -117.092872,
            47.653024,
            631
          ],
          [
            -117.092791,
            47.652895,
            631.1
          ],
          [
            -117.092624,
            47.652544,
            631.3
          ],
          [
            -117.092559,
            47.652486,
            631.4
          ],
          [
            -117.092454,
            47.652367,
            631.5
          ],
          [
            -117.092323,
            47.652257,
            631.5
          ],
          [
            -117.092107,
            47.652121,
            631.1
          ],
          [
            -117.091947,
            47.652053,
            631
          ],
          [
            -117.091773,
            47.652001,
            631.1
          ],
          [
            -117.091388,
            47.651968,
            630.1
          ],
          [
            -117.09127,
            47.651937,
            629.9
          ],
          [
            -117.091187,
            47.65188,
            629.7
          ],
          [
            -117.091148,
            47.651829,
            629.6
          ],
          [
            -117.091122,
            47.651766,
            628
          ],
          [
            -117.091109,
            47.651663,
            629.2
          ],
          [
            -117.091114,
            47.651613,
            629.2
          ],
          [
            -117.091302,
            47.651487,
            629.3
          ],
          [
            -117.091406,
            47.651401,
            629.3
          ],
          [
            -117.091519,
            47.651297,
            629.6
          ],
          [
            -117.091614,
            47.651181,
            630
          ],
          [
            -117.091649,
            47.651113,
            630.2
          ],
          [
            -117.091664,
            47.651044,
            630.4
          ],
          [
            -117.091724,
            47.650921,
            630.8
          ],
          [
            -117.091811,
            47.650573,
            631.2
          ],
          [
            -117.091938,
            47.650424,
            631.5
          ],
          [
            -117.092065,
            47.650353,
            631.7
          ],
          [
            -117.092286,
            47.650304,
            631.5
          ],
          [
            -117.092327,
            47.650304,
            630
          ],
          [
            -117.092358,
            47.650353,
            630
          ],
          [
            -117.092469,
            47.65046,
            631.3
          ],
          [
            -117.092647,
            47.650568,
            631.5
          ],
          [
            -117.092868,
            47.650648,
            632
          ],
          [
            -117.093258,
            47.650731,
            633.6
          ],
          [
            -117.093512,
            47.6508,
            634
          ],
          [
            -117.093737,
            47.65089,
            634.3
          ],
          [
            -117.093958,
            47.650998,
            635.1
          ],
          [
            -117.094141,
            47.651128,
            635.6
          ],
          [
            -117.094293,
            47.651263,
            635.6
          ],
          [
            -117.094729,
            47.651722,
            636.1
          ],
          [
            -117.094782,
            47.651802,
            636
          ],
          [
            -117.094823,
            47.651915,
            635.7
          ],
          [
            -117.09483,
            47.651991,
            635.3
          ],
          [
            -117.094822,
            47.653796,
            630.7
          ],
          [
            -117.094832,
            47.653903,
            630.8
          ],
          [
            -117.094854,
            47.653998,
            630.7
          ],
          [
            -117.094897,
            47.654077,
            630.6
          ],
          [
            -117.094902,
            47.654146,
            630.5
          ],
          [
            -117.094886,
            47.654202,
            630.4
          ],
          [
            -117.094832,
            47.654223,
            630.2
          ],
          [
            -117.093245,
            47.654574,
            629
          ],
          [
            -117.093119,
            47.654612,
            628.9
          ],
          [
            -117.092984,
            47.654617,
            629
          ],
          [
            -117.092858,
            47.654606,
            628.9
          ],
          [
            -117.092736,
            47.654581,
            628.7
          ],
          [
            -117.092619,
            47.654539,
            628.5
          ],
          [
            -117.092404,
            47.654435,
            628.4
          ],
          [
            -117.091858,
            47.654137,
            627.9
          ],
          [
            -117.091262,
            47.653777,
            627.9
          ],
          [
            -117.091123,
            47.653725,
            627.9
          ],
          [
            -117.091025,
            47.653708,
            627.9
          ],
          [
            -117.090898,
            47.653702,
            627.6
          ],
          [
            -117.090778,
            47.653717,
            627.7
          ],
          [
            -117.090667,
            47.65375,
            627.6
          ],
          [
            -117.090551,
            47.653807,
            627.8
          ],
          [
            -117.089852,
            47.654231,
            628.6
          ],
          [
            -117.08976,
            47.654303,
            628.9
          ],
          [
            -117.089683,
            47.654383,
            628.9
          ],
          [
            -117.089625,
            47.65447,
            629.1
          ],
          [
            -117.089589,
            47.654558,
            628.7
          ],
          [
            -117.089572,
            47.654652,
            628.7
          ],
          [
            -117.089571,
            47.654747,
            628.8
          ],
          [
            -117.089636,
            47.655727,
            632.8
          ],
          [
            -117.089639,
            47.656394,
            635.6
          ],
          [
            -117.089619,
            47.656631,
            636.5
          ],
          [
            -117.089583,
            47.656703,
            636
          ],
          [
            -117.089489,
            47.656711,
            637.4
          ],
          [
            -117.087943,
            47.656691,
            640.1
          ],
          [
            -117.087793,
            47.656706,
            640.2
          ],
          [
            -117.085103,
            47.656684,
            645.6
          ],
          [
            -117.080996,
            47.656683,
            646.7
          ],
          [
            -117.07793,
            47.656664,
            647.5
          ],
          [
            -117.075353,
            47.656671,
            643.7
          ],
          [
            -117.07521,
            47.656661,
            643.3
          ],
          [
            -117.074939,
            47.656594,
            641.7
          ],
          [
            -117.074809,
            47.656554,
            640.6
          ],
          [
            -117.074697,
            47.656502,
            639.9
          ],
          [
            -117.074599,
            47.656439,
            639.3
          ],
          [
            -117.074528,
            47.656366,
            638.7
          ],
          [
            -117.074425,
            47.656203,
            637.3
          ],
          [
            -117.07384,
            47.654803,
            633.1
          ],
          [
            -117.07371,
            47.654539,
            632
          ],
          [
            -117.073653,
            47.654456,
            631.7
          ],
          [
            -117.07356,
            47.654381,
            631.3
          ],
          [
            -117.073401,
            47.654223,
            630.8
          ],
          [
            -117.072994,
            47.653897,
            631.7
          ],
          [
            -117.072848,
            47.653735,
            631.7
          ],
          [
            -117.072786,
            47.653639,
            631.8
          ],
          [
            -117.072754,
            47.653436,
            632
          ],
          [
            -117.072775,
            47.653337,
            631.9
          ],
          [
            -117.072804,
            47.653243,
            632.3
          ],
          [
            -117.072847,
            47.653151,
            632.4
          ],
          [
            -117.072869,
            47.653055,
            632.9
          ],
          [
            -117.072845,
            47.652961,
            633.2
          ],
          [
            -117.072845,
            47.652769,
            633.9
          ],
          [
            -117.072778,
            47.652681,
            634.3
          ],
          [
            -117.072673,
            47.652504,
            636.5
          ],
          [
            -117.072543,
            47.652328,
            638.9
          ],
          [
            -117.072461,
            47.652239,
            639.4
          ],
          [
            -117.071982,
            47.65183,
            641.5
          ],
          [
            -117.071903,
            47.651744,
            641.5
          ],
          [
            -117.071852,
            47.651653,
            642
          ],
          [
            -117.071827,
            47.651562,
            642
          ],
          [
            -117.07182,
            47.651461,
            642.3
          ],
          [
            -117.07185,
            47.651357,
            642.5
          ],
          [
            -117.071836,
            47.651255,
            642.9
          ],
          [
            -117.071855,
            47.65105,
            643.9
          ],
          [
            -117.071845,
            47.650843,
            644.6
          ],
          [
            -117.071822,
            47.650739,
            644.9
          ],
          [
            -117.071785,
            47.650633,
            645.1
          ],
          [
            -117.071685,
            47.650425,
            645
          ],
          [
            -117.07129,
            47.649791,
            645.9
          ],
          [
            -117.071183,
            47.649662,
            646.1
          ],
          [
            -117.071111,
            47.649554,
            646.4
          ],
          [
            -117.070998,
            47.649363,
            647.4
          ],
          [
            -117.070963,
            47.649254,
            647.9
          ],
          [
            -117.070831,
            47.649046,
            648.7
          ],
          [
            -117.070515,
            47.648758,
            649.7
          ],
          [
            -117.07031,
            47.648642,
            650.4
          ],
          [
            -117.070193,
            47.6486,
            651
          ],
          [
            -117.070074,
            47.648573,
            651.1
          ],
          [
            -117.069819,
            47.648561,
            651.8
          ],
          [
            -117.069695,
            47.648603,
            652.2
          ],
          [
            -117.069578,
            47.648665,
            652.6
          ],
          [
            -117.069464,
            47.648748,
            652.8
          ],
          [
            -117.068667,
            47.649508,
            659
          ],
          [
            -117.068558,
            47.649599,
            659.2
          ],
          [
            -117.068438,
            47.649683,
            659.7
          ],
          [
            -117.068309,
            47.649754,
            660.2
          ],
          [
            -117.068168,
            47.649807,
            661
          ],
          [
            -117.068015,
            47.649835,
            661.5
          ],
          [
            -117.067862,
            47.649841,
            661.9
          ],
          [
            -117.06759,
            47.649813,
            662.4
          ],
          [
            -117.067376,
            47.649766,
            662.9
          ],
          [
            -117.06728,
            47.649728,
            663.3
          ],
          [
            -117.067192,
            47.649677,
            663.4
          ],
          [
            -117.067139,
            47.649601,
            663.3
          ],
          [
            -117.066646,
            47.64913,
            664.4
          ],
          [
            -117.066594,
            47.649031,
            664.4
          ],
          [
            -117.066588,
            47.648842,
            664.4
          ],
          [
            -117.066682,
            47.647932,
            663.2
          ],
          [
            -117.066693,
            47.647701,
            662.8
          ],
          [
            -117.066669,
            47.647584,
            662.7
          ],
          [
            -117.06666,
            47.647362,
            662.6
          ],
          [
            -117.066641,
            47.64726,
            662.4
          ],
          [
            -117.06661,
            47.647164,
            662.3
          ],
          [
            -117.066561,
            47.647085,
            662.3
          ],
          [
            -117.066481,
            47.647013,
            662.6
          ],
          [
            -117.066378,
            47.646957,
            662.6
          ],
          [
            -117.066108,
            47.646868,
            662.6
          ],
          [
            -117.065787,
            47.646793,
            662.7
          ],
          [
            -117.064959,
            47.646629,
            660.7
          ],
          [
            -117.064816,
            47.646593,
            660.5
          ],
          [
            -117.064681,
            47.646543,
            659.9
          ],
          [
            -117.06457,
            47.646482,
            660
          ],
          [
            -117.064515,
            47.6464,
            659.3
          ],
          [
            -117.064488,
            47.646229,
            657.7
          ],
          [
            -117.064458,
            47.646131,
            657.7
          ],
          [
            -117.064266,
            47.645747,
            656.6
          ],
          [
            -117.064227,
            47.645652,
            655.8
          ],
          [
            -117.064211,
            47.645549,
            655.4
          ],
          [
            -117.064222,
            47.645448,
            654.8
          ],
          [
            -117.064269,
            47.645346,
            654.1
          ],
          [
            -117.06441,
            47.645148,
            652.7
          ],
          [
            -117.064559,
            47.644967,
            651.7
          ],
          [
            -117.064618,
            47.644876,
            651.4
          ],
          [
            -117.064657,
            47.644772,
            650.9
          ],
          [
            -117.064659,
            47.644676,
            651
          ],
          [
            -117.064598,
            47.644506,
            650.8
          ],
          [
            -117.064534,
            47.644397,
            650.8
          ],
          [
            -117.064472,
            47.644339,
            650.9
          ],
          [
            -117.064416,
            47.644255,
            650.8
          ],
          [
            -117.064197,
            47.643978,
            650.8
          ],
          [
            -117.064036,
            47.643708,
            651
          ],
          [
            -117.064018,
            47.643603,
            651.3
          ],
          [
            -117.063803,
            47.642904,
            656.4
          ],
          [
            -117.063731,
            47.642625,
            658
          ],
          [
            -117.063683,
            47.642541,
            659.3
          ],
          [
            -117.063498,
            47.642412,
            659.8
          ],
          [
            -117.063393,
            47.642364,
            660.4
          ],
          [
            -117.062764,
            47.64217,
            662.3
          ],
          [
            -117.062647,
            47.642121,
            662.7
          ],
          [
            -117.062422,
            47.642,
            663.6
          ],
          [
            -117.062316,
            47.641927,
            663.9
          ],
          [
            -117.062017,
            47.641691,
            665.3
          ],
          [
            -117.061932,
            47.6416,
            665.6
          ],
          [
            -117.061826,
            47.64152,
            666
          ],
          [
            -117.061704,
            47.641456,
            666.3
          ],
          [
            -117.061329,
            47.641204,
            668.8
          ],
          [
            -117.061271,
            47.641162,
            669.4
          ],
          [
            -117.061232,
            47.641119,
            670.1
          ],
          [
            -117.061261,
            47.641078,
            670.6
          ],
          [
            -117.061307,
            47.640819,
            672.1
          ],
          [
            -117.06136,
            47.640641,
            672.1
          ],
          [
            -117.061505,
            47.640029,
            671.4
          ],
          [
            -117.061761,
            47.638695,
            666.4
          ],
          [
            -117.06177,
            47.638599,
            665.7
          ],
          [
            -117.061762,
            47.638499,
            665.1
          ],
          [
            -117.061717,
            47.638404,
            664.5
          ],
          [
            -117.061691,
            47.638307,
            663.8
          ],
          [
            -117.061651,
            47.638213,
            662.8
          ],
          [
            -117.061533,
            47.638031,
            662.2
          ],
          [
            -117.061381,
            47.637863,
            661.3
          ],
          [
            -117.061209,
            47.637715,
            660.3
          ],
          [
            -117.061111,
            47.637651,
            660
          ],
          [
            -117.061017,
            47.637602,
            660
          ],
          [
            -117.060824,
            47.637533,
            658.2
          ],
          [
            -117.060739,
            47.637513,
            657.5
          ],
          [
            -117.060656,
            47.637517,
            657.6
          ],
          [
            -117.06048,
            47.637481,
            657.3
          ],
          [
            -117.060455,
            47.637454,
            657.2
          ],
          [
            -117.060328,
            47.6374,
            656
          ],
          [
            -117.060245,
            47.637328,
            658
          ],
          [
            -117.06018,
            47.637311,
            658.7
          ],
          [
            -117.060103,
            47.637257,
            658.6
          ],
          [
            -117.060074,
            47.637221,
            658.6
          ],
          [
            -117.059862,
            47.637119,
            658.5
          ],
          [
            -117.059841,
            47.637079,
            658.6
          ],
          [
            -117.059742,
            47.636994,
            658.5
          ],
          [
            -117.059728,
            47.63695,
            658
          ],
          [
            -117.05973,
            47.636902,
            658.1
          ],
          [
            -117.05977,
            47.636848,
            657.7
          ],
          [
            -117.059932,
            47.636709,
            655.7
          ],
          [
            -117.060466,
            47.63631,
            650.7
          ],
          [
            -117.060519,
            47.636253,
            650.7
          ],
          [
            -117.060541,
            47.636193,
            651
          ],
          [
            -117.060524,
            47.63611,
            650
          ],
          [
            -117.060486,
            47.636049,
            648
          ],
          [
            -117.060355,
            47.635941,
            649.4
          ],
          [
            -117.059837,
            47.635618,
            649.4
          ],
          [
            -117.059739,
            47.635544,
            649.3
          ],
          [
            -117.05972,
            47.635493,
            649.4
          ],
          [
            -117.059682,
            47.635447,
            649.4
          ],
          [
            -117.059622,
            47.635413,
            649.4
          ],
          [
            -117.059523,
            47.635267,
            649.6
          ],
          [
            -117.059516,
            47.635208,
            649.6
          ],
          [
            -117.059448,
            47.635057,
            649.6
          ],
          [
            -117.05938,
            47.635009,
            649.5
          ],
          [
            -117.059273,
            47.634855,
            649.3
          ],
          [
            -117.059182,
            47.634698,
            648.7
          ],
          [
            -117.059125,
            47.634645,
            648.7
          ],
          [
            -117.058694,
            47.634081,
            651.3
          ],
          [
            -117.058502,
            47.633815,
            652.3
          ],
          [
            -117.058412,
            47.633641,
            653
          ],
          [
            -117.058335,
            47.633343,
            653.2
          ],
          [
            -117.058277,
            47.63319,
            653.2
          ],
          [
            -117.058229,
            47.63311,
            653.3
          ],
          [
            -117.058004,
            47.632818,
            653.1
          ],
          [
            -117.05791,
            47.632678,
            653.2
          ],
          [
            -117.057831,
            47.632536,
            653.1
          ],
          [
            -117.057686,
            47.632211,
            652.4
          ],
          [
            -117.057629,
            47.632121,
            652.3
          ],
          [
            -117.057535,
            47.632035,
            652.3
          ],
          [
            -117.057384,
            47.631977,
            652.3
          ],
          [
            -117.057321,
            47.631979,
            652.2
          ],
          [
            -117.056996,
            47.631924,
            652.2
          ],
          [
            -117.056918,
            47.631859,
            652
          ],
          [
            -117.056893,
            47.63181,
            652
          ],
          [
            -117.056905,
            47.631759,
            652.3
          ],
          [
            -117.057006,
            47.631688,
            650
          ],
          [
            -117.05712,
            47.631589,
            651
          ],
          [
            -117.057463,
            47.631394,
            648
          ],
          [
            -117.057664,
            47.63131,
            647.1
          ],
          [
            -117.058026,
            47.631234,
            646.8
          ],
          [
            -117.058417,
            47.631169,
            645.1
          ],
          [
            -117.058457,
            47.63116,
            644.9
          ],
          [
            -117.058496,
            47.631136,
            644
          ],
          [
            -117.058541,
            47.631158,
            643
          ],
          [
            -117.058156,
            47.631211,
            642.3
          ],
          [
            -117.058123,
            47.63123,
            642.4
          ],
          [
            -117.058097,
            47.631427,
            642
          ],
          [
            -117.058126,
            47.631396,
            639
          ],
          [
            -117.058097,
            47.631409,
            642
          ],
          [
            -117.057957,
            47.631429,
            643.8
          ],
          [
            -117.05738,
            47.631447,
            648
          ],
          [
            -117.057329,
            47.631441,
            652
          ],
          [
            -117.057295,
            47.631417,
            649
          ],
          [
            -117.057232,
            47.63146,
            652
          ],
          [
            -117.05739,
            47.631441,
            652
          ],
          [
            -117.057445,
            47.631488,
            628
          ],
          [
            -117.057405,
            47.631478,
            636
          ],
          [
            -117.057374,
            47.631519,
            636
          ],
          [
            -117.057434,
            47.631495,
            636
          ],
          [
            -117.057579,
            47.631505,
            636
          ],
          [
            -117.057656,
            47.631478,
            629
          ],
          [
            -117.057678,
            47.631453,
            636
          ],
          [
            -117.057637,
            47.631473,
            630
          ],
          [
            -117.057484,
            47.631491,
            633
          ],
          [
            -117.057409,
            47.631469,
            632
          ],
          [
            -117.057433,
            47.631443,
            633
          ],
          [
            -117.057509,
            47.631444,
            634
          ],
          [
            -117.057555,
            47.631456,
            634
          ],
          [
            -117.057655,
            47.631506,
            635
          ],
          [
            -117.057662,
            47.631536,
            635.9
          ],
          [
            -117.057613,
            47.631547,
            634
          ],
          [
            -117.057634,
            47.631537,
            630
          ],
          [
            -117.057667,
            47.631499,
            632
          ],
          [
            -117.057635,
            47.631491,
            625
          ],
          [
            -117.057613,
            47.631467,
            634
          ],
          [
            -117.057584,
            47.631474,
            634
          ],
          [
            -117.057522,
            47.631449,
            634.2
          ],
          [
            -117.057421,
            47.631452,
            616
          ],
          [
            -117.057482,
            47.631417,
            633
          ],
          [
            -117.057562,
            47.6314,
            632
          ],
          [
            -117.057638,
            47.63144,
            626
          ],
          [
            -117.057637,
            47.631483,
            630
          ],
          [
            -117.057567,
            47.63149,
            629
          ],
          [
            -117.057569,
            47.631478,
            630
          ],
          [
            -117.057593,
            47.631525,
            633
          ],
          [
            -117.057593,
            47.631562,
            630
          ],
          [
            -117.057574,
            47.631595,
            632
          ],
          [
            -117.057548,
            47.631615,
            632
          ],
          [
            -117.057541,
            47.631689,
            633
          ],
          [
            -117.057854,
            47.631877,
            631
          ],
          [
            -117.057997,
            47.631921,
            630
          ],
          [
            -117.058147,
            47.632017,
            628
          ],
          [
            -117.058221,
            47.632013,
            632
          ],
          [
            -117.058342,
            47.631914,
            631
          ],
          [
            -117.058359,
            47.631884,
            632
          ],
          [
            -117.058312,
            47.631844,
            624
          ],
          [
            -117.058302,
            47.631792,
            630
          ],
          [
            -117.058284,
            47.631856,
            628
          ],
          [
            -117.058227,
            47.631838,
            630
          ],
          [
            -117.058258,
            47.631817,
            630
          ],
          [
            -117.058223,
            47.631823,
            632
          ],
          [
            -117.058257,
            47.63184,
            628
          ],
          [
            -117.058211,
            47.631875,
            632
          ],
          [
            -117.058193,
            47.631931,
            632.4
          ],
          [
            -117.058152,
            47.63192,
            632
          ],
          [
            -117.05816,
            47.631873,
            631.3
          ],
          [
            -117.058298,
            47.631756,
            632
          ],
          [
            -117.058248,
            47.631751,
            632
          ],
          [
            -117.058093,
            47.631806,
            630
          ],
          [
            -117.057989,
            47.631823,
            629
          ],
          [
            -117.057871,
            47.631813,
            627
          ],
          [
            -117.057778,
            47.631777,
            632
          ],
          [
            -117.057657,
            47.631749,
            632
          ],
          [
            -117.057586,
            47.631721,
            630
          ],
          [
            -117.057529,
            47.631655,
            630
          ],
          [
            -117.057569,
            47.631475,
            632
          ],
          [
            -117.057544,
            47.631393,
            632
          ],
          [
            -117.057516,
            47.631401,
            635.3
          ],
          [
            -117.057579,
            47.631467,
            632
          ],
          [
            -117.057574,
            47.631498,
            633
          ],
          [
            -117.057622,
            47.631515,
            630
          ],
          [
            -117.05767,
            47.631508,
            635
          ],
          [
            -117.05767,
            47.631479,
            635
          ],
          [
            -117.057614,
            47.631467,
            634
          ],
          [
            -117.057594,
            47.631478,
            624
          ],
          [
            -117.057526,
            47.631451,
            634
          ],
          [
            -117.057564,
            47.631449,
            630
          ],
          [
            -117.057597,
            47.631464,
            642
          ],
          [
            -117.057573,
            47.63146,
            636
          ],
          [
            -117.057517,
            47.631461,
            632
          ],
          [
            -117.057586,
            47.631489,
            636
          ],
          [
            -117.057595,
            47.631467,
            638
          ],
          [
            -117.05751,
            47.631461,
            637
          ],
          [
            -117.0576,
            47.631454,
            627
          ],
          [
            -117.057599,
            47.631465,
            633.5
          ],
          [
            -117.057575,
            47.631475,
            631
          ],
          [
            -117.057536,
            47.631457,
            630
          ],
          [
            -117.057574,
            47.631449,
            620
          ],
          [
            -117.057628,
            47.631455,
            630
          ],
          [
            -117.057661,
            47.631443,
            632
          ],
          [
            -117.057679,
            47.631467,
            630
          ],
          [
            -117.057736,
            47.6314,
            632.2
          ],
          [
            -117.05768,
            47.631404,
            630
          ],
          [
            -117.057648,
            47.631427,
            630
          ],
          [
            -117.057659,
            47.631468,
            630
          ],
          [
            -117.057619,
            47.631462,
            632.7
          ],
          [
            -117.057638,
            47.6315,
            632
          ],
          [
            -117.057657,
            47.631472,
            633
          ],
          [
            -117.057631,
            47.631443,
            630
          ],
          [
            -117.057594,
            47.631458,
            634
          ],
          [
            -117.05765,
            47.631478,
            631.3
          ],
          [
            -117.057659,
            47.631446,
            630
          ],
          [
            -117.057496,
            47.631427,
            630
          ],
          [
            -117.057608,
            47.631456,
            632.3
          ],
          [
            -117.057645,
            47.631491,
            635.6
          ],
          [
            -117.057614,
            47.63146,
            634.4
          ],
          [
            -117.057555,
            47.631447,
            630
          ],
          [
            -117.057609,
            47.63144,
            630
          ],
          [
            -117.057636,
            47.631486,
            630
          ],
          [
            -117.057732,
            47.631486,
            628
          ],
          [
            -117.057668,
            47.631479,
            629
          ],
          [
            -117.057655,
            47.631475,
            630
          ],
          [
            -117.057609,
            47.631448,
            630
          ],
          [
            -117.057577,
            47.631474,
            630
          ],
          [
            -117.057611,
            47.63146,
            633
          ],
          [
            -117.057679,
            47.631464,
            629
          ],
          [
            -117.057661,
            47.631479,
            630
          ],
          [
            -117.057609,
            47.631438,
            635
          ],
          [
            -117.057566,
            47.631453,
            632
          ],
          [
            -117.057714,
            47.631473,
            631
          ],
          [
            -117.057887,
            47.631397,
            630
          ],
          [
            -117.057931,
            47.631357,
            630.7
          ],
          [
            -117.058102,
            47.631253,
            630
          ],
          [
            -117.058298,
            47.631197,
            628
          ],
          [
            -117.058452,
            47.631171,
            627
          ],
          [
            -117.058627,
            47.631111,
            624
          ],
          [
            -117.058573,
            47.631028,
            625
          ],
          [
            -117.058545,
            47.630903,
            624
          ],
          [
            -117.058404,
            47.630816,
            624
          ],
          [
            -117.058278,
            47.630619,
            624
          ],
          [
            -117.058229,
            47.630584,
            624
          ],
          [
            -117.058183,
            47.630531,
            621
          ],
          [
            -117.058104,
            47.630402,
            624
          ],
          [
            -117.057629,
            47.629834,
            624
          ],
          [
            -117.057653,
            47.629813,
            621
          ],
          [
            -117.057634,
            47.629776,
            627
          ],
          [
            -117.057612,
            47.629762,
            627
          ],
          [
            -117.057522,
            47.629644,
            627
          ],
          [
            -117.057469,
            47.629604,
            627
          ],
          [
            -117.057432,
            47.629592,
            624
          ],
          [
            -117.057385,
            47.629547,
            624
          ],
          [
            -117.057251,
            47.629341,
            626
          ],
          [
            -117.057175,
            47.629191,
            627
          ],
          [
            -117.057073,
            47.628883,
            627
          ],
          [
            -117.056956,
            47.628399,
            627
          ],
          [
            -117.056836,
            47.628225,
            627
          ],
          [
            -117.056826,
            47.62819,
            627
          ],
          [
            -117.056828,
            47.628119,
            628
          ],
          [
            -117.056794,
            47.628007,
            628
          ],
          [
            -117.056786,
            47.627929,
            630
          ],
          [
            -117.05668,
            47.627783,
            630
          ],
          [
            -117.056597,
            47.627601,
            628
          ],
          [
            -117.056632,
            47.627537,
            628
          ],
          [
            -117.056659,
            47.627456,
            629
          ],
          [
            -117.056702,
            47.627395,
            627
          ],
          [
            -117.056718,
            47.627321,
            630
          ],
          [
            -117.056782,
            47.62717,
            630
          ],
          [
            -117.056804,
            47.627148,
            628
          ],
          [
            -117.056824,
            47.627084,
            627
          ],
          [
            -117.056853,
            47.627068,
            623
          ],
          [
            -117.056863,
            47.626995,
            628
          ],
          [
            -117.056892,
            47.626924,
            627
          ],
          [
            -117.056881,
            47.626852,
            628.7
          ],
          [
            -117.056892,
            47.62682,
            628
          ],
          [
            -117.056867,
            47.626549,
            630
          ],
          [
            -117.056905,
            47.626429,
            633.2
          ],
          [
            -117.056999,
            47.626276,
            630
          ],
          [
            -117.057026,
            47.626255,
            630
          ],
          [
            -117.057086,
            47.626126,
            630
          ],
          [
            -117.057135,
            47.626072,
            630
          ],
          [
            -117.057164,
            47.625947,
            628
          ],
          [
            -117.057165,
            47.625893,
            630.1
          ],
          [
            -117.057123,
            47.625739,
            627
          ],
          [
            -117.057044,
            47.625533,
            627
          ],
          [
            -117.056987,
            47.625431,
            630
          ],
          [
            -117.056996,
            47.625401,
            631
          ],
          [
            -117.056901,
            47.62531,
            630
          ],
          [
            -117.056835,
            47.625232,
            628
          ],
          [
            -117.056805,
            47.625159,
            628
          ],
          [
            -117.056795,
            47.625075,
            628
          ],
          [
            -117.056826,
            47.624991,
            630
          ],
          [
            -117.056853,
            47.624965,
            628
          ],
          [
            -117.056814,
            47.624984,
            628
          ],
          [
            -117.056793,
            47.625013,
            630
          ],
          [
            -117.056777,
            47.62508,
            630
          ],
          [
            -117.056773,
            47.62512,
            630
          ],
          [
            -117.056798,
            47.625205,
            629
          ],
          [
            -117.056844,
            47.625286,
            628
          ],
          [
            -117.056928,
            47.625361,
            630
          ],
          [
            -117.056958,
            47.625372,
            628
          ],
          [
            -117.056985,
            47.625408,
            627
          ],
          [
            -117.057025,
            47.625542,
            630
          ],
          [
            -117.057094,
            47.625658,
            627
          ],
          [
            -117.05716,
            47.625873,
            628
          ],
          [
            -117.057159,
            47.625907,
            627
          ],
          [
            -117.057135,
            47.626016,
            630
          ],
          [
            -117.057118,
            47.626046,
            628
          ],
          [
            -117.057087,
            47.626073,
            630
          ],
          [
            -117.057071,
            47.62613,
            628
          ],
          [
            -117.056922,
            47.626346,
            630
          ],
          [
            -117.056915,
            47.626387,
            632
          ],
          [
            -117.056878,
            47.626443,
            630
          ],
          [
            -117.056867,
            47.626479,
            629
          ],
          [
            -117.056865,
            47.626548,
            624
          ],
          [
            -117.056887,
            47.626627,
            628
          ],
          [
            -117.056879,
            47.626916,
            628
          ],
          [
            -117.056849,
            47.626992,
            627
          ],
          [
            -117.056811,
            47.627046,
            627
          ],
          [
            -117.056759,
            47.627176,
            627
          ],
          [
            -117.056745,
            47.627249,
            630
          ],
          [
            -117.05669,
            47.627356,
            628
          ],
          [
            -117.056605,
            47.627477,
            630
          ],
          [
            -117.056586,
            47.627548,
            628
          ],
          [
            -117.056601,
            47.627647,
            627
          ],
          [
            -117.056653,
            47.627716,
            627
          ],
          [
            -117.056688,
            47.62779,
            628
          ],
          [
            -117.05677,
            47.627873,
            627.6
          ],
          [
            -117.056801,
            47.628032,
            627
          ],
          [
            -117.056843,
            47.628116,
            627
          ],
          [
            -117.05689,
            47.62832,
            625
          ],
          [
            -117.056968,
            47.628447,
            624
          ],
          [
            -117.056979,
            47.628606,
            624
          ],
          [
            -117.057121,
            47.628995,
            624
          ],
          [
            -117.057157,
            47.629146,
            627
          ],
          [
            -117.057264,
            47.6294,
            624
          ],
          [
            -117.057364,
            47.62951,
            624
          ],
          [
            -117.057402,
            47.629573,
            627
          ],
          [
            -117.057519,
            47.629672,
            626.1
          ],
          [
            -117.057547,
            47.629728,
            624
          ],
          [
            -117.057608,
            47.629769,
            626
          ],
          [
            -117.05766,
            47.629838,
            629
          ],
          [
            -117.057682,
            47.629855,
            628
          ],
          [
            -117.057688,
            47.629899,
            627
          ],
          [
            -117.05807,
            47.630365,
            624
          ],
          [
            -117.058097,
            47.630382,
            624
          ],
          [
            -117.0583,
            47.630674,
            626.9
          ],
          [
            -117.058388,
            47.630823,
            624
          ],
          [
            -117.05843,
            47.630872,
            624
          ],
          [
            -117.05844,
            47.630901,
            624
          ],
          [
            -117.05855,
            47.631035,
            624
          ],
          [
            -117.058584,
            47.631116,
            624
          ],
          [
            -117.058526,
            47.631144,
            625
          ],
          [
            -117.058479,
            47.631147,
            624
          ],
          [
            -117.058355,
            47.63118,
            628
          ],
          [
            -117.058282,
            47.631185,
            627
          ],
          [
            -117.058099,
            47.631228,
            628
          ],
          [
            -117.058,
            47.631265,
            628
          ],
          [
            -117.057696,
            47.631332,
            632
          ],
          [
            -117.057727,
            47.631381,
            630
          ],
          [
            -117.057731,
            47.631418,
            624
          ],
          [
            -117.057572,
            47.631377,
            634
          ],
          [
            -117.057532,
            47.631393,
            634
          ],
          [
            -117.057565,
            47.631467,
            632
          ],
          [
            -117.057605,
            47.631441,
            630
          ],
          [
            -117.057588,
            47.631476,
            633
          ],
          [
            -117.057549,
            47.631486,
            636
          ],
          [
            -117.057598,
            47.63154,
            636
          ],
          [
            -117.057569,
            47.631596,
            636
          ],
          [
            -117.057577,
            47.631631,
            636
          ],
          [
            -117.057687,
            47.631733,
            633
          ],
          [
            -117.057771,
            47.63177,
            633
          ],
          [
            -117.057839,
            47.631815,
            633
          ],
          [
            -117.057883,
            47.631828,
            633
          ],
          [
            -117.057924,
            47.631862,
            632
          ],
          [
            -117.05806,
            47.631853,
            632
          ],
          [
            -117.05822,
            47.631802,
            632
          ],
          [
            -117.05825,
            47.631813,
            631
          ],
          [
            -117.058274,
            47.631862,
            629
          ],
          [
            -117.058254,
            47.631885,
            628
          ],
          [
            -117.058263,
            47.631855,
            628
          ],
          [
            -117.058296,
            47.631828,
            630
          ],
          [
            -117.058257,
            47.631844,
            630
          ],
          [
            -117.058306,
            47.631873,
            629
          ],
          [
            -117.058387,
            47.631867,
            630
          ],
          [
            -117.058349,
            47.631856,
            631.2
          ],
          [
            -117.058306,
            47.631868,
            630
          ],
          [
            -117.058317,
            47.631831,
            632
          ],
          [
            -117.058284,
            47.631794,
            632
          ],
          [
            -117.058096,
            47.631805,
            630
          ],
          [
            -117.057978,
            47.631831,
            632
          ],
          [
            -117.057894,
            47.631831,
            630
          ],
          [
            -117.057793,
            47.631782,
            630
          ],
          [
            -117.057671,
            47.631765,
            630
          ],
          [
            -117.057598,
            47.631737,
            630
          ],
          [
            -117.057563,
            47.631707,
            632
          ],
          [
            -117.057562,
            47.631603,
            633
          ],
          [
            -117.057547,
            47.631569,
            634
          ],
          [
            -117.057571,
            47.631487,
            634
          ],
          [
            -117.057519,
            47.631413,
            620
          ],
          [
            -117.057586,
            47.631481,
            629
          ],
          [
            -117.057594,
            47.631449,
            636
          ],
          [
            -117.05758,
            47.63149,
            634
          ],
          [
            -117.057532,
            47.631462,
            632
          ],
          [
            -117.057555,
            47.63146,
            636
          ],
          [
            -117.057598,
            47.631471,
            640
          ],
          [
            -117.057567,
            47.631458,
            641
          ],
          [
            -117.057527,
            47.631499,
            637
          ],
          [
            -117.057528,
            47.631469,
            637
          ],
          [
            -117.057556,
            47.631473,
            632
          ],
          [
            -117.057588,
            47.631493,
            630
          ],
          [
            -117.057564,
            47.631441,
            632
          ],
          [
            -117.057584,
            47.631428,
            632
          ],
          [
            -117.05761,
            47.631466,
            634
          ],
          [
            -117.05761,
            47.6315,
            635
          ],
          [
            -117.057562,
            47.631438,
            634
          ],
          [
            -117.057572,
            47.6314,
            633
          ],
          [
            -117.057625,
            47.631361,
            634
          ],
          [
            -117.057695,
            47.631332,
            635
          ],
          [
            -117.057888,
            47.631272,
            632
          ],
          [
            -117.057964,
            47.631273,
            632
          ],
          [
            -117.058481,
            47.631188,
            630
          ],
          [
            -117.058597,
            47.631192,
            628
          ],
          [
            -117.058667,
            47.631215,
            626
          ],
          [
            -117.058767,
            47.631311,
            626
          ],
          [
            -117.058782,
            47.631337,
            626
          ],
          [
            -117.058785,
            47.631382,
            626
          ],
          [
            -117.058766,
            47.631305,
            624
          ],
          [
            -117.058725,
            47.631243,
            624
          ],
          [
            -117.058671,
            47.63119,
            626
          ],
          [
            -117.058634,
            47.631169,
            626
          ],
          [
            -117.058562,
            47.63115,
            627
          ],
          [
            -117.058528,
            47.631176,
            627.5
          ],
          [
            -117.058438,
            47.631182,
            628
          ],
          [
            -117.057995,
            47.631268,
            627
          ],
          [
            -117.057989,
            47.631319,
            633.4
          ],
          [
            -117.057878,
            47.631374,
            630
          ],
          [
            -117.057831,
            47.631426,
            625
          ],
          [
            -117.057794,
            47.631443,
            621
          ],
          [
            -117.057623,
            47.631497,
            630
          ],
          [
            -117.057545,
            47.631504,
            630
          ],
          [
            -117.057567,
            47.631482,
            622
          ],
          [
            -117.057546,
            47.63147,
            634
          ],
          [
            -117.057588,
            47.631544,
            629
          ],
          [
            -117.057568,
            47.631486,
            630
          ],
          [
            -117.057529,
            47.631459,
            632
          ],
          [
            -117.057562,
            47.631474,
            630
          ],
          [
            -117.057599,
            47.631454,
            630
          ],
          [
            -117.057664,
            47.631472,
            629
          ],
          [
            -117.057574,
            47.631452,
            631.8
          ],
          [
            -117.057581,
            47.631475,
            630
          ],
          [
            -117.057608,
            47.631509,
            625
          ],
          [
            -117.057899,
            47.631442,
            633
          ],
          [
            -117.057966,
            47.631451,
            632
          ],
          [
            -117.058146,
            47.631427,
            630
          ],
          [
            -117.058228,
            47.631435,
            628
          ],
          [
            -117.058339,
            47.631477,
            629
          ],
          [
            -117.058365,
            47.631501,
            630
          ],
          [
            -117.058369,
            47.631581,
            628
          ],
          [
            -117.058348,
            47.631653,
            628
          ],
          [
            -117.058279,
            47.631732,
            630
          ],
          [
            -117.058251,
            47.631747,
            630
          ],
          [
            -117.058231,
            47.631777,
            629
          ],
          [
            -117.058273,
            47.631841,
            627
          ],
          [
            -117.058244,
            47.631889,
            626
          ],
          [
            -117.058281,
            47.631924,
            628
          ],
          [
            -117.058119,
            47.631826,
            630
          ],
          [
            -117.058234,
            47.631907,
            627
          ],
          [
            -117.058235,
            47.631945,
            628.9
          ],
          [
            -117.058275,
            47.632032,
            628.2
          ],
          [
            -117.058381,
            47.632019,
            628
          ],
          [
            -117.058284,
            47.632028,
            624
          ],
          [
            -117.058347,
            47.632023,
            630
          ],
          [
            -117.058379,
            47.632057,
            630
          ],
          [
            -117.058365,
            47.632027,
            628
          ],
          [
            -117.05837,
            47.631961,
            630
          ],
          [
            -117.058338,
            47.631928,
            630
          ],
          [
            -117.058273,
            47.631821,
            630
          ],
          [
            -117.058313,
            47.631829,
            630
          ],
          [
            -117.058218,
            47.631876,
            628
          ],
          [
            -117.05823,
            47.631913,
            628
          ],
          [
            -117.058265,
            47.631957,
            630
          ],
          [
            -117.058215,
            47.631913,
            630
          ],
          [
            -117.058328,
            47.631976,
            627
          ],
          [
            -117.058294,
            47.631958,
            628.2
          ],
          [
            -117.05828,
            47.631979,
            627
          ],
          [
            -117.05831,
            47.631933,
            628
          ],
          [
            -117.058066,
            47.632011,
            627
          ],
          [
            -117.058111,
            47.632005,
            628
          ],
          [
            -117.058115,
            47.631962,
            630
          ],
          [
            -117.05816,
            47.631949,
            631.6
          ],
          [
            -117.058142,
            47.632013,
            631.9
          ],
          [
            -117.058266,
            47.631853,
            630
          ],
          [
            -117.057947,
            47.632277,
            633.6
          ],
          [
            -117.057931,
            47.63225,
            634
          ],
          [
            -117.057936,
            47.632125,
            634.8
          ],
          [
            -117.057963,
            47.632083,
            634
          ],
          [
            -117.05804,
            47.63202,
            635.3
          ],
          [
            -117.058069,
            47.632007,
            635.5
          ],
          [
            -117.058095,
            47.631969,
            635.3
          ],
          [
            -117.05827,
            47.631882,
            634.5
          ],
          [
            -117.058222,
            47.631893,
            634
          ],
          [
            -117.0582,
            47.631856,
            632
          ],
          [
            -117.058234,
            47.63187,
            633.3
          ],
          [
            -117.058286,
            47.63183,
            632
          ],
          [
            -117.058334,
            47.631835,
            632.9
          ],
          [
            -117.058355,
            47.631806,
            630
          ],
          [
            -117.058448,
            47.631796,
            631.6
          ],
          [
            -117.058472,
            47.631777,
            630
          ],
          [
            -117.05845,
            47.631736,
            632.1
          ],
          [
            -117.058423,
            47.631717,
            630
          ],
          [
            -117.058408,
            47.631671,
            631
          ],
          [
            -117.058397,
            47.631695,
            630
          ],
          [
            -117.058437,
            47.631791,
            630
          ],
          [
            -117.058405,
            47.631776,
            631.2
          ],
          [
            -117.058372,
            47.631823,
            631
          ],
          [
            -117.058284,
            47.631784,
            630
          ],
          [
            -117.058218,
            47.631768,
            628
          ],
          [
            -117.058153,
            47.631725,
            627
          ],
          [
            -117.058081,
            47.631697,
            628
          ],
          [
            -117.057967,
            47.631595,
            627
          ],
          [
            -117.05772,
            47.63151,
            630
          ],
          [
            -117.057594,
            47.631499,
            631
          ],
          [
            -117.057625,
            47.631519,
            633
          ],
          [
            -117.057656,
            47.631485,
            629
          ],
          [
            -117.057635,
            47.63147,
            635
          ],
          [
            -117.057667,
            47.631546,
            630
          ],
          [
            -117.05768,
            47.63151,
            635
          ],
          [
            -117.057649,
            47.631482,
            636.2
          ]
        ]
      }
    }
  ]
}
