{
  "type": "FeatureCollection",
  "features": [
    {
      "type": "Feature",
      "properties": {
        "name": "Waldo Expedition Route — d042-Texas_Creek_Campground_to_Begbie_Falls_Rec_Site-BC-Canada",
        "description": "GPS track exported from Gaia GPS (d042-Texas_Creek_Campground_to_Begbie_Falls_Rec_Site-BC-Canada.gpx)",
        "sourceFile": "d042-Texas_Creek_Campground_to_Begbie_Falls_Rec_Site-BC-Canada.gpx",
        "generated": "2026-08-06T04:13:24.120Z",
        "pointCount": 9014,
        "distanceKm": 403.251
      },
      "geometry": {
        "type": "LineString",
        "coordinates": [
          [
            -118.246743,
            49.129651,
            476.8
          ],
          [
            -118.246759,
            49.129643,
            474.9
          ],
          [
            -118.246738,
            49.129645,
            474.8
          ],
          [
            -118.246689,
            49.129683,
            477
          ],
          [
            -118.246771,
            49.129673,
            475
          ],
          [
            -118.246625,
            49.129662,
            477
          ],
          [
            -118.246769,
            49.129723,
            484
          ],
          [
            -118.246804,
            49.129733,
            484.2
          ],
          [
            -118.246844,
            49.129727,
            484
          ],
          [
            -118.246878,
            49.129697,
            482
          ],
          [
            -118.246879,
            49.129553,
            482
          ],
          [
            -118.246917,
            49.129507,
            480
          ],
          [
            -118.24697,
            49.12949,
            481.9
          ],
          [
            -118.247071,
            49.129502,
            482
          ],
          [
            -118.247222,
            49.129572,
            482.1
          ],
          [
            -118.247404,
            49.129705,
            481.9
          ],
          [
            -118.24748,
            49.129783,
            481.6
          ],
          [
            -118.247642,
            49.12999,
            480.8
          ],
          [
            -118.247977,
            49.129589,
            472.7
          ],
          [
            -118.248098,
            49.129622,
            471.7
          ],
          [
            -118.248152,
            49.12969,
            480.4
          ],
          [
            -118.248474,
            49.129798,
            480
          ],
          [
            -118.24852,
            49.129797,
            480
          ],
          [
            -118.248593,
            49.129761,
            480.1
          ],
          [
            -118.248655,
            49.12969,
            480
          ],
          [
            -118.24868,
            49.129646,
            479.9
          ],
          [
            -118.248762,
            49.12946,
            478.8
          ],
          [
            -118.248796,
            49.129282,
            477.7
          ],
          [
            -118.249021,
            49.128431,
            475.9
          ],
          [
            -118.249145,
            49.128296,
            475.9
          ],
          [
            -118.249275,
            49.127925,
            475.5
          ],
          [
            -118.249449,
            49.127548,
            475.7
          ],
          [
            -118.249481,
            49.127384,
            475.4
          ],
          [
            -118.24949,
            49.127144,
            474.4
          ],
          [
            -118.249553,
            49.126691,
            472.8
          ],
          [
            -118.249555,
            49.126455,
            471.9
          ],
          [
            -118.249542,
            49.126323,
            471.2
          ],
          [
            -118.249502,
            49.126182,
            470.4
          ],
          [
            -118.249471,
            49.126107,
            470
          ],
          [
            -118.249386,
            49.125952,
            469.1
          ],
          [
            -118.249231,
            49.125719,
            467.2
          ],
          [
            -118.249153,
            49.125648,
            466.8
          ],
          [
            -118.249047,
            49.125485,
            465.6
          ],
          [
            -118.249023,
            49.125392,
            465
          ],
          [
            -118.248979,
            49.125303,
            464.6
          ],
          [
            -118.248915,
            49.125121,
            463.9
          ],
          [
            -118.248869,
            49.124934,
            463.7
          ],
          [
            -118.248825,
            49.124655,
            463.4
          ],
          [
            -118.248894,
            49.124564,
            463.2
          ],
          [
            -118.248923,
            49.124036,
            462.4
          ],
          [
            -118.248902,
            49.123657,
            461.2
          ],
          [
            -118.248876,
            49.123564,
            460.9
          ],
          [
            -118.248808,
            49.123469,
            460.6
          ],
          [
            -118.248727,
            49.123389,
            460.3
          ],
          [
            -118.248647,
            49.123334,
            460
          ],
          [
            -118.248375,
            49.123105,
            459.6
          ],
          [
            -118.247936,
            49.122844,
            458.8
          ],
          [
            -118.247682,
            49.122711,
            458.5
          ],
          [
            -118.247012,
            49.122396,
            457.8
          ],
          [
            -118.246542,
            49.122154,
            457.7
          ],
          [
            -118.246383,
            49.12209,
            457.8
          ],
          [
            -118.245525,
            49.121663,
            458.1
          ],
          [
            -118.245129,
            49.121497,
            458.2
          ],
          [
            -118.244856,
            49.121398,
            458
          ],
          [
            -118.244577,
            49.121316,
            457.9
          ],
          [
            -118.244281,
            49.121267,
            457.8
          ],
          [
            -118.244123,
            49.121258,
            457.8
          ],
          [
            -118.243812,
            49.121264,
            457.8
          ],
          [
            -118.243656,
            49.121289,
            458
          ],
          [
            -118.242234,
            49.121391,
            458.2
          ],
          [
            -118.241935,
            49.121401,
            457.7
          ],
          [
            -118.241647,
            49.121349,
            457.7
          ],
          [
            -118.241507,
            49.121308,
            457.7
          ],
          [
            -118.241401,
            49.121265,
            457.9
          ],
          [
            -118.241279,
            49.121198,
            457.9
          ],
          [
            -118.241195,
            49.121109,
            457.7
          ],
          [
            -118.241086,
            49.121034,
            457.7
          ],
          [
            -118.241049,
            49.120899,
            457.3
          ],
          [
            -118.240922,
            49.120719,
            456.3
          ],
          [
            -118.240754,
            49.120521,
            455.9
          ],
          [
            -118.240618,
            49.12041,
            455.6
          ],
          [
            -118.240098,
            49.120072,
            454.7
          ],
          [
            -118.239884,
            49.119903,
            455
          ],
          [
            -118.239786,
            49.119807,
            455.1
          ],
          [
            -118.239449,
            49.119404,
            455.6
          ],
          [
            -118.239245,
            49.119225,
            455.7
          ],
          [
            -118.239032,
            49.119062,
            455.8
          ],
          [
            -118.238846,
            49.11889,
            455.9
          ],
          [
            -118.238699,
            49.118702,
            456.2
          ],
          [
            -118.238605,
            49.118499,
            456.5
          ],
          [
            -118.23857,
            49.118396,
            456.8
          ],
          [
            -118.238507,
            49.118071,
            458.1
          ],
          [
            -118.238449,
            49.117852,
            459.3
          ],
          [
            -118.238322,
            49.11754,
            460.9
          ],
          [
            -118.238266,
            49.117442,
            461.4
          ],
          [
            -118.238114,
            49.117254,
            461.6
          ],
          [
            -118.237738,
            49.116911,
            461.2
          ],
          [
            -118.237661,
            49.11682,
            461.1
          ],
          [
            -118.237536,
            49.116628,
            461.2
          ],
          [
            -118.237491,
            49.116532,
            461.3
          ],
          [
            -118.237419,
            49.116326,
            461.5
          ],
          [
            -118.237319,
            49.115954,
            461.7
          ],
          [
            -118.23728,
            49.115848,
            461.6
          ],
          [
            -118.237217,
            49.115751,
            461.4
          ],
          [
            -118.237117,
            49.115637,
            461.1
          ],
          [
            -118.236944,
            49.115469,
            461.1
          ],
          [
            -118.236542,
            49.115116,
            460.4
          ],
          [
            -118.236432,
            49.115,
            460.2
          ],
          [
            -118.236285,
            49.11482,
            459.9
          ],
          [
            -118.235932,
            49.114323,
            458.5
          ],
          [
            -118.235887,
            49.114218,
            458.2
          ],
          [
            -118.235118,
            49.112957,
            456.4
          ],
          [
            -118.23496,
            49.11268,
            455.6
          ],
          [
            -118.234934,
            49.112588,
            455.4
          ],
          [
            -118.234934,
            49.112494,
            455.2
          ],
          [
            -118.234954,
            49.112403,
            455
          ],
          [
            -118.234988,
            49.112312,
            454.8
          ],
          [
            -118.235039,
            49.11222,
            454.6
          ],
          [
            -118.235167,
            49.112042,
            454.6
          ],
          [
            -118.235305,
            49.111882,
            454.9
          ],
          [
            -118.235476,
            49.111756,
            455.1
          ],
          [
            -118.235803,
            49.111584,
            455
          ],
          [
            -118.236546,
            49.111276,
            454.3
          ],
          [
            -118.236646,
            49.111223,
            454.3
          ],
          [
            -118.237097,
            49.110945,
            454.8
          ],
          [
            -118.237899,
            49.110333,
            454.6
          ],
          [
            -118.238492,
            49.109851,
            454.5
          ],
          [
            -118.238821,
            49.10951,
            454.3
          ],
          [
            -118.239091,
            49.109142,
            453.8
          ],
          [
            -118.239215,
            49.108948,
            453.5
          ],
          [
            -118.239314,
            49.108749,
            453.2
          ],
          [
            -118.239388,
            49.108542,
            453
          ],
          [
            -118.239406,
            49.108436,
            452.9
          ],
          [
            -118.239433,
            49.107994,
            452.8
          ],
          [
            -118.239487,
            49.107547,
            452.8
          ],
          [
            -118.239502,
            49.10732,
            453.1
          ],
          [
            -118.239489,
            49.106974,
            453.5
          ],
          [
            -118.239455,
            49.106737,
            454.3
          ],
          [
            -118.239397,
            49.106527,
            454.8
          ],
          [
            -118.239332,
            49.106416,
            455.2
          ],
          [
            -118.239221,
            49.106168,
            455.2
          ],
          [
            -118.239099,
            49.105972,
            455.3
          ],
          [
            -118.23885,
            49.105629,
            455.5
          ],
          [
            -118.238744,
            49.105438,
            455.6
          ],
          [
            -118.238746,
            49.105331,
            455.8
          ],
          [
            -118.238723,
            49.105121,
            456.4
          ],
          [
            -118.238672,
            49.104907,
            456.4
          ],
          [
            -118.238633,
            49.104802,
            456.5
          ],
          [
            -118.238567,
            49.10471,
            456.6
          ],
          [
            -118.238516,
            49.104608,
            456.7
          ],
          [
            -118.238489,
            49.104502,
            457
          ],
          [
            -118.23839,
            49.1043,
            457.1
          ],
          [
            -118.238222,
            49.104107,
            457.2
          ],
          [
            -118.23812,
            49.104014,
            457.4
          ],
          [
            -118.238002,
            49.10393,
            457.4
          ],
          [
            -118.237055,
            49.103378,
            458.7
          ],
          [
            -118.236928,
            49.103312,
            458.8
          ],
          [
            -118.236794,
            49.103257,
            458.6
          ],
          [
            -118.236659,
            49.10322,
            458.6
          ],
          [
            -118.23652,
            49.103204,
            458.4
          ],
          [
            -118.235992,
            49.103234,
            458.1
          ],
          [
            -118.23588,
            49.10322,
            458.1
          ],
          [
            -118.235788,
            49.103189,
            458.1
          ],
          [
            -118.235715,
            49.103142,
            458.4
          ],
          [
            -118.235665,
            49.103087,
            458.6
          ],
          [
            -118.235632,
            49.102785,
            459.9
          ],
          [
            -118.235606,
            49.102695,
            460.2
          ],
          [
            -118.235404,
            49.102482,
            460.8
          ],
          [
            -118.235197,
            49.102335,
            460.9
          ],
          [
            -118.234295,
            49.101795,
            460.1
          ],
          [
            -118.234023,
            49.10158,
            459.9
          ],
          [
            -118.2338,
            49.101365,
            459.5
          ],
          [
            -118.233625,
            49.101223,
            459.1
          ],
          [
            -118.233504,
            49.101152,
            458.9
          ],
          [
            -118.233408,
            49.101111,
            458.8
          ],
          [
            -118.233136,
            49.101074,
            458.6
          ],
          [
            -118.232852,
            49.101079,
            458.1
          ],
          [
            -118.23254,
            49.101149,
            457.4
          ],
          [
            -118.231883,
            49.101359,
            456.5
          ],
          [
            -118.231708,
            49.1014,
            456.5
          ],
          [
            -118.231378,
            49.101506,
            456.6
          ],
          [
            -118.230879,
            49.101643,
            456.7
          ],
          [
            -118.230541,
            49.101711,
            457
          ],
          [
            -118.230362,
            49.101735,
            457.2
          ],
          [
            -118.230011,
            49.101756,
            457.4
          ],
          [
            -118.22965,
            49.101738,
            457.6
          ],
          [
            -118.229298,
            49.101657,
            457.7
          ],
          [
            -118.228061,
            49.101304,
            459.6
          ],
          [
            -118.227851,
            49.101287,
            460.1
          ],
          [
            -118.227316,
            49.101145,
            461.8
          ],
          [
            -118.22695,
            49.101067,
            463
          ],
          [
            -118.226774,
            49.10101,
            463.6
          ],
          [
            -118.226392,
            49.100955,
            465.1
          ],
          [
            -118.226015,
            49.100912,
            467.4
          ],
          [
            -118.225859,
            49.100914,
            468.6
          ],
          [
            -118.225103,
            49.100857,
            472
          ],
          [
            -118.223467,
            49.100829,
            479.1
          ],
          [
            -118.223153,
            49.100802,
            480.7
          ],
          [
            -118.222731,
            49.10075,
            482.6
          ],
          [
            -118.22253,
            49.100751,
            483.4
          ],
          [
            -118.222448,
            49.100762,
            483.3
          ],
          [
            -118.221419,
            49.10051,
            481.4
          ],
          [
            -118.220961,
            49.100328,
            480.4
          ],
          [
            -118.220814,
            49.100254,
            480.2
          ],
          [
            -118.220523,
            49.100088,
            479.9
          ],
          [
            -118.220244,
            49.099895,
            479.6
          ],
          [
            -118.220122,
            49.099786,
            479.6
          ],
          [
            -118.219909,
            49.099537,
            479.6
          ],
          [
            -118.219825,
            49.099409,
            479.6
          ],
          [
            -118.219756,
            49.099274,
            479.7
          ],
          [
            -118.219651,
            49.098982,
            480.1
          ],
          [
            -118.219628,
            49.098837,
            480.3
          ],
          [
            -118.219622,
            49.098684,
            480.6
          ],
          [
            -118.219635,
            49.098528,
            480.6
          ],
          [
            -118.219663,
            49.098371,
            480.8
          ],
          [
            -118.219756,
            49.098058,
            481.3
          ],
          [
            -118.220037,
            49.097302,
            483.2
          ],
          [
            -118.220084,
            49.097143,
            483.6
          ],
          [
            -118.220119,
            49.096981,
            483.9
          ],
          [
            -118.220152,
            49.096635,
            484.6
          ],
          [
            -118.220151,
            49.096345,
            485.3
          ],
          [
            -118.220082,
            49.095876,
            486.8
          ],
          [
            -118.220016,
            49.095693,
            487.5
          ],
          [
            -118.219955,
            49.095413,
            488.3
          ],
          [
            -118.219943,
            49.095253,
            488.7
          ],
          [
            -118.219905,
            49.095092,
            489
          ],
          [
            -118.219782,
            49.094604,
            490.4
          ],
          [
            -118.219716,
            49.094442,
            490.7
          ],
          [
            -118.21914,
            49.092067,
            496.1
          ],
          [
            -118.219039,
            49.091722,
            496.7
          ],
          [
            -118.218972,
            49.091555,
            497
          ],
          [
            -118.218891,
            49.091387,
            497.1
          ],
          [
            -118.218704,
            49.091068,
            497.2
          ],
          [
            -118.218487,
            49.090757,
            497.5
          ],
          [
            -118.217512,
            49.089602,
            496.8
          ],
          [
            -118.217162,
            49.089222,
            497
          ],
          [
            -118.217108,
            49.089182,
            497.1
          ],
          [
            -118.21691,
            49.089158,
            497.2
          ],
          [
            -118.216791,
            49.08912,
            497.3
          ],
          [
            -118.216735,
            49.089098,
            497.4
          ],
          [
            -118.216627,
            49.089027,
            497.6
          ],
          [
            -118.216343,
            49.088766,
            498.2
          ],
          [
            -118.216184,
            49.088595,
            498.4
          ],
          [
            -118.216142,
            49.088542,
            498.4
          ],
          [
            -118.216211,
            49.088475,
            498.4
          ],
          [
            -118.216187,
            49.088448,
            498.4
          ],
          [
            -118.216089,
            49.088407,
            498.3
          ],
          [
            -118.216113,
            49.08838,
            498
          ],
          [
            -118.216147,
            49.088378,
            498
          ],
          [
            -118.216182,
            49.088406,
            498.3
          ],
          [
            -118.216228,
            49.088404,
            497
          ],
          [
            -118.21629,
            49.088419,
            498.2
          ],
          [
            -118.216407,
            49.088492,
            498.3
          ],
          [
            -118.216456,
            49.088535,
            498.4
          ],
          [
            -118.216702,
            49.088793,
            498.6
          ],
          [
            -118.217421,
            49.089617,
            498.9
          ],
          [
            -118.218545,
            49.090942,
            496.4
          ],
          [
            -118.218775,
            49.091269,
            495.5
          ],
          [
            -118.218966,
            49.091614,
            494.8
          ],
          [
            -118.219046,
            49.091791,
            494.5
          ],
          [
            -118.21908,
            49.091975,
            494.1
          ],
          [
            -118.219227,
            49.092527,
            493.6
          ],
          [
            -118.219651,
            49.094287,
            491.3
          ],
          [
            -118.219803,
            49.094893,
            490.6
          ],
          [
            -118.219877,
            49.095098,
            490.2
          ],
          [
            -118.219925,
            49.095302,
            489.9
          ],
          [
            -118.219949,
            49.095512,
            489.7
          ],
          [
            -118.22004,
            49.095925,
            489.2
          ],
          [
            -118.2201,
            49.096345,
            488.6
          ],
          [
            -118.220105,
            49.096549,
            488.2
          ],
          [
            -118.220092,
            49.096757,
            487.8
          ],
          [
            -118.22007,
            49.096965,
            487.6
          ],
          [
            -118.220027,
            49.097167,
            487.3
          ],
          [
            -118.219891,
            49.097575,
            486.6
          ],
          [
            -118.219746,
            49.097939,
            485.5
          ],
          [
            -118.219675,
            49.098144,
            485.3
          ],
          [
            -118.219616,
            49.098353,
            484.8
          ],
          [
            -118.219577,
            49.098606,
            484.4
          ],
          [
            -118.219573,
            49.098774,
            484
          ],
          [
            -118.21966,
            49.099185,
            483.7
          ],
          [
            -118.219743,
            49.099383,
            483.5
          ],
          [
            -118.219882,
            49.099611,
            483.3
          ],
          [
            -118.219999,
            49.099754,
            483
          ],
          [
            -118.220173,
            49.099926,
            482.9
          ],
          [
            -118.220375,
            49.100086,
            482.9
          ],
          [
            -118.220601,
            49.100231,
            483
          ],
          [
            -118.220895,
            49.100385,
            483.2
          ],
          [
            -118.221102,
            49.100478,
            483.6
          ],
          [
            -118.221375,
            49.100578,
            483.8
          ],
          [
            -118.221662,
            49.100668,
            484.5
          ],
          [
            -118.221958,
            49.100746,
            484.9
          ],
          [
            -118.223702,
            49.101145,
            488.5
          ],
          [
            -118.225076,
            49.101472,
            493.2
          ],
          [
            -118.227177,
            49.101989,
            502.6
          ],
          [
            -118.22795,
            49.102193,
            506.1
          ],
          [
            -118.228451,
            49.102362,
            509.1
          ],
          [
            -118.228685,
            49.10246,
            510.3
          ],
          [
            -118.228907,
            49.102571,
            511.5
          ],
          [
            -118.22927,
            49.102846,
            514.2
          ],
          [
            -118.229431,
            49.102993,
            515.2
          ],
          [
            -118.229578,
            49.103149,
            516.6
          ],
          [
            -118.229697,
            49.103307,
            517.9
          ],
          [
            -118.229803,
            49.103472,
            519.2
          ],
          [
            -118.229882,
            49.103645,
            520.5
          ],
          [
            -118.229943,
            49.10382,
            521.9
          ],
          [
            -118.22998,
            49.103967,
            523.6
          ],
          [
            -118.230004,
            49.104182,
            525
          ],
          [
            -118.230003,
            49.104331,
            526.4
          ],
          [
            -118.229981,
            49.104511,
            527.7
          ],
          [
            -118.229923,
            49.104691,
            528.9
          ],
          [
            -118.229851,
            49.104866,
            530.2
          ],
          [
            -118.229741,
            49.105075,
            532
          ],
          [
            -118.229655,
            49.105208,
            533.6
          ],
          [
            -118.22952,
            49.105369,
            535.2
          ],
          [
            -118.229372,
            49.105522,
            536.5
          ],
          [
            -118.228958,
            49.105822,
            539.4
          ],
          [
            -118.228504,
            49.106083,
            542.4
          ],
          [
            -118.228028,
            49.106268,
            545.2
          ],
          [
            -118.225463,
            49.107374,
            556.7
          ],
          [
            -118.225224,
            49.107487,
            557.4
          ],
          [
            -118.225008,
            49.107612,
            558.2
          ],
          [
            -118.224327,
            49.107972,
            560
          ],
          [
            -118.223686,
            49.108357,
            561.5
          ],
          [
            -118.223284,
            49.108637,
            562.3
          ],
          [
            -118.223097,
            49.108781,
            562.8
          ],
          [
            -118.222746,
            49.109079,
            563.7
          ],
          [
            -118.222107,
            49.109699,
            565.2
          ],
          [
            -118.221808,
            49.110017,
            565.9
          ],
          [
            -118.221139,
            49.110849,
            567.9
          ],
          [
            -118.220855,
            49.111164,
            568.9
          ],
          [
            -118.220531,
            49.111471,
            570
          ],
          [
            -118.219355,
            49.112526,
            573.5
          ],
          [
            -118.218905,
            49.11296,
            575.1
          ],
          [
            -118.218302,
            49.113601,
            576.7
          ],
          [
            -118.218015,
            49.113932,
            577.6
          ],
          [
            -118.217609,
            49.114432,
            579
          ],
          [
            -118.21735,
            49.114773,
            579.9
          ],
          [
            -118.21699,
            49.115292,
            581.4
          ],
          [
            -118.216769,
            49.115644,
            582.2
          ],
          [
            -118.21656,
            49.116006,
            583.3
          ],
          [
            -118.216268,
            49.116544,
            584.4
          ],
          [
            -118.216092,
            49.116906,
            585.4
          ],
          [
            -118.215932,
            49.117273,
            586.7
          ],
          [
            -118.215429,
            49.118566,
            590.3
          ],
          [
            -118.21519,
            49.119119,
            592
          ],
          [
            -118.215009,
            49.119481,
            593
          ],
          [
            -118.214602,
            49.120195,
            594.7
          ],
          [
            -118.214382,
            49.120547,
            595.4
          ],
          [
            -118.214014,
            49.121076,
            596.4
          ],
          [
            -118.213617,
            49.121596,
            597.6
          ],
          [
            -118.213362,
            49.121907,
            598
          ],
          [
            -118.21316,
            49.122104,
            598.1
          ],
          [
            -118.212566,
            49.122745,
            599.1
          ],
          [
            -118.212057,
            49.123237,
            599.6
          ],
          [
            -118.211331,
            49.12388,
            600
          ],
          [
            -118.210951,
            49.124192,
            600.3
          ],
          [
            -118.210559,
            49.124496,
            600.8
          ],
          [
            -118.209752,
            49.125078,
            602.1
          ],
          [
            -118.209123,
            49.125491,
            603.3
          ],
          [
            -118.208691,
            49.125759,
            604.1
          ],
          [
            -118.206711,
            49.126918,
            609.4
          ],
          [
            -118.202466,
            49.129381,
            620.2
          ],
          [
            -118.202302,
            49.129498,
            620.8
          ],
          [
            -118.197978,
            49.131996,
            631.1
          ],
          [
            -118.195895,
            49.133213,
            635.9
          ],
          [
            -118.195651,
            49.133341,
            636.4
          ],
          [
            -118.195398,
            49.133455,
            636.9
          ],
          [
            -118.195126,
            49.133558,
            637.5
          ],
          [
            -118.194545,
            49.133678,
            638.9
          ],
          [
            -118.194248,
            49.133724,
            639.6
          ],
          [
            -118.193947,
            49.13375,
            640.3
          ],
          [
            -118.193646,
            49.133755,
            640.9
          ],
          [
            -118.193348,
            49.133746,
            641.7
          ],
          [
            -118.192762,
            49.133677,
            642.4
          ],
          [
            -118.192196,
            49.133549,
            643.6
          ],
          [
            -118.191343,
            49.133321,
            644.7
          ],
          [
            -118.19105,
            49.133261,
            645
          ],
          [
            -118.190742,
            49.133223,
            645.4
          ],
          [
            -118.190441,
            49.133204,
            645.7
          ],
          [
            -118.190138,
            49.133204,
            646.2
          ],
          [
            -118.189524,
            49.133245,
            647.6
          ],
          [
            -118.186402,
            49.13353,
            653.8
          ],
          [
            -118.186082,
            49.133565,
            654.4
          ],
          [
            -118.185451,
            49.133658,
            655.5
          ],
          [
            -118.184828,
            49.133788,
            656.6
          ],
          [
            -118.184172,
            49.13397,
            657.6
          ],
          [
            -118.183662,
            49.134146,
            658.5
          ],
          [
            -118.182579,
            49.134586,
            660.5
          ],
          [
            -118.17772,
            49.136609,
            668.2
          ],
          [
            -118.177444,
            49.136715,
            668.8
          ],
          [
            -118.177167,
            49.136808,
            669.2
          ],
          [
            -118.176877,
            49.136886,
            669.5
          ],
          [
            -118.176577,
            49.136943,
            670
          ],
          [
            -118.176269,
            49.136959,
            670.2
          ],
          [
            -118.175968,
            49.136956,
            670.5
          ],
          [
            -118.175674,
            49.136936,
            671.5
          ],
          [
            -118.175387,
            49.136896,
            672.4
          ],
          [
            -118.175098,
            49.136835,
            673.4
          ],
          [
            -118.174833,
            49.136759,
            674.1
          ],
          [
            -118.174575,
            49.136661,
            674.8
          ],
          [
            -118.174336,
            49.136554,
            675.2
          ],
          [
            -118.173649,
            49.136179,
            676.7
          ],
          [
            -118.173408,
            49.136061,
            678
          ],
          [
            -118.173155,
            49.135961,
            679.1
          ],
          [
            -118.172883,
            49.135876,
            679.9
          ],
          [
            -118.172603,
            49.135811,
            680.6
          ],
          [
            -118.172024,
            49.135744,
            681.5
          ],
          [
            -118.171486,
            49.13572,
            682.5
          ],
          [
            -118.171125,
            49.135728,
            683.3
          ],
          [
            -118.170514,
            49.135766,
            685.1
          ],
          [
            -118.168749,
            49.135901,
            688.2
          ],
          [
            -118.168437,
            49.135915,
            688.8
          ],
          [
            -118.167812,
            49.135919,
            690.2
          ],
          [
            -118.167195,
            49.135892,
            691.2
          ],
          [
            -118.166582,
            49.135837,
            692.1
          ],
          [
            -118.165981,
            49.135748,
            693.1
          ],
          [
            -118.165396,
            49.135628,
            694.9
          ],
          [
            -118.164835,
            49.135457,
            697
          ],
          [
            -118.163456,
            49.135008,
            700.8
          ],
          [
            -118.162887,
            49.134854,
            702.2
          ],
          [
            -118.161987,
            49.134692,
            703.7
          ],
          [
            -118.161688,
            49.134653,
            704.2
          ],
          [
            -118.16107,
            49.134604,
            705.6
          ],
          [
            -118.16045,
            49.134591,
            707.1
          ],
          [
            -118.15983,
            49.13462,
            709
          ],
          [
            -118.159526,
            49.134651,
            709.8
          ],
          [
            -118.15922,
            49.134695,
            710.3
          ],
          [
            -118.158626,
            49.134813,
            712.1
          ],
          [
            -118.158055,
            49.134967,
            713.3
          ],
          [
            -118.156665,
            49.135421,
            717.4
          ],
          [
            -118.155824,
            49.135672,
            719.3
          ],
          [
            -118.154961,
            49.135878,
            721.1
          ],
          [
            -118.154092,
            49.136039,
            722.9
          ],
          [
            -118.15291,
            49.136202,
            725.6
          ],
          [
            -118.152372,
            49.136254,
            726.8
          ],
          [
            -118.150884,
            49.136366,
            729.7
          ],
          [
            -118.150587,
            49.136368,
            730.1
          ],
          [
            -118.149416,
            49.136438,
            732.9
          ],
          [
            -118.148828,
            49.136439,
            735.2
          ],
          [
            -118.148537,
            49.136423,
            736.4
          ],
          [
            -118.147349,
            49.136292,
            739.4
          ],
          [
            -118.147047,
            49.136287,
            740.3
          ],
          [
            -118.146743,
            49.136313,
            741.4
          ],
          [
            -118.146187,
            49.136433,
            743.3
          ],
          [
            -118.145919,
            49.136519,
            743.9
          ],
          [
            -118.145677,
            49.136628,
            744.7
          ],
          [
            -118.145449,
            49.136761,
            745.6
          ],
          [
            -118.145016,
            49.137034,
            746.3
          ],
          [
            -118.144778,
            49.137161,
            747
          ],
          [
            -118.144524,
            49.137268,
            748
          ],
          [
            -118.144254,
            49.137352,
            748.8
          ],
          [
            -118.143962,
            49.137394,
            749.1
          ],
          [
            -118.143666,
            49.137407,
            750
          ],
          [
            -118.143377,
            49.137397,
            751.2
          ],
          [
            -118.143089,
            49.137365,
            752.3
          ],
          [
            -118.142514,
            49.137273,
            753.8
          ],
          [
            -118.142215,
            49.137237,
            754.6
          ],
          [
            -118.141919,
            49.137215,
            755.7
          ],
          [
            -118.14162,
            49.137213,
            756.7
          ],
          [
            -118.141043,
            49.137286,
            758.9
          ],
          [
            -118.140763,
            49.137347,
            759.8
          ],
          [
            -118.140492,
            49.137424,
            760.4
          ],
          [
            -118.139689,
            49.137697,
            763.9
          ],
          [
            -118.138866,
            49.137957,
            768.2
          ],
          [
            -118.138578,
            49.13801,
            769.2
          ],
          [
            -118.134341,
            49.138991,
            784.4
          ],
          [
            -118.133453,
            49.139155,
            787.2
          ],
          [
            -118.132855,
            49.139236,
            789.1
          ],
          [
            -118.132235,
            49.139298,
            791.2
          ],
          [
            -118.131312,
            49.139368,
            794.3
          ],
          [
            -118.1307,
            49.139427,
            796.3
          ],
          [
            -118.130095,
            49.139516,
            798.3
          ],
          [
            -118.129791,
            49.139578,
            799.4
          ],
          [
            -118.128939,
            49.139826,
            802.8
          ],
          [
            -118.12866,
            49.139922,
            803.7
          ],
          [
            -118.128395,
            49.140027,
            804.7
          ],
          [
            -118.127888,
            49.140262,
            806.5
          ],
          [
            -118.127406,
            49.140524,
            808.7
          ],
          [
            -118.127176,
            49.140665,
            809.7
          ],
          [
            -118.125837,
            49.141538,
            816.5
          ],
          [
            -118.125149,
            49.141964,
            819.6
          ],
          [
            -118.124912,
            49.142097,
            820.6
          ],
          [
            -118.124413,
            49.142349,
            822.8
          ],
          [
            -118.12234,
            49.143265,
            831.1
          ],
          [
            -118.120811,
            49.143925,
            836.3
          ],
          [
            -118.120296,
            49.144162,
            838.1
          ],
          [
            -118.119997,
            49.144318,
            838.9
          ],
          [
            -118.11981,
            49.144427,
            839.7
          ],
          [
            -118.119586,
            49.144574,
            840.5
          ],
          [
            -118.119377,
            49.14473,
            841.2
          ],
          [
            -118.1184,
            49.145573,
            844.4
          ],
          [
            -118.118186,
            49.145731,
            845.4
          ],
          [
            -118.117953,
            49.145883,
            846.4
          ],
          [
            -118.117709,
            49.146026,
            847.2
          ],
          [
            -118.117191,
            49.146284,
            848.8
          ],
          [
            -118.115846,
            49.146907,
            852.1
          ],
          [
            -118.113301,
            49.148019,
            857.1
          ],
          [
            -118.112997,
            49.148129,
            857.4
          ],
          [
            -118.112414,
            49.14838,
            858.4
          ],
          [
            -118.112141,
            49.148517,
            858.8
          ],
          [
            -118.10891,
            49.149897,
            863.6
          ],
          [
            -118.106113,
            49.151111,
            867.3
          ],
          [
            -118.105556,
            49.151367,
            868.1
          ],
          [
            -118.105228,
            49.151529,
            868.6
          ],
          [
            -118.104486,
            49.151926,
            870.1
          ],
          [
            -118.103934,
            49.152259,
            871.3
          ],
          [
            -118.103279,
            49.152706,
            873.5
          ],
          [
            -118.102838,
            49.153036,
            874.9
          ],
          [
            -118.102207,
            49.153541,
            877
          ],
          [
            -118.102006,
            49.153711,
            877.9
          ],
          [
            -118.101632,
            49.154059,
            879.9
          ],
          [
            -118.101296,
            49.15442,
            882.2
          ],
          [
            -118.100834,
            49.154959,
            884.8
          ],
          [
            -118.100697,
            49.155143,
            885.7
          ],
          [
            -118.100322,
            49.155691,
            888.8
          ],
          [
            -118.1,
            49.156233,
            892
          ],
          [
            -118.099733,
            49.156776,
            895.5
          ],
          [
            -118.099583,
            49.157144,
            897.9
          ],
          [
            -118.099518,
            49.157332,
            899.2
          ],
          [
            -118.09941,
            49.157707,
            901.5
          ],
          [
            -118.099234,
            49.158472,
            906.7
          ],
          [
            -118.099149,
            49.159062,
            910.8
          ],
          [
            -118.09912,
            49.159454,
            913.2
          ],
          [
            -118.099116,
            49.159654,
            914.2
          ],
          [
            -118.099145,
            49.159853,
            915.4
          ],
          [
            -118.099153,
            49.160049,
            916.4
          ],
          [
            -118.099347,
            49.161201,
            923.2
          ],
          [
            -118.099487,
            49.161779,
            927.3
          ],
          [
            -118.099595,
            49.162157,
            929.9
          ],
          [
            -118.099813,
            49.162721,
            933.6
          ],
          [
            -118.100645,
            49.164415,
            947.4
          ],
          [
            -118.101536,
            49.166324,
            960.8
          ],
          [
            -118.101821,
            49.166899,
            964.1
          ],
          [
            -118.103608,
            49.170713,
            991.1
          ],
          [
            -118.106077,
            49.176043,
            1027
          ],
          [
            -118.106178,
            49.176233,
            1028.2
          ],
          [
            -118.106294,
            49.17642,
            1029.7
          ],
          [
            -118.106421,
            49.176598,
            1030.9
          ],
          [
            -118.106566,
            49.176775,
            1032.1
          ],
          [
            -118.106891,
            49.177113,
            1034.5
          ],
          [
            -118.107798,
            49.177919,
            1040.1
          ],
          [
            -118.107975,
            49.178087,
            1041.2
          ],
          [
            -118.108137,
            49.178264,
            1042.4
          ],
          [
            -118.108272,
            49.178445,
            1043.8
          ],
          [
            -118.108389,
            49.178637,
            1045.1
          ],
          [
            -118.108801,
            49.179425,
            1049.1
          ],
          [
            -118.109058,
            49.17981,
            1050.6
          ],
          [
            -118.109366,
            49.180186,
            1051.9
          ],
          [
            -118.110052,
            49.180938,
            1054.1
          ],
          [
            -118.110217,
            49.181134,
            1054.5
          ],
          [
            -118.110367,
            49.181334,
            1054.8
          ],
          [
            -118.110493,
            49.18154,
            1055
          ],
          [
            -118.110597,
            49.181757,
            1055.4
          ],
          [
            -118.110641,
            49.181939,
            1055.9
          ],
          [
            -118.111307,
            49.183717,
            1060.7
          ],
          [
            -118.111521,
            49.184145,
            1063.3
          ],
          [
            -118.111677,
            49.184385,
            1064.1
          ],
          [
            -118.111809,
            49.184537,
            1065
          ],
          [
            -118.112004,
            49.184711,
            1065.8
          ],
          [
            -118.112232,
            49.184867,
            1066.6
          ],
          [
            -118.112483,
            49.185003,
            1067.5
          ],
          [
            -118.112759,
            49.185118,
            1068.7
          ],
          [
            -118.113615,
            49.185436,
            1073.9
          ],
          [
            -118.113876,
            49.185557,
            1075.4
          ],
          [
            -118.114121,
            49.18569,
            1076.7
          ],
          [
            -118.114342,
            49.185834,
            1078.1
          ],
          [
            -118.114547,
            49.185993,
            1080.3
          ],
          [
            -118.114728,
            49.186163,
            1081.8
          ],
          [
            -118.11488,
            49.186342,
            1083.5
          ],
          [
            -118.115008,
            49.186532,
            1084.8
          ],
          [
            -118.115135,
            49.186933,
            1087.3
          ],
          [
            -118.115167,
            49.187139,
            1088.6
          ],
          [
            -118.115165,
            49.187343,
            1090
          ],
          [
            -118.115136,
            49.187545,
            1091.1
          ],
          [
            -118.115075,
            49.187747,
            1092.5
          ],
          [
            -118.11499,
            49.187938,
            1094
          ],
          [
            -118.11488,
            49.188128,
            1095.1
          ],
          [
            -118.114738,
            49.188309,
            1096.2
          ],
          [
            -118.114573,
            49.188483,
            1097.2
          ],
          [
            -118.114388,
            49.188648,
            1098.2
          ],
          [
            -118.113763,
            49.189119,
            1101
          ],
          [
            -118.113335,
            49.189426,
            1102.8
          ],
          [
            -118.110046,
            49.191693,
            1107.1
          ],
          [
            -118.109659,
            49.19197,
            1107
          ],
          [
            -118.109523,
            49.192131,
            1107.1
          ],
          [
            -118.109377,
            49.19228,
            1107.2
          ],
          [
            -118.109263,
            49.19244,
            1107.2
          ],
          [
            -118.109193,
            49.192606,
            1107.2
          ],
          [
            -118.109168,
            49.19278,
            1107.1
          ],
          [
            -118.109186,
            49.192952,
            1107
          ],
          [
            -118.109249,
            49.193123,
            1106.6
          ],
          [
            -118.109353,
            49.193284,
            1106.5
          ],
          [
            -118.109493,
            49.193433,
            1106.7
          ],
          [
            -118.109997,
            49.193844,
            1109.3
          ],
          [
            -118.110147,
            49.193988,
            1110.3
          ],
          [
            -118.110278,
            49.19414,
            1110.9
          ],
          [
            -118.110389,
            49.194299,
            1111.9
          ],
          [
            -118.110478,
            49.194467,
            1113
          ],
          [
            -118.110542,
            49.19464,
            1114.3
          ],
          [
            -118.110582,
            49.194816,
            1116.2
          ],
          [
            -118.1106,
            49.194998,
            1117.4
          ],
          [
            -118.110614,
            49.195903,
            1124.5
          ],
          [
            -118.110628,
            49.196084,
            1125.8
          ],
          [
            -118.110665,
            49.196264,
            1127
          ],
          [
            -118.110733,
            49.196437,
            1128.1
          ],
          [
            -118.110841,
            49.196604,
            1128.9
          ],
          [
            -118.110982,
            49.196761,
            1130.3
          ],
          [
            -118.11115,
            49.196905,
            1131.9
          ],
          [
            -118.111728,
            49.19733,
            1134.8
          ],
          [
            -118.112081,
            49.197634,
            1137
          ],
          [
            -118.1124,
            49.197967,
            1138.8
          ],
          [
            -118.112638,
            49.198279,
            1140.9
          ],
          [
            -118.112754,
            49.19846,
            1141.9
          ],
          [
            -118.112881,
            49.198684,
            1142.9
          ],
          [
            -118.112953,
            49.198839,
            1144.2
          ],
          [
            -118.11304,
            49.199074,
            1145.5
          ],
          [
            -118.113095,
            49.199274,
            1146.6
          ],
          [
            -118.113127,
            49.199436,
            1147.5
          ],
          [
            -118.113153,
            49.199681,
            1148.8
          ],
          [
            -118.113157,
            49.199846,
            1149.9
          ],
          [
            -118.113149,
            49.200051,
            1151.1
          ],
          [
            -118.113125,
            49.200256,
            1152.4
          ],
          [
            -118.113088,
            49.200459,
            1153.3
          ],
          [
            -118.113026,
            49.200705,
            1154.4
          ],
          [
            -118.112974,
            49.200866,
            1155.6
          ],
          [
            -118.112889,
            49.201064,
            1156.8
          ],
          [
            -118.112786,
            49.201259,
            1158.6
          ],
          [
            -118.112665,
            49.20145,
            1160
          ],
          [
            -118.112495,
            49.201625,
            1161.2
          ],
          [
            -118.112341,
            49.201808,
            1162.6
          ],
          [
            -118.112174,
            49.201981,
            1164.7
          ],
          [
            -118.111227,
            49.202792,
            1171.3
          ],
          [
            -118.110903,
            49.203133,
            1174.4
          ],
          [
            -118.11067,
            49.203495,
            1177.2
          ],
          [
            -118.110568,
            49.203679,
            1178.6
          ],
          [
            -118.110381,
            49.204059,
            1180.5
          ],
          [
            -118.110309,
            49.204249,
            1181.2
          ],
          [
            -118.110254,
            49.204446,
            1182.5
          ],
          [
            -118.110219,
            49.20464,
            1183.5
          ],
          [
            -118.110201,
            49.204836,
            1184.7
          ],
          [
            -118.110199,
            49.205036,
            1185.9
          ],
          [
            -118.110216,
            49.205235,
            1187.2
          ],
          [
            -118.11025,
            49.20543,
            1188.5
          ],
          [
            -118.110472,
            49.206211,
            1193
          ],
          [
            -118.110517,
            49.206408,
            1194.3
          ],
          [
            -118.110541,
            49.206604,
            1195.8
          ],
          [
            -118.11054,
            49.206803,
            1197.2
          ],
          [
            -118.110505,
            49.20701,
            1198.2
          ],
          [
            -118.110446,
            49.207212,
            1199.3
          ],
          [
            -118.110159,
            49.207998,
            1204.7
          ],
          [
            -118.10967,
            49.209541,
            1215.7
          ],
          [
            -118.109403,
            49.210324,
            1220.9
          ],
          [
            -118.109325,
            49.210517,
            1222.3
          ],
          [
            -118.10914,
            49.210897,
            1224.7
          ],
          [
            -118.108915,
            49.211268,
            1227.3
          ],
          [
            -118.108776,
            49.211452,
            1228.7
          ],
          [
            -118.108628,
            49.211631,
            1230.4
          ],
          [
            -118.108307,
            49.211974,
            1233.7
          ],
          [
            -118.108132,
            49.21214,
            1235.3
          ],
          [
            -118.107537,
            49.212598,
            1239.8
          ],
          [
            -118.105523,
            49.214078,
            1257
          ],
          [
            -118.105332,
            49.214241,
            1258.5
          ],
          [
            -118.104926,
            49.214538,
            1261.9
          ],
          [
            -118.10425,
            49.214955,
            1267.7
          ],
          [
            -118.104008,
            49.215072,
            1269.8
          ],
          [
            -118.103755,
            49.215179,
            1272.1
          ],
          [
            -118.10349,
            49.215274,
            1274.4
          ],
          [
            -118.103218,
            49.215351,
            1276.3
          ],
          [
            -118.102657,
            49.215475,
            1279.9
          ],
          [
            -118.102364,
            49.215519,
            1281.7
          ],
          [
            -118.100282,
            49.215745,
            1292.6
          ],
          [
            -118.099666,
            49.215823,
            1295.7
          ],
          [
            -118.099373,
            49.215869,
            1297.6
          ],
          [
            -118.099088,
            49.215932,
            1299.2
          ],
          [
            -118.09882,
            49.216012,
            1300.9
          ],
          [
            -118.098559,
            49.21611,
            1303
          ],
          [
            -118.098313,
            49.216221,
            1304.7
          ],
          [
            -118.098085,
            49.216342,
            1306.4
          ],
          [
            -118.097419,
            49.216736,
            1311.2
          ],
          [
            -118.096165,
            49.217525,
            1322.2
          ],
          [
            -118.09576,
            49.217808,
            1325.9
          ],
          [
            -118.09558,
            49.217962,
            1327.4
          ],
          [
            -118.09539,
            49.218159,
            1329.2
          ],
          [
            -118.095284,
            49.218292,
            1331.1
          ],
          [
            -118.095169,
            49.218474,
            1332.8
          ],
          [
            -118.095079,
            49.218663,
            1334.3
          ],
          [
            -118.095013,
            49.218861,
            1335.7
          ],
          [
            -118.09497,
            49.2191,
            1336.8
          ],
          [
            -118.094956,
            49.219263,
            1338.6
          ],
          [
            -118.094968,
            49.219469,
            1339.7
          ],
          [
            -118.095077,
            49.220104,
            1344.1
          ],
          [
            -118.095256,
            49.220942,
            1351.5
          ],
          [
            -118.095706,
            49.223325,
            1370.8
          ],
          [
            -118.096083,
            49.225564,
            1388.2
          ],
          [
            -118.096164,
            49.225922,
            1391.2
          ],
          [
            -118.096222,
            49.226103,
            1392.6
          ],
          [
            -118.096296,
            49.226278,
            1394.1
          ],
          [
            -118.096388,
            49.226453,
            1395.3
          ],
          [
            -118.0965,
            49.226627,
            1396.6
          ],
          [
            -118.096757,
            49.226961,
            1399.3
          ],
          [
            -118.097479,
            49.227783,
            1406
          ],
          [
            -118.097697,
            49.228082,
            1408.9
          ],
          [
            -118.097789,
            49.22825,
            1410.2
          ],
          [
            -118.097866,
            49.228454,
            1411.6
          ],
          [
            -118.097894,
            49.228596,
            1412.9
          ],
          [
            -118.097898,
            49.22877,
            1414.4
          ],
          [
            -118.097866,
            49.228943,
            1415.7
          ],
          [
            -118.0978,
            49.229109,
            1417
          ],
          [
            -118.097649,
            49.22929,
            1418.5
          ],
          [
            -118.097531,
            49.229398,
            1420.1
          ],
          [
            -118.097362,
            49.229526,
            1421.4
          ],
          [
            -118.097172,
            49.229635,
            1423.2
          ],
          [
            -118.096962,
            49.229732,
            1424.9
          ],
          [
            -118.096741,
            49.229809,
            1426.5
          ],
          [
            -118.096505,
            49.229863,
            1427.8
          ],
          [
            -118.096246,
            49.2299,
            1429.5
          ],
          [
            -118.095973,
            49.229917,
            1430.8
          ],
          [
            -118.095712,
            49.229909,
            1431.8
          ],
          [
            -118.095449,
            49.229879,
            1433
          ],
          [
            -118.095202,
            49.22983,
            1434.2
          ],
          [
            -118.094915,
            49.229742,
            1435.5
          ],
          [
            -118.094703,
            49.229649,
            1436.7
          ],
          [
            -118.094538,
            49.229555,
            1438.3
          ],
          [
            -118.094349,
            49.229429,
            1439.9
          ],
          [
            -118.094148,
            49.229267,
            1441.2
          ],
          [
            -118.094027,
            49.229146,
            1442.5
          ],
          [
            -118.093757,
            49.228851,
            1444.6
          ],
          [
            -118.093435,
            49.228463,
            1446.5
          ],
          [
            -118.092868,
            49.227832,
            1449.6
          ],
          [
            -118.091982,
            49.226811,
            1453.4
          ],
          [
            -118.091703,
            49.226506,
            1454
          ],
          [
            -118.0914,
            49.226202,
            1454.5
          ],
          [
            -118.091238,
            49.226053,
            1454.7
          ],
          [
            -118.090888,
            49.225762,
            1454.9
          ],
          [
            -118.090319,
            49.225344,
            1455.3
          ],
          [
            -118.089339,
            49.224687,
            1456.5
          ],
          [
            -118.087218,
            49.223239,
            1462.6
          ],
          [
            -118.08155,
            49.219326,
            1479.4
          ],
          [
            -118.081308,
            49.219168,
            1480
          ],
          [
            -118.08092,
            49.218948,
            1480.8
          ],
          [
            -118.080685,
            49.218835,
            1481.3
          ],
          [
            -118.080443,
            49.218734,
            1481.5
          ],
          [
            -118.080188,
            49.218641,
            1481.9
          ],
          [
            -118.079661,
            49.218485,
            1482.7
          ],
          [
            -118.079105,
            49.218367,
            1483.5
          ],
          [
            -118.078808,
            49.218326,
            1484
          ],
          [
            -118.078448,
            49.218293,
            1484.4
          ],
          [
            -118.077909,
            49.218276,
            1485.5
          ],
          [
            -118.0776,
            49.218287,
            1486.1
          ],
          [
            -118.076995,
            49.21834,
            1487.2
          ],
          [
            -118.076691,
            49.218387,
            1487.5
          ],
          [
            -118.076395,
            49.218447,
            1487.9
          ],
          [
            -118.076105,
            49.21852,
            1488.5
          ],
          [
            -118.075817,
            49.218608,
            1489.2
          ],
          [
            -118.075296,
            49.218829,
            1490.3
          ],
          [
            -118.075042,
            49.218951,
            1491.2
          ],
          [
            -118.074796,
            49.219086,
            1491.6
          ],
          [
            -118.074569,
            49.219228,
            1492.3
          ],
          [
            -118.074347,
            49.219461,
            1492.6
          ],
          [
            -118.073933,
            49.21977,
            1493.4
          ],
          [
            -118.072726,
            49.220701,
            1496.5
          ],
          [
            -118.072295,
            49.220993,
            1497.6
          ],
          [
            -118.071838,
            49.221262,
            1498.5
          ],
          [
            -118.071598,
            49.221388,
            1498.9
          ],
          [
            -118.071148,
            49.221598,
            1499.9
          ],
          [
            -118.070836,
            49.221726,
            1500.5
          ],
          [
            -118.070355,
            49.221902,
            1501.6
          ],
          [
            -118.069267,
            49.222243,
            1503.7
          ],
          [
            -118.068986,
            49.222309,
            1504
          ],
          [
            -118.067612,
            49.222715,
            1505.9
          ],
          [
            -118.067346,
            49.222812,
            1506.2
          ],
          [
            -118.067055,
            49.22288,
            1506.6
          ],
          [
            -118.0645,
            49.223632,
            1510.3
          ],
          [
            -118.064229,
            49.223729,
            1510.6
          ],
          [
            -118.061096,
            49.224645,
            1512.3
          ],
          [
            -118.060557,
            49.224832,
            1512.5
          ],
          [
            -118.060057,
            49.225051,
            1512.1
          ],
          [
            -118.059593,
            49.225303,
            1511.9
          ],
          [
            -118.059161,
            49.225586,
            1511.7
          ],
          [
            -118.058964,
            49.225737,
            1511.5
          ],
          [
            -118.058784,
            49.225892,
            1511.3
          ],
          [
            -118.058618,
            49.226052,
            1510.9
          ],
          [
            -118.058467,
            49.22622,
            1510.5
          ],
          [
            -118.0582,
            49.226559,
            1509.6
          ],
          [
            -118.058085,
            49.226729,
            1509.1
          ],
          [
            -118.057981,
            49.226907,
            1508.6
          ],
          [
            -118.057897,
            49.227091,
            1508.3
          ],
          [
            -118.057825,
            49.22728,
            1507.9
          ],
          [
            -118.05775,
            49.22766,
            1507.4
          ],
          [
            -118.057714,
            49.228008,
            1507
          ],
          [
            -118.05771,
            49.228208,
            1507.1
          ],
          [
            -118.057723,
            49.228443,
            1506.8
          ],
          [
            -118.057786,
            49.228797,
            1505.6
          ],
          [
            -118.057841,
            49.228994,
            1505.1
          ],
          [
            -118.05797,
            49.229387,
            1504.4
          ],
          [
            -118.058105,
            49.229615,
            1504.1
          ],
          [
            -118.058161,
            49.229772,
            1504.1
          ],
          [
            -118.058282,
            49.230003,
            1504
          ],
          [
            -118.058428,
            49.230161,
            1504
          ],
          [
            -118.05911,
            49.231491,
            1504.7
          ],
          [
            -118.060691,
            49.234623,
            1497.3
          ],
          [
            -118.060878,
            49.234999,
            1495.8
          ],
          [
            -118.06096,
            49.23519,
            1495.2
          ],
          [
            -118.061029,
            49.235383,
            1494.7
          ],
          [
            -118.061081,
            49.235579,
            1494.2
          ],
          [
            -118.061117,
            49.23578,
            1493.6
          ],
          [
            -118.061133,
            49.235979,
            1493.1
          ],
          [
            -118.061128,
            49.236181,
            1492.6
          ],
          [
            -118.061103,
            49.236378,
            1492.3
          ],
          [
            -118.060962,
            49.236767,
            1491.8
          ],
          [
            -118.06087,
            49.236955,
            1491.8
          ],
          [
            -118.060759,
            49.237137,
            1491.7
          ],
          [
            -118.060632,
            49.237314,
            1491.5
          ],
          [
            -118.060488,
            49.237484,
            1491.4
          ],
          [
            -118.060331,
            49.237649,
            1491.6
          ],
          [
            -118.059983,
            49.237955,
            1491.7
          ],
          [
            -118.059628,
            49.238204,
            1492.6
          ],
          [
            -118.059409,
            49.238332,
            1493.3
          ],
          [
            -118.059185,
            49.238445,
            1494
          ],
          [
            -118.058897,
            49.23857,
            1495
          ],
          [
            -118.058445,
            49.238732,
            1496.5
          ],
          [
            -118.057924,
            49.238893,
            1499.2
          ],
          [
            -118.056305,
            49.239309,
            1506.8
          ],
          [
            -118.055774,
            49.239457,
            1509.4
          ],
          [
            -118.055516,
            49.239544,
            1510.6
          ],
          [
            -118.055047,
            49.239756,
            1513.1
          ],
          [
            -118.054817,
            49.239872,
            1514.3
          ],
          [
            -118.054605,
            49.239996,
            1515.6
          ],
          [
            -118.054403,
            49.240132,
            1516.7
          ],
          [
            -118.054219,
            49.240274,
            1518
          ],
          [
            -118.054046,
            49.240426,
            1519.2
          ],
          [
            -118.053892,
            49.240586,
            1520.1
          ],
          [
            -118.053752,
            49.240752,
            1521.1
          ],
          [
            -118.053626,
            49.240928,
            1522
          ],
          [
            -118.053275,
            49.241463,
            1524.7
          ],
          [
            -118.051078,
            49.2449,
            1537.2
          ],
          [
            -118.047159,
            49.250814,
            1516.6
          ],
          [
            -118.046798,
            49.251366,
            1513.9
          ],
          [
            -118.04657,
            49.25174,
            1512.3
          ],
          [
            -118.046265,
            49.252307,
            1509.7
          ],
          [
            -118.045988,
            49.25288,
            1506.8
          ],
          [
            -118.045754,
            49.253461,
            1504.1
          ],
          [
            -118.045497,
            49.254246,
            1500.6
          ],
          [
            -118.045339,
            49.25485,
            1497.5
          ],
          [
            -118.045157,
            49.255669,
            1491.9
          ],
          [
            -118.04504,
            49.256083,
            1489.2
          ],
          [
            -118.044963,
            49.256293,
            1487.7
          ],
          [
            -118.044866,
            49.256495,
            1486.6
          ],
          [
            -118.044743,
            49.256695,
            1485.4
          ],
          [
            -118.044592,
            49.256887,
            1483.8
          ],
          [
            -118.044451,
            49.257034,
            1482.4
          ],
          [
            -118.044208,
            49.257244,
            1481.1
          ],
          [
            -118.044032,
            49.257373,
            1479.9
          ],
          [
            -118.043789,
            49.257526,
            1478.7
          ],
          [
            -118.043528,
            49.257666,
            1477.4
          ],
          [
            -118.042875,
            49.257899,
            1474.8
          ],
          [
            -118.042626,
            49.257968,
            1473.4
          ],
          [
            -118.042308,
            49.258036,
            1472.3
          ],
          [
            -118.041983,
            49.258087,
            1470.9
          ],
          [
            -118.041651,
            49.258121,
            1469.8
          ],
          [
            -118.041253,
            49.258139,
            1468.9
          ],
          [
            -118.040992,
            49.258137,
            1467.8
          ],
          [
            -118.040661,
            49.258117,
            1466.6
          ],
          [
            -118.040339,
            49.258078,
            1465.5
          ],
          [
            -118.040021,
            49.258022,
            1464.7
          ],
          [
            -118.039656,
            49.257939,
            1463.5
          ],
          [
            -118.039421,
            49.257867,
            1462.4
          ],
          [
            -118.039138,
            49.257764,
            1461.5
          ],
          [
            -118.038864,
            49.257648,
            1460.9
          ],
          [
            -118.037743,
            49.257114,
            1458
          ],
          [
            -118.037193,
            49.256897,
            1456.5
          ],
          [
            -118.036907,
            49.256804,
            1455.9
          ],
          [
            -118.036609,
            49.256722,
            1455.2
          ],
          [
            -118.036302,
            49.256653,
            1454.6
          ],
          [
            -118.035995,
            49.256598,
            1454.1
          ],
          [
            -118.035676,
            49.256556,
            1453.6
          ],
          [
            -118.035042,
            49.256516,
            1452.2
          ],
          [
            -118.034719,
            49.256516,
            1451.8
          ],
          [
            -118.034393,
            49.25653,
            1451.1
          ],
          [
            -118.03341,
            49.256608,
            1449.2
          ],
          [
            -118.028937,
            49.257051,
            1446.9
          ],
          [
            -118.02449,
            49.257464,
            1445.4
          ],
          [
            -118.021104,
            49.257769,
            1444.8
          ],
          [
            -118.020343,
            49.25783,
            1444.7
          ],
          [
            -118.019768,
            49.257846,
            1444
          ],
          [
            -118.019434,
            49.257836,
            1443.9
          ],
          [
            -118.019384,
            49.257815,
            1442
          ],
          [
            -118.01883,
            49.257742,
            1442.6
          ],
          [
            -118.018325,
            49.257637,
            1441.5
          ],
          [
            -118.017868,
            49.257504,
            1440.5
          ],
          [
            -118.017532,
            49.257381,
            1439.7
          ],
          [
            -118.017315,
            49.257288,
            1439.2
          ],
          [
            -118.016992,
            49.25713,
            1438.4
          ],
          [
            -118.016563,
            49.256865,
            1437.1
          ],
          [
            -118.016273,
            49.256642,
            1436.3
          ],
          [
            -118.016092,
            49.256481,
            1435.3
          ],
          [
            -118.015921,
            49.25631,
            1434.4
          ],
          [
            -118.01569,
            49.25602,
            1432.9
          ],
          [
            -118.015492,
            49.255691,
            1430.8
          ],
          [
            -118.015385,
            49.255452,
            1429.3
          ],
          [
            -118.015341,
            49.255329,
            1428.5
          ],
          [
            -118.015285,
            49.255092,
            1426.8
          ],
          [
            -118.015252,
            49.254823,
            1425
          ],
          [
            -118.015249,
            49.254655,
            1424.1
          ],
          [
            -118.015269,
            49.254412,
            1422.2
          ],
          [
            -118.015321,
            49.254155,
            1420.3
          ],
          [
            -118.015406,
            49.253895,
            1418.7
          ],
          [
            -118.015751,
            49.252942,
            1411.2
          ],
          [
            -118.015888,
            49.252381,
            1407.4
          ],
          [
            -118.015957,
            49.251983,
            1404.9
          ],
          [
            -118.015996,
            49.251461,
            1402.8
          ],
          [
            -118.015993,
            49.251055,
            1400.1
          ],
          [
            -118.015977,
            49.250775,
            1398.2
          ],
          [
            -118.015899,
            49.25019,
            1393.4
          ],
          [
            -118.015801,
            49.249755,
            1390.2
          ],
          [
            -118.015678,
            49.24934,
            1387.6
          ],
          [
            -118.015476,
            49.248821,
            1383.7
          ],
          [
            -118.015297,
            49.248443,
            1380.7
          ],
          [
            -118.015159,
            49.248189,
            1378.6
          ],
          [
            -118.014798,
            49.247587,
            1373.4
          ],
          [
            -118.013943,
            49.246253,
            1361.8
          ],
          [
            -118.013641,
            49.245792,
            1358.1
          ],
          [
            -118.013471,
            49.245564,
            1355.9
          ],
          [
            -118.013273,
            49.24534,
            1353.6
          ],
          [
            -118.013049,
            49.245128,
            1351.2
          ],
          [
            -118.012658,
            49.244837,
            1348
          ],
          [
            -118.012499,
            49.244756,
            1347
          ],
          [
            -118.012203,
            49.244579,
            1345
          ],
          [
            -118.01188,
            49.24442,
            1343
          ],
          [
            -118.011534,
            49.24428,
            1341.4
          ],
          [
            -118.011186,
            49.244162,
            1339.6
          ],
          [
            -118.011006,
            49.244111,
            1338.4
          ],
          [
            -118.010448,
            49.243982,
            1334.6
          ],
          [
            -118.010083,
            49.24392,
            1332.6
          ],
          [
            -118.009714,
            49.243888,
            1330.8
          ],
          [
            -118.00917,
            49.243878,
            1328.1
          ],
          [
            -118.006985,
            49.243959,
            1319.7
          ],
          [
            -118.005581,
            49.243969,
            1315.9
          ],
          [
            -118.005372,
            49.244021,
            1315.5
          ],
          [
            -118.00168,
            49.244198,
            1309.6
          ],
          [
            -117.995802,
            49.244461,
            1310.1
          ],
          [
            -117.994943,
            49.244508,
            1310.2
          ],
          [
            -117.994653,
            49.244533,
            1310.2
          ],
          [
            -117.994075,
            49.244606,
            1310.4
          ],
          [
            -117.993507,
            49.244703,
            1310.4
          ],
          [
            -117.993275,
            49.244752,
            1310.4
          ],
          [
            -117.992722,
            49.244892,
            1310.2
          ],
          [
            -117.992397,
            49.244991,
            1310.3
          ],
          [
            -117.991917,
            49.245157,
            1310.4
          ],
          [
            -117.991405,
            49.245365,
            1310.4
          ],
          [
            -117.990911,
            49.245607,
            1310.4
          ],
          [
            -117.990677,
            49.245739,
            1310.5
          ],
          [
            -117.989325,
            49.246604,
            1311.1
          ],
          [
            -117.989085,
            49.246739,
            1311.5
          ],
          [
            -117.988833,
            49.246863,
            1311.8
          ],
          [
            -117.988565,
            49.246977,
            1312.3
          ],
          [
            -117.988287,
            49.247073,
            1312.8
          ],
          [
            -117.987999,
            49.247155,
            1313.1
          ],
          [
            -117.987701,
            49.247221,
            1313.6
          ],
          [
            -117.987396,
            49.24727,
            1314.2
          ],
          [
            -117.987087,
            49.247301,
            1314.6
          ],
          [
            -117.986466,
            49.247289,
            1314.9
          ],
          [
            -117.986156,
            49.247264,
            1315.1
          ],
          [
            -117.985855,
            49.247225,
            1315.6
          ],
          [
            -117.985558,
            49.24717,
            1315.8
          ],
          [
            -117.985275,
            49.247102,
            1316
          ],
          [
            -117.984997,
            49.247018,
            1315.9
          ],
          [
            -117.984727,
            49.24692,
            1316.2
          ],
          [
            -117.984472,
            49.246808,
            1316
          ],
          [
            -117.984223,
            49.246681,
            1315.9
          ],
          [
            -117.983988,
            49.246546,
            1315.8
          ],
          [
            -117.983684,
            49.24635,
            1315.8
          ],
          [
            -117.978711,
            49.242982,
            1313.3
          ],
          [
            -117.978271,
            49.242695,
            1313.1
          ],
          [
            -117.978037,
            49.242561,
            1313
          ],
          [
            -117.977488,
            49.242314,
            1312.7
          ],
          [
            -117.97728,
            49.242232,
            1312.5
          ],
          [
            -117.977011,
            49.242141,
            1312.3
          ],
          [
            -117.976731,
            49.242066,
            1311.8
          ],
          [
            -117.97637,
            49.241992,
            1311.4
          ],
          [
            -117.976135,
            49.241955,
            1311
          ],
          [
            -117.975779,
            49.241917,
            1310.7
          ],
          [
            -117.975478,
            49.241901,
            1310.4
          ],
          [
            -117.974937,
            49.241914,
            1309.3
          ],
          [
            -117.974579,
            49.241948,
            1308.8
          ],
          [
            -117.974018,
            49.242077,
            1308
          ],
          [
            -117.973748,
            49.242151,
            1307.6
          ],
          [
            -117.973512,
            49.242296,
            1307.6
          ],
          [
            -117.973251,
            49.24239,
            1307.3
          ],
          [
            -117.973003,
            49.2425,
            1307.1
          ],
          [
            -117.972548,
            49.242745,
            1306.4
          ],
          [
            -117.972337,
            49.242881,
            1306.1
          ],
          [
            -117.972138,
            49.243024,
            1305.8
          ],
          [
            -117.971365,
            49.243639,
            1304.5
          ],
          [
            -117.970723,
            49.244073,
            1303.1
          ],
          [
            -117.970267,
            49.244347,
            1302.7
          ],
          [
            -117.97003,
            49.244475,
            1302.6
          ],
          [
            -117.969279,
            49.244845,
            1302.5
          ],
          [
            -117.968765,
            49.245068,
            1303
          ],
          [
            -117.968498,
            49.245172,
            1303
          ],
          [
            -117.967961,
            49.245362,
            1302.8
          ],
          [
            -117.967686,
            49.245449,
            1303
          ],
          [
            -117.96741,
            49.24553,
            1302.9
          ],
          [
            -117.967124,
            49.245589,
            1302.7
          ],
          [
            -117.966277,
            49.245803,
            1302.4
          ],
          [
            -117.966005,
            49.245891,
            1302.5
          ],
          [
            -117.965455,
            49.246042,
            1301.8
          ],
          [
            -117.964653,
            49.246295,
            1301.1
          ],
          [
            -117.964136,
            49.246492,
            1300.4
          ],
          [
            -117.963419,
            49.246806,
            1299
          ],
          [
            -117.963166,
            49.246929,
            1298.3
          ],
          [
            -117.96267,
            49.247188,
            1297.4
          ],
          [
            -117.962183,
            49.247457,
            1296
          ],
          [
            -117.959699,
            49.248872,
            1290
          ],
          [
            -117.955858,
            49.251023,
            1285.1
          ],
          [
            -117.950978,
            49.253728,
            1280.9
          ],
          [
            -117.947594,
            49.255617,
            1278.3
          ],
          [
            -117.94668,
            49.256163,
            1277.8
          ],
          [
            -117.94621,
            49.256466,
            1277.4
          ],
          [
            -117.94576,
            49.256777,
            1276.9
          ],
          [
            -117.945108,
            49.257259,
            1276
          ],
          [
            -117.944697,
            49.257586,
            1275.7
          ],
          [
            -117.944102,
            49.258097,
            1275.3
          ],
          [
            -117.943726,
            49.258449,
            1275
          ],
          [
            -117.943182,
            49.258986,
            1274.2
          ],
          [
            -117.942845,
            49.259354,
            1273.6
          ],
          [
            -117.942368,
            49.259914,
            1272.9
          ],
          [
            -117.941924,
            49.260489,
            1272.2
          ],
          [
            -117.941509,
            49.261059,
            1271.7
          ],
          [
            -117.940833,
            49.262037,
            1270.6
          ],
          [
            -117.940283,
            49.262786,
            1269.8
          ],
          [
            -117.939971,
            49.263174,
            1269.5
          ],
          [
            -117.939608,
            49.263591,
            1269.3
          ],
          [
            -117.939115,
            49.264116,
            1269.1
          ],
          [
            -117.93856,
            49.264663,
            1269.6
          ],
          [
            -117.938172,
            49.265013,
            1270.6
          ],
          [
            -117.93736,
            49.265675,
            1272.6
          ],
          [
            -117.936721,
            49.26615,
            1273.8
          ],
          [
            -117.936058,
            49.266605,
            1274.9
          ],
          [
            -117.935812,
            49.26674,
            1275.3
          ],
          [
            -117.935106,
            49.267162,
            1276.9
          ],
          [
            -117.934626,
            49.267431,
            1277.6
          ],
          [
            -117.934133,
            49.267691,
            1278.3
          ],
          [
            -117.933366,
            49.268065,
            1279.7
          ],
          [
            -117.930198,
            49.269553,
            1280.1
          ],
          [
            -117.929942,
            49.269692,
            1279.9
          ],
          [
            -117.923465,
            49.27271,
            1275.3
          ],
          [
            -117.920878,
            49.273928,
            1273.1
          ],
          [
            -117.920371,
            49.274187,
            1272.8
          ],
          [
            -117.919876,
            49.274456,
            1272.4
          ],
          [
            -117.919137,
            49.274887,
            1270.7
          ],
          [
            -117.918655,
            49.275186,
            1269.5
          ],
          [
            -117.918185,
            49.275493,
            1268.3
          ],
          [
            -117.917497,
            49.27598,
            1265.7
          ],
          [
            -117.916618,
            49.276673,
            1262.6
          ],
          [
            -117.915995,
            49.277214,
            1260.2
          ],
          [
            -117.915415,
            49.277785,
            1258.2
          ],
          [
            -117.915045,
            49.278177,
            1256.8
          ],
          [
            -117.914518,
            49.27878,
            1254.2
          ],
          [
            -117.914177,
            49.279194,
            1252.9
          ],
          [
            -117.913721,
            49.27977,
            1250.6
          ],
          [
            -117.912939,
            49.2808,
            1248.2
          ],
          [
            -117.912455,
            49.281406,
            1246.4
          ],
          [
            -117.912101,
            49.281802,
            1245.3
          ],
          [
            -117.911706,
            49.282182,
            1244
          ],
          [
            -117.911279,
            49.282547,
            1242.7
          ],
          [
            -117.911051,
            49.282722,
            1242
          ],
          [
            -117.910571,
            49.283058,
            1240.8
          ],
          [
            -117.910318,
            49.28322,
            1240.4
          ],
          [
            -117.910033,
            49.283364,
            1240.1
          ],
          [
            -117.908952,
            49.283952,
            1238.4
          ],
          [
            -117.908432,
            49.284258,
            1237.5
          ],
          [
            -117.908194,
            49.28443,
            1237
          ],
          [
            -117.907708,
            49.284755,
            1235.3
          ],
          [
            -117.907256,
            49.285103,
            1233.6
          ],
          [
            -117.907041,
            49.285282,
            1233.1
          ],
          [
            -117.90372,
            49.288162,
            1228.5
          ],
          [
            -117.902904,
            49.288854,
            1227.9
          ],
          [
            -117.902438,
            49.289197,
            1227.2
          ],
          [
            -117.902136,
            49.289388,
            1226.6
          ],
          [
            -117.901666,
            49.289648,
            1225.6
          ],
          [
            -117.90139,
            49.289782,
            1225
          ],
          [
            -117.901105,
            49.289906,
            1224.2
          ],
          [
            -117.900175,
            49.29019,
            1222
          ],
          [
            -117.899536,
            49.290334,
            1219.6
          ],
          [
            -117.899202,
            49.29039,
            1218.1
          ],
          [
            -117.898525,
            49.290467,
            1215.2
          ],
          [
            -117.897833,
            49.290505,
            1213.1
          ],
          [
            -117.897145,
            49.290494,
            1210.6
          ],
          [
            -117.895725,
            49.290395,
            1206.3
          ],
          [
            -117.895374,
            49.290379,
            1205.7
          ],
          [
            -117.895017,
            49.290383,
            1205.1
          ],
          [
            -117.894675,
            49.2904,
            1204.5
          ],
          [
            -117.894336,
            49.290437,
            1204.2
          ],
          [
            -117.894009,
            49.290491,
            1204.1
          ],
          [
            -117.893711,
            49.29058,
            1203.8
          ],
          [
            -117.893405,
            49.290657,
            1204
          ],
          [
            -117.893121,
            49.290747,
            1204.1
          ],
          [
            -117.89285,
            49.290852,
            1203.9
          ],
          [
            -117.892598,
            49.290969,
            1203.6
          ],
          [
            -117.892366,
            49.291094,
            1203.9
          ],
          [
            -117.892145,
            49.291235,
            1203.8
          ],
          [
            -117.891941,
            49.291386,
            1203.8
          ],
          [
            -117.891753,
            49.291549,
            1203.7
          ],
          [
            -117.891415,
            49.291893,
            1203.6
          ],
          [
            -117.89003,
            49.293491,
            1198.2
          ],
          [
            -117.889686,
            49.293822,
            1197
          ],
          [
            -117.889307,
            49.294137,
            1196
          ],
          [
            -117.889103,
            49.294289,
            1195.5
          ],
          [
            -117.888669,
            49.294575,
            1194.5
          ],
          [
            -117.888235,
            49.294819,
            1193.1
          ],
          [
            -117.88772,
            49.295064,
            1191.6
          ],
          [
            -117.88717,
            49.295284,
            1189.3
          ],
          [
            -117.886515,
            49.295466,
            1187.1
          ],
          [
            -117.885976,
            49.295599,
            1185.2
          ],
          [
            -117.885664,
            49.295664,
            1184.3
          ],
          [
            -117.885041,
            49.295765,
            1182.5
          ],
          [
            -117.884398,
            49.295831,
            1179.9
          ],
          [
            -117.884076,
            49.29585,
            1179.1
          ],
          [
            -117.883428,
            49.295858,
            1176.9
          ],
          [
            -117.875791,
            49.295853,
            1158.6
          ],
          [
            -117.875443,
            49.295874,
            1158.1
          ],
          [
            -117.874053,
            49.295914,
            1155.5
          ],
          [
            -117.873349,
            49.295958,
            1154.5
          ],
          [
            -117.872644,
            49.296017,
            1153.2
          ],
          [
            -117.871953,
            49.296089,
            1152.3
          ],
          [
            -117.870992,
            49.296211,
            1150.2
          ],
          [
            -117.869678,
            49.296422,
            1147.5
          ],
          [
            -117.868336,
            49.296691,
            1144.7
          ],
          [
            -117.866131,
            49.297186,
            1139.4
          ],
          [
            -117.865456,
            49.29731,
            1137.7
          ],
          [
            -117.864773,
            49.297407,
            1135.7
          ],
          [
            -117.861968,
            49.297694,
            1128.8
          ],
          [
            -117.860892,
            49.297795,
            1126.5
          ],
          [
            -117.860527,
            49.297813,
            1125.8
          ],
          [
            -117.859452,
            49.297912,
            1123.6
          ],
          [
            -117.859089,
            49.297964,
            1122.8
          ],
          [
            -117.85478,
            49.298359,
            1112.1
          ],
          [
            -117.853335,
            49.298471,
            1107.8
          ],
          [
            -117.851948,
            49.29855,
            1104
          ],
          [
            -117.851576,
            49.29855,
            1103.1
          ],
          [
            -117.850761,
            49.298577,
            1101.1
          ],
          [
            -117.84935,
            49.298607,
            1096.9
          ],
          [
            -117.848241,
            49.298612,
            1093.9
          ],
          [
            -117.846381,
            49.29858,
            1089.3
          ],
          [
            -117.844902,
            49.298521,
            1085.5
          ],
          [
            -117.842987,
            49.298398,
            1080.7
          ],
          [
            -117.841212,
            49.298232,
            1075.8
          ],
          [
            -117.84011,
            49.298112,
            1073.6
          ],
          [
            -117.839388,
            49.298022,
            1072.4
          ],
          [
            -117.837597,
            49.297773,
            1068.9
          ],
          [
            -117.830791,
            49.296667,
            1056.1
          ],
          [
            -117.828599,
            49.29632,
            1052.1
          ],
          [
            -117.827935,
            49.296224,
            1051.1
          ],
          [
            -117.82756,
            49.296191,
            1050.6
          ],
          [
            -117.826817,
            49.296101,
            1049.8
          ],
          [
            -117.826001,
            49.296017,
            1048.6
          ],
          [
            -117.824979,
            49.295927,
            1047
          ],
          [
            -117.82386,
            49.295852,
            1045.5
          ],
          [
            -117.819369,
            49.295688,
            1039.6
          ],
          [
            -117.818618,
            49.295682,
            1038.2
          ],
          [
            -117.817867,
            49.295701,
            1037
          ],
          [
            -117.817137,
            49.295741,
            1035.9
          ],
          [
            -117.816414,
            49.295804,
            1034.9
          ],
          [
            -117.815372,
            49.295931,
            1032.1
          ],
          [
            -117.814695,
            49.296036,
            1030.7
          ],
          [
            -117.814039,
            49.296154,
            1029.7
          ],
          [
            -117.813389,
            49.296291,
            1028.5
          ],
          [
            -117.810667,
            49.296912,
            1024.5
          ],
          [
            -117.808116,
            49.297507,
            1020.6
          ],
          [
            -117.804176,
            49.298395,
            1012.3
          ],
          [
            -117.803488,
            49.298518,
            1010.7
          ],
          [
            -117.803144,
            49.298561,
            1010.1
          ],
          [
            -117.80279,
            49.298591,
            1009.4
          ],
          [
            -117.80244,
            49.298607,
            1008.9
          ],
          [
            -117.802083,
            49.298609,
            1008.3
          ],
          [
            -117.801384,
            49.298547,
            1006.7
          ],
          [
            -117.800694,
            49.298443,
            1005.4
          ],
          [
            -117.800048,
            49.298285,
            1003.5
          ],
          [
            -117.79851,
            49.297781,
            1002
          ],
          [
            -117.798194,
            49.297699,
            1002
          ],
          [
            -117.797618,
            49.297587,
            1002
          ],
          [
            -117.796976,
            49.297507,
            1002
          ],
          [
            -117.796585,
            49.297468,
            1002
          ],
          [
            -117.796005,
            49.297443,
            1002
          ],
          [
            -117.79537,
            49.29746,
            1002
          ],
          [
            -117.794741,
            49.297522,
            1002
          ],
          [
            -117.794436,
            49.297568,
            1002
          ],
          [
            -117.793844,
            49.297687,
            1002
          ],
          [
            -117.793503,
            49.297778,
            1002
          ],
          [
            -117.79302,
            49.297939,
            1002
          ],
          [
            -117.79251,
            49.298151,
            1002
          ],
          [
            -117.79151,
            49.298605,
            1002
          ],
          [
            -117.790996,
            49.298825,
            1002
          ],
          [
            -117.790462,
            49.299024,
            1002
          ],
          [
            -117.790185,
            49.29911,
            1002
          ],
          [
            -117.7899,
            49.299187,
            1002
          ],
          [
            -117.789308,
            49.299306,
            1002
          ],
          [
            -117.788701,
            49.299387,
            1002
          ],
          [
            -117.788391,
            49.299412,
            980.1
          ],
          [
            -117.787712,
            49.299443,
            976.7
          ],
          [
            -117.787388,
            49.299438,
            977
          ],
          [
            -117.786696,
            49.299387,
            975.5
          ],
          [
            -117.785755,
            49.299279,
            973.6
          ],
          [
            -117.779356,
            49.298477,
            962.1
          ],
          [
            -117.775611,
            49.297993,
            956.8
          ],
          [
            -117.77422,
            49.297791,
            954.1
          ],
          [
            -117.773173,
            49.297617,
            952.3
          ],
          [
            -117.77214,
            49.29743,
            950.6
          ],
          [
            -117.770505,
            49.2971,
            947
          ],
          [
            -117.770168,
            49.297008,
            946.3
          ],
          [
            -117.768479,
            49.296609,
            942.9
          ],
          [
            -117.767487,
            49.296355,
            940.8
          ],
          [
            -117.766193,
            49.29599,
            938.3
          ],
          [
            -117.764904,
            49.295603,
            936.2
          ],
          [
            -117.763318,
            49.295095,
            933.4
          ],
          [
            -117.761459,
            49.294428,
            928
          ],
          [
            -117.761141,
            49.294327,
            927.1
          ],
          [
            -117.759631,
            49.293711,
            921
          ],
          [
            -117.758731,
            49.293321,
            917.3
          ],
          [
            -117.755208,
            49.291758,
            904.4
          ],
          [
            -117.754986,
            49.29164,
            903.5
          ],
          [
            -117.754037,
            49.291216,
            901.8
          ],
          [
            -117.751141,
            49.28994,
            895.2
          ],
          [
            -117.750838,
            49.289826,
            894.6
          ],
          [
            -117.743597,
            49.286626,
            879.1
          ],
          [
            -117.743043,
            49.286365,
            878.6
          ],
          [
            -117.742508,
            49.286093,
            877.7
          ],
          [
            -117.742258,
            49.285939,
            877.2
          ],
          [
            -117.741734,
            49.285652,
            876.5
          ],
          [
            -117.740744,
            49.285053,
            874.8
          ],
          [
            -117.733857,
            49.280681,
            857
          ],
          [
            -117.733603,
            49.280544,
            856.1
          ],
          [
            -117.731964,
            49.279499,
            850.1
          ],
          [
            -117.731483,
            49.279206,
            848.8
          ],
          [
            -117.730978,
            49.278938,
            847.3
          ],
          [
            -117.730718,
            49.278818,
            846.6
          ],
          [
            -117.730171,
            49.278604,
            845.2
          ],
          [
            -117.729882,
            49.278511,
            844.5
          ],
          [
            -117.72929,
            49.278354,
            842.9
          ],
          [
            -117.728681,
            49.278238,
            841.3
          ],
          [
            -117.728365,
            49.278199,
            840
          ],
          [
            -117.72774,
            49.278144,
            839
          ],
          [
            -117.724289,
            49.277933,
            831.1
          ],
          [
            -117.723646,
            49.277883,
            829
          ],
          [
            -117.723271,
            49.277842,
            828.1
          ],
          [
            -117.722711,
            49.277744,
            826.4
          ],
          [
            -117.722153,
            49.2776,
            824.1
          ],
          [
            -117.721655,
            49.277428,
            821.5
          ],
          [
            -117.721191,
            49.277239,
            819.6
          ],
          [
            -117.720984,
            49.277125,
            818.8
          ],
          [
            -117.720553,
            49.276913,
            816.7
          ],
          [
            -117.719862,
            49.276618,
            812.4
          ],
          [
            -117.719618,
            49.276529,
            811.6
          ],
          [
            -117.719361,
            49.276451,
            810.4
          ],
          [
            -117.719093,
            49.276387,
            809.5
          ],
          [
            -117.718809,
            49.276335,
            808.4
          ],
          [
            -117.718518,
            49.276298,
            807.4
          ],
          [
            -117.718219,
            49.276275,
            806.2
          ],
          [
            -117.717912,
            49.276266,
            805.2
          ],
          [
            -117.715995,
            49.2763,
            797.7
          ],
          [
            -117.71567,
            49.276293,
            796.7
          ],
          [
            -117.715005,
            49.276256,
            794.1
          ],
          [
            -117.712678,
            49.276058,
            786
          ],
          [
            -117.707605,
            49.275594,
            769.3
          ],
          [
            -117.706844,
            49.275516,
            767.7
          ],
          [
            -117.706249,
            49.2754,
            766.2
          ],
          [
            -117.705861,
            49.275299,
            765.4
          ],
          [
            -117.705617,
            49.275219,
            764.7
          ],
          [
            -117.705319,
            49.275101,
            764
          ],
          [
            -117.702754,
            49.273882,
            754.5
          ],
          [
            -117.702154,
            49.273609,
            752.8
          ],
          [
            -117.701226,
            49.273236,
            749.8
          ],
          [
            -117.69998,
            49.272755,
            746.1
          ],
          [
            -117.699662,
            49.272651,
            745.3
          ],
          [
            -117.698747,
            49.272298,
            742.9
          ],
          [
            -117.698436,
            49.272195,
            741.9
          ],
          [
            -117.698114,
            49.272109,
            740.9
          ],
          [
            -117.697786,
            49.272045,
            739.9
          ],
          [
            -117.697445,
            49.272002,
            739.5
          ],
          [
            -117.697108,
            49.271973,
            738.6
          ],
          [
            -117.696424,
            49.271945,
            737
          ],
          [
            -117.696084,
            49.271948,
            736.3
          ],
          [
            -117.69575,
            49.271969,
            735.7
          ],
          [
            -117.695428,
            49.27201,
            735
          ],
          [
            -117.69415,
            49.272253,
            731.1
          ],
          [
            -117.693826,
            49.27229,
            730.5
          ],
          [
            -117.6935,
            49.272307,
            730.1
          ],
          [
            -117.693177,
            49.272296,
            729.7
          ],
          [
            -117.692859,
            49.272257,
            729.2
          ],
          [
            -117.692556,
            49.272193,
            728.5
          ],
          [
            -117.691702,
            49.271958,
            726.8
          ],
          [
            -117.691412,
            49.271902,
            726.5
          ],
          [
            -117.69111,
            49.27187,
            726.3
          ],
          [
            -117.690875,
            49.271862,
            727.4
          ],
          [
            -117.690569,
            49.271876,
            727.2
          ],
          [
            -117.690271,
            49.271919,
            727.5
          ],
          [
            -117.689984,
            49.27198,
            727.6
          ],
          [
            -117.689146,
            49.272206,
            728
          ],
          [
            -117.688857,
            49.272263,
            728.2
          ],
          [
            -117.688565,
            49.272295,
            728.1
          ],
          [
            -117.688214,
            49.272304,
            728.3
          ],
          [
            -117.687984,
            49.272294,
            728.4
          ],
          [
            -117.687701,
            49.272244,
            728.7
          ],
          [
            -117.68743,
            49.272179,
            729.6
          ],
          [
            -117.684951,
            49.271412,
            734.4
          ],
          [
            -117.68436,
            49.271252,
            735.2
          ],
          [
            -117.684054,
            49.271189,
            735.3
          ],
          [
            -117.683436,
            49.271104,
            735.5
          ],
          [
            -117.683122,
            49.271071,
            735.4
          ],
          [
            -117.682506,
            49.271044,
            734.3
          ],
          [
            -117.682208,
            49.271049,
            733.7
          ],
          [
            -117.681896,
            49.271067,
            733.3
          ],
          [
            -117.681594,
            49.271101,
            732.8
          ],
          [
            -117.681285,
            49.27115,
            732.4
          ],
          [
            -117.680983,
            49.271213,
            731.9
          ],
          [
            -117.680684,
            49.271283,
            731.6
          ],
          [
            -117.675866,
            49.272536,
            720.9
          ],
          [
            -117.674963,
            49.272758,
            718.1
          ],
          [
            -117.674346,
            49.27289,
            715.9
          ],
          [
            -117.674032,
            49.272945,
            715.3
          ],
          [
            -117.672727,
            49.273124,
            711.2
          ],
          [
            -117.672401,
            49.273179,
            709.7
          ],
          [
            -117.672075,
            49.273245,
            708.1
          ],
          [
            -117.671752,
            49.273329,
            706.4
          ],
          [
            -117.671506,
            49.27341,
            703.9
          ],
          [
            -117.671208,
            49.273528,
            702
          ],
          [
            -117.670929,
            49.273664,
            699.9
          ],
          [
            -117.670662,
            49.273816,
            697.6
          ],
          [
            -117.670368,
            49.274016,
            695.6
          ],
          [
            -117.670187,
            49.27416,
            692.5
          ],
          [
            -117.66999,
            49.274357,
            690.5
          ],
          [
            -117.669822,
            49.274565,
            688.4
          ],
          [
            -117.669675,
            49.274784,
            686.6
          ],
          [
            -117.66913,
            49.275683,
            679
          ],
          [
            -117.668974,
            49.275908,
            677.6
          ],
          [
            -117.668806,
            49.276124,
            676.2
          ],
          [
            -117.66862,
            49.276333,
            674.8
          ],
          [
            -117.668412,
            49.276534,
            673.6
          ],
          [
            -117.668193,
            49.276725,
            672.6
          ],
          [
            -117.667083,
            49.277635,
            665.9
          ],
          [
            -117.666662,
            49.277993,
            663.9
          ],
          [
            -117.666471,
            49.278181,
            662.8
          ],
          [
            -117.666307,
            49.278375,
            661.7
          ],
          [
            -117.666168,
            49.278577,
            660.6
          ],
          [
            -117.666052,
            49.278785,
            659.3
          ],
          [
            -117.665965,
            49.278995,
            658
          ],
          [
            -117.665902,
            49.279213,
            656.9
          ],
          [
            -117.665869,
            49.279433,
            655.8
          ],
          [
            -117.665864,
            49.279655,
            654.1
          ],
          [
            -117.665886,
            49.279875,
            652.4
          ],
          [
            -117.665938,
            49.280098,
            650.9
          ],
          [
            -117.666009,
            49.280317,
            649.4
          ],
          [
            -117.666655,
            49.281874,
            639.5
          ],
          [
            -117.666737,
            49.282097,
            638.1
          ],
          [
            -117.666807,
            49.282327,
            636.8
          ],
          [
            -117.666861,
            49.28256,
            635.5
          ],
          [
            -117.666893,
            49.282799,
            634.4
          ],
          [
            -117.666899,
            49.283037,
            632.7
          ],
          [
            -117.666882,
            49.283272,
            631.1
          ],
          [
            -117.666843,
            49.283507,
            629.4
          ],
          [
            -117.666784,
            49.283738,
            627.7
          ],
          [
            -117.666706,
            49.283964,
            626.1
          ],
          [
            -117.666609,
            49.284187,
            624.7
          ],
          [
            -117.666369,
            49.284624,
            621.1
          ],
          [
            -117.665871,
            49.285439,
            614.1
          ],
          [
            -117.66481,
            49.28713,
            601.8
          ],
          [
            -117.664524,
            49.287538,
            599
          ],
          [
            -117.664362,
            49.287736,
            597.5
          ],
          [
            -117.664181,
            49.287926,
            596.4
          ],
          [
            -117.663972,
            49.288108,
            594.8
          ],
          [
            -117.663728,
            49.288266,
            593.2
          ],
          [
            -117.662936,
            49.288718,
            587.5
          ],
          [
            -117.662634,
            49.288841,
            585.3
          ],
          [
            -117.661979,
            49.28903,
            581.7
          ],
          [
            -117.66165,
            49.289105,
            579.9
          ],
          [
            -117.661309,
            49.289163,
            578
          ],
          [
            -117.66097,
            49.289203,
            576
          ],
          [
            -117.660285,
            49.289256,
            572.9
          ],
          [
            -117.659938,
            49.289239,
            571.1
          ],
          [
            -117.659249,
            49.289237,
            567.5
          ],
          [
            -117.658907,
            49.289251,
            565.8
          ],
          [
            -117.658571,
            49.289295,
            563.8
          ],
          [
            -117.657959,
            49.28947,
            560.4
          ],
          [
            -117.657676,
            49.289584,
            558.6
          ],
          [
            -117.657423,
            49.289718,
            556.9
          ],
          [
            -117.657197,
            49.289878,
            554.9
          ],
          [
            -117.657015,
            49.290054,
            553.1
          ],
          [
            -117.656873,
            49.290246,
            551.2
          ],
          [
            -117.656763,
            49.290448,
            549
          ],
          [
            -117.656682,
            49.290651,
            546.5
          ],
          [
            -117.656561,
            49.291064,
            542
          ],
          [
            -117.656036,
            49.293019,
            524.6
          ],
          [
            -117.65596,
            49.293338,
            522.6
          ],
          [
            -117.655935,
            49.293493,
            521.7
          ],
          [
            -117.655917,
            49.293797,
            520.2
          ],
          [
            -117.65594,
            49.294094,
            518.5
          ],
          [
            -117.655968,
            49.294242,
            517.9
          ],
          [
            -117.656063,
            49.29456,
            516.6
          ],
          [
            -117.656109,
            49.294678,
            515.7
          ],
          [
            -117.656195,
            49.294848,
            514.9
          ],
          [
            -117.656419,
            49.295249,
            512.7
          ],
          [
            -117.65717,
            49.296419,
            506
          ],
          [
            -117.657339,
            49.296708,
            503.7
          ],
          [
            -117.657408,
            49.296854,
            502.6
          ],
          [
            -117.657456,
            49.296998,
            501.7
          ],
          [
            -117.657486,
            49.297148,
            501.1
          ],
          [
            -117.657493,
            49.2973,
            500.1
          ],
          [
            -117.657476,
            49.297451,
            499.2
          ],
          [
            -117.657434,
            49.2976,
            497.6
          ],
          [
            -117.65737,
            49.297746,
            496.8
          ],
          [
            -117.657293,
            49.297885,
            495.7
          ],
          [
            -117.657198,
            49.298024,
            495
          ],
          [
            -117.657089,
            49.298154,
            494.4
          ],
          [
            -117.656787,
            49.298379,
            493.4
          ],
          [
            -117.656447,
            49.298577,
            491.5
          ],
          [
            -117.656258,
            49.298658,
            490.4
          ],
          [
            -117.655852,
            49.298804,
            489
          ],
          [
            -117.65564,
            49.29886,
            488.4
          ],
          [
            -117.655422,
            49.298903,
            488
          ],
          [
            -117.655194,
            49.298933,
            487.5
          ],
          [
            -117.654732,
            49.298961,
            486.6
          ],
          [
            -117.654268,
            49.298945,
            485.5
          ],
          [
            -117.654042,
            49.298921,
            484.3
          ],
          [
            -117.653817,
            49.298883,
            483.6
          ],
          [
            -117.653603,
            49.298831,
            483
          ],
          [
            -117.653389,
            49.298766,
            482.4
          ],
          [
            -117.653187,
            49.298691,
            481.6
          ],
          [
            -117.652994,
            49.298604,
            480.8
          ],
          [
            -117.652646,
            49.2984,
            478.8
          ],
          [
            -117.652487,
            49.298285,
            477.6
          ],
          [
            -117.652352,
            49.298163,
            476.5
          ],
          [
            -117.652128,
            49.297923,
            474.7
          ],
          [
            -117.651493,
            49.297073,
            471.2
          ],
          [
            -117.651355,
            49.296907,
            470.9
          ],
          [
            -117.651225,
            49.296777,
            470.7
          ],
          [
            -117.650967,
            49.296551,
            469.9
          ],
          [
            -117.65081,
            49.296432,
            469.9
          ],
          [
            -117.650605,
            49.296294,
            469.5
          ],
          [
            -117.650283,
            49.296101,
            468.9
          ],
          [
            -117.650088,
            49.296001,
            468.8
          ],
          [
            -117.649874,
            49.295921,
            468.4
          ],
          [
            -117.649448,
            49.295742,
            467.6
          ],
          [
            -117.649184,
            49.295651,
            467
          ],
          [
            -117.648521,
            49.295473,
            465.7
          ],
          [
            -117.648036,
            49.295371,
            465
          ],
          [
            -117.644934,
            49.294778,
            464.2
          ],
          [
            -117.640526,
            49.29391,
            464.8
          ],
          [
            -117.640038,
            49.293802,
            465.5
          ],
          [
            -117.639792,
            49.293738,
            465.7
          ],
          [
            -117.639144,
            49.293496,
            466.2
          ],
          [
            -117.63869,
            49.293304,
            467
          ],
          [
            -117.63848,
            49.293203,
            467.7
          ],
          [
            -117.638075,
            49.292984,
            468.4
          ],
          [
            -117.637706,
            49.292755,
            469.3
          ],
          [
            -117.637218,
            49.292377,
            471.2
          ],
          [
            -117.636804,
            49.291998,
            473
          ],
          [
            -117.636709,
            49.291717,
            473.7
          ],
          [
            -117.636695,
            49.291572,
            473.6
          ],
          [
            -117.636718,
            49.291428,
            473.4
          ],
          [
            -117.636786,
            49.291292,
            473.9
          ],
          [
            -117.636898,
            49.291167,
            474.1
          ],
          [
            -117.637039,
            49.29105,
            473.9
          ],
          [
            -117.637234,
            49.29097,
            473.8
          ],
          [
            -117.637455,
            49.290921,
            473.5
          ],
          [
            -117.637684,
            49.290907,
            473.1
          ],
          [
            -117.63791,
            49.290929,
            472.8
          ],
          [
            -117.638127,
            49.290987,
            472.6
          ],
          [
            -117.638316,
            49.291077,
            472.5
          ],
          [
            -117.638466,
            49.291192,
            472.7
          ],
          [
            -117.638575,
            49.29133,
            473
          ],
          [
            -117.638633,
            49.291481,
            473.5
          ],
          [
            -117.638645,
            49.291639,
            473.9
          ],
          [
            -117.638619,
            49.2918,
            474.2
          ],
          [
            -117.638232,
            49.292972,
            475.1
          ],
          [
            -117.638046,
            49.2935,
            476.1
          ],
          [
            -117.637941,
            49.293864,
            476.8
          ],
          [
            -117.637902,
            49.294048,
            477.2
          ],
          [
            -117.637878,
            49.294236,
            477.5
          ],
          [
            -117.637871,
            49.294428,
            477.8
          ],
          [
            -117.637878,
            49.294617,
            478.3
          ],
          [
            -117.637901,
            49.294808,
            478.7
          ],
          [
            -117.637991,
            49.295193,
            479.8
          ],
          [
            -117.638702,
            49.297504,
            486.2
          ],
          [
            -117.638803,
            49.297896,
            487
          ],
          [
            -117.638865,
            49.29829,
            487.5
          ],
          [
            -117.638885,
            49.298652,
            487.8
          ],
          [
            -117.638877,
            49.298855,
            487.7
          ],
          [
            -117.638854,
            49.299057,
            487.9
          ],
          [
            -117.638816,
            49.299259,
            487.9
          ],
          [
            -117.638698,
            49.29966,
            487.9
          ],
          [
            -117.638536,
            49.300056,
            487.5
          ],
          [
            -117.635301,
            49.307004,
            466.8
          ],
          [
            -117.634115,
            49.309579,
            456
          ],
          [
            -117.632699,
            49.312576,
            446.1
          ],
          [
            -117.632372,
            49.313334,
            445.1
          ],
          [
            -117.630913,
            49.31708,
            454
          ],
          [
            -117.630564,
            49.317921,
            457.5
          ],
          [
            -117.630372,
            49.318284,
            458.9
          ],
          [
            -117.630176,
            49.318572,
            459.9
          ],
          [
            -117.629874,
            49.31887,
            461
          ],
          [
            -117.629678,
            49.319047,
            461.6
          ],
          [
            -117.629355,
            49.3193,
            462.6
          ],
          [
            -117.629161,
            49.319435,
            463.1
          ],
          [
            -117.628737,
            49.319691,
            464
          ],
          [
            -117.628045,
            49.320046,
            465.5
          ],
          [
            -117.627262,
            49.320351,
            466.2
          ],
          [
            -117.626466,
            49.320682,
            466.7
          ],
          [
            -117.625952,
            49.320936,
            467
          ],
          [
            -117.625462,
            49.321211,
            467.2
          ],
          [
            -117.62524,
            49.321367,
            467.1
          ],
          [
            -117.625004,
            49.321513,
            467.1
          ],
          [
            -117.624761,
            49.321648,
            467.2
          ],
          [
            -117.624556,
            49.321815,
            467.4
          ],
          [
            -117.62432,
            49.321963,
            467.5
          ],
          [
            -117.623757,
            49.322479,
            467.4
          ],
          [
            -117.623411,
            49.322837,
            467.4
          ],
          [
            -117.623092,
            49.32322,
            467.8
          ],
          [
            -117.622819,
            49.323611,
            468.2
          ],
          [
            -117.622698,
            49.323814,
            468.3
          ],
          [
            -117.622491,
            49.324221,
            468.3
          ],
          [
            -117.6224,
            49.324428,
            468.4
          ],
          [
            -117.622155,
            49.325053,
            468.4
          ],
          [
            -117.622057,
            49.32526,
            468.1
          ],
          [
            -117.621944,
            49.325457,
            468
          ],
          [
            -117.621807,
            49.32565,
            468.1
          ],
          [
            -117.621647,
            49.325834,
            468.3
          ],
          [
            -117.621462,
            49.326013,
            468.5
          ],
          [
            -117.620084,
            49.326968,
            470.6
          ],
          [
            -117.619907,
            49.327102,
            470.9
          ],
          [
            -117.61932,
            49.327649,
            471.1
          ],
          [
            -117.619104,
            49.327879,
            471.1
          ],
          [
            -117.618821,
            49.328237,
            471.3
          ],
          [
            -117.618684,
            49.328441,
            471.3
          ],
          [
            -117.618557,
            49.328652,
            471.3
          ],
          [
            -117.617964,
            49.329721,
            472.2
          ],
          [
            -117.617695,
            49.330139,
            472.4
          ],
          [
            -117.617539,
            49.330347,
            472.6
          ],
          [
            -117.617367,
            49.330548,
            472.9
          ],
          [
            -117.61718,
            49.33074,
            472.9
          ],
          [
            -117.616768,
            49.3311,
            473
          ],
          [
            -117.616528,
            49.331266,
            473.2
          ],
          [
            -117.613888,
            49.333369,
            474.8
          ],
          [
            -117.613422,
            49.333701,
            475
          ],
          [
            -117.612926,
            49.334019,
            475.1
          ],
          [
            -117.612407,
            49.334323,
            475.2
          ],
          [
            -117.611862,
            49.334614,
            475.4
          ],
          [
            -117.611003,
            49.335015,
            475.6
          ],
          [
            -117.610415,
            49.335255,
            475.8
          ],
          [
            -117.609804,
            49.33547,
            475.4
          ],
          [
            -117.609192,
            49.335664,
            475
          ],
          [
            -117.608564,
            49.335837,
            474.8
          ],
          [
            -117.607928,
            49.335985,
            474.5
          ],
          [
            -117.606689,
            49.336231,
            473.9
          ],
          [
            -117.602428,
            49.337007,
            471.9
          ],
          [
            -117.601784,
            49.337152,
            471.4
          ],
          [
            -117.601462,
            49.337236,
            471.1
          ],
          [
            -117.60115,
            49.33733,
            471.2
          ],
          [
            -117.600845,
            49.337436,
            471
          ],
          [
            -117.600266,
            49.337674,
            470.3
          ],
          [
            -117.599991,
            49.337807,
            469.9
          ],
          [
            -117.599741,
            49.33796,
            469.5
          ],
          [
            -117.599481,
            49.338103,
            469.3
          ],
          [
            -117.598998,
            49.338408,
            468.6
          ],
          [
            -117.59855,
            49.338735,
            467.9
          ],
          [
            -117.597703,
            49.339425,
            467.3
          ],
          [
            -117.596891,
            49.340122,
            467.3
          ],
          [
            -117.596477,
            49.340461,
            467.4
          ],
          [
            -117.59603,
            49.340784,
            467.2
          ],
          [
            -117.595792,
            49.340934,
            467
          ],
          [
            -117.59554,
            49.341075,
            466.9
          ],
          [
            -117.595279,
            49.341206,
            467.2
          ],
          [
            -117.595005,
            49.341328,
            467.5
          ],
          [
            -117.593828,
            49.341716,
            467.6
          ],
          [
            -117.59325,
            49.341927,
            467.7
          ],
          [
            -117.592709,
            49.342171,
            467.7
          ],
          [
            -117.5925,
            49.342275,
            467.7
          ],
          [
            -117.59225,
            49.342412,
            467.8
          ],
          [
            -117.592009,
            49.342561,
            467.5
          ],
          [
            -117.591781,
            49.342718,
            467.4
          ],
          [
            -117.591366,
            49.343052,
            466.9
          ],
          [
            -117.590995,
            49.343413,
            466
          ],
          [
            -117.590485,
            49.343979,
            465.4
          ],
          [
            -117.59013,
            49.34435,
            465
          ],
          [
            -117.589939,
            49.34453,
            465
          ],
          [
            -117.589526,
            49.34488,
            465.1
          ],
          [
            -117.587624,
            49.346414,
            464.5
          ],
          [
            -117.586341,
            49.34738,
            462.9
          ],
          [
            -117.585712,
            49.347866,
            462
          ],
          [
            -117.582655,
            49.350303,
            462.5
          ],
          [
            -117.57834,
            49.35371,
            460.6
          ],
          [
            -117.577784,
            49.354165,
            461.5
          ],
          [
            -117.577212,
            49.354676,
            462.7
          ],
          [
            -117.576852,
            49.355025,
            463.4
          ],
          [
            -117.576339,
            49.355561,
            464.8
          ],
          [
            -117.576012,
            49.355925,
            465.3
          ],
          [
            -117.575545,
            49.35648,
            466
          ],
          [
            -117.575258,
            49.356858,
            466.6
          ],
          [
            -117.574869,
            49.357439,
            467.4
          ],
          [
            -117.570514,
            49.364203,
            466.7
          ],
          [
            -117.567491,
            49.368857,
            466
          ],
          [
            -117.567235,
            49.369238,
            466.3
          ],
          [
            -117.567099,
            49.369423,
            466.4
          ],
          [
            -117.566796,
            49.369784,
            467.2
          ],
          [
            -117.56663,
            49.369957,
            467.5
          ],
          [
            -117.566024,
            49.370432,
            468.7
          ],
          [
            -117.564925,
            49.371208,
            467.9
          ],
          [
            -117.564494,
            49.371527,
            467.6
          ],
          [
            -117.564131,
            49.371821,
            467.4
          ],
          [
            -117.563952,
            49.371996,
            467.2
          ],
          [
            -117.56357,
            49.372332,
            467.3
          ],
          [
            -117.563021,
            49.372846,
            468
          ],
          [
            -117.561237,
            49.374594,
            471.6
          ],
          [
            -117.558352,
            49.377395,
            474.9
          ],
          [
            -117.558006,
            49.377744,
            475.9
          ],
          [
            -117.557852,
            49.377922,
            476.4
          ],
          [
            -117.557716,
            49.378106,
            477.1
          ],
          [
            -117.557592,
            49.378294,
            477.9
          ],
          [
            -117.557368,
            49.378683,
            479.3
          ],
          [
            -117.55707,
            49.379292,
            480.8
          ],
          [
            -117.55651,
            49.380505,
            485
          ],
          [
            -117.554887,
            49.384086,
            491.5
          ],
          [
            -117.55479,
            49.384332,
            491.5
          ],
          [
            -117.554278,
            49.38551,
            492.4
          ],
          [
            -117.552884,
            49.388541,
            493.4
          ],
          [
            -117.550151,
            49.394554,
            497.7
          ],
          [
            -117.549954,
            49.394955,
            497.8
          ],
          [
            -117.549634,
            49.395552,
            498
          ],
          [
            -117.549408,
            49.395952,
            498.3
          ],
          [
            -117.549269,
            49.396141,
            498.5
          ],
          [
            -117.549036,
            49.396534,
            498.7
          ],
          [
            -117.548949,
            49.396736,
            498.7
          ],
          [
            -117.548468,
            49.39751,
            499.6
          ],
          [
            -117.547825,
            49.398472,
            500.8
          ],
          [
            -117.540657,
            49.40879,
            503.5
          ],
          [
            -117.540287,
            49.409375,
            503.6
          ],
          [
            -117.540175,
            49.409575,
            503.7
          ],
          [
            -117.539978,
            49.409976,
            504.1
          ],
          [
            -117.539891,
            49.410181,
            504
          ],
          [
            -117.539581,
            49.411001,
            504.1
          ],
          [
            -117.539409,
            49.411406,
            504
          ],
          [
            -117.539211,
            49.411807,
            503.9
          ],
          [
            -117.538985,
            49.412202,
            503.9
          ],
          [
            -117.538744,
            49.41259,
            503.6
          ],
          [
            -117.53836,
            49.413173,
            503.1
          ],
          [
            -117.536807,
            49.415452,
            497.7
          ],
          [
            -117.53652,
            49.415829,
            496.6
          ],
          [
            -117.536352,
            49.416011,
            495.9
          ],
          [
            -117.536164,
            49.416186,
            495.2
          ],
          [
            -117.535704,
            49.416481,
            493.9
          ],
          [
            -117.535459,
            49.41661,
            492.9
          ],
          [
            -117.534926,
            49.416855,
            490.8
          ],
          [
            -117.534651,
            49.416966,
            489.9
          ],
          [
            -117.533792,
            49.417285,
            487
          ],
          [
            -117.533513,
            49.4174,
            485.6
          ],
          [
            -117.532984,
            49.417657,
            483.3
          ],
          [
            -117.532734,
            49.417803,
            481.8
          ],
          [
            -117.532291,
            49.418133,
            479.5
          ],
          [
            -117.532089,
            49.418309,
            477.5
          ],
          [
            -117.531909,
            49.418495,
            476.8
          ],
          [
            -117.531757,
            49.418691,
            475.4
          ],
          [
            -117.531629,
            49.418898,
            473.6
          ],
          [
            -117.531523,
            49.41911,
            472.1
          ],
          [
            -117.530968,
            49.420549,
            468.9
          ],
          [
            -117.530463,
            49.421753,
            469.4
          ],
          [
            -117.529903,
            49.423167,
            474.3
          ],
          [
            -117.529742,
            49.423634,
            475.8
          ],
          [
            -117.529697,
            49.423804,
            476.4
          ],
          [
            -117.529661,
            49.424018,
            477.1
          ],
          [
            -117.529646,
            49.424233,
            478.1
          ],
          [
            -117.529657,
            49.42445,
            478.4
          ],
          [
            -117.529692,
            49.424711,
            479.1
          ],
          [
            -117.529784,
            49.425097,
            480.3
          ],
          [
            -117.530024,
            49.425978,
            481.5
          ],
          [
            -117.530365,
            49.42711,
            482.2
          ],
          [
            -117.53051,
            49.42756,
            482.6
          ],
          [
            -117.530593,
            49.427784,
            482.8
          ],
          [
            -117.531207,
            49.429305,
            486.5
          ],
          [
            -117.531599,
            49.430174,
            487.5
          ],
          [
            -117.531709,
            49.430385,
            488.3
          ],
          [
            -117.531846,
            49.430593,
            489.1
          ],
          [
            -117.531999,
            49.430795,
            489.9
          ],
          [
            -117.53232,
            49.431175,
            492.5
          ],
          [
            -117.532995,
            49.43191,
            497.4
          ],
          [
            -117.534084,
            49.433044,
            499.5
          ],
          [
            -117.534737,
            49.4338,
            503.4
          ],
          [
            -117.535018,
            49.434178,
            505.6
          ],
          [
            -117.535253,
            49.43456,
            508.1
          ],
          [
            -117.535444,
            49.434955,
            510.2
          ],
          [
            -117.53557,
            49.435323,
            510.9
          ],
          [
            -117.53562,
            49.435536,
            511.2
          ],
          [
            -117.53564,
            49.436012,
            511.7
          ],
          [
            -117.535651,
            49.436617,
            512.3
          ],
          [
            -117.535675,
            49.436829,
            512.1
          ],
          [
            -117.53564,
            49.4384,
            510.9
          ],
          [
            -117.535648,
            49.440622,
            509.6
          ],
          [
            -117.535623,
            49.440795,
            509.5
          ],
          [
            -117.535625,
            49.441837,
            508.3
          ],
          [
            -117.535687,
            49.441927,
            508.1
          ],
          [
            -117.535747,
            49.441957,
            508
          ],
          [
            -117.535831,
            49.441974,
            507.8
          ],
          [
            -117.535941,
            49.441982,
            507.7
          ],
          [
            -117.536063,
            49.441956,
            507.4
          ],
          [
            -117.536354,
            49.441955,
            506.2
          ],
          [
            -117.536533,
            49.441968,
            505.9
          ],
          [
            -117.538841,
            49.441932,
            499.6
          ],
          [
            -117.546803,
            49.44192,
            486.2
          ],
          [
            -117.547391,
            49.441907,
            486.6
          ],
          [
            -117.548535,
            49.441862,
            486.5
          ],
          [
            -117.548817,
            49.441867,
            486.4
          ],
          [
            -117.549099,
            49.441888,
            486.4
          ],
          [
            -117.549371,
            49.441939,
            486.4
          ],
          [
            -117.550181,
            49.442049,
            484.9
          ],
          [
            -117.55046,
            49.442069,
            484.3
          ],
          [
            -117.552386,
            49.442294,
            477.9
          ],
          [
            -117.552663,
            49.442336,
            477.3
          ],
          [
            -117.552928,
            49.44239,
            476.3
          ],
          [
            -117.55317,
            49.442485,
            475.8
          ],
          [
            -117.553435,
            49.442608,
            475.6
          ],
          [
            -117.554603,
            49.443272,
            474.2
          ],
          [
            -117.556078,
            49.444032,
            473.4
          ],
          [
            -117.5564,
            49.444213,
            474.1
          ],
          [
            -117.556548,
            49.44431,
            474.3
          ],
          [
            -117.556821,
            49.444527,
            474.8
          ],
          [
            -117.557063,
            49.444772,
            475.7
          ],
          [
            -117.55717,
            49.444901,
            475.7
          ],
          [
            -117.557353,
            49.445172,
            474.8
          ],
          [
            -117.557429,
            49.445314,
            474.9
          ],
          [
            -117.557546,
            49.445602,
            475.4
          ],
          [
            -117.558826,
            49.449202,
            481
          ],
          [
            -117.559031,
            49.449815,
            482.4
          ],
          [
            -117.559101,
            49.449968,
            482.6
          ],
          [
            -117.559718,
            49.452373,
            486.5
          ],
          [
            -117.560327,
            49.454915,
            492.6
          ],
          [
            -117.560377,
            49.455096,
            493
          ],
          [
            -117.56044,
            49.455278,
            493
          ],
          [
            -117.560519,
            49.455455,
            493.3
          ],
          [
            -117.560617,
            49.455632,
            493.3
          ],
          [
            -117.560731,
            49.455804,
            493.5
          ],
          [
            -117.560861,
            49.455972,
            493.3
          ],
          [
            -117.561006,
            49.456139,
            492.9
          ],
          [
            -117.561634,
            49.45681,
            492.2
          ],
          [
            -117.561887,
            49.457128,
            491.6
          ],
          [
            -117.562167,
            49.45753,
            491.6
          ],
          [
            -117.562862,
            49.458611,
            491.7
          ],
          [
            -117.563526,
            49.459554,
            491.1
          ],
          [
            -117.565312,
            49.462035,
            488.8
          ],
          [
            -117.565978,
            49.462989,
            488.9
          ],
          [
            -117.566273,
            49.463364,
            488.9
          ],
          [
            -117.566438,
            49.463544,
            489
          ],
          [
            -117.566796,
            49.463901,
            489.2
          ],
          [
            -117.569153,
            49.466151,
            492.8
          ],
          [
            -117.569489,
            49.466506,
            492.4
          ],
          [
            -117.569788,
            49.466869,
            492.2
          ],
          [
            -117.570055,
            49.46725,
            492.5
          ],
          [
            -117.570359,
            49.467848,
            492.8
          ],
          [
            -117.570601,
            49.468421,
            493.5
          ],
          [
            -117.57074,
            49.468837,
            493.7
          ],
          [
            -117.570805,
            49.469088,
            493.9
          ],
          [
            -117.570882,
            49.46951,
            493.9
          ],
          [
            -117.570929,
            49.469894,
            493.9
          ],
          [
            -117.570934,
            49.470318,
            494.6
          ],
          [
            -117.570887,
            49.472026,
            497
          ],
          [
            -117.570896,
            49.47245,
            497.3
          ],
          [
            -117.570935,
            49.473083,
            499.7
          ],
          [
            -117.571,
            49.4737,
            502.9
          ],
          [
            -117.571051,
            49.473903,
            503.8
          ],
          [
            -117.571104,
            49.474312,
            505.6
          ],
          [
            -117.571286,
            49.47549,
            511.6
          ],
          [
            -117.571451,
            49.476652,
            518.7
          ],
          [
            -117.57152,
            49.477042,
            521.5
          ],
          [
            -117.571609,
            49.477431,
            524.3
          ],
          [
            -117.571673,
            49.477624,
            525.4
          ],
          [
            -117.571754,
            49.477817,
            526.5
          ],
          [
            -117.571938,
            49.47815,
            528.8
          ],
          [
            -117.572059,
            49.478331,
            529.7
          ],
          [
            -117.572469,
            49.478874,
            532.6
          ],
          [
            -117.573071,
            49.479644,
            535.4
          ],
          [
            -117.5749,
            49.481913,
            538.2
          ],
          [
            -117.575073,
            49.482105,
            537.6
          ],
          [
            -117.57526,
            49.482292,
            536.6
          ],
          [
            -117.575467,
            49.482474,
            535.6
          ],
          [
            -117.575688,
            49.482643,
            534.7
          ],
          [
            -117.575954,
            49.482805,
            533.8
          ],
          [
            -117.576492,
            49.483101,
            531.3
          ],
          [
            -117.576773,
            49.483234,
            530.4
          ],
          [
            -117.577089,
            49.483357,
            529.3
          ],
          [
            -117.577406,
            49.483464,
            528.1
          ],
          [
            -117.577734,
            49.483562,
            527
          ],
          [
            -117.579071,
            49.483927,
            520.2
          ],
          [
            -117.579742,
            49.484126,
            516.7
          ],
          [
            -117.580385,
            49.484359,
            513.3
          ],
          [
            -117.580696,
            49.484492,
            511.8
          ],
          [
            -117.580994,
            49.484637,
            510.4
          ],
          [
            -117.58156,
            49.484959,
            507.5
          ],
          [
            -117.58182,
            49.485129,
            506.1
          ],
          [
            -117.582277,
            49.485517,
            503.5
          ],
          [
            -117.582487,
            49.485715,
            502.3
          ],
          [
            -117.582866,
            49.486126,
            500.5
          ],
          [
            -117.58303,
            49.486332,
            499.5
          ],
          [
            -117.583171,
            49.486544,
            498.4
          ],
          [
            -117.583533,
            49.487137,
            497.2
          ],
          [
            -117.584516,
            49.488798,
            496.8
          ],
          [
            -117.584764,
            49.489026,
            496
          ],
          [
            -117.585105,
            49.489629,
            493.9
          ],
          [
            -117.585183,
            49.489908,
            493.2
          ],
          [
            -117.585321,
            49.490121,
            492.4
          ],
          [
            -117.585589,
            49.490507,
            490.7
          ],
          [
            -117.585753,
            49.490719,
            489.7
          ],
          [
            -117.585967,
            49.490966,
            488.9
          ],
          [
            -117.586359,
            49.491364,
            487.3
          ],
          [
            -117.586544,
            49.491512,
            486.8
          ],
          [
            -117.587027,
            49.491937,
            485.6
          ],
          [
            -117.587451,
            49.492264,
            484.4
          ],
          [
            -117.58793,
            49.492611,
            483.8
          ],
          [
            -117.58911,
            49.493436,
            482.7
          ],
          [
            -117.590982,
            49.494717,
            480.9
          ],
          [
            -117.59795,
            49.499572,
            485.6
          ],
          [
            -117.598165,
            49.499732,
            485.7
          ],
          [
            -117.598408,
            49.499934,
            486
          ],
          [
            -117.598553,
            49.500076,
            486
          ],
          [
            -117.598751,
            49.500296,
            486
          ],
          [
            -117.598867,
            49.500449,
            485.7
          ],
          [
            -117.598926,
            49.500662,
            485.1
          ],
          [
            -117.599108,
            49.500847,
            485.2
          ],
          [
            -117.5992,
            49.501051,
            485.4
          ],
          [
            -117.599269,
            49.501261,
            485.6
          ],
          [
            -117.599322,
            49.50147,
            485.1
          ],
          [
            -117.599255,
            49.501694,
            485.1
          ],
          [
            -117.599625,
            49.503394,
            484.8
          ],
          [
            -117.599778,
            49.50403,
            485.2
          ],
          [
            -117.599842,
            49.504241,
            485.2
          ],
          [
            -117.599919,
            49.504451,
            485.5
          ],
          [
            -117.600017,
            49.504654,
            485.6
          ],
          [
            -117.600351,
            49.505259,
            485.5
          ],
          [
            -117.600483,
            49.505454,
            485.4
          ],
          [
            -117.601912,
            49.508038,
            484.7
          ],
          [
            -117.60207,
            49.508273,
            484.7
          ],
          [
            -117.602219,
            49.508459,
            484.9
          ],
          [
            -117.602355,
            49.508605,
            484.8
          ],
          [
            -117.602536,
            49.508779,
            485.1
          ],
          [
            -117.602739,
            49.508947,
            484.9
          ],
          [
            -117.603008,
            49.509135,
            484.3
          ],
          [
            -117.603252,
            49.509277,
            483.7
          ],
          [
            -117.603733,
            49.509505,
            483.4
          ],
          [
            -117.604587,
            49.509828,
            484.6
          ],
          [
            -117.610959,
            49.512053,
            482.1
          ],
          [
            -117.6113,
            49.512099,
            482.1
          ],
          [
            -117.618351,
            49.51457,
            485.6
          ],
          [
            -117.618543,
            49.514656,
            485.6
          ],
          [
            -117.618795,
            49.514746,
            485.7
          ],
          [
            -117.618971,
            49.514789,
            485.8
          ],
          [
            -117.620699,
            49.515393,
            486.5
          ],
          [
            -117.620904,
            49.515491,
            486.7
          ],
          [
            -117.624749,
            49.516846,
            488.7
          ],
          [
            -117.625741,
            49.51724,
            489.6
          ],
          [
            -117.626211,
            49.517463,
            490
          ],
          [
            -117.626889,
            49.517817,
            489.9
          ],
          [
            -117.627316,
            49.518066,
            489.5
          ],
          [
            -117.627718,
            49.51833,
            490.1
          ],
          [
            -117.627912,
            49.518469,
            490.3
          ],
          [
            -117.628449,
            49.518898,
            491.3
          ],
          [
            -117.628781,
            49.519192,
            492.1
          ],
          [
            -117.629224,
            49.519641,
            492.8
          ],
          [
            -117.629633,
            49.520117,
            493.7
          ],
          [
            -117.629885,
            49.520441,
            495.1
          ],
          [
            -117.6302,
            49.520908,
            497
          ],
          [
            -117.630369,
            49.521248,
            498.5
          ],
          [
            -117.630541,
            49.521638,
            500.1
          ],
          [
            -117.631346,
            49.523963,
            504.2
          ],
          [
            -117.631505,
            49.524338,
            504.3
          ],
          [
            -117.631616,
            49.524546,
            504.4
          ],
          [
            -117.631772,
            49.524784,
            504.8
          ],
          [
            -117.63233,
            49.525513,
            506.3
          ],
          [
            -117.632498,
            49.525698,
            506.7
          ],
          [
            -117.632919,
            49.526275,
            507.8
          ],
          [
            -117.633051,
            49.526469,
            508.6
          ],
          [
            -117.63317,
            49.526669,
            509.4
          ],
          [
            -117.63327,
            49.526873,
            510.1
          ],
          [
            -117.633302,
            49.527082,
            510.5
          ],
          [
            -117.633319,
            49.527292,
            511
          ],
          [
            -117.633305,
            49.527485,
            511.7
          ],
          [
            -117.633266,
            49.527688,
            512.4
          ],
          [
            -117.633197,
            49.527883,
            513
          ],
          [
            -117.633104,
            49.528077,
            514
          ],
          [
            -117.632866,
            49.528454,
            514.7
          ],
          [
            -117.632301,
            49.52921,
            513.9
          ],
          [
            -117.632037,
            49.529588,
            513.3
          ],
          [
            -117.63192,
            49.529781,
            512.8
          ],
          [
            -117.631831,
            49.529979,
            512.6
          ],
          [
            -117.631771,
            49.530176,
            512.2
          ],
          [
            -117.631758,
            49.530576,
            511.7
          ],
          [
            -117.631792,
            49.530778,
            511.2
          ],
          [
            -117.631864,
            49.530979,
            510.9
          ],
          [
            -117.631964,
            49.531175,
            510.1
          ],
          [
            -117.632091,
            49.531372,
            508.9
          ],
          [
            -117.63236,
            49.531718,
            507.3
          ],
          [
            -117.633768,
            49.533441,
            503.4
          ],
          [
            -117.633931,
            49.533629,
            503.5
          ],
          [
            -117.634286,
            49.533984,
            504.3
          ],
          [
            -117.634678,
            49.534318,
            505.5
          ],
          [
            -117.635505,
            49.53494,
            507.6
          ],
          [
            -117.636109,
            49.535412,
            507
          ],
          [
            -117.63632,
            49.535565,
            506.3
          ],
          [
            -117.636546,
            49.535708,
            505.7
          ],
          [
            -117.637069,
            49.535918,
            504.5
          ],
          [
            -117.637655,
            49.536111,
            502.8
          ],
          [
            -117.63826,
            49.536269,
            501
          ],
          [
            -117.639193,
            49.536489,
            498
          ],
          [
            -117.639824,
            49.536617,
            496.5
          ],
          [
            -117.642723,
            49.537124,
            493.3
          ],
          [
            -117.643029,
            49.537191,
            493.4
          ],
          [
            -117.643324,
            49.537271,
            493.4
          ],
          [
            -117.643601,
            49.537361,
            493.4
          ],
          [
            -117.643862,
            49.537461,
            493.6
          ],
          [
            -117.644121,
            49.537577,
            493.8
          ],
          [
            -117.644539,
            49.537863,
            493.7
          ],
          [
            -117.644921,
            49.538167,
            493.6
          ],
          [
            -117.649996,
            49.542511,
            496
          ],
          [
            -117.650169,
            49.54267,
            495.9
          ],
          [
            -117.650326,
            49.542834,
            495.8
          ],
          [
            -117.65046,
            49.543007,
            496.3
          ],
          [
            -117.650567,
            49.54319,
            496.2
          ],
          [
            -117.650651,
            49.543378,
            496.5
          ],
          [
            -117.650712,
            49.543568,
            497
          ],
          [
            -117.650746,
            49.543765,
            497.4
          ],
          [
            -117.650754,
            49.543965,
            498.3
          ],
          [
            -117.650732,
            49.54416,
            499.2
          ],
          [
            -117.650687,
            49.544353,
            500.1
          ],
          [
            -117.650615,
            49.544545,
            501.2
          ],
          [
            -117.650517,
            49.544733,
            502.5
          ],
          [
            -117.650253,
            49.545092,
            505.1
          ],
          [
            -117.649099,
            49.546544,
            512.8
          ],
          [
            -117.648968,
            49.546731,
            513.9
          ],
          [
            -117.648859,
            49.546917,
            514.8
          ],
          [
            -117.648764,
            49.547107,
            515.3
          ],
          [
            -117.648702,
            49.547303,
            516.2
          ],
          [
            -117.64856,
            49.54769,
            517.5
          ],
          [
            -117.648507,
            49.547889,
            518.1
          ],
          [
            -117.648378,
            49.548478,
            520.6
          ],
          [
            -117.648332,
            49.548823,
            522
          ],
          [
            -117.64832,
            49.549203,
            523
          ],
          [
            -117.648326,
            49.549756,
            523.9
          ],
          [
            -117.648341,
            49.549941,
            523.9
          ],
          [
            -117.648369,
            49.550125,
            524.3
          ],
          [
            -117.648414,
            49.550311,
            524.4
          ],
          [
            -117.648473,
            49.550496,
            524.4
          ],
          [
            -117.64863,
            49.55086,
            524.6
          ],
          [
            -117.648991,
            49.55157,
            524.2
          ],
          [
            -117.649097,
            49.551746,
            524.1
          ],
          [
            -117.649223,
            49.551913,
            523.7
          ],
          [
            -117.649377,
            49.552078,
            523.5
          ],
          [
            -117.650816,
            49.553339,
            525.9
          ],
          [
            -117.650986,
            49.553496,
            525.6
          ],
          [
            -117.651136,
            49.55366,
            525
          ],
          [
            -117.651256,
            49.553833,
            524.8
          ],
          [
            -117.651354,
            49.554017,
            524.4
          ],
          [
            -117.651434,
            49.554396,
            523.8
          ],
          [
            -117.651558,
            49.55518,
            522.3
          ],
          [
            -117.651592,
            49.555572,
            521.9
          ],
          [
            -117.651582,
            49.555769,
            521.5
          ],
          [
            -117.651516,
            49.556167,
            520.3
          ],
          [
            -117.651062,
            49.557804,
            518.9
          ],
          [
            -117.650981,
            49.55819,
            519.6
          ],
          [
            -117.650965,
            49.558375,
            520.2
          ],
          [
            -117.650975,
            49.558553,
            520.4
          ],
          [
            -117.650955,
            49.559366,
            521.9
          ],
          [
            -117.650926,
            49.559766,
            522.5
          ],
          [
            -117.650878,
            49.5599,
            522.6
          ],
          [
            -117.650838,
            49.560052,
            522.7
          ],
          [
            -117.650477,
            49.561033,
            525.7
          ],
          [
            -117.650399,
            49.561211,
            525.8
          ],
          [
            -117.650312,
            49.561375,
            526.2
          ],
          [
            -117.65022,
            49.561521,
            527.1
          ],
          [
            -117.650045,
            49.561717,
            528.5
          ],
          [
            -117.649928,
            49.561827,
            529.6
          ],
          [
            -117.649693,
            49.562007,
            530.7
          ],
          [
            -117.648144,
            49.563076,
            533.4
          ],
          [
            -117.648087,
            49.563139,
            533.4
          ],
          [
            -117.647613,
            49.563424,
            532.1
          ],
          [
            -117.645893,
            49.564616,
            531.5
          ],
          [
            -117.645361,
            49.564941,
            532.5
          ],
          [
            -117.644507,
            49.56538,
            532.8
          ],
          [
            -117.643733,
            49.565725,
            532
          ],
          [
            -117.641454,
            49.566618,
            528.5
          ],
          [
            -117.641113,
            49.566767,
            526.5
          ],
          [
            -117.640748,
            49.566968,
            524.4
          ],
          [
            -117.640222,
            49.567301,
            521.6
          ],
          [
            -117.640027,
            49.567409,
            520.9
          ],
          [
            -117.639178,
            49.567805,
            516.6
          ],
          [
            -117.63898,
            49.567915,
            515.8
          ],
          [
            -117.638795,
            49.568039,
            515.2
          ],
          [
            -117.638636,
            49.568169,
            515
          ],
          [
            -117.638497,
            49.568309,
            514.9
          ],
          [
            -117.637754,
            49.569194,
            513.3
          ],
          [
            -117.636993,
            49.570122,
            512.3
          ],
          [
            -117.636718,
            49.570417,
            512.9
          ],
          [
            -117.636565,
            49.570554,
            512.8
          ],
          [
            -117.636399,
            49.570685,
            512.9
          ],
          [
            -117.635389,
            49.571242,
            512.5
          ],
          [
            -117.635172,
            49.571349,
            512.4
          ],
          [
            -117.634697,
            49.571536,
            512
          ],
          [
            -117.634185,
            49.571696,
            510.7
          ],
          [
            -117.633912,
            49.571768,
            510
          ],
          [
            -117.633098,
            49.571955,
            506.9
          ],
          [
            -117.631722,
            49.572232,
            505.8
          ],
          [
            -117.631176,
            49.572385,
            506.6
          ],
          [
            -117.630663,
            49.572553,
            507.9
          ],
          [
            -117.630221,
            49.572719,
            509
          ],
          [
            -117.62946,
            49.573063,
            511.5
          ],
          [
            -117.629021,
            49.573229,
            512.7
          ],
          [
            -117.628584,
            49.573431,
            514.5
          ],
          [
            -117.628388,
            49.573542,
            515.3
          ],
          [
            -117.628037,
            49.57379,
            516.5
          ],
          [
            -117.626445,
            49.575008,
            518.5
          ],
          [
            -117.626289,
            49.575144,
            519.1
          ],
          [
            -117.626147,
            49.575291,
            519
          ],
          [
            -117.626026,
            49.575446,
            518.7
          ],
          [
            -117.625702,
            49.575932,
            520.1
          ],
          [
            -117.625569,
            49.576086,
            520.2
          ],
          [
            -117.625421,
            49.576229,
            520.7
          ],
          [
            -117.624419,
            49.577041,
            521.4
          ],
          [
            -117.624049,
            49.577302,
            521.3
          ],
          [
            -117.623841,
            49.577425,
            521.6
          ],
          [
            -117.623621,
            49.57754,
            521.5
          ],
          [
            -117.623386,
            49.577647,
            521.7
          ],
          [
            -117.62314,
            49.577743,
            521.9
          ],
          [
            -117.62262,
            49.577903,
            522.7
          ],
          [
            -117.622342,
            49.577952,
            523.2
          ],
          [
            -117.621028,
            49.578266,
            525.2
          ],
          [
            -117.620243,
            49.578442,
            525.4
          ],
          [
            -117.619442,
            49.578601,
            524
          ],
          [
            -117.617758,
            49.578906,
            521.2
          ],
          [
            -117.617474,
            49.578982,
            520.8
          ],
          [
            -117.616514,
            49.57915,
            518.8
          ],
          [
            -117.616264,
            49.579166,
            518.2
          ],
          [
            -117.615671,
            49.579264,
            517.3
          ],
          [
            -117.61417,
            49.579478,
            513.5
          ],
          [
            -117.613868,
            49.579539,
            512.7
          ],
          [
            -117.612638,
            49.579729,
            512.1
          ],
          [
            -117.61229,
            49.579812,
            512.2
          ],
          [
            -117.612031,
            49.579903,
            512.2
          ],
          [
            -117.611841,
            49.579993,
            512.1
          ],
          [
            -117.611612,
            49.580126,
            512.1
          ],
          [
            -117.611397,
            49.580273,
            511.9
          ],
          [
            -117.610614,
            49.580888,
            511.5
          ],
          [
            -117.610224,
            49.581171,
            512.1
          ],
          [
            -117.610014,
            49.58129,
            512.7
          ],
          [
            -117.609789,
            49.581389,
            512.5
          ],
          [
            -117.609539,
            49.581476,
            512.9
          ],
          [
            -117.609279,
            49.581551,
            512.9
          ],
          [
            -117.607358,
            49.582021,
            510.6
          ],
          [
            -117.607095,
            49.582095,
            510.6
          ],
          [
            -117.606836,
            49.582184,
            510
          ],
          [
            -117.606591,
            49.582289,
            509.8
          ],
          [
            -117.606362,
            49.582407,
            510.1
          ],
          [
            -117.60615,
            49.582538,
            510.6
          ],
          [
            -117.605182,
            49.583204,
            514.7
          ],
          [
            -117.604399,
            49.5837,
            514.8
          ],
          [
            -117.603747,
            49.584098,
            514.5
          ],
          [
            -117.602845,
            49.584615,
            512.8
          ],
          [
            -117.60145,
            49.585359,
            510.2
          ],
          [
            -117.589501,
            49.591608,
            508.7
          ],
          [
            -117.588727,
            49.592004,
            509.3
          ],
          [
            -117.588284,
            49.592212,
            509.9
          ],
          [
            -117.58777,
            49.592423,
            510.4
          ],
          [
            -117.587503,
            49.592521,
            510.5
          ],
          [
            -117.586953,
            49.592698,
            510.4
          ],
          [
            -117.586372,
            49.592852,
            510.6
          ],
          [
            -117.585181,
            49.593048,
            512
          ],
          [
            -117.584585,
            49.593125,
            513
          ],
          [
            -117.584286,
            49.593154,
            513.4
          ],
          [
            -117.583676,
            49.593188,
            514.2
          ],
          [
            -117.583375,
            49.593188,
            514.3
          ],
          [
            -117.58301,
            49.593172,
            514.7
          ],
          [
            -117.582473,
            49.593116,
            515.6
          ],
          [
            -117.582182,
            49.59307,
            515.8
          ],
          [
            -117.581594,
            49.592943,
            516.6
          ],
          [
            -117.580459,
            49.592623,
            517.8
          ],
          [
            -117.579878,
            49.592478,
            518.6
          ],
          [
            -117.579579,
            49.592421,
            519.1
          ],
          [
            -117.578986,
            49.592334,
            519.8
          ],
          [
            -117.578381,
            49.592259,
            520
          ],
          [
            -117.577768,
            49.592206,
            520.3
          ],
          [
            -117.577448,
            49.592201,
            520.1
          ],
          [
            -117.577129,
            49.592216,
            520.2
          ],
          [
            -117.576525,
            49.592305,
            519.7
          ],
          [
            -117.576237,
            49.592368,
            520.2
          ],
          [
            -117.575953,
            49.592447,
            520.7
          ],
          [
            -117.575688,
            49.592543,
            521
          ],
          [
            -117.575437,
            49.592657,
            521
          ],
          [
            -117.575248,
            49.592756,
            521.2
          ],
          [
            -117.57451,
            49.593172,
            520.8
          ],
          [
            -117.574122,
            49.593423,
            520.4
          ],
          [
            -117.57392,
            49.593574,
            520.4
          ],
          [
            -117.573737,
            49.593732,
            520.4
          ],
          [
            -117.573532,
            49.593932,
            520.3
          ],
          [
            -117.573422,
            49.594082,
            520.1
          ],
          [
            -117.573107,
            49.594442,
            520.3
          ],
          [
            -117.572814,
            49.594799,
            520.7
          ],
          [
            -117.572481,
            49.595145,
            519.8
          ],
          [
            -117.572299,
            49.595309,
            519.8
          ],
          [
            -117.571895,
            49.595608,
            519.6
          ],
          [
            -117.57146,
            49.595877,
            519.9
          ],
          [
            -117.571005,
            49.59612,
            520.9
          ],
          [
            -117.570529,
            49.596337,
            521.5
          ],
          [
            -117.569006,
            49.596962,
            524.9
          ],
          [
            -117.568506,
            49.597197,
            526.7
          ],
          [
            -117.568035,
            49.597464,
            527.1
          ],
          [
            -117.567591,
            49.59777,
            526.6
          ],
          [
            -117.566935,
            49.598257,
            525.9
          ],
          [
            -117.564141,
            49.600411,
            523.5
          ],
          [
            -117.563968,
            49.600562,
            523.2
          ],
          [
            -117.563847,
            49.600688,
            523
          ],
          [
            -117.56372,
            49.600854,
            522.9
          ],
          [
            -117.563609,
            49.60106,
            523
          ],
          [
            -117.563553,
            49.601232,
            523
          ],
          [
            -117.563586,
            49.601551,
            522.5
          ],
          [
            -117.563633,
            49.60173,
            521.4
          ],
          [
            -117.563779,
            49.602137,
            520.7
          ],
          [
            -117.563812,
            49.602293,
            520.9
          ],
          [
            -117.564062,
            49.602858,
            520.4
          ],
          [
            -117.564165,
            49.603036,
            519.9
          ],
          [
            -117.564281,
            49.603203,
            519.8
          ],
          [
            -117.564417,
            49.603369,
            520.6
          ],
          [
            -117.564601,
            49.603562,
            520.4
          ],
          [
            -117.564774,
            49.60372,
            520.2
          ],
          [
            -117.565119,
            49.603981,
            518.6
          ],
          [
            -117.566157,
            49.604668,
            517.3
          ],
          [
            -117.566924,
            49.605192,
            516.8
          ],
          [
            -117.567265,
            49.605459,
            516.6
          ],
          [
            -117.567418,
            49.605598,
            516.7
          ],
          [
            -117.567673,
            49.60588,
            516.9
          ],
          [
            -117.567781,
            49.606027,
            517
          ],
          [
            -117.567872,
            49.60617,
            517.1
          ],
          [
            -117.568017,
            49.606458,
            517.2
          ],
          [
            -117.568044,
            49.606602,
            517.2
          ],
          [
            -117.568173,
            49.607014,
            517.9
          ],
          [
            -117.568299,
            49.60753,
            518.5
          ],
          [
            -117.568347,
            49.607774,
            518.7
          ],
          [
            -117.568352,
            49.608017,
            519.5
          ],
          [
            -117.568326,
            49.608137,
            519.9
          ],
          [
            -117.568286,
            49.608252,
            520
          ],
          [
            -117.568227,
            49.608367,
            520.5
          ],
          [
            -117.568152,
            49.608473,
            521
          ],
          [
            -117.568083,
            49.608552,
            521.7
          ],
          [
            -117.567977,
            49.60865,
            522.1
          ],
          [
            -117.567727,
            49.608803,
            522.7
          ],
          [
            -117.567559,
            49.60888,
            523.3
          ],
          [
            -117.567099,
            49.609027,
            525
          ],
          [
            -117.566333,
            49.609236,
            526.7
          ],
          [
            -117.56574,
            49.609433,
            527.7
          ],
          [
            -117.565151,
            49.609669,
            529.4
          ],
          [
            -117.5646,
            49.609933,
            531.2
          ],
          [
            -117.564084,
            49.610227,
            533.3
          ],
          [
            -117.563777,
            49.610435,
            534.4
          ],
          [
            -117.563368,
            49.610733,
            535.3
          ],
          [
            -117.56327,
            49.610845,
            535.3
          ],
          [
            -117.563143,
            49.610941,
            535.5
          ],
          [
            -117.562609,
            49.61133,
            537.2
          ],
          [
            -117.56245,
            49.611417,
            537.6
          ],
          [
            -117.56232,
            49.611533,
            538.1
          ],
          [
            -117.55652,
            49.615801,
            554.4
          ],
          [
            -117.556171,
            49.616045,
            553.8
          ],
          [
            -117.555788,
            49.616276,
            552.4
          ],
          [
            -117.555575,
            49.616387,
            551.6
          ],
          [
            -117.555107,
            49.616601,
            548.7
          ],
          [
            -117.55484,
            49.616692,
            547.3
          ],
          [
            -117.554602,
            49.616812,
            545.8
          ],
          [
            -117.554092,
            49.617036,
            543.2
          ],
          [
            -117.553843,
            49.617159,
            541.9
          ],
          [
            -117.553125,
            49.617562,
            537.6
          ],
          [
            -117.552655,
            49.617853,
            534.9
          ],
          [
            -117.552429,
            49.618007,
            534.2
          ],
          [
            -117.552223,
            49.618167,
            533.4
          ],
          [
            -117.55204,
            49.618334,
            532.9
          ],
          [
            -117.551871,
            49.618508,
            533.2
          ],
          [
            -117.550822,
            49.619716,
            534.6
          ],
          [
            -117.55035,
            49.620222,
            535.3
          ],
          [
            -117.549841,
            49.620719,
            536.3
          ],
          [
            -117.549303,
            49.621213,
            537.7
          ],
          [
            -117.548561,
            49.621873,
            539.5
          ],
          [
            -117.548238,
            49.622182,
            540.6
          ],
          [
            -117.547899,
            49.622531,
            542
          ],
          [
            -117.547258,
            49.623235,
            544.9
          ],
          [
            -117.546951,
            49.623599,
            545.8
          ],
          [
            -117.546524,
            49.624155,
            546.3
          ],
          [
            -117.544071,
            49.627587,
            546.7
          ],
          [
            -117.543814,
            49.627923,
            547.4
          ],
          [
            -117.543675,
            49.628079,
            547.6
          ],
          [
            -117.543517,
            49.628232,
            547.7
          ],
          [
            -117.543339,
            49.628371,
            547.7
          ],
          [
            -117.542874,
            49.628569,
            547.3
          ],
          [
            -117.542621,
            49.628643,
            547.3
          ],
          [
            -117.542356,
            49.6287,
            547.1
          ],
          [
            -117.542087,
            49.628742,
            547
          ],
          [
            -117.541211,
            49.62884,
            545.5
          ],
          [
            -117.540911,
            49.628884,
            545.4
          ],
          [
            -117.540608,
            49.62894,
            545
          ],
          [
            -117.54033,
            49.629014,
            544.6
          ],
          [
            -117.540059,
            49.629117,
            544.2
          ],
          [
            -117.539824,
            49.629239,
            544.1
          ],
          [
            -117.539418,
            49.629523,
            542.9
          ],
          [
            -117.539239,
            49.629678,
            542.5
          ],
          [
            -117.539086,
            49.629846,
            542.3
          ],
          [
            -117.538691,
            49.630383,
            542
          ],
          [
            -117.538033,
            49.63123,
            538
          ],
          [
            -117.537946,
            49.63137,
            537.4
          ],
          [
            -117.537849,
            49.631592,
            536.5
          ],
          [
            -117.537806,
            49.631786,
            535.6
          ],
          [
            -117.537797,
            49.631976,
            535.3
          ],
          [
            -117.53802,
            49.632689,
            534.4
          ],
          [
            -117.538042,
            49.63288,
            533.9
          ],
          [
            -117.538082,
            49.633103,
            533.4
          ],
          [
            -117.538084,
            49.633254,
            532.9
          ],
          [
            -117.538065,
            49.633449,
            532.4
          ],
          [
            -117.537988,
            49.633676,
            531.3
          ],
          [
            -117.537911,
            49.633822,
            530.2
          ],
          [
            -117.536461,
            49.63625,
            533.2
          ],
          [
            -117.534524,
            49.6394,
            541.9
          ],
          [
            -117.533426,
            49.641209,
            546.9
          ],
          [
            -117.532955,
            49.641932,
            547.1
          ],
          [
            -117.532825,
            49.642111,
            546.9
          ],
          [
            -117.532493,
            49.642448,
            546.5
          ],
          [
            -117.532308,
            49.64261,
            546.1
          ],
          [
            -117.532149,
            49.64273,
            546
          ],
          [
            -117.531887,
            49.642898,
            545.8
          ],
          [
            -117.531402,
            49.64316,
            545.4
          ],
          [
            -117.530736,
            49.643547,
            544.9
          ],
          [
            -117.530053,
            49.643985,
            544.1
          ],
          [
            -117.52784,
            49.645481,
            544.2
          ],
          [
            -117.527415,
            49.645789,
            544.1
          ],
          [
            -117.527187,
            49.645986,
            543.9
          ],
          [
            -117.526623,
            49.646424,
            543.4
          ],
          [
            -117.526246,
            49.646744,
            543.2
          ],
          [
            -117.526067,
            49.646907,
            543.2
          ],
          [
            -117.525867,
            49.647111,
            543.1
          ],
          [
            -117.525752,
            49.647253,
            543
          ],
          [
            -117.525629,
            49.647436,
            543.1
          ],
          [
            -117.52543,
            49.647822,
            543.1
          ],
          [
            -117.525172,
            49.648409,
            543.3
          ],
          [
            -117.525056,
            49.64864,
            543.7
          ],
          [
            -117.52497,
            49.648794,
            543.6
          ],
          [
            -117.524847,
            49.648981,
            543.5
          ],
          [
            -117.524703,
            49.649166,
            543.2
          ],
          [
            -117.524376,
            49.64953,
            542.6
          ],
          [
            -117.523635,
            49.650247,
            542.4
          ],
          [
            -117.523058,
            49.650771,
            542.5
          ],
          [
            -117.52248,
            49.651264,
            542.4
          ],
          [
            -117.522273,
            49.651415,
            542.8
          ],
          [
            -117.522026,
            49.651537,
            543.5
          ],
          [
            -117.521782,
            49.651643,
            544
          ],
          [
            -117.521526,
            49.651733,
            544.6
          ],
          [
            -117.520986,
            49.651896,
            545.8
          ],
          [
            -117.519591,
            49.65228,
            547.8
          ],
          [
            -117.519052,
            49.652456,
            548.4
          ],
          [
            -117.518788,
            49.652561,
            548.5
          ],
          [
            -117.518538,
            49.652677,
            548.7
          ],
          [
            -117.518061,
            49.652923,
            548.8
          ],
          [
            -117.51784,
            49.653066,
            548.8
          ],
          [
            -117.517139,
            49.653451,
            548.4
          ],
          [
            -117.516885,
            49.653567,
            548
          ],
          [
            -117.516655,
            49.653697,
            547.5
          ],
          [
            -117.516449,
            49.653838,
            546.9
          ],
          [
            -117.516019,
            49.654107,
            546
          ],
          [
            -117.515452,
            49.654519,
            544.5
          ],
          [
            -117.515074,
            49.654829,
            543.9
          ],
          [
            -117.514313,
            49.655522,
            542.4
          ],
          [
            -117.512708,
            49.657023,
            539.6
          ],
          [
            -117.512357,
            49.65738,
            539.1
          ],
          [
            -117.512203,
            49.657563,
            539.1
          ],
          [
            -117.511933,
            49.657944,
            538.5
          ],
          [
            -117.511581,
            49.658534,
            537.8
          ],
          [
            -117.511273,
            49.659133,
            537.2
          ],
          [
            -117.511057,
            49.659521,
            536.9
          ],
          [
            -117.510817,
            49.659905,
            536.8
          ],
          [
            -117.510549,
            49.660271,
            536.3
          ],
          [
            -117.509968,
            49.661006,
            534.4
          ],
          [
            -117.507413,
            49.664143,
            529.3
          ],
          [
            -117.502755,
            49.669809,
            544
          ],
          [
            -117.501188,
            49.671738,
            554.1
          ],
          [
            -117.498385,
            49.675144,
            568.3
          ],
          [
            -117.495773,
            49.678351,
            594
          ],
          [
            -117.495467,
            49.678741,
            595.8
          ],
          [
            -117.49518,
            49.679133,
            596.9
          ],
          [
            -117.494909,
            49.67953,
            597.5
          ],
          [
            -117.494432,
            49.680345,
            597.8
          ],
          [
            -117.494208,
            49.680755,
            598.1
          ],
          [
            -117.4938,
            49.681567,
            598.6
          ],
          [
            -117.492986,
            49.683233,
            596
          ],
          [
            -117.492909,
            49.683447,
            595.6
          ],
          [
            -117.492783,
            49.683873,
            594.3
          ],
          [
            -117.492757,
            49.684085,
            593.7
          ],
          [
            -117.492749,
            49.684296,
            592.5
          ],
          [
            -117.492761,
            49.684718,
            592.2
          ],
          [
            -117.492779,
            49.684933,
            591.7
          ],
          [
            -117.492882,
            49.685746,
            590.1
          ],
          [
            -117.492897,
            49.685959,
            589.8
          ],
          [
            -117.4929,
            49.686211,
            589.3
          ],
          [
            -117.492878,
            49.686588,
            588.5
          ],
          [
            -117.49279,
            49.687264,
            586.5
          ],
          [
            -117.492754,
            49.687432,
            586.3
          ],
          [
            -117.492689,
            49.687638,
            586.4
          ],
          [
            -117.492595,
            49.687843,
            586.2
          ],
          [
            -117.492473,
            49.688038,
            586.1
          ],
          [
            -117.492284,
            49.688264,
            585.8
          ],
          [
            -117.491627,
            49.688963,
            585
          ],
          [
            -117.490454,
            49.690252,
            589.3
          ],
          [
            -117.488359,
            49.69252,
            591.1
          ],
          [
            -117.487316,
            49.693668,
            586.3
          ],
          [
            -117.486298,
            49.694811,
            578
          ],
          [
            -117.485379,
            49.695928,
            566
          ],
          [
            -117.485056,
            49.696306,
            563.6
          ],
          [
            -117.484886,
            49.69649,
            562.4
          ],
          [
            -117.484528,
            49.696841,
            560.2
          ],
          [
            -117.484316,
            49.697001,
            559.5
          ],
          [
            -117.481313,
            49.699523,
            557.5
          ],
          [
            -117.481117,
            49.699697,
            557.9
          ],
          [
            -117.480588,
            49.700248,
            561.1
          ],
          [
            -117.480429,
            49.700436,
            562.1
          ],
          [
            -117.480281,
            49.700633,
            562.6
          ],
          [
            -117.480024,
            49.701033,
            563.4
          ],
          [
            -117.47859,
            49.70364,
            570
          ],
          [
            -117.478367,
            49.70403,
            572.2
          ],
          [
            -117.478126,
            49.704422,
            575.2
          ],
          [
            -117.477866,
            49.704813,
            578.3
          ],
          [
            -117.477439,
            49.705398,
            583
          ],
          [
            -117.477131,
            49.705784,
            587.7
          ],
          [
            -117.476662,
            49.706316,
            592.7
          ],
          [
            -117.476092,
            49.706911,
            596.5
          ],
          [
            -117.475561,
            49.707417,
            598.3
          ],
          [
            -117.475161,
            49.707769,
            599
          ],
          [
            -117.474528,
            49.708283,
            599.1
          ],
          [
            -117.473872,
            49.708775,
            599.1
          ],
          [
            -117.473416,
            49.709094,
            598.9
          ],
          [
            -117.472706,
            49.709553,
            598.1
          ],
          [
            -117.472448,
            49.709693,
            597.9
          ],
          [
            -117.472227,
            49.709856,
            597.4
          ],
          [
            -117.471528,
            49.710314,
            595.9
          ],
          [
            -117.471305,
            49.710477,
            595.5
          ],
          [
            -117.470903,
            49.710816,
            594.8
          ],
          [
            -117.470543,
            49.711181,
            594.3
          ],
          [
            -117.470223,
            49.711556,
            593.5
          ],
          [
            -117.46743,
            49.715164,
            598.9
          ],
          [
            -117.467118,
            49.7156,
            599.5
          ],
          [
            -117.466989,
            49.715803,
            599.9
          ],
          [
            -117.466781,
            49.716174,
            600.2
          ],
          [
            -117.466688,
            49.716386,
            600.5
          ],
          [
            -117.466352,
            49.717228,
            601.5
          ],
          [
            -117.466201,
            49.717649,
            601.7
          ],
          [
            -117.46614,
            49.717863,
            601.9
          ],
          [
            -117.466098,
            49.718077,
            602.4
          ],
          [
            -117.466091,
            49.718296,
            602.4
          ],
          [
            -117.466108,
            49.718514,
            602
          ],
          [
            -117.466307,
            49.719815,
            599.9
          ],
          [
            -117.466332,
            49.720028,
            599.3
          ],
          [
            -117.466337,
            49.720453,
            598.9
          ],
          [
            -117.466312,
            49.720664,
            598.7
          ],
          [
            -117.466272,
            49.720878,
            598.5
          ],
          [
            -117.466215,
            49.721086,
            598.3
          ],
          [
            -117.46614,
            49.721292,
            598.3
          ],
          [
            -117.466048,
            49.721496,
            598.2
          ],
          [
            -117.465943,
            49.721696,
            598.8
          ],
          [
            -117.465459,
            49.722486,
            601
          ],
          [
            -117.465364,
            49.722685,
            601.4
          ],
          [
            -117.465298,
            49.722889,
            601.8
          ],
          [
            -117.465263,
            49.723095,
            602.2
          ],
          [
            -117.465265,
            49.7233,
            602.2
          ],
          [
            -117.465308,
            49.723506,
            602.4
          ],
          [
            -117.46537,
            49.723711,
            603
          ],
          [
            -117.465414,
            49.723917,
            603.6
          ],
          [
            -117.465428,
            49.724121,
            604.4
          ],
          [
            -117.465414,
            49.724322,
            604.9
          ],
          [
            -117.465381,
            49.724518,
            605.5
          ],
          [
            -117.465334,
            49.724717,
            605.8
          ],
          [
            -117.465212,
            49.72511,
            607.9
          ],
          [
            -117.465124,
            49.725306,
            608.3
          ],
          [
            -117.465006,
            49.725496,
            608.7
          ],
          [
            -117.464855,
            49.725675,
            609
          ],
          [
            -117.464478,
            49.726007,
            608.8
          ],
          [
            -117.464323,
            49.726184,
            608.3
          ],
          [
            -117.464188,
            49.726368,
            607.7
          ],
          [
            -117.464104,
            49.726554,
            607.4
          ],
          [
            -117.464076,
            49.726742,
            607.8
          ],
          [
            -117.464102,
            49.726932,
            607.9
          ],
          [
            -117.46419,
            49.727304,
            607
          ],
          [
            -117.464225,
            49.727491,
            606.4
          ],
          [
            -117.464238,
            49.727676,
            606.1
          ],
          [
            -117.464226,
            49.727861,
            606.3
          ],
          [
            -117.464191,
            49.728044,
            606.2
          ],
          [
            -117.464134,
            49.728225,
            605.7
          ],
          [
            -117.464078,
            49.728369,
            605.5
          ],
          [
            -117.463991,
            49.728545,
            604.8
          ],
          [
            -117.463773,
            49.728898,
            602.8
          ],
          [
            -117.461395,
            49.732446,
            603
          ],
          [
            -117.461296,
            49.732606,
            603.7
          ],
          [
            -117.461222,
            49.732764,
            604.3
          ],
          [
            -117.461178,
            49.732926,
            604.5
          ],
          [
            -117.461172,
            49.733087,
            604.5
          ],
          [
            -117.461206,
            49.733251,
            604.5
          ],
          [
            -117.461267,
            49.733408,
            604.2
          ],
          [
            -117.461489,
            49.733878,
            603.1
          ],
          [
            -117.46155,
            49.734035,
            602.6
          ],
          [
            -117.461594,
            49.734193,
            602.1
          ],
          [
            -117.461623,
            49.734357,
            601.6
          ],
          [
            -117.461666,
            49.734869,
            599.3
          ],
          [
            -117.461697,
            49.735051,
            598.5
          ],
          [
            -117.461753,
            49.73523,
            597.9
          ],
          [
            -117.461845,
            49.735414,
            597.3
          ],
          [
            -117.461967,
            49.735591,
            597
          ],
          [
            -117.462118,
            49.735767,
            596.5
          ],
          [
            -117.462412,
            49.73593,
            595.9
          ],
          [
            -117.464221,
            49.737706,
            591.4
          ],
          [
            -117.464579,
            49.738071,
            590.1
          ],
          [
            -117.464747,
            49.738261,
            589.6
          ],
          [
            -117.465019,
            49.738612,
            588.2
          ],
          [
            -117.465367,
            49.739287,
            586
          ],
          [
            -117.465437,
            49.739455,
            585.3
          ],
          [
            -117.465513,
            49.739674,
            584.7
          ],
          [
            -117.46557,
            49.739896,
            584.1
          ],
          [
            -117.465611,
            49.740116,
            584
          ],
          [
            -117.465635,
            49.74034,
            583.9
          ],
          [
            -117.465639,
            49.740783,
            584.5
          ],
          [
            -117.465599,
            49.74123,
            584.4
          ],
          [
            -117.465541,
            49.741669,
            582.9
          ],
          [
            -117.465045,
            49.744971,
            567.9
          ],
          [
            -117.465063,
            49.745197,
            567
          ],
          [
            -117.465026,
            49.745424,
            565.7
          ],
          [
            -117.464943,
            49.745644,
            564.3
          ],
          [
            -117.464782,
            49.74676,
            558.6
          ],
          [
            -117.464783,
            49.746985,
            557.3
          ],
          [
            -117.464757,
            49.747201,
            556.1
          ],
          [
            -117.464743,
            49.747425,
            554.9
          ],
          [
            -117.464744,
            49.747645,
            553.8
          ],
          [
            -117.464791,
            49.74809,
            551.8
          ],
          [
            -117.464833,
            49.748311,
            550.7
          ],
          [
            -117.464891,
            49.748535,
            549.9
          ],
          [
            -117.464963,
            49.748754,
            549.1
          ],
          [
            -117.465053,
            49.748973,
            548.4
          ],
          [
            -117.465161,
            49.74919,
            547.9
          ],
          [
            -117.465284,
            49.749407,
            547
          ],
          [
            -117.46542,
            49.749622,
            546.5
          ],
          [
            -117.466278,
            49.750877,
            545.2
          ],
          [
            -117.46653,
            49.75129,
            545.4
          ],
          [
            -117.466646,
            49.751498,
            545.7
          ],
          [
            -117.466748,
            49.751708,
            545.9
          ],
          [
            -117.466836,
            49.751921,
            546
          ],
          [
            -117.466895,
            49.752094,
            546
          ],
          [
            -117.466962,
            49.75235,
            546.3
          ],
          [
            -117.466994,
            49.752526,
            546.8
          ],
          [
            -117.467019,
            49.752742,
            547.1
          ],
          [
            -117.467031,
            49.752962,
            547.4
          ],
          [
            -117.466975,
            49.75318,
            548.2
          ],
          [
            -117.466924,
            49.753615,
            548.7
          ],
          [
            -117.466242,
            49.757106,
            562.4
          ],
          [
            -117.466146,
            49.757515,
            564.5
          ],
          [
            -117.466013,
            49.757907,
            565.9
          ],
          [
            -117.465925,
            49.758101,
            566.5
          ],
          [
            -117.465822,
            49.758286,
            566.5
          ],
          [
            -117.465575,
            49.758649,
            566.7
          ],
          [
            -117.465432,
            49.758824,
            567.9
          ],
          [
            -117.465277,
            49.758993,
            568.6
          ],
          [
            -117.465102,
            49.759156,
            569.4
          ],
          [
            -117.464723,
            49.759468,
            571
          ],
          [
            -117.464223,
            49.759798,
            573.5
          ],
          [
            -117.46374,
            49.76005,
            575.2
          ],
          [
            -117.463209,
            49.760277,
            577.6
          ],
          [
            -117.462921,
            49.760379,
            578.2
          ],
          [
            -117.462333,
            49.760567,
            579.5
          ],
          [
            -117.460807,
            49.760994,
            584.2
          ],
          [
            -117.460503,
            49.76109,
            584.8
          ],
          [
            -117.460157,
            49.761162,
            585.9
          ],
          [
            -117.459931,
            49.761252,
            587
          ],
          [
            -117.459668,
            49.761373,
            588.1
          ],
          [
            -117.459365,
            49.761538,
            589.4
          ],
          [
            -117.459136,
            49.761683,
            590.4
          ],
          [
            -117.458759,
            49.761963,
            591.4
          ],
          [
            -117.458567,
            49.762134,
            591.6
          ],
          [
            -117.458396,
            49.76231,
            592.3
          ],
          [
            -117.458151,
            49.762696,
            594
          ],
          [
            -117.45804,
            49.762894,
            594.8
          ],
          [
            -117.457949,
            49.763095,
            595.9
          ],
          [
            -117.457877,
            49.763299,
            597
          ],
          [
            -117.457828,
            49.763505,
            598.1
          ],
          [
            -117.4578,
            49.763714,
            599.3
          ],
          [
            -117.457797,
            49.763921,
            600.4
          ],
          [
            -117.457812,
            49.76413,
            601.9
          ],
          [
            -117.457846,
            49.764338,
            602.9
          ],
          [
            -117.457898,
            49.764544,
            603.7
          ],
          [
            -117.457973,
            49.764745,
            605
          ],
          [
            -117.458076,
            49.764953,
            606.5
          ],
          [
            -117.4582,
            49.765155,
            608.6
          ],
          [
            -117.458491,
            49.765548,
            611.7
          ],
          [
            -117.458677,
            49.765729,
            613.1
          ],
          [
            -117.459268,
            49.766265,
            617.8
          ],
          [
            -117.459635,
            49.766626,
            620.9
          ],
          [
            -117.459794,
            49.766812,
            622.6
          ],
          [
            -117.459935,
            49.767003,
            624.1
          ],
          [
            -117.460053,
            49.767195,
            625.3
          ],
          [
            -117.460149,
            49.767393,
            626.6
          ],
          [
            -117.460219,
            49.767591,
            628.4
          ],
          [
            -117.460491,
            49.768745,
            636.8
          ],
          [
            -117.460553,
            49.76893,
            638.2
          ],
          [
            -117.460636,
            49.769112,
            640.1
          ],
          [
            -117.460742,
            49.769287,
            641.6
          ],
          [
            -117.460865,
            49.769452,
            642.6
          ],
          [
            -117.461006,
            49.769616,
            644.2
          ],
          [
            -117.461334,
            49.769929,
            647.4
          ],
          [
            -117.462749,
            49.771091,
            660.8
          ],
          [
            -117.463456,
            49.771685,
            667.8
          ],
          [
            -117.464308,
            49.772434,
            674.7
          ],
          [
            -117.464629,
            49.772746,
            677.5
          ],
          [
            -117.464774,
            49.772909,
            678.6
          ],
          [
            -117.464906,
            49.77308,
            679.8
          ],
          [
            -117.465017,
            49.773253,
            681
          ],
          [
            -117.465107,
            49.773431,
            682.8
          ],
          [
            -117.46518,
            49.773616,
            684.8
          ],
          [
            -117.465234,
            49.773804,
            686.6
          ],
          [
            -117.465271,
            49.77399,
            687.8
          ],
          [
            -117.465315,
            49.774375,
            691
          ],
          [
            -117.46535,
            49.774951,
            695.1
          ],
          [
            -117.465374,
            49.775146,
            696.7
          ],
          [
            -117.465411,
            49.775339,
            698.2
          ],
          [
            -117.465464,
            49.775535,
            699.4
          ],
          [
            -117.465531,
            49.775717,
            700.5
          ],
          [
            -117.465703,
            49.776058,
            702.2
          ],
          [
            -117.465773,
            49.77623,
            702.9
          ],
          [
            -117.467063,
            49.778487,
            707.4
          ],
          [
            -117.467318,
            49.778965,
            707.9
          ],
          [
            -117.467462,
            49.779291,
            708.4
          ],
          [
            -117.467523,
            49.779455,
            708.3
          ],
          [
            -117.467616,
            49.779804,
            708.4
          ],
          [
            -117.467662,
            49.780152,
            708.6
          ],
          [
            -117.467672,
            49.780328,
            708.5
          ],
          [
            -117.467664,
            49.780688,
            708
          ],
          [
            -117.46761,
            49.781054,
            707.3
          ],
          [
            -117.467451,
            49.781773,
            706
          ],
          [
            -117.467424,
            49.782007,
            705.2
          ],
          [
            -117.467416,
            49.782166,
            704.5
          ],
          [
            -117.467428,
            49.782363,
            703.7
          ],
          [
            -117.467456,
            49.782562,
            702.7
          ],
          [
            -117.46751,
            49.782758,
            701.4
          ],
          [
            -117.467581,
            49.782957,
            700.6
          ],
          [
            -117.467665,
            49.783155,
            699.8
          ],
          [
            -117.46786,
            49.78355,
            698.3
          ],
          [
            -117.468046,
            49.783956,
            696.6
          ],
          [
            -117.468203,
            49.784368,
            695.2
          ],
          [
            -117.468269,
            49.784574,
            694.3
          ],
          [
            -117.468326,
            49.784783,
            693.3
          ],
          [
            -117.468405,
            49.785198,
            691.1
          ],
          [
            -117.468457,
            49.785622,
            689.1
          ],
          [
            -117.468487,
            49.786047,
            686.4
          ],
          [
            -117.468494,
            49.786691,
            682.2
          ],
          [
            -117.468476,
            49.787124,
            680.3
          ],
          [
            -117.468024,
            49.793278,
            668.6
          ],
          [
            -117.468014,
            49.793499,
            667.9
          ],
          [
            -117.468024,
            49.793767,
            666.9
          ],
          [
            -117.468047,
            49.793943,
            665.8
          ],
          [
            -117.468096,
            49.79416,
            665
          ],
          [
            -117.468166,
            49.794376,
            664.6
          ],
          [
            -117.468262,
            49.794586,
            664.2
          ],
          [
            -117.468377,
            49.794791,
            663.7
          ],
          [
            -117.468516,
            49.794995,
            663.1
          ],
          [
            -117.469095,
            49.795758,
            658.7
          ],
          [
            -117.469222,
            49.795945,
            657.9
          ],
          [
            -117.469337,
            49.796141,
            657.1
          ],
          [
            -117.469429,
            49.796335,
            656.5
          ],
          [
            -117.4695,
            49.796535,
            655.9
          ],
          [
            -117.46955,
            49.79674,
            656.4
          ],
          [
            -117.469582,
            49.796951,
            655.9
          ],
          [
            -117.469594,
            49.797161,
            655.5
          ],
          [
            -117.469585,
            49.797365,
            655.1
          ],
          [
            -117.469331,
            49.798354,
            653.8
          ],
          [
            -117.468648,
            49.800565,
            651.7
          ],
          [
            -117.468528,
            49.801009,
            651.5
          ],
          [
            -117.468387,
            49.801633,
            651.7
          ],
          [
            -117.468174,
            49.802782,
            652
          ],
          [
            -117.468119,
            49.803185,
            652.2
          ],
          [
            -117.468104,
            49.803631,
            652.9
          ],
          [
            -117.468135,
            49.804526,
            655.3
          ],
          [
            -117.468143,
            49.805193,
            657.2
          ],
          [
            -117.46813,
            49.805409,
            658.1
          ],
          [
            -117.468102,
            49.805621,
            658.9
          ],
          [
            -117.468063,
            49.805834,
            659.6
          ],
          [
            -117.468002,
            49.806042,
            660.4
          ],
          [
            -117.466611,
            49.808082,
            670.9
          ],
          [
            -117.465995,
            49.808852,
            675.5
          ],
          [
            -117.465721,
            49.809236,
            678.1
          ],
          [
            -117.465602,
            49.809433,
            679.1
          ],
          [
            -117.465499,
            49.80963,
            679.9
          ],
          [
            -117.465408,
            49.80983,
            680.5
          ],
          [
            -117.46533,
            49.810031,
            681.5
          ],
          [
            -117.465203,
            49.810428,
            684.3
          ],
          [
            -117.465099,
            49.810824,
            688.2
          ],
          [
            -117.465012,
            49.811017,
            689.7
          ],
          [
            -117.464537,
            49.812571,
            698.4
          ],
          [
            -117.464345,
            49.813113,
            700.3
          ],
          [
            -117.463913,
            49.814062,
            705.1
          ],
          [
            -117.463829,
            49.814302,
            706.1
          ],
          [
            -117.463776,
            49.814497,
            706.7
          ],
          [
            -117.463618,
            49.815205,
            711.1
          ],
          [
            -117.463548,
            49.815404,
            712
          ],
          [
            -117.46243,
            49.816786,
            716.5
          ],
          [
            -117.462362,
            49.81696,
            716.7
          ],
          [
            -117.462206,
            49.817671,
            717.6
          ],
          [
            -117.462147,
            49.81785,
            717.9
          ],
          [
            -117.462072,
            49.818026,
            718.1
          ],
          [
            -117.461982,
            49.8182,
            718.3
          ],
          [
            -117.461698,
            49.818507,
            719.1
          ],
          [
            -117.461541,
            49.818648,
            719.4
          ],
          [
            -117.461363,
            49.81877,
            719.5
          ],
          [
            -117.461169,
            49.818874,
            719.5
          ],
          [
            -117.460953,
            49.818967,
            720
          ],
          [
            -117.460723,
            49.819042,
            720
          ],
          [
            -117.460481,
            49.819099,
            720.5
          ],
          [
            -117.460235,
            49.819136,
            720.3
          ],
          [
            -117.459928,
            49.819161,
            720.6
          ],
          [
            -117.45968,
            49.819155,
            720.9
          ],
          [
            -117.459426,
            49.819128,
            721.2
          ],
          [
            -117.459179,
            49.819087,
            721.3
          ],
          [
            -117.45893,
            49.819028,
            721.3
          ],
          [
            -117.458141,
            49.818791,
            722.1
          ],
          [
            -117.45786,
            49.818724,
            722.2
          ],
          [
            -117.457568,
            49.818683,
            722.4
          ],
          [
            -117.457275,
            49.818662,
            722.9
          ],
          [
            -117.456985,
            49.818662,
            722.5
          ],
          [
            -117.456693,
            49.818688,
            722.5
          ],
          [
            -117.454947,
            49.818944,
            720.7
          ],
          [
            -117.453837,
            49.819115,
            720.9
          ],
          [
            -117.453482,
            49.819183,
            721
          ],
          [
            -117.45325,
            49.819243,
            720.8
          ],
          [
            -117.452976,
            49.819332,
            720.8
          ],
          [
            -117.452025,
            49.819744,
            722.3
          ],
          [
            -117.451541,
            49.819912,
            723.1
          ],
          [
            -117.451289,
            49.819973,
            723.7
          ],
          [
            -117.450203,
            49.820163,
            725.8
          ],
          [
            -117.44992,
            49.820226,
            726.2
          ],
          [
            -117.449649,
            49.820302,
            726.6
          ],
          [
            -117.449385,
            49.8204,
            726.9
          ],
          [
            -117.449144,
            49.820509,
            727.1
          ],
          [
            -117.44824,
            49.821009,
            727.2
          ],
          [
            -117.448011,
            49.821123,
            727
          ],
          [
            -117.447773,
            49.821222,
            726.8
          ],
          [
            -117.447522,
            49.821304,
            726.4
          ],
          [
            -117.44726,
            49.821379,
            726.4
          ],
          [
            -117.446991,
            49.821439,
            726.3
          ],
          [
            -117.446416,
            49.821543,
            725.4
          ],
          [
            -117.445851,
            49.821661,
            724.1
          ],
          [
            -117.445558,
            49.821744,
            723.3
          ],
          [
            -117.445288,
            49.821842,
            722.8
          ],
          [
            -117.445038,
            49.821958,
            722.5
          ],
          [
            -117.444816,
            49.822093,
            721.9
          ],
          [
            -117.444636,
            49.822245,
            721.9
          ],
          [
            -117.444355,
            49.822554,
            722.2
          ],
          [
            -117.444236,
            49.822724,
            722.1
          ],
          [
            -117.444144,
            49.822904,
            722.5
          ],
          [
            -117.443855,
            49.823641,
            724.1
          ],
          [
            -117.443701,
            49.823986,
            724.8
          ],
          [
            -117.443629,
            49.82412,
            725.5
          ],
          [
            -117.443523,
            49.82428,
            726.1
          ],
          [
            -117.443391,
            49.824438,
            726.7
          ],
          [
            -117.442961,
            49.824708,
            728.5
          ],
          [
            -117.442791,
            49.824795,
            729.4
          ],
          [
            -117.441576,
            49.825305,
            732.1
          ],
          [
            -117.441326,
            49.825421,
            732.3
          ],
          [
            -117.440858,
            49.82567,
            733
          ],
          [
            -117.440416,
            49.82595,
            733.5
          ],
          [
            -117.440191,
            49.826079,
            733.6
          ],
          [
            -117.438548,
            49.827311,
            734.1
          ],
          [
            -117.438142,
            49.827635,
            734.5
          ],
          [
            -117.43795,
            49.827804,
            734.7
          ],
          [
            -117.437772,
            49.827978,
            734.7
          ],
          [
            -117.437609,
            49.828159,
            734.5
          ],
          [
            -117.437459,
            49.828344,
            734.3
          ],
          [
            -117.437325,
            49.828536,
            734.1
          ],
          [
            -117.437209,
            49.828735,
            734
          ],
          [
            -117.437111,
            49.828937,
            733.7
          ],
          [
            -117.437029,
            49.829145,
            733.6
          ],
          [
            -117.43696,
            49.829356,
            733.1
          ],
          [
            -117.43694,
            49.829571,
            733.2
          ],
          [
            -117.436866,
            49.830002,
            732.5
          ],
          [
            -117.436832,
            49.830441,
            732.1
          ],
          [
            -117.436866,
            49.830711,
            732
          ],
          [
            -117.436861,
            49.83093,
            732
          ],
          [
            -117.436877,
            49.831371,
            731.6
          ],
          [
            -117.436926,
            49.831811,
            731.5
          ],
          [
            -117.436964,
            49.832036,
            731.4
          ],
          [
            -117.437184,
            49.833107,
            729.8
          ],
          [
            -117.437217,
            49.833325,
            729.3
          ],
          [
            -117.437238,
            49.833593,
            728.8
          ],
          [
            -117.437238,
            49.833773,
            728.5
          ],
          [
            -117.437221,
            49.833995,
            727.7
          ],
          [
            -117.437182,
            49.834216,
            727.2
          ],
          [
            -117.437053,
            49.8347,
            725.5
          ],
          [
            -117.436714,
            49.835739,
            719.2
          ],
          [
            -117.436489,
            49.836391,
            716.9
          ],
          [
            -117.436317,
            49.836825,
            715.7
          ],
          [
            -117.4361,
            49.837251,
            714.7
          ],
          [
            -117.435975,
            49.837459,
            714.4
          ],
          [
            -117.435656,
            49.837852,
            713.8
          ],
          [
            -117.433784,
            49.840238,
            713.1
          ],
          [
            -117.432873,
            49.841414,
            712.5
          ],
          [
            -117.431521,
            49.84319,
            711.7
          ],
          [
            -117.431359,
            49.84339,
            711.5
          ],
          [
            -117.431166,
            49.843578,
            711
          ],
          [
            -117.430913,
            49.843785,
            710.2
          ],
          [
            -117.429398,
            49.844939,
            706
          ],
          [
            -117.428952,
            49.845251,
            706.5
          ],
          [
            -117.428708,
            49.845384,
            706.4
          ],
          [
            -117.428446,
            49.845504,
            706.6
          ],
          [
            -117.427592,
            49.845864,
            703.8
          ],
          [
            -117.427319,
            49.845994,
            703.3
          ],
          [
            -117.427058,
            49.846134,
            703.4
          ],
          [
            -117.426817,
            49.846292,
            703.5
          ],
          [
            -117.426609,
            49.846461,
            703.6
          ],
          [
            -117.426413,
            49.846641,
            703.5
          ],
          [
            -117.426241,
            49.846827,
            703.3
          ],
          [
            -117.42596,
            49.847227,
            703.2
          ],
          [
            -117.425344,
            49.848266,
            702.5
          ],
          [
            -117.425074,
            49.848675,
            702.8
          ],
          [
            -117.42392,
            49.850272,
            703.1
          ],
          [
            -117.423753,
            49.850464,
            703.2
          ],
          [
            -117.423621,
            49.850674,
            703.3
          ],
          [
            -117.423049,
            49.851471,
            703.1
          ],
          [
            -117.422881,
            49.851662,
            703.2
          ],
          [
            -117.421867,
            49.852995,
            705.9
          ],
          [
            -117.421436,
            49.853607,
            707.1
          ],
          [
            -117.421167,
            49.854021,
            707.6
          ],
          [
            -117.421041,
            49.854233,
            707.4
          ],
          [
            -117.420951,
            49.854453,
            707.4
          ],
          [
            -117.420729,
            49.854927,
            707.5
          ],
          [
            -117.420585,
            49.855325,
            707.4
          ],
          [
            -117.420328,
            49.856225,
            706.2
          ],
          [
            -117.42018,
            49.856667,
            705.8
          ],
          [
            -117.420002,
            49.857109,
            705.4
          ],
          [
            -117.419606,
            49.857988,
            705.5
          ],
          [
            -117.4195,
            49.858202,
            705.8
          ],
          [
            -117.419193,
            49.858605,
            705.5
          ],
          [
            -117.41849,
            49.859367,
            705.1
          ],
          [
            -117.417781,
            49.860113,
            705.7
          ],
          [
            -117.417415,
            49.860464,
            706.9
          ],
          [
            -117.417215,
            49.860624,
            707.2
          ],
          [
            -117.416992,
            49.860774,
            707.7
          ],
          [
            -117.416757,
            49.860913,
            708.2
          ],
          [
            -117.414243,
            49.862283,
            713.8
          ],
          [
            -117.413768,
            49.862538,
            714.6
          ],
          [
            -117.413532,
            49.862651,
            714.9
          ],
          [
            -117.413307,
            49.862744,
            715.4
          ],
          [
            -117.413052,
            49.862813,
            715.9
          ],
          [
            -117.412849,
            49.86285,
            716.6
          ],
          [
            -117.412559,
            49.86288,
            717.4
          ],
          [
            -117.41227,
            49.862884,
            717.9
          ],
          [
            -117.411983,
            49.862861,
            717.8
          ],
          [
            -117.41166,
            49.862812,
            718.6
          ],
          [
            -117.411459,
            49.862762,
            718.9
          ],
          [
            -117.411239,
            49.862672,
            718.7
          ],
          [
            -117.411043,
            49.86256,
            718
          ],
          [
            -117.41088,
            49.862433,
            718
          ],
          [
            -117.410735,
            49.862292,
            717.9
          ],
          [
            -117.410489,
            49.861983,
            716.9
          ],
          [
            -117.410307,
            49.861838,
            716.5
          ],
          [
            -117.410077,
            49.861731,
            716.6
          ],
          [
            -117.409466,
            49.86152,
            717.4
          ],
          [
            -117.409285,
            49.86143,
            717.3
          ],
          [
            -117.409109,
            49.861329,
            717.5
          ],
          [
            -117.408572,
            49.860985,
            719
          ],
          [
            -117.408163,
            49.860761,
            720
          ],
          [
            -117.406729,
            49.860039,
            722.2
          ],
          [
            -117.406535,
            49.859949,
            722.6
          ],
          [
            -117.406335,
            49.859876,
            723.3
          ],
          [
            -117.405903,
            49.859816,
            723.9
          ],
          [
            -117.405264,
            49.859776,
            725
          ],
          [
            -117.405044,
            49.85974,
            725.3
          ],
          [
            -117.404833,
            49.859684,
            725.6
          ],
          [
            -117.404441,
            49.859511,
            726.2
          ],
          [
            -117.404227,
            49.859435,
            726.5
          ],
          [
            -117.403993,
            49.85938,
            726.6
          ],
          [
            -117.403327,
            49.859186,
            727.2
          ],
          [
            -117.403124,
            49.859099,
            727.5
          ],
          [
            -117.402512,
            49.85887,
            727.8
          ],
          [
            -117.402134,
            49.858701,
            728.3
          ],
          [
            -117.401771,
            49.858578,
            728.7
          ],
          [
            -117.401611,
            49.858549,
            728.9
          ],
          [
            -117.401462,
            49.858551,
            728.6
          ],
          [
            -117.40135,
            49.858572,
            728.4
          ],
          [
            -117.40123,
            49.858623,
            728.3
          ],
          [
            -117.401126,
            49.858707,
            728.3
          ],
          [
            -117.401085,
            49.858773,
            728.3
          ],
          [
            -117.401068,
            49.858869,
            728.3
          ],
          [
            -117.401091,
            49.858969,
            728.6
          ],
          [
            -117.401146,
            49.85907,
            728.7
          ],
          [
            -117.401304,
            49.859284,
            729.1
          ],
          [
            -117.401491,
            49.859512,
            729.6
          ],
          [
            -117.401605,
            49.859622,
            729.9
          ],
          [
            -117.401742,
            49.859721,
            730.3
          ],
          [
            -117.4019,
            49.859806,
            730.4
          ],
          [
            -117.402081,
            49.859882,
            730.5
          ],
          [
            -117.402473,
            49.860009,
            731.7
          ],
          [
            -117.403089,
            49.860171,
            734.4
          ],
          [
            -117.403285,
            49.860239,
            735.5
          ],
          [
            -117.403474,
            49.860321,
            736.3
          ],
          [
            -117.404341,
            49.860807,
            738.6
          ],
          [
            -117.404505,
            49.860919,
            738.7
          ],
          [
            -117.40465,
            49.861042,
            739
          ],
          [
            -117.404787,
            49.861177,
            739.2
          ],
          [
            -117.405197,
            49.861604,
            739.8
          ],
          [
            -117.405354,
            49.861747,
            740.2
          ],
          [
            -117.405496,
            49.861899,
            740.5
          ],
          [
            -117.405848,
            49.862168,
            741
          ],
          [
            -117.406029,
            49.862295,
            741.4
          ],
          [
            -117.406584,
            49.862858,
            741.6
          ],
          [
            -117.406693,
            49.863008,
            741.5
          ],
          [
            -117.406827,
            49.863145,
            741.3
          ],
          [
            -117.40698,
            49.863279,
            741.7
          ],
          [
            -117.407154,
            49.863398,
            742.3
          ],
          [
            -117.40751,
            49.86361,
            743.3
          ],
          [
            -117.407704,
            49.863701,
            743.5
          ],
          [
            -117.407831,
            49.863835,
            744.2
          ],
          [
            -117.407919,
            49.863979,
            744.9
          ],
          [
            -117.407969,
            49.864129,
            745.4
          ],
          [
            -117.407988,
            49.86429,
            745.8
          ],
          [
            -117.407982,
            49.864452,
            746.3
          ],
          [
            -117.40796,
            49.86462,
            746.9
          ],
          [
            -117.407843,
            49.865134,
            748.2
          ],
          [
            -117.407758,
            49.865452,
            749
          ],
          [
            -117.407571,
            49.866021,
            750.7
          ],
          [
            -117.40732,
            49.866691,
            752
          ],
          [
            -117.406948,
            49.867555,
            754.6
          ],
          [
            -117.406674,
            49.868253,
            757.6
          ],
          [
            -117.406521,
            49.868602,
            759.1
          ],
          [
            -117.406418,
            49.868769,
            760.2
          ],
          [
            -117.406096,
            49.869442,
            763.6
          ],
          [
            -117.405902,
            49.869761,
            765.7
          ],
          [
            -117.40575,
            49.869964,
            766.9
          ],
          [
            -117.405469,
            49.870286,
            769
          ],
          [
            -117.405306,
            49.870441,
            770.2
          ],
          [
            -117.405133,
            49.870583,
            771.2
          ],
          [
            -117.404755,
            49.870852,
            773.7
          ],
          [
            -117.404408,
            49.871117,
            776.6
          ],
          [
            -117.403922,
            49.871533,
            780.2
          ],
          [
            -117.40361,
            49.871818,
            781.6
          ],
          [
            -117.40347,
            49.871971,
            782.3
          ],
          [
            -117.403353,
            49.872127,
            783.3
          ],
          [
            -117.403147,
            49.872455,
            784.7
          ],
          [
            -117.403032,
            49.872614,
            785.5
          ],
          [
            -117.40289,
            49.872774,
            785.9
          ],
          [
            -117.402564,
            49.873075,
            787.6
          ],
          [
            -117.401547,
            49.873927,
            793.5
          ],
          [
            -117.40112,
            49.874361,
            795.7
          ],
          [
            -117.40069,
            49.874852,
            798
          ],
          [
            -117.400522,
            49.87501,
            798.6
          ],
          [
            -117.400375,
            49.875172,
            799.5
          ],
          [
            -117.400238,
            49.87535,
            800
          ],
          [
            -117.398685,
            49.87699,
            806.9
          ],
          [
            -117.397402,
            49.878453,
            813
          ],
          [
            -117.397094,
            49.878773,
            814.2
          ],
          [
            -117.396592,
            49.879243,
            815.2
          ],
          [
            -117.395883,
            49.879867,
            817
          ],
          [
            -117.395329,
            49.880301,
            818.2
          ],
          [
            -117.39329,
            49.881789,
            815.8
          ],
          [
            -117.389101,
            49.884812,
            822.2
          ],
          [
            -117.38833,
            49.885346,
            822.6
          ],
          [
            -117.38754,
            49.885856,
            824
          ],
          [
            -117.387154,
            49.886095,
            824.5
          ],
          [
            -117.386762,
            49.886319,
            825.2
          ],
          [
            -117.386149,
            49.886642,
            825.3
          ],
          [
            -117.385959,
            49.886765,
            825.6
          ],
          [
            -117.385786,
            49.886896,
            826
          ],
          [
            -117.385623,
            49.887037,
            826.6
          ],
          [
            -117.385152,
            49.887489,
            827.6
          ],
          [
            -117.384813,
            49.88779,
            827.9
          ],
          [
            -117.38463,
            49.887934,
            828.2
          ],
          [
            -117.384243,
            49.888211,
            828.4
          ],
          [
            -117.383836,
            49.888474,
            828.8
          ],
          [
            -117.383415,
            49.888717,
            829.9
          ],
          [
            -117.38252,
            49.889158,
            831.7
          ],
          [
            -117.382088,
            49.889383,
            833
          ],
          [
            -117.381876,
            49.889505,
            833.7
          ],
          [
            -117.381466,
            49.889758,
            834.4
          ],
          [
            -117.381058,
            49.89003,
            834.9
          ],
          [
            -117.380701,
            49.890295,
            835.7
          ],
          [
            -117.380515,
            49.890448,
            836.1
          ],
          [
            -117.380155,
            49.89077,
            836.6
          ],
          [
            -117.379945,
            49.890973,
            836.6
          ],
          [
            -117.379654,
            49.891275,
            836.9
          ],
          [
            -117.379505,
            49.891444,
            837
          ],
          [
            -117.379212,
            49.891816,
            837
          ],
          [
            -117.378269,
            49.893142,
            834.5
          ],
          [
            -117.378156,
            49.893315,
            834
          ],
          [
            -117.378058,
            49.893492,
            833.6
          ],
          [
            -117.377978,
            49.893672,
            833.2
          ],
          [
            -117.377914,
            49.893855,
            832.7
          ],
          [
            -117.377866,
            49.894041,
            832.3
          ],
          [
            -117.377832,
            49.894227,
            831.6
          ],
          [
            -117.377814,
            49.894415,
            830.5
          ],
          [
            -117.377814,
            49.894606,
            829.5
          ],
          [
            -117.377834,
            49.894798,
            828.5
          ],
          [
            -117.377876,
            49.894988,
            827.8
          ],
          [
            -117.377941,
            49.89518,
            827.1
          ],
          [
            -117.37811,
            49.895542,
            826.4
          ],
          [
            -117.378302,
            49.895893,
            826.5
          ],
          [
            -117.378407,
            49.896059,
            827
          ],
          [
            -117.378527,
            49.896217,
            827.1
          ],
          [
            -117.378669,
            49.89637,
            827.3
          ],
          [
            -117.378833,
            49.896519,
            827.4
          ],
          [
            -117.379018,
            49.896659,
            827.8
          ],
          [
            -117.379219,
            49.896782,
            828
          ],
          [
            -117.379446,
            49.896897,
            828.8
          ],
          [
            -117.379683,
            49.896996,
            829.9
          ],
          [
            -117.379937,
            49.897077,
            830.9
          ],
          [
            -117.380998,
            49.897304,
            834.8
          ],
          [
            -117.381248,
            49.897373,
            835.7
          ],
          [
            -117.382238,
            49.897579,
            839.8
          ],
          [
            -117.382764,
            49.897638,
            841.7
          ],
          [
            -117.383026,
            49.897647,
            842.4
          ],
          [
            -117.383976,
            49.897615,
            844.8
          ],
          [
            -117.38419,
            49.89763,
            845.8
          ],
          [
            -117.384394,
            49.897664,
            846.4
          ],
          [
            -117.384548,
            49.897703,
            847.3
          ],
          [
            -117.384726,
            49.897769,
            848.1
          ],
          [
            -117.384888,
            49.89785,
            848.8
          ],
          [
            -117.385036,
            49.897946,
            849.5
          ],
          [
            -117.385188,
            49.898074,
            850
          ],
          [
            -117.38528,
            49.898168,
            850.6
          ],
          [
            -117.385556,
            49.898506,
            852.3
          ],
          [
            -117.386035,
            49.899139,
            855.3
          ],
          [
            -117.386102,
            49.899205,
            855.9
          ],
          [
            -117.386186,
            49.899257,
            856.2
          ],
          [
            -117.386207,
            49.899316,
            857
          ],
          [
            -117.386419,
            49.899633,
            858.6
          ],
          [
            -117.386466,
            49.899671,
            858.7
          ],
          [
            -117.386485,
            49.899814,
            858.7
          ],
          [
            -117.386554,
            49.900093,
            858.6
          ],
          [
            -117.3866,
            49.90069,
            858.5
          ],
          [
            -117.386556,
            49.900951,
            858.3
          ],
          [
            -117.386518,
            49.901081,
            857.9
          ],
          [
            -117.386465,
            49.901212,
            857.4
          ],
          [
            -117.386317,
            49.901472,
            856.1
          ],
          [
            -117.386101,
            49.901718,
            855
          ],
          [
            -117.385837,
            49.901964,
            853.7
          ],
          [
            -117.385253,
            49.902473,
            850.7
          ],
          [
            -117.384859,
            49.902886,
            848.2
          ],
          [
            -117.384607,
            49.903126,
            845.3
          ],
          [
            -117.38353,
            49.90403,
            838
          ],
          [
            -117.383424,
            49.904152,
            837
          ],
          [
            -117.383231,
            49.904327,
            836
          ],
          [
            -117.382642,
            49.904898,
            832.5
          ],
          [
            -117.382305,
            49.905195,
            830.3
          ],
          [
            -117.381767,
            49.905627,
            826.8
          ],
          [
            -117.381608,
            49.905778,
            826
          ],
          [
            -117.381219,
            49.906235,
            823.4
          ],
          [
            -117.381077,
            49.906385,
            822.5
          ],
          [
            -117.380769,
            49.906673,
            820.8
          ],
          [
            -117.380423,
            49.906952,
            818.9
          ],
          [
            -117.38012,
            49.907253,
            816.8
          ],
          [
            -117.380039,
            49.907506,
            815.4
          ],
          [
            -117.379916,
            49.907673,
            813.9
          ],
          [
            -117.379831,
            49.907854,
            812.3
          ],
          [
            -117.379784,
            49.908038,
            810.7
          ],
          [
            -117.379767,
            49.908227,
            809.3
          ],
          [
            -117.379785,
            49.908609,
            807
          ],
          [
            -117.37983,
            49.908997,
            804.4
          ],
          [
            -117.379964,
            49.909234,
            803.4
          ],
          [
            -117.379984,
            49.909427,
            802.3
          ],
          [
            -117.38002,
            49.909991,
            798.9
          ],
          [
            -117.380016,
            49.910362,
            797
          ],
          [
            -117.380002,
            49.910541,
            796.3
          ],
          [
            -117.379872,
            49.910893,
            794.2
          ],
          [
            -117.379626,
            49.911418,
            791.3
          ],
          [
            -117.379534,
            49.911589,
            790.4
          ],
          [
            -117.379248,
            49.912051,
            786.5
          ],
          [
            -117.37917,
            49.912255,
            784.8
          ],
          [
            -117.379144,
            49.912566,
            781.7
          ],
          [
            -117.379186,
            49.912774,
            779.9
          ],
          [
            -117.379244,
            49.912909,
            778.7
          ],
          [
            -117.379426,
            49.913239,
            776.7
          ],
          [
            -117.379503,
            49.91341,
            775.8
          ],
          [
            -117.379573,
            49.91362,
            774.9
          ],
          [
            -117.379606,
            49.913761,
            774
          ],
          [
            -117.379633,
            49.913939,
            772.3
          ],
          [
            -117.379637,
            49.914118,
            770.6
          ],
          [
            -117.379613,
            49.9143,
            769.2
          ],
          [
            -117.379541,
            49.914512,
            768.1
          ],
          [
            -117.379314,
            49.914796,
            765.4
          ],
          [
            -117.379051,
            49.915085,
            763.6
          ],
          [
            -117.378973,
            49.915237,
            762.7
          ],
          [
            -117.378966,
            49.915542,
            760.7
          ],
          [
            -117.379015,
            49.915693,
            759.9
          ],
          [
            -117.379168,
            49.915987,
            757.9
          ],
          [
            -117.379221,
            49.916137,
            757.2
          ],
          [
            -117.379247,
            49.91629,
            756.5
          ],
          [
            -117.379247,
            49.916443,
            756.2
          ],
          [
            -117.379214,
            49.916599,
            755.4
          ],
          [
            -117.378776,
            49.917172,
            752.5
          ],
          [
            -117.378674,
            49.91732,
            751.5
          ],
          [
            -117.378601,
            49.917474,
            750.8
          ],
          [
            -117.378327,
            49.917927,
            747.8
          ],
          [
            -117.378244,
            49.918086,
            746.6
          ],
          [
            -117.378095,
            49.918415,
            743.8
          ],
          [
            -117.377923,
            49.918899,
            740.3
          ],
          [
            -117.377851,
            49.919053,
            739.2
          ],
          [
            -117.377752,
            49.919204,
            738.1
          ],
          [
            -117.377626,
            49.91935,
            737.3
          ],
          [
            -117.377482,
            49.91949,
            736.1
          ],
          [
            -117.377324,
            49.919628,
            734.6
          ],
          [
            -117.376815,
            49.920033,
            727.3
          ],
          [
            -117.376495,
            49.920324,
            724.3
          ],
          [
            -117.376191,
            49.920635,
            721.3
          ],
          [
            -117.376061,
            49.920801,
            719.9
          ],
          [
            -117.375948,
            49.920971,
            718.4
          ],
          [
            -117.375532,
            49.92161,
            714
          ],
          [
            -117.375446,
            49.921772,
            712.6
          ],
          [
            -117.375392,
            49.92194,
            711.4
          ],
          [
            -117.375378,
            49.92215,
            710.3
          ],
          [
            -117.375401,
            49.922285,
            709.5
          ],
          [
            -117.375485,
            49.922624,
            708.1
          ],
          [
            -117.375507,
            49.922795,
            707.4
          ],
          [
            -117.375515,
            49.922999,
            706.6
          ],
          [
            -117.375459,
            49.92366,
            703.2
          ],
          [
            -117.375452,
            49.923871,
            702.2
          ],
          [
            -117.375456,
            49.924544,
            697.3
          ],
          [
            -117.375414,
            49.924904,
            695.3
          ],
          [
            -117.375305,
            49.925454,
            691.6
          ],
          [
            -117.375221,
            49.925815,
            689.2
          ],
          [
            -117.375157,
            49.925992,
            688.1
          ],
          [
            -117.375071,
            49.926166,
            687.6
          ],
          [
            -117.374964,
            49.926334,
            687.4
          ],
          [
            -117.374597,
            49.926843,
            684.6
          ],
          [
            -117.373803,
            49.92809,
            678.1
          ],
          [
            -117.373606,
            49.928451,
            675.8
          ],
          [
            -117.373449,
            49.928812,
            674.2
          ],
          [
            -117.373362,
            49.928989,
            673.2
          ],
          [
            -117.373254,
            49.929161,
            672
          ],
          [
            -117.372698,
            49.929824,
            667.6
          ],
          [
            -117.372579,
            49.929998,
            666.6
          ],
          [
            -117.372476,
            49.930179,
            664.6
          ],
          [
            -117.372392,
            49.930364,
            662.8
          ],
          [
            -117.372189,
            49.930895,
            658.4
          ],
          [
            -117.372147,
            49.931061,
            657.1
          ],
          [
            -117.372099,
            49.931385,
            654.4
          ],
          [
            -117.372064,
            49.931508,
            653.8
          ],
          [
            -117.371971,
            49.931691,
            653.4
          ],
          [
            -117.37188,
            49.931805,
            652.5
          ],
          [
            -117.371448,
            49.932194,
            648.8
          ],
          [
            -117.371313,
            49.932366,
            647.8
          ],
          [
            -117.370912,
            49.933114,
            642.2
          ],
          [
            -117.370749,
            49.933286,
            641
          ],
          [
            -117.370661,
            49.933412,
            640.3
          ],
          [
            -117.370542,
            49.933733,
            638.9
          ],
          [
            -117.370474,
            49.934084,
            636.4
          ],
          [
            -117.370431,
            49.934202,
            634.9
          ],
          [
            -117.370292,
            49.934328,
            633.4
          ],
          [
            -117.369824,
            49.93469,
            629.4
          ],
          [
            -117.369678,
            49.934829,
            628.3
          ],
          [
            -117.36929,
            49.935254,
            625.3
          ],
          [
            -117.369136,
            49.935386,
            624
          ],
          [
            -117.368777,
            49.935625,
            620.9
          ],
          [
            -117.367958,
            49.936081,
            616
          ],
          [
            -117.367554,
            49.93632,
            613.4
          ],
          [
            -117.367186,
            49.936572,
            610
          ],
          [
            -117.367013,
            49.936702,
            609
          ],
          [
            -117.366854,
            49.936837,
            608.1
          ],
          [
            -117.366599,
            49.93714,
            605.9
          ],
          [
            -117.366493,
            49.937298,
            604.9
          ],
          [
            -117.366109,
            49.937946,
            602
          ],
          [
            -117.365994,
            49.938101,
            601.4
          ],
          [
            -117.365851,
            49.938249,
            600.8
          ],
          [
            -117.36568,
            49.938381,
            600.1
          ],
          [
            -117.36525,
            49.938587,
            598.8
          ],
          [
            -117.364588,
            49.93888,
            595.9
          ],
          [
            -117.364382,
            49.938991,
            595.4
          ],
          [
            -117.363943,
            49.939185,
            593.5
          ],
          [
            -117.363731,
            49.939289,
            592.4
          ],
          [
            -117.363534,
            49.939404,
            590.9
          ],
          [
            -117.363355,
            49.939531,
            589.9
          ],
          [
            -117.363222,
            49.939641,
            588.6
          ],
          [
            -117.36292,
            49.939924,
            587
          ],
          [
            -117.361904,
            49.940924,
            582.3
          ],
          [
            -117.361379,
            49.941513,
            580.2
          ],
          [
            -117.360646,
            49.942429,
            575.6
          ],
          [
            -117.360269,
            49.942879,
            573.6
          ],
          [
            -117.359864,
            49.943315,
            571.4
          ],
          [
            -117.359254,
            49.943878,
            568.1
          ],
          [
            -117.358938,
            49.944154,
            566.3
          ],
          [
            -117.358601,
            49.944415,
            564.5
          ],
          [
            -117.357884,
            49.944913,
            560.2
          ],
          [
            -117.357726,
            49.945043,
            559.4
          ],
          [
            -117.35759,
            49.945178,
            558.5
          ],
          [
            -117.35748,
            49.945314,
            557.6
          ],
          [
            -117.357388,
            49.945595,
            556.9
          ],
          [
            -117.357327,
            49.94574,
            556.2
          ],
          [
            -117.357292,
            49.945889,
            555.5
          ],
          [
            -117.357223,
            49.94647,
            553.9
          ],
          [
            -117.357158,
            49.946724,
            552.4
          ],
          [
            -117.357102,
            49.946859,
            552
          ],
          [
            -117.356895,
            49.947256,
            550
          ],
          [
            -117.35684,
            49.947384,
            548.4
          ],
          [
            -117.356799,
            49.947517,
            547.3
          ],
          [
            -117.356756,
            49.947777,
            546
          ],
          [
            -117.356725,
            49.94855,
            545.4
          ],
          [
            -117.356727,
            49.949561,
            546.5
          ],
          [
            -117.356709,
            49.951057,
            550.4
          ],
          [
            -117.356805,
            49.951178,
            550.9
          ],
          [
            -117.356761,
            49.954304,
            558.3
          ],
          [
            -117.356755,
            49.956683,
            558.1
          ],
          [
            -117.356745,
            49.957148,
            556
          ],
          [
            -117.356755,
            49.957463,
            554.9
          ],
          [
            -117.356777,
            49.95762,
            554.5
          ],
          [
            -117.356813,
            49.957775,
            554.2
          ],
          [
            -117.356959,
            49.957951,
            554
          ],
          [
            -117.357037,
            49.9581,
            553.8
          ],
          [
            -117.357142,
            49.958242,
            553.6
          ],
          [
            -117.357271,
            49.958372,
            553.4
          ],
          [
            -117.357837,
            49.958868,
            553.4
          ],
          [
            -117.357962,
            49.959,
            553.3
          ],
          [
            -117.358072,
            49.959132,
            553.3
          ],
          [
            -117.358168,
            49.959273,
            553
          ],
          [
            -117.358247,
            49.959423,
            552.8
          ],
          [
            -117.358303,
            49.959572,
            553.2
          ],
          [
            -117.358339,
            49.959728,
            553.3
          ],
          [
            -117.358453,
            49.960498,
            554.6
          ],
          [
            -117.358517,
            49.960858,
            555.2
          ],
          [
            -117.358693,
            49.961688,
            557.3
          ],
          [
            -117.358805,
            49.962155,
            558.8
          ],
          [
            -117.358905,
            49.962507,
            559.1
          ],
          [
            -117.359013,
            49.962785,
            559.7
          ],
          [
            -117.359417,
            49.963544,
            561.1
          ],
          [
            -117.359492,
            49.963697,
            561.5
          ],
          [
            -117.359549,
            49.963854,
            561.8
          ],
          [
            -117.35958,
            49.964011,
            562
          ],
          [
            -117.359584,
            49.964483,
            563.1
          ],
          [
            -117.359616,
            49.964639,
            563.4
          ],
          [
            -117.35968,
            49.964795,
            563.9
          ],
          [
            -117.359949,
            49.965262,
            564
          ],
          [
            -117.360035,
            49.965425,
            564.2
          ],
          [
            -117.360104,
            49.965587,
            564.7
          ],
          [
            -117.360154,
            49.965756,
            565.6
          ],
          [
            -117.360211,
            49.966091,
            566.7
          ],
          [
            -117.36026,
            49.966256,
            567.2
          ],
          [
            -117.360336,
            49.966413,
            568.1
          ],
          [
            -117.36044,
            49.966564,
            568.8
          ],
          [
            -117.360571,
            49.966705,
            569.2
          ],
          [
            -117.360729,
            49.966839,
            569.3
          ],
          [
            -117.360907,
            49.966957,
            569.6
          ],
          [
            -117.361107,
            49.967065,
            569.7
          ],
          [
            -117.361336,
            49.96714,
            569.9
          ],
          [
            -117.361976,
            49.967407,
            569.3
          ],
          [
            -117.362179,
            49.967507,
            569.2
          ],
          [
            -117.362359,
            49.967618,
            569
          ],
          [
            -117.362522,
            49.967744,
            569
          ],
          [
            -117.362662,
            49.967876,
            568.7
          ],
          [
            -117.362786,
            49.968014,
            568.7
          ],
          [
            -117.363027,
            49.968176,
            568.4
          ],
          [
            -117.363104,
            49.968327,
            568.2
          ],
          [
            -117.363215,
            49.968638,
            568.5
          ],
          [
            -117.363312,
            49.968957,
            568.4
          ],
          [
            -117.36347,
            49.969568,
            569
          ],
          [
            -117.36354,
            49.969759,
            569
          ],
          [
            -117.363729,
            49.970021,
            568.8
          ],
          [
            -117.363861,
            49.970158,
            569
          ],
          [
            -117.364015,
            49.970285,
            569.3
          ],
          [
            -117.364221,
            49.97043,
            569.3
          ],
          [
            -117.364371,
            49.970521,
            569.5
          ],
          [
            -117.364574,
            49.970626,
            569.7
          ],
          [
            -117.364794,
            49.970717,
            569.7
          ],
          [
            -117.365026,
            49.970795,
            570
          ],
          [
            -117.365316,
            49.970876,
            569.8
          ],
          [
            -117.365743,
            49.970988,
            569.7
          ],
          [
            -117.36598,
            49.971033,
            569.6
          ],
          [
            -117.366198,
            49.971101,
            569.3
          ],
          [
            -117.366385,
            49.971183,
            569.1
          ],
          [
            -117.36664,
            49.971404,
            568.9
          ],
          [
            -117.366731,
            49.97152,
            569.1
          ],
          [
            -117.366768,
            49.971648,
            569
          ],
          [
            -117.366723,
            49.971758,
            569
          ],
          [
            -117.366589,
            49.972333,
            569.3
          ],
          [
            -117.366578,
            49.972484,
            569.5
          ],
          [
            -117.366544,
            49.972634,
            569.5
          ],
          [
            -117.366535,
            49.97279,
            569.9
          ],
          [
            -117.36656,
            49.972947,
            569.5
          ],
          [
            -117.366617,
            49.9731,
            569.2
          ],
          [
            -117.366701,
            49.973256,
            569
          ],
          [
            -117.367134,
            49.973889,
            567.1
          ],
          [
            -117.367452,
            49.974383,
            566.7
          ],
          [
            -117.367689,
            49.974708,
            566.6
          ],
          [
            -117.367843,
            49.97487,
            566.8
          ],
          [
            -117.367972,
            49.975029,
            566.7
          ],
          [
            -117.368129,
            49.975183,
            566.5
          ],
          [
            -117.368947,
            49.975885,
            566
          ],
          [
            -117.369244,
            49.976179,
            564.9
          ],
          [
            -117.369468,
            49.97646,
            563.7
          ],
          [
            -117.369814,
            49.976933,
            562.3
          ],
          [
            -117.370051,
            49.977238,
            561.1
          ],
          [
            -117.370323,
            49.977525,
            560.8
          ],
          [
            -117.370637,
            49.977822,
            560.4
          ],
          [
            -117.370733,
            49.977931,
            560
          ],
          [
            -117.370832,
            49.978075,
            559.6
          ],
          [
            -117.3709,
            49.978227,
            559.5
          ],
          [
            -117.370934,
            49.978386,
            559.6
          ],
          [
            -117.37093,
            49.978708,
            559.3
          ],
          [
            -117.370844,
            49.979528,
            560.8
          ],
          [
            -117.370813,
            49.980014,
            560.7
          ],
          [
            -117.370792,
            49.980177,
            560.8
          ],
          [
            -117.370718,
            49.980504,
            560.4
          ],
          [
            -117.370573,
            49.981002,
            558.8
          ],
          [
            -117.370523,
            49.981333,
            558.3
          ],
          [
            -117.370496,
            49.982169,
            557.1
          ],
          [
            -117.370503,
            49.9825,
            556.6
          ],
          [
            -117.370524,
            49.982669,
            556.3
          ],
          [
            -117.370561,
            49.982833,
            555.4
          ],
          [
            -117.370616,
            49.983,
            554.5
          ],
          [
            -117.370687,
            49.983164,
            553.4
          ],
          [
            -117.370777,
            49.983329,
            552.7
          ],
          [
            -117.370884,
            49.983485,
            552.1
          ],
          [
            -117.371012,
            49.983639,
            551.6
          ],
          [
            -117.371721,
            49.984371,
            550.4
          ],
          [
            -117.372058,
            49.984761,
            549.5
          ],
          [
            -117.372244,
            49.985022,
            549.4
          ],
          [
            -117.372316,
            49.985153,
            549.3
          ],
          [
            -117.372364,
            49.985286,
            549
          ],
          [
            -117.372387,
            49.985417,
            548.9
          ],
          [
            -117.37239,
            49.985579,
            548.4
          ],
          [
            -117.372373,
            49.985951,
            549
          ],
          [
            -117.372373,
            49.986219,
            549.7
          ],
          [
            -117.372178,
            49.989505,
            558.1
          ],
          [
            -117.372161,
            49.989991,
            558.8
          ],
          [
            -117.372072,
            49.991609,
            561.3
          ],
          [
            -117.371957,
            49.99486,
            568.3
          ],
          [
            -117.371943,
            49.995032,
            569.2
          ],
          [
            -117.371895,
            49.995197,
            569.8
          ],
          [
            -117.371848,
            49.995277,
            569.8
          ],
          [
            -117.37178,
            49.995354,
            570.1
          ],
          [
            -117.371687,
            49.995425,
            570.3
          ],
          [
            -117.371576,
            49.995484,
            570.5
          ],
          [
            -117.371329,
            49.995565,
            570.9
          ],
          [
            -117.370963,
            49.995646,
            570.5
          ],
          [
            -117.370826,
            49.995682,
            570.4
          ],
          [
            -117.370699,
            49.995728,
            570.5
          ],
          [
            -117.370586,
            49.995786,
            570.8
          ],
          [
            -117.370476,
            49.995866,
            571.2
          ],
          [
            -117.370416,
            49.99593,
            571.2
          ],
          [
            -117.370363,
            49.996013,
            571.2
          ],
          [
            -117.370315,
            49.996175,
            571.7
          ],
          [
            -117.370294,
            49.996806,
            572.1
          ],
          [
            -117.370266,
            49.997006,
            572.1
          ],
          [
            -117.370236,
            49.997116,
            572.2
          ],
          [
            -117.370189,
            49.997222,
            572.3
          ],
          [
            -117.369974,
            49.997548,
            574
          ],
          [
            -117.369919,
            49.997664,
            574.5
          ],
          [
            -117.369889,
            49.997785,
            575
          ],
          [
            -117.369893,
            49.997906,
            575.8
          ],
          [
            -117.36995,
            49.998031,
            576.7
          ],
          [
            -117.370384,
            49.998747,
            582.8
          ],
          [
            -117.370746,
            49.999383,
            586.8
          ],
          [
            -117.37081,
            49.999514,
            587.2
          ],
          [
            -117.37086,
            49.99965,
            587.7
          ],
          [
            -117.37089,
            49.999782,
            588.2
          ],
          [
            -117.37089,
            49.999916,
            588.8
          ],
          [
            -117.370852,
            50.000043,
            589.6
          ],
          [
            -117.370521,
            50.000364,
            591
          ],
          [
            -117.37042,
            50.000481,
            591.6
          ],
          [
            -117.370303,
            50.000731,
            592.5
          ],
          [
            -117.370265,
            50.000862,
            592.8
          ],
          [
            -117.37021,
            50.001262,
            593.6
          ],
          [
            -117.370204,
            50.001503,
            594
          ],
          [
            -117.37023,
            50.001635,
            593.9
          ],
          [
            -117.370294,
            50.001757,
            593.9
          ],
          [
            -117.370421,
            50.001886,
            594.1
          ],
          [
            -117.370541,
            50.001961,
            593.8
          ],
          [
            -117.370712,
            50.002035,
            593.5
          ],
          [
            -117.371091,
            50.00217,
            594.1
          ],
          [
            -117.371459,
            50.00233,
            594.8
          ],
          [
            -117.3718,
            50.00253,
            595.6
          ],
          [
            -117.372289,
            50.002872,
            598.6
          ],
          [
            -117.372596,
            50.003121,
            601.5
          ],
          [
            -117.373026,
            50.00352,
            604.3
          ],
          [
            -117.373185,
            50.003649,
            605
          ],
          [
            -117.373359,
            50.003769,
            605.8
          ],
          [
            -117.373549,
            50.003879,
            606.5
          ],
          [
            -117.373751,
            50.00398,
            608
          ],
          [
            -117.373964,
            50.004071,
            608.4
          ],
          [
            -117.374654,
            50.004286,
            610.5
          ],
          [
            -117.375108,
            50.004446,
            612
          ],
          [
            -117.375731,
            50.004706,
            613.5
          ],
          [
            -117.376099,
            50.004793,
            614.1
          ],
          [
            -117.377422,
            50.005418,
            616.1
          ],
          [
            -117.377621,
            50.005502,
            616.1
          ],
          [
            -117.37783,
            50.005577,
            616
          ],
          [
            -117.378051,
            50.005635,
            615.9
          ],
          [
            -117.378282,
            50.005675,
            616
          ],
          [
            -117.378756,
            50.005736,
            615.8
          ],
          [
            -117.378988,
            50.005784,
            615.8
          ],
          [
            -117.379205,
            50.005849,
            615.7
          ],
          [
            -117.379418,
            50.005933,
            615.9
          ],
          [
            -117.37961,
            50.006031,
            615.9
          ],
          [
            -117.379787,
            50.006144,
            616.3
          ],
          [
            -117.379945,
            50.006269,
            616.3
          ],
          [
            -117.380085,
            50.006407,
            616.4
          ],
          [
            -117.380183,
            50.006556,
            616.8
          ],
          [
            -117.380251,
            50.006708,
            617.3
          ],
          [
            -117.380644,
            50.007855,
            621.6
          ],
          [
            -117.380731,
            50.008041,
            622.1
          ],
          [
            -117.38077,
            50.008167,
            622.3
          ],
          [
            -117.380852,
            50.008488,
            623.2
          ],
          [
            -117.380876,
            50.008654,
            623.2
          ],
          [
            -117.380892,
            50.008856,
            623.4
          ],
          [
            -117.380873,
            50.008992,
            623.7
          ],
          [
            -117.380936,
            50.009331,
            624.7
          ],
          [
            -117.380988,
            50.009501,
            625.1
          ],
          [
            -117.381212,
            50.01,
            625.5
          ],
          [
            -117.381345,
            50.010339,
            625.2
          ],
          [
            -117.381432,
            50.010503,
            625.5
          ],
          [
            -117.381545,
            50.010659,
            625.8
          ],
          [
            -117.381692,
            50.010807,
            626.2
          ],
          [
            -117.381857,
            50.010942,
            626.8
          ],
          [
            -117.382567,
            50.011463,
            630.4
          ],
          [
            -117.383975,
            50.012465,
            634.7
          ],
          [
            -117.384316,
            50.01272,
            635.1
          ],
          [
            -117.384654,
            50.012987,
            635
          ],
          [
            -117.385142,
            50.01341,
            635
          ],
          [
            -117.385627,
            50.013859,
            635.1
          ],
          [
            -117.386089,
            50.014343,
            635.8
          ],
          [
            -117.386371,
            50.014684,
            636.2
          ],
          [
            -117.386835,
            50.01536,
            636
          ],
          [
            -117.386975,
            50.015519,
            636.1
          ],
          [
            -117.387138,
            50.015668,
            636.2
          ],
          [
            -117.387474,
            50.015916,
            636
          ],
          [
            -117.388259,
            50.016443,
            636.5
          ],
          [
            -117.388468,
            50.016562,
            636.2
          ],
          [
            -117.388695,
            50.016665,
            636.3
          ],
          [
            -117.3895,
            50.01688,
            635.8
          ],
          [
            -117.390389,
            50.017068,
            635.9
          ],
          [
            -117.390596,
            50.017121,
            636.4
          ],
          [
            -117.390846,
            50.0172,
            636.6
          ],
          [
            -117.391082,
            50.017295,
            636.5
          ],
          [
            -117.391298,
            50.017407,
            636.1
          ],
          [
            -117.39153,
            50.017567,
            635.4
          ],
          [
            -117.391659,
            50.017683,
            634.4
          ],
          [
            -117.391802,
            50.017845,
            633.5
          ],
          [
            -117.392212,
            50.018353,
            629.1
          ],
          [
            -117.392616,
            50.018883,
            624.2
          ],
          [
            -117.392743,
            50.019068,
            622.9
          ],
          [
            -117.39297,
            50.019449,
            620.2
          ],
          [
            -117.393291,
            50.020028,
            617.1
          ],
          [
            -117.393692,
            50.020809,
            612.3
          ],
          [
            -117.393802,
            50.021006,
            611.1
          ],
          [
            -117.394036,
            50.021388,
            608.6
          ],
          [
            -117.394559,
            50.022138,
            603.8
          ],
          [
            -117.394806,
            50.022517,
            601.6
          ],
          [
            -117.394909,
            50.022712,
            600.7
          ],
          [
            -117.395094,
            50.023106,
            597.8
          ],
          [
            -117.395199,
            50.023299,
            596.4
          ],
          [
            -117.395325,
            50.023484,
            595.6
          ],
          [
            -117.39548,
            50.023664,
            594.8
          ],
          [
            -117.395831,
            50.024008,
            592.7
          ],
          [
            -117.396561,
            50.024682,
            588.6
          ],
          [
            -117.3969,
            50.025033,
            586.5
          ],
          [
            -117.397186,
            50.025356,
            584.8
          ],
          [
            -117.397499,
            50.02576,
            582.8
          ],
          [
            -117.397596,
            50.025905,
            582.2
          ],
          [
            -117.397706,
            50.026098,
            581.4
          ],
          [
            -117.397887,
            50.026492,
            579.6
          ],
          [
            -117.398005,
            50.026725,
            578.4
          ],
          [
            -117.398096,
            50.026876,
            577.7
          ],
          [
            -117.398232,
            50.027062,
            576.9
          ],
          [
            -117.398388,
            50.027242,
            576
          ],
          [
            -117.398569,
            50.027412,
            574.5
          ],
          [
            -117.399391,
            50.028054,
            570
          ],
          [
            -117.399578,
            50.028221,
            569
          ],
          [
            -117.400066,
            50.028723,
            565.9
          ],
          [
            -117.400234,
            50.028881,
            564.7
          ],
          [
            -117.40042,
            50.029031,
            563.6
          ],
          [
            -117.400618,
            50.029169,
            562.8
          ],
          [
            -117.40083,
            50.029298,
            562.1
          ],
          [
            -117.402157,
            50.03002,
            558.9
          ],
          [
            -117.403492,
            50.030761,
            556.7
          ],
          [
            -117.403956,
            50.031001,
            555.7
          ],
          [
            -117.404196,
            50.031112,
            555.6
          ],
          [
            -117.404696,
            50.031314,
            554.7
          ],
          [
            -117.405229,
            50.031494,
            554.1
          ],
          [
            -117.405502,
            50.031576,
            554
          ],
          [
            -117.405773,
            50.031652,
            553.6
          ],
          [
            -117.407238,
            50.032006,
            553.2
          ],
          [
            -117.407997,
            50.032223,
            552.1
          ],
          [
            -117.408101,
            50.032249,
            552.1
          ],
          [
            -117.408204,
            50.032257,
            552.4
          ],
          [
            -117.408383,
            50.032308,
            551.8
          ],
          [
            -117.408028,
            50.032454,
            550.7
          ],
          [
            -117.40771,
            50.032563,
            550.2
          ],
          [
            -117.407605,
            50.032622,
            550.5
          ],
          [
            -117.407367,
            50.032805,
            550.9
          ],
          [
            -117.407098,
            50.033069,
            551
          ],
          [
            -117.406958,
            50.033187,
            551.2
          ],
          [
            -117.406773,
            50.033304,
            551.2
          ],
          [
            -117.406664,
            50.033353,
            551
          ],
          [
            -117.406423,
            50.033419,
            550.9
          ],
          [
            -117.406163,
            50.033445,
            551
          ],
          [
            -117.405739,
            50.033459,
            550.7
          ],
          [
            -117.405462,
            50.033441,
            550.5
          ],
          [
            -117.405104,
            50.033375,
            550
          ],
          [
            -117.404936,
            50.033355,
            550.5
          ],
          [
            -117.404875,
            50.033368,
            550.7
          ],
          [
            -117.404841,
            50.033398,
            550
          ],
          [
            -117.404613,
            50.033522,
            552.1
          ],
          [
            -117.404251,
            50.03352,
            552
          ],
          [
            -117.40383,
            50.033501,
            553.2
          ],
          [
            -117.403625,
            50.03351,
            553.5
          ],
          [
            -117.403502,
            50.033532,
            554.1
          ],
          [
            -117.403401,
            50.033601,
            554.3
          ],
          [
            -117.403304,
            50.033653,
            554.4
          ],
          [
            -117.403217,
            50.033732,
            554.8
          ],
          [
            -117.403128,
            50.033873,
            555.4
          ],
          [
            -117.403111,
            50.033921,
            555.8
          ],
          [
            -117.403099,
            50.034021,
            556.3
          ],
          [
            -117.403116,
            50.034117,
            556.5
          ],
          [
            -117.403163,
            50.03416,
            556.6
          ],
          [
            -117.403227,
            50.034252,
            556.9
          ],
          [
            -117.403297,
            50.034327,
            557
          ],
          [
            -117.403316,
            50.034371,
            557
          ],
          [
            -117.403421,
            50.034432,
            557.4
          ],
          [
            -117.403479,
            50.034454,
            557.5
          ],
          [
            -117.403614,
            50.034483,
            558
          ],
          [
            -117.403761,
            50.034483,
            558.6
          ],
          [
            -117.40408,
            50.034426,
            559.4
          ],
          [
            -117.404474,
            50.034384,
            560
          ],
          [
            -117.405515,
            50.034204,
            561
          ],
          [
            -117.405588,
            50.034202,
            561.1
          ],
          [
            -117.405665,
            50.034213,
            561.3
          ],
          [
            -117.405731,
            50.034195,
            561.3
          ],
          [
            -117.405869,
            50.034183,
            561.4
          ],
          [
            -117.406064,
            50.034179,
            561.4
          ],
          [
            -117.406159,
            50.034187,
            560
          ],
          [
            -117.406158,
            50.034139,
            561
          ],
          [
            -117.406127,
            50.034093,
            560.9
          ],
          [
            -117.406082,
            50.034056,
            560.9
          ],
          [
            -117.405956,
            50.034005,
            560.7
          ],
          [
            -117.405728,
            50.033976,
            560.3
          ],
          [
            -117.405686,
            50.034132,
            560.2
          ],
          [
            -117.405463,
            50.034152,
            560.3
          ],
          [
            -117.404087,
            50.034361,
            561.1
          ],
          [
            -117.403925,
            50.034237,
            561.1
          ],
          [
            -117.403792,
            50.034338,
            561.5
          ],
          [
            -117.403869,
            50.034434,
            561.6
          ],
          [
            -117.403768,
            50.034455,
            561.6
          ],
          [
            -117.40365,
            50.034457,
            561.8
          ],
          [
            -117.403481,
            50.034397,
            562
          ],
          [
            -117.403399,
            50.034358,
            562.9
          ],
          [
            -117.403384,
            50.03432,
            562.9
          ],
          [
            -117.403282,
            50.034212,
            562.7
          ],
          [
            -117.403224,
            50.034119,
            562.9
          ],
          [
            -117.403197,
            50.03402,
            563.1
          ],
          [
            -117.403217,
            50.033914,
            563.2
          ],
          [
            -117.403293,
            50.033764,
            563.4
          ],
          [
            -117.403397,
            50.033645,
            563.2
          ],
          [
            -117.4035,
            50.033569,
            563.2
          ],
          [
            -117.403572,
            50.033551,
            563.2
          ],
          [
            -117.40375,
            50.033533,
            562.9
          ],
          [
            -117.404418,
            50.033566,
            562.3
          ],
          [
            -117.404566,
            50.033548,
            562.3
          ],
          [
            -117.404684,
            50.033518,
            562.5
          ],
          [
            -117.404899,
            50.03344,
            561.8
          ],
          [
            -117.405035,
            50.033415,
            560.8
          ],
          [
            -117.405424,
            50.033487,
            560
          ],
          [
            -117.405787,
            50.033508,
            559.3
          ],
          [
            -117.406074,
            50.0335,
            558.9
          ],
          [
            -117.406357,
            50.033478,
            558.5
          ],
          [
            -117.406503,
            50.033457,
            558.3
          ],
          [
            -117.406626,
            50.033425,
            558.1
          ],
          [
            -117.406849,
            50.033329,
            557.5
          ],
          [
            -117.406955,
            50.033264,
            557.2
          ],
          [
            -117.407148,
            50.03311,
            556.9
          ],
          [
            -117.407509,
            50.032766,
            556.2
          ],
          [
            -117.40761,
            50.032689,
            556.2
          ],
          [
            -117.407726,
            50.032618,
            556.1
          ],
          [
            -117.408307,
            50.032413,
            556.4
          ],
          [
            -117.408366,
            50.032368,
            556.4
          ],
          [
            -117.408496,
            50.032296,
            556
          ],
          [
            -117.408807,
            50.03234,
            555.5
          ],
          [
            -117.409996,
            50.032664,
            555.1
          ],
          [
            -117.412461,
            50.033359,
            555
          ],
          [
            -117.41387,
            50.033716,
            556
          ],
          [
            -117.415542,
            50.034168,
            555.6
          ],
          [
            -117.417364,
            50.034698,
            559.1
          ],
          [
            -117.417845,
            50.034811,
            560.4
          ],
          [
            -117.418097,
            50.03484,
            561.3
          ],
          [
            -117.419296,
            50.035043,
            567.5
          ],
          [
            -117.419837,
            50.035172,
            569.5
          ],
          [
            -117.420027,
            50.035227,
            570.4
          ],
          [
            -117.420247,
            50.03532,
            571.5
          ],
          [
            -117.420703,
            50.035492,
            573
          ],
          [
            -117.42114,
            50.035694,
            574.9
          ],
          [
            -117.425165,
            50.037714,
            592
          ],
          [
            -117.425615,
            50.037959,
            593
          ],
          [
            -117.425826,
            50.038092,
            593.4
          ],
          [
            -117.426026,
            50.038232,
            593.7
          ],
          [
            -117.426217,
            50.038381,
            594.1
          ],
          [
            -117.426572,
            50.038698,
            594.6
          ],
          [
            -117.426733,
            50.038866,
            594.8
          ],
          [
            -117.426875,
            50.039037,
            595.1
          ],
          [
            -117.427128,
            50.039399,
            596
          ],
          [
            -117.427723,
            50.040333,
            597.7
          ],
          [
            -117.428175,
            50.041072,
            599.8
          ],
          [
            -117.428381,
            50.041444,
            600.6
          ],
          [
            -117.428466,
            50.041634,
            601.2
          ],
          [
            -117.428511,
            50.04183,
            601.6
          ],
          [
            -117.428625,
            50.042223,
            602.5
          ],
          [
            -117.428695,
            50.042379,
            602.8
          ],
          [
            -117.428803,
            50.042776,
            603.5
          ],
          [
            -117.428946,
            50.043209,
            604.6
          ],
          [
            -117.429085,
            50.043556,
            605.3
          ],
          [
            -117.42942,
            50.044324,
            605.8
          ],
          [
            -117.429661,
            50.044907,
            606.9
          ],
          [
            -117.429875,
            50.045498,
            608.8
          ],
          [
            -117.43004,
            50.046085,
            610
          ],
          [
            -117.430108,
            50.046277,
            610.3
          ],
          [
            -117.430367,
            50.046835,
            611.1
          ],
          [
            -117.430428,
            50.047025,
            611.6
          ],
          [
            -117.430461,
            50.047218,
            612.4
          ],
          [
            -117.430472,
            50.047408,
            612.9
          ],
          [
            -117.430486,
            50.048386,
            613.6
          ],
          [
            -117.430524,
            50.048782,
            614
          ],
          [
            -117.430605,
            50.049178,
            614.6
          ],
          [
            -117.430897,
            50.050175,
            616.1
          ],
          [
            -117.430981,
            50.050581,
            616.6
          ],
          [
            -117.431025,
            50.050991,
            616.8
          ],
          [
            -117.4311,
            50.052021,
            616.5
          ],
          [
            -117.431129,
            50.052225,
            616.1
          ],
          [
            -117.431171,
            50.052428,
            615.9
          ],
          [
            -117.431227,
            50.052631,
            615.4
          ],
          [
            -117.431364,
            50.053035,
            613.2
          ],
          [
            -117.431592,
            50.053636,
            610.9
          ],
          [
            -117.431835,
            50.054211,
            608.9
          ],
          [
            -117.432394,
            50.055445,
            604.5
          ],
          [
            -117.432459,
            50.055647,
            603.8
          ],
          [
            -117.432544,
            50.056076,
            602.7
          ],
          [
            -117.432598,
            50.056227,
            602.2
          ],
          [
            -117.432685,
            50.056414,
            601.6
          ],
          [
            -117.432789,
            50.056594,
            600.5
          ],
          [
            -117.432921,
            50.056769,
            599.5
          ],
          [
            -117.433387,
            50.05726,
            597.6
          ],
          [
            -117.433521,
            50.057431,
            597.1
          ],
          [
            -117.433633,
            50.057608,
            596.7
          ],
          [
            -117.433721,
            50.057787,
            596.1
          ],
          [
            -117.433926,
            50.058332,
            594.9
          ],
          [
            -117.434007,
            50.058512,
            594.4
          ],
          [
            -117.434193,
            50.05887,
            593.5
          ],
          [
            -117.434272,
            50.05905,
            592.7
          ],
          [
            -117.434336,
            50.059236,
            591.9
          ],
          [
            -117.43448,
            50.059801,
            590.6
          ],
          [
            -117.434545,
            50.059987,
            590.2
          ],
          [
            -117.434631,
            50.060174,
            590.1
          ],
          [
            -117.434735,
            50.060353,
            589.8
          ],
          [
            -117.434987,
            50.060706,
            588.8
          ],
          [
            -117.435571,
            50.061399,
            585.2
          ],
          [
            -117.43573,
            50.061567,
            584.6
          ],
          [
            -117.436082,
            50.06189,
            583.7
          ],
          [
            -117.436278,
            50.062052,
            583.2
          ],
          [
            -117.437563,
            50.063204,
            577.7
          ],
          [
            -117.438879,
            50.064299,
            575.1
          ],
          [
            -117.439275,
            50.064663,
            575
          ],
          [
            -117.439562,
            50.064972,
            575.1
          ],
          [
            -117.440026,
            50.065542,
            575.3
          ],
          [
            -117.440299,
            50.06586,
            575.5
          ],
          [
            -117.441284,
            50.066939,
            576.9
          ],
          [
            -117.441877,
            50.067691,
            577.1
          ],
          [
            -117.442034,
            50.067878,
            576.9
          ],
          [
            -117.442201,
            50.068057,
            576.8
          ],
          [
            -117.44238,
            50.068233,
            576.7
          ],
          [
            -117.442573,
            50.068405,
            576.4
          ],
          [
            -117.443181,
            50.068907,
            575.1
          ],
          [
            -117.443575,
            50.069254,
            573.9
          ],
          [
            -117.443936,
            50.069611,
            573.3
          ],
          [
            -117.444281,
            50.069978,
            572.9
          ],
          [
            -117.444758,
            50.070544,
            571.6
          ],
          [
            -117.44549,
            50.071514,
            570.4
          ],
          [
            -117.445802,
            50.071892,
            570.3
          ],
          [
            -117.446127,
            50.072261,
            570.5
          ],
          [
            -117.446301,
            50.072441,
            570.6
          ],
          [
            -117.446491,
            50.072614,
            570.8
          ],
          [
            -117.446699,
            50.072779,
            571
          ],
          [
            -117.447364,
            50.073241,
            571.1
          ],
          [
            -117.447526,
            50.073371,
            571
          ],
          [
            -117.447741,
            50.073581,
            571.1
          ],
          [
            -117.448016,
            50.073919,
            570.7
          ],
          [
            -117.448726,
            50.074885,
            569.4
          ],
          [
            -117.449001,
            50.075275,
            569
          ],
          [
            -117.449246,
            50.075672,
            568.7
          ],
          [
            -117.449356,
            50.075876,
            568.6
          ],
          [
            -117.449424,
            50.076088,
            569
          ],
          [
            -117.449514,
            50.076297,
            569.1
          ],
          [
            -117.449638,
            50.076499,
            569.1
          ],
          [
            -117.449738,
            50.076705,
            569
          ],
          [
            -117.44985,
            50.076905,
            569
          ],
          [
            -117.450102,
            50.077299,
            569.3
          ],
          [
            -117.450489,
            50.077853,
            569.4
          ],
          [
            -117.450603,
            50.078034,
            569.3
          ],
          [
            -117.450701,
            50.078222,
            569.3
          ],
          [
            -117.450773,
            50.07841,
            569.4
          ],
          [
            -117.450881,
            50.078793,
            569.6
          ],
          [
            -117.45095,
            50.078986,
            569.5
          ],
          [
            -117.451036,
            50.079177,
            569.5
          ],
          [
            -117.451241,
            50.07955,
            569.2
          ],
          [
            -117.451679,
            50.08029,
            568.9
          ],
          [
            -117.451934,
            50.080653,
            568.5
          ],
          [
            -117.452077,
            50.080827,
            568.2
          ],
          [
            -117.452732,
            50.081494,
            567.6
          ],
          [
            -117.452866,
            50.081668,
            567.6
          ],
          [
            -117.452972,
            50.081853,
            567.7
          ],
          [
            -117.453044,
            50.082045,
            568.1
          ],
          [
            -117.453051,
            50.082242,
            568.3
          ],
          [
            -117.453099,
            50.082636,
            569.1
          ],
          [
            -117.45322,
            50.083025,
            569.2
          ],
          [
            -117.453301,
            50.083218,
            569.5
          ],
          [
            -117.453401,
            50.08341,
            569.6
          ],
          [
            -117.453492,
            50.083561,
            569.5
          ],
          [
            -117.453623,
            50.083748,
            569.4
          ],
          [
            -117.454351,
            50.084652,
            568.5
          ],
          [
            -117.454502,
            50.084872,
            568.5
          ],
          [
            -117.454586,
            50.085021,
            568.8
          ],
          [
            -117.45467,
            50.085211,
            569.1
          ],
          [
            -117.454855,
            50.085833,
            569.7
          ],
          [
            -117.454922,
            50.085988,
            570.1
          ],
          [
            -117.45503,
            50.086178,
            570.2
          ],
          [
            -117.455156,
            50.086359,
            570.3
          ],
          [
            -117.455304,
            50.086542,
            570.5
          ],
          [
            -117.455613,
            50.086893,
            570.9
          ],
          [
            -117.456099,
            50.087413,
            571.2
          ],
          [
            -117.456274,
            50.087581,
            571.4
          ],
          [
            -117.456464,
            50.08774,
            571.3
          ],
          [
            -117.456683,
            50.087891,
            570.9
          ],
          [
            -117.457366,
            50.088325,
            570
          ],
          [
            -117.458025,
            50.088776,
            569.6
          ],
          [
            -117.459062,
            50.089546,
            568.8
          ],
          [
            -117.459274,
            50.089693,
            568.7
          ],
          [
            -117.459497,
            50.089829,
            568.7
          ],
          [
            -117.459748,
            50.089954,
            569
          ],
          [
            -117.460036,
            50.090058,
            568.9
          ],
          [
            -117.460338,
            50.090142,
            568.9
          ],
          [
            -117.460643,
            50.090211,
            569
          ],
          [
            -117.461277,
            50.090304,
            569.3
          ],
          [
            -117.461913,
            50.090384,
            568.6
          ],
          [
            -117.462232,
            50.090442,
            568.5
          ],
          [
            -117.462526,
            50.090518,
            569.4
          ],
          [
            -117.463081,
            50.090716,
            569.3
          ],
          [
            -117.463344,
            50.090825,
            568.9
          ],
          [
            -117.463848,
            50.091056,
            569.3
          ],
          [
            -117.464075,
            50.091183,
            569.3
          ],
          [
            -117.464266,
            50.091322,
            569.6
          ],
          [
            -117.464418,
            50.091481,
            570.3
          ],
          [
            -117.464494,
            50.091659,
            570.7
          ],
          [
            -117.464641,
            50.092173,
            573
          ],
          [
            -117.464709,
            50.092361,
            573.5
          ],
          [
            -117.464968,
            50.092746,
            574.6
          ],
          [
            -117.46509,
            50.092874,
            574.9
          ],
          [
            -117.465608,
            50.093332,
            574.8
          ],
          [
            -117.466081,
            50.093813,
            574.6
          ],
          [
            -117.466261,
            50.09396,
            574.8
          ],
          [
            -117.466461,
            50.094095,
            574.8
          ],
          [
            -117.466731,
            50.094242,
            574.7
          ],
          [
            -117.46764,
            50.094665,
            575.3
          ],
          [
            -117.467872,
            50.094786,
            575.4
          ],
          [
            -117.468087,
            50.094916,
            575.3
          ],
          [
            -117.468281,
            50.095059,
            575.7
          ],
          [
            -117.468449,
            50.095215,
            576
          ],
          [
            -117.469034,
            50.09588,
            576.7
          ],
          [
            -117.469727,
            50.09669,
            578.6
          ],
          [
            -117.469881,
            50.096844,
            579.2
          ],
          [
            -117.470048,
            50.096983,
            579.7
          ],
          [
            -117.470241,
            50.097112,
            580.3
          ],
          [
            -117.470469,
            50.0972,
            581.1
          ],
          [
            -117.470708,
            50.097277,
            581.5
          ],
          [
            -117.470958,
            50.097339,
            581.8
          ],
          [
            -117.473437,
            50.09774,
            591.2
          ],
          [
            -117.473779,
            50.097754,
            592.6
          ],
          [
            -117.475333,
            50.097998,
            598.8
          ],
          [
            -117.475858,
            50.098092,
            600.9
          ],
          [
            -117.476108,
            50.098153,
            601.8
          ],
          [
            -117.476354,
            50.098232,
            602.7
          ],
          [
            -117.476585,
            50.098325,
            603.2
          ],
          [
            -117.476849,
            50.098455,
            603.7
          ],
          [
            -117.47718,
            50.098697,
            604.9
          ],
          [
            -117.478242,
            50.099576,
            609.2
          ],
          [
            -117.478444,
            50.09971,
            609.6
          ],
          [
            -117.478813,
            50.099998,
            611.6
          ],
          [
            -117.479206,
            50.100268,
            614
          ],
          [
            -117.479843,
            50.100637,
            616.3
          ],
          [
            -117.480531,
            50.100976,
            619
          ],
          [
            -117.481247,
            50.101293,
            621.4
          ],
          [
            -117.483794,
            50.102244,
            630.7
          ],
          [
            -117.4872,
            50.103496,
            639.2
          ],
          [
            -117.488219,
            50.103887,
            641
          ],
          [
            -117.488923,
            50.104174,
            642
          ],
          [
            -117.489411,
            50.104405,
            642.8
          ],
          [
            -117.489865,
            50.104658,
            643.7
          ],
          [
            -117.490448,
            50.1051,
            644.7
          ],
          [
            -117.490663,
            50.105282,
            645.4
          ],
          [
            -117.490801,
            50.105405,
            646
          ],
          [
            -117.491113,
            50.105716,
            648.2
          ],
          [
            -117.491258,
            50.105879,
            648.9
          ],
          [
            -117.491513,
            50.106217,
            650.3
          ],
          [
            -117.491729,
            50.106569,
            651.8
          ],
          [
            -117.492549,
            50.107994,
            658.3
          ],
          [
            -117.492636,
            50.108172,
            658.9
          ],
          [
            -117.492704,
            50.108355,
            659.4
          ],
          [
            -117.492747,
            50.10854,
            659.5
          ],
          [
            -117.492765,
            50.108728,
            659.7
          ],
          [
            -117.492756,
            50.109111,
            661
          ],
          [
            -117.492761,
            50.109308,
            661.9
          ],
          [
            -117.492788,
            50.109501,
            662.8
          ],
          [
            -117.492871,
            50.109687,
            663.5
          ],
          [
            -117.49294,
            50.109877,
            664.1
          ],
          [
            -117.493039,
            50.110061,
            663.7
          ],
          [
            -117.49317,
            50.110237,
            663.2
          ],
          [
            -117.49333,
            50.110403,
            663.1
          ],
          [
            -117.493518,
            50.110561,
            663.1
          ],
          [
            -117.494125,
            50.110995,
            663.1
          ],
          [
            -117.494306,
            50.111145,
            663.4
          ],
          [
            -117.494473,
            50.111308,
            664.1
          ],
          [
            -117.49462,
            50.111473,
            664.8
          ],
          [
            -117.494897,
            50.111819,
            666.9
          ],
          [
            -117.495287,
            50.112348,
            669.8
          ],
          [
            -117.49543,
            50.112523,
            670.7
          ],
          [
            -117.495591,
            50.112688,
            671.7
          ],
          [
            -117.495775,
            50.112847,
            672.4
          ],
          [
            -117.496509,
            50.113408,
            674.8
          ],
          [
            -117.496879,
            50.113713,
            676.2
          ],
          [
            -117.497022,
            50.113818,
            676.7
          ],
          [
            -117.497221,
            50.113938,
            677
          ],
          [
            -117.497436,
            50.114044,
            677.2
          ],
          [
            -117.497674,
            50.114137,
            677.8
          ],
          [
            -117.497977,
            50.114227,
            678.4
          ],
          [
            -117.498447,
            50.114341,
            679.6
          ],
          [
            -117.499346,
            50.114516,
            681.1
          ],
          [
            -117.499858,
            50.114627,
            681.9
          ],
          [
            -117.500136,
            50.114703,
            682.4
          ],
          [
            -117.50041,
            50.114792,
            682.8
          ],
          [
            -117.500671,
            50.114896,
            683.2
          ],
          [
            -117.500919,
            50.115012,
            683.8
          ],
          [
            -117.501157,
            50.115141,
            685
          ],
          [
            -117.501373,
            50.115281,
            685.7
          ],
          [
            -117.501572,
            50.115436,
            686.2
          ],
          [
            -117.501743,
            50.115599,
            687.3
          ],
          [
            -117.502033,
            50.11595,
            688.3
          ],
          [
            -117.502566,
            50.116652,
            691.6
          ],
          [
            -117.50272,
            50.116818,
            692.4
          ],
          [
            -117.502895,
            50.116971,
            693.2
          ],
          [
            -117.5031,
            50.117112,
            693.7
          ],
          [
            -117.503325,
            50.117236,
            694.4
          ],
          [
            -117.503572,
            50.117347,
            694.9
          ],
          [
            -117.503854,
            50.117437,
            695.4
          ],
          [
            -117.504121,
            50.11751,
            695.8
          ],
          [
            -117.504995,
            50.117683,
            698.3
          ],
          [
            -117.50528,
            50.117754,
            699
          ],
          [
            -117.505551,
            50.117843,
            700.1
          ],
          [
            -117.506036,
            50.118066,
            701.6
          ],
          [
            -117.507651,
            50.118897,
            706.4
          ],
          [
            -117.508136,
            50.119114,
            707.9
          ],
          [
            -117.508388,
            50.119214,
            708.5
          ],
          [
            -117.509159,
            50.119488,
            709.5
          ],
          [
            -117.509663,
            50.119688,
            710.3
          ],
          [
            -117.510088,
            50.119891,
            711.2
          ],
          [
            -117.510547,
            50.120131,
            713.1
          ],
          [
            -117.510879,
            50.120251,
            713.7
          ],
          [
            -117.513351,
            50.121617,
            716.8
          ],
          [
            -117.513604,
            50.121738,
            716.7
          ],
          [
            -117.514084,
            50.122007,
            716.5
          ],
          [
            -117.515571,
            50.122789,
            716.9
          ],
          [
            -117.516057,
            50.123061,
            716.5
          ],
          [
            -117.516471,
            50.123375,
            716.6
          ],
          [
            -117.516664,
            50.123541,
            716.7
          ],
          [
            -117.516837,
            50.123709,
            717.2
          ],
          [
            -117.516994,
            50.123889,
            717.6
          ],
          [
            -117.517253,
            50.124252,
            718.8
          ],
          [
            -117.517846,
            50.125201,
            721.1
          ],
          [
            -117.518095,
            50.125572,
            722
          ],
          [
            -117.518257,
            50.125746,
            722.1
          ],
          [
            -117.518447,
            50.125901,
            722.4
          ],
          [
            -117.518869,
            50.126169,
            721.1
          ],
          [
            -117.519107,
            50.126283,
            720.4
          ],
          [
            -117.519368,
            50.126374,
            719.8
          ],
          [
            -117.519646,
            50.126441,
            720.6
          ],
          [
            -117.519926,
            50.126488,
            721.8
          ],
          [
            -117.520217,
            50.126522,
            723.4
          ],
          [
            -117.521386,
            50.126604,
            727.6
          ],
          [
            -117.523768,
            50.126715,
            730
          ],
          [
            -117.524759,
            50.126783,
            730.6
          ],
          [
            -117.525309,
            50.126856,
            731.4
          ],
          [
            -117.525615,
            50.12691,
            731.7
          ],
          [
            -117.526209,
            50.127047,
            732.8
          ],
          [
            -117.526783,
            50.127218,
            733.7
          ],
          [
            -117.527627,
            50.127501,
            734.6
          ],
          [
            -117.528166,
            50.127705,
            735.2
          ],
          [
            -117.528425,
            50.127818,
            735.5
          ],
          [
            -117.52865,
            50.127953,
            735.7
          ],
          [
            -117.529783,
            50.12857,
            737.5
          ],
          [
            -117.530013,
            50.128676,
            737.9
          ],
          [
            -117.531007,
            50.129231,
            739.1
          ],
          [
            -117.531182,
            50.129346,
            739.5
          ],
          [
            -117.531978,
            50.129784,
            741.5
          ],
          [
            -117.532609,
            50.130122,
            743.7
          ],
          [
            -117.532836,
            50.130221,
            744.5
          ],
          [
            -117.534533,
            50.131129,
            749.1
          ],
          [
            -117.535164,
            50.131485,
            751
          ],
          [
            -117.535652,
            50.131879,
            752.3
          ],
          [
            -117.536355,
            50.132469,
            753.9
          ],
          [
            -117.536549,
            50.132615,
            754.3
          ],
          [
            -117.536758,
            50.132749,
            754.7
          ],
          [
            -117.537157,
            50.133029,
            755.8
          ],
          [
            -117.537599,
            50.133294,
            756.1
          ],
          [
            -117.539408,
            50.134333,
            761
          ],
          [
            -117.540326,
            50.134849,
            764.2
          ],
          [
            -117.540814,
            50.13509,
            766.1
          ],
          [
            -117.541325,
            50.135301,
            767.6
          ],
          [
            -117.541875,
            50.135475,
            768.7
          ],
          [
            -117.543312,
            50.135848,
            771.9
          ],
          [
            -117.544171,
            50.136089,
            773.1
          ],
          [
            -117.544741,
            50.136271,
            773
          ],
          [
            -117.546151,
            50.136769,
            771.1
          ],
          [
            -117.548078,
            50.137489,
            770.1
          ],
          [
            -117.548455,
            50.137561,
            770
          ],
          [
            -117.550245,
            50.138232,
            769.5
          ],
          [
            -117.550755,
            50.138436,
            769.6
          ],
          [
            -117.551604,
            50.138799,
            769.8
          ],
          [
            -117.557435,
            50.141379,
            768.5
          ],
          [
            -117.558013,
            50.141609,
            768.6
          ],
          [
            -117.558309,
            50.141712,
            768.4
          ],
          [
            -117.55862,
            50.141805,
            768.5
          ],
          [
            -117.558931,
            50.141884,
            768.6
          ],
          [
            -117.55925,
            50.141952,
            768.5
          ],
          [
            -117.559572,
            50.14201,
            768.4
          ],
          [
            -117.559905,
            50.142057,
            768.4
          ],
          [
            -117.560235,
            50.14209,
            768.4
          ],
          [
            -117.560568,
            50.14211,
            768.4
          ],
          [
            -117.561248,
            50.142128,
            768.8
          ],
          [
            -117.56544,
            50.142144,
            773
          ],
          [
            -117.566062,
            50.142178,
            774.2
          ],
          [
            -117.566364,
            50.142211,
            774.8
          ],
          [
            -117.566732,
            50.14227,
            775.3
          ],
          [
            -117.56697,
            50.142321,
            776.1
          ],
          [
            -117.567264,
            50.142396,
            776.8
          ],
          [
            -117.567538,
            50.142485,
            777.5
          ],
          [
            -117.568051,
            50.142724,
            778.8
          ],
          [
            -117.56855,
            50.142993,
            780
          ],
          [
            -117.571041,
            50.144419,
            781.5
          ],
          [
            -117.571318,
            50.144543,
            781.8
          ],
          [
            -117.571571,
            50.144673,
            781.5
          ],
          [
            -117.571842,
            50.144796,
            780.7
          ],
          [
            -117.57212,
            50.144904,
            780.4
          ],
          [
            -117.572408,
            50.144995,
            779.9
          ],
          [
            -117.57271,
            50.145075,
            779.4
          ],
          [
            -117.573021,
            50.145139,
            778.9
          ],
          [
            -117.573333,
            50.145187,
            779
          ],
          [
            -117.573646,
            50.145222,
            779
          ],
          [
            -117.573968,
            50.145244,
            779.1
          ],
          [
            -117.574916,
            50.145269,
            778.9
          ],
          [
            -117.575234,
            50.145256,
            779
          ],
          [
            -117.575555,
            50.145272,
            779.1
          ],
          [
            -117.576205,
            50.14527,
            780.2
          ],
          [
            -117.583242,
            50.145344,
            792.2
          ],
          [
            -117.583583,
            50.145338,
            792
          ],
          [
            -117.58423,
            50.14535,
            791.9
          ],
          [
            -117.584892,
            50.145385,
            791.5
          ],
          [
            -117.585222,
            50.14542,
            791.1
          ],
          [
            -117.585543,
            50.145467,
            790.1
          ],
          [
            -117.585863,
            50.145531,
            789.4
          ],
          [
            -117.587722,
            50.146024,
            782.7
          ],
          [
            -117.589001,
            50.146345,
            778.4
          ],
          [
            -117.59216,
            50.147199,
            773.9
          ],
          [
            -117.593076,
            50.147432,
            773.6
          ],
          [
            -117.593689,
            50.147554,
            773.3
          ],
          [
            -117.594001,
            50.147599,
            773
          ],
          [
            -117.594313,
            50.147631,
            772.9
          ],
          [
            -117.594627,
            50.14765,
            772.9
          ],
          [
            -117.595251,
            50.147654,
            772.4
          ],
          [
            -117.595563,
            50.147639,
            772.3
          ],
          [
            -117.596096,
            50.147552,
            772.5
          ],
          [
            -117.596391,
            50.147492,
            772.6
          ],
          [
            -117.597545,
            50.147193,
            772.2
          ],
          [
            -117.598192,
            50.147046,
            771.8
          ],
          [
            -117.59844,
            50.14696,
            771.6
          ],
          [
            -117.598748,
            50.146913,
            771.3
          ],
          [
            -117.59937,
            50.146845,
            770.6
          ],
          [
            -117.600921,
            50.146709,
            767.1
          ],
          [
            -117.607082,
            50.145998,
            759.2
          ],
          [
            -117.608071,
            50.145934,
            759.7
          ],
          [
            -117.608721,
            50.145913,
            759.3
          ],
          [
            -117.60969,
            50.145909,
            758.5
          ],
          [
            -117.610006,
            50.145938,
            758.5
          ],
          [
            -117.61162,
            50.146041,
            757.5
          ],
          [
            -117.615801,
            50.146376,
            758.4
          ],
          [
            -117.616064,
            50.146382,
            758.7
          ],
          [
            -117.617682,
            50.146514,
            757.9
          ],
          [
            -117.618314,
            50.146553,
            757.7
          ],
          [
            -117.61895,
            50.146579,
            757.6
          ],
          [
            -117.620237,
            50.146597,
            758.6
          ],
          [
            -117.620886,
            50.146584,
            759.4
          ],
          [
            -117.622827,
            50.146493,
            759.6
          ],
          [
            -117.623473,
            50.146475,
            759.1
          ],
          [
            -117.623797,
            50.146477,
            758.8
          ],
          [
            -117.624119,
            50.146492,
            758.8
          ],
          [
            -117.624759,
            50.146555,
            759.4
          ],
          [
            -117.628532,
            50.14711,
            760.6
          ],
          [
            -117.62978,
            50.147323,
            761.6
          ],
          [
            -117.630076,
            50.147402,
            762
          ],
          [
            -117.630984,
            50.14761,
            763.3
          ],
          [
            -117.637836,
            50.14936,
            769.4
          ],
          [
            -117.638147,
            50.149423,
            769.8
          ],
          [
            -117.639663,
            50.149807,
            771.4
          ],
          [
            -117.642098,
            50.150386,
            768.5
          ],
          [
            -117.644789,
            50.151063,
            761.7
          ],
          [
            -117.646606,
            50.151491,
            761.7
          ],
          [
            -117.647512,
            50.151717,
            761.9
          ],
          [
            -117.648411,
            50.151961,
            761.8
          ],
          [
            -117.648975,
            50.152167,
            762.2
          ],
          [
            -117.649522,
            50.152386,
            762.8
          ],
          [
            -117.649779,
            50.152504,
            762.7
          ],
          [
            -117.650499,
            50.152857,
            763
          ],
          [
            -117.65251,
            50.153907,
            762.1
          ],
          [
            -117.653022,
            50.154165,
            762.3
          ],
          [
            -117.653535,
            50.154408,
            762.7
          ],
          [
            -117.654351,
            50.154749,
            763.5
          ],
          [
            -117.654632,
            50.154856,
            763.8
          ],
          [
            -117.655213,
            50.155053,
            764.3
          ],
          [
            -117.659269,
            50.156354,
            763.9
          ],
          [
            -117.65984,
            50.156546,
            763.9
          ],
          [
            -117.660406,
            50.156752,
            763.8
          ],
          [
            -117.660901,
            50.157027,
            764.2
          ],
          [
            -117.661121,
            50.15717,
            764.3
          ],
          [
            -117.669616,
            50.163365,
            770.3
          ],
          [
            -117.669847,
            50.163509,
            769.5
          ],
          [
            -117.672594,
            50.165547,
            762.4
          ],
          [
            -117.672927,
            50.165901,
            761.8
          ],
          [
            -117.67307,
            50.166079,
            761.5
          ],
          [
            -117.673195,
            50.166261,
            760.9
          ],
          [
            -117.673305,
            50.166448,
            761
          ],
          [
            -117.673398,
            50.166638,
            761
          ],
          [
            -117.673538,
            50.167023,
            761.6
          ],
          [
            -117.674564,
            50.170459,
            769.2
          ],
          [
            -117.674648,
            50.170662,
            769
          ],
          [
            -117.67511,
            50.172344,
            764.8
          ],
          [
            -117.675244,
            50.172758,
            763.9
          ],
          [
            -117.675323,
            50.172961,
            763.4
          ],
          [
            -117.675514,
            50.173354,
            762.8
          ],
          [
            -117.675629,
            50.173546,
            762.5
          ],
          [
            -117.675882,
            50.173918,
            761.7
          ],
          [
            -117.676417,
            50.174655,
            760.2
          ],
          [
            -117.676666,
            50.17503,
            759.7
          ],
          [
            -117.676887,
            50.175419,
            759.7
          ],
          [
            -117.677168,
            50.176016,
            760
          ],
          [
            -117.677511,
            50.176828,
            757.5
          ],
          [
            -117.677666,
            50.177247,
            755.6
          ],
          [
            -117.677881,
            50.177885,
            751.8
          ],
          [
            -117.6783,
            50.179206,
            741.6
          ],
          [
            -117.678537,
            50.179844,
            734.1
          ],
          [
            -117.678659,
            50.180117,
            731.3
          ],
          [
            -117.678889,
            50.180575,
            727.2
          ],
          [
            -117.679998,
            50.18264,
            707.8
          ],
          [
            -117.680274,
            50.183116,
            704.5
          ],
          [
            -117.680575,
            50.183587,
            700.7
          ],
          [
            -117.680893,
            50.18405,
            698
          ],
          [
            -117.681232,
            50.18451,
            694.8
          ],
          [
            -117.681598,
            50.184959,
            691.9
          ],
          [
            -117.682732,
            50.186254,
            685.6
          ],
          [
            -117.683082,
            50.186677,
            684.2
          ],
          [
            -117.683408,
            50.187097,
            683.1
          ],
          [
            -117.685821,
            50.190494,
            671.1
          ],
          [
            -117.686114,
            50.19087,
            670.2
          ],
          [
            -117.686455,
            50.191226,
            669.2
          ],
          [
            -117.689034,
            50.193672,
            659.3
          ],
          [
            -117.689376,
            50.194032,
            658.1
          ],
          [
            -117.689687,
            50.194408,
            657.2
          ],
          [
            -117.689827,
            50.194604,
            656.4
          ],
          [
            -117.689925,
            50.194807,
            655.8
          ],
          [
            -117.690597,
            50.195992,
            653.7
          ],
          [
            -117.690733,
            50.196186,
            652.8
          ],
          [
            -117.691931,
            50.198346,
            643.3
          ],
          [
            -117.692136,
            50.198738,
            643.3
          ],
          [
            -117.69223,
            50.198939,
            643.5
          ],
          [
            -117.692327,
            50.199339,
            642.9
          ],
          [
            -117.692417,
            50.200112,
            640.8
          ],
          [
            -117.692483,
            50.200318,
            640.2
          ],
          [
            -117.69254,
            50.200564,
            639.5
          ],
          [
            -117.692591,
            50.200729,
            638.9
          ],
          [
            -117.69267,
            50.200935,
            638.1
          ],
          [
            -117.692767,
            50.201135,
            637.6
          ],
          [
            -117.692885,
            50.201333,
            636.3
          ],
          [
            -117.693049,
            50.201558,
            634.9
          ],
          [
            -117.693169,
            50.201704,
            633.9
          ],
          [
            -117.693521,
            50.202059,
            631.3
          ],
          [
            -117.693715,
            50.202229,
            630.1
          ],
          [
            -117.693923,
            50.202394,
            629.2
          ],
          [
            -117.694144,
            50.202551,
            628.4
          ],
          [
            -117.69438,
            50.2027,
            627.9
          ],
          [
            -117.694629,
            50.202839,
            627.5
          ],
          [
            -117.695464,
            50.203178,
            625.5
          ],
          [
            -117.696039,
            50.203376,
            624.4
          ],
          [
            -117.698409,
            50.204098,
            620.1
          ],
          [
            -117.698827,
            50.204161,
            619.7
          ],
          [
            -117.699403,
            50.20435,
            619.2
          ],
          [
            -117.69969,
            50.204454,
            619.1
          ],
          [
            -117.700229,
            50.204683,
            619
          ],
          [
            -117.702121,
            50.205827,
            619.8
          ],
          [
            -117.702375,
            50.205959,
            619.7
          ],
          [
            -117.70286,
            50.206245,
            619.6
          ],
          [
            -117.703115,
            50.206381,
            619.6
          ],
          [
            -117.706433,
            50.208032,
            618.9
          ],
          [
            -117.706965,
            50.208273,
            618.3
          ],
          [
            -117.708622,
            50.208967,
            615.7
          ],
          [
            -117.70916,
            50.209214,
            614.7
          ],
          [
            -117.714582,
            50.211916,
            611.1
          ],
          [
            -117.715631,
            50.212426,
            610.9
          ],
          [
            -117.71617,
            50.212668,
            610.5
          ],
          [
            -117.719146,
            50.213953,
            605
          ],
          [
            -117.720144,
            50.214412,
            603.5
          ],
          [
            -117.721177,
            50.214933,
            603
          ],
          [
            -117.722408,
            50.215598,
            603.7
          ],
          [
            -117.723652,
            50.216252,
            607.3
          ],
          [
            -117.723894,
            50.216391,
            608.5
          ],
          [
            -117.7241,
            50.216557,
            610
          ],
          [
            -117.724281,
            50.216725,
            611.7
          ],
          [
            -117.724444,
            50.216902,
            613
          ],
          [
            -117.724582,
            50.217086,
            614.2
          ],
          [
            -117.72498,
            50.217667,
            616.2
          ],
          [
            -117.72529,
            50.218048,
            616.6
          ],
          [
            -117.725938,
            50.21879,
            617.9
          ],
          [
            -117.726105,
            50.218969,
            618.3
          ],
          [
            -117.726498,
            50.219306,
            619.3
          ],
          [
            -117.726709,
            50.219459,
            619.5
          ],
          [
            -117.726944,
            50.219604,
            620.1
          ],
          [
            -117.727928,
            50.220147,
            620.9
          ],
          [
            -117.728453,
            50.220409,
            620.8
          ],
          [
            -117.728729,
            50.220525,
            620.8
          ],
          [
            -117.729015,
            50.22063,
            621
          ],
          [
            -117.730466,
            50.221095,
            622.8
          ],
          [
            -117.731026,
            50.221291,
            623.2
          ],
          [
            -117.731395,
            50.221367,
            623.6
          ],
          [
            -117.732776,
            50.221915,
            622.9
          ],
          [
            -117.733326,
            50.222143,
            622.7
          ],
          [
            -117.734121,
            50.222509,
            622
          ],
          [
            -117.735626,
            50.223247,
            621.1
          ],
          [
            -117.736378,
            50.223642,
            621.4
          ],
          [
            -117.737153,
            50.224087,
            621.5
          ],
          [
            -117.742043,
            50.227125,
            615.7
          ],
          [
            -117.742746,
            50.227566,
            615.2
          ],
          [
            -117.743203,
            50.227868,
            615.2
          ],
          [
            -117.743853,
            50.22834,
            614.9
          ],
          [
            -117.746166,
            50.230117,
            610.1
          ],
          [
            -117.747631,
            50.231256,
            606.4
          ],
          [
            -117.748452,
            50.231847,
            606.5
          ],
          [
            -117.749411,
            50.232472,
            607.6
          ],
          [
            -117.75102,
            50.23347,
            607.6
          ],
          [
            -117.751464,
            50.233767,
            607.5
          ],
          [
            -117.752518,
            50.234519,
            605.7
          ],
          [
            -117.752938,
            50.234802,
            604.8
          ],
          [
            -117.753152,
            50.234935,
            604.7
          ],
          [
            -117.753593,
            50.23518,
            604.5
          ],
          [
            -117.754641,
            50.235693,
            605.2
          ],
          [
            -117.755067,
            50.235865,
            605.5
          ],
          [
            -117.755293,
            50.235936,
            605.6
          ],
          [
            -117.755533,
            50.235996,
            605.6
          ],
          [
            -117.756032,
            50.236046,
            605.5
          ],
          [
            -117.756537,
            50.23607,
            605.1
          ],
          [
            -117.756864,
            50.236034,
            605.2
          ],
          [
            -117.757948,
            50.23605,
            605.2
          ],
          [
            -117.763752,
            50.236065,
            604
          ],
          [
            -117.764781,
            50.236056,
            604.3
          ],
          [
            -117.779689,
            50.236036,
            569.2
          ],
          [
            -117.779914,
            50.236053,
            568.9
          ],
          [
            -117.781085,
            50.23607,
            566.6
          ],
          [
            -117.781805,
            50.236107,
            563.6
          ],
          [
            -117.782307,
            50.23615,
            561.6
          ],
          [
            -117.782555,
            50.236181,
            560.6
          ],
          [
            -117.783316,
            50.236296,
            557.2
          ],
          [
            -117.783818,
            50.236393,
            555.4
          ],
          [
            -117.7843,
            50.236522,
            552.2
          ],
          [
            -117.784773,
            50.236669,
            550.2
          ],
          [
            -117.786779,
            50.237411,
            541.2
          ],
          [
            -117.786989,
            50.237498,
            540.4
          ],
          [
            -117.7874,
            50.237694,
            538.6
          ],
          [
            -117.787597,
            50.237801,
            537.8
          ],
          [
            -117.787782,
            50.237919,
            536.9
          ],
          [
            -117.788854,
            50.238679,
            531.8
          ],
          [
            -117.789435,
            50.239022,
            528.8
          ],
          [
            -117.789607,
            50.239099,
            528
          ],
          [
            -117.790043,
            50.23934,
            526.9
          ],
          [
            -117.790455,
            50.239552,
            526
          ],
          [
            -117.790839,
            50.239728,
            525
          ],
          [
            -117.79174,
            50.240107,
            522.1
          ],
          [
            -117.791956,
            50.240216,
            521
          ],
          [
            -117.792154,
            50.240334,
            519.7
          ],
          [
            -117.792304,
            50.240472,
            518.4
          ],
          [
            -117.792421,
            50.240618,
            517.7
          ],
          [
            -117.792514,
            50.240773,
            516.6
          ],
          [
            -117.792775,
            50.241442,
            510.7
          ],
          [
            -117.792918,
            50.241782,
            508.6
          ],
          [
            -117.793029,
            50.24195,
            507.7
          ],
          [
            -117.793203,
            50.242291,
            506
          ],
          [
            -117.793299,
            50.242457,
            505.3
          ],
          [
            -117.794214,
            50.24388,
            500.5
          ],
          [
            -117.794426,
            50.244184,
            500.1
          ],
          [
            -117.79465,
            50.244481,
            499.1
          ],
          [
            -117.794775,
            50.244627,
            498.7
          ],
          [
            -117.794913,
            50.244768,
            498.4
          ],
          [
            -117.795064,
            50.2449,
            497.8
          ],
          [
            -117.795234,
            50.245027,
            497.1
          ],
          [
            -117.795414,
            50.245142,
            496.1
          ],
          [
            -117.79582,
            50.245354,
            494.8
          ],
          [
            -117.796045,
            50.245446,
            493.9
          ],
          [
            -117.796285,
            50.24553,
            493.4
          ],
          [
            -117.796779,
            50.245671,
            492.5
          ],
          [
            -117.797812,
            50.245926,
            490.4
          ],
          [
            -117.79856,
            50.246135,
            488.5
          ],
          [
            -117.799034,
            50.246304,
            486.6
          ],
          [
            -117.799261,
            50.246402,
            486
          ],
          [
            -117.799697,
            50.24662,
            484.7
          ],
          [
            -117.799902,
            50.246737,
            484.3
          ],
          [
            -117.800296,
            50.246992,
            484.3
          ],
          [
            -117.800612,
            50.247246,
            484.7
          ],
          [
            -117.800772,
            50.247395,
            484.6
          ],
          [
            -117.800918,
            50.24755,
            484.6
          ],
          [
            -117.801476,
            50.24836,
            482.7
          ],
          [
            -117.801756,
            50.248661,
            481.3
          ],
          [
            -117.801902,
            50.248798,
            480.6
          ],
          [
            -117.802067,
            50.248922,
            479.3
          ],
          [
            -117.802248,
            50.24903,
            478.5
          ],
          [
            -117.802443,
            50.249124,
            477.5
          ],
          [
            -117.802653,
            50.249202,
            476.8
          ],
          [
            -117.802877,
            50.249266,
            476.4
          ],
          [
            -117.803151,
            50.249325,
            475.9
          ],
          [
            -117.803573,
            50.249392,
            475.4
          ],
          [
            -117.807117,
            50.24982,
            472.5
          ],
          [
            -117.807387,
            50.249803,
            472.4
          ],
          [
            -117.807604,
            50.249824,
            472.3
          ],
          [
            -117.808038,
            50.249845,
            471.8
          ],
          [
            -117.808457,
            50.24984,
            471.4
          ],
          [
            -117.808855,
            50.249802,
            470.9
          ],
          [
            -117.809245,
            50.249677,
            470.8
          ],
          [
            -117.809532,
            50.249567,
            470.4
          ],
          [
            -117.809722,
            50.249545,
            469.9
          ],
          [
            -117.809993,
            50.249444,
            469.1
          ],
          [
            -117.810108,
            50.249417,
            468.9
          ],
          [
            -117.810312,
            50.249397,
            468.7
          ],
          [
            -117.810418,
            50.249362,
            468.5
          ],
          [
            -117.810508,
            50.249418,
            468.3
          ],
          [
            -117.810605,
            50.249446,
            468.3
          ],
          [
            -117.810676,
            50.249429,
            468.6
          ],
          [
            -117.81076,
            50.249471,
            468.7
          ],
          [
            -117.810821,
            50.249529,
            468.6
          ],
          [
            -117.811613,
            50.249962,
            467.3
          ],
          [
            -117.813389,
            50.250845,
            463.8
          ],
          [
            -117.81361,
            50.250934,
            463.8
          ],
          [
            -117.814231,
            50.251242,
            464.6
          ],
          [
            -117.814428,
            50.25136,
            465.3
          ],
          [
            -117.814643,
            50.251466,
            465.7
          ],
          [
            -117.81573,
            50.251996,
            467.6
          ],
          [
            -117.815962,
            50.252092,
            468.1
          ],
          [
            -117.816349,
            50.252337,
            468.9
          ],
          [
            -117.816528,
            50.252475,
            469.4
          ],
          [
            -117.816689,
            50.252617,
            469.6
          ],
          [
            -117.816822,
            50.252776,
            469.6
          ],
          [
            -117.816935,
            50.252941,
            470
          ],
          [
            -117.817045,
            50.253152,
            470.2
          ],
          [
            -117.81719,
            50.253486,
            470.3
          ],
          [
            -117.817254,
            50.253675,
            470.4
          ],
          [
            -117.817301,
            50.253869,
            470.2
          ],
          [
            -117.81732,
            50.254065,
            470.2
          ],
          [
            -117.817306,
            50.254262,
            470.5
          ],
          [
            -117.817266,
            50.254465,
            470.7
          ],
          [
            -117.817035,
            50.25532,
            471.2
          ],
          [
            -117.816902,
            50.255908,
            472.7
          ],
          [
            -117.81689,
            50.256105,
            473.9
          ],
          [
            -117.816826,
            50.256498,
            476.2
          ],
          [
            -117.81675,
            50.257083,
            479.5
          ],
          [
            -117.816561,
            50.258767,
            489.1
          ],
          [
            -117.816436,
            50.259734,
            491.7
          ],
          [
            -117.816325,
            50.260732,
            490.5
          ],
          [
            -117.816316,
            50.260925,
            490.6
          ],
          [
            -117.816324,
            50.261114,
            490.7
          ],
          [
            -117.816345,
            50.261271,
            490.6
          ],
          [
            -117.816391,
            50.261464,
            490.3
          ],
          [
            -117.816459,
            50.261658,
            490
          ],
          [
            -117.816547,
            50.261849,
            489.9
          ],
          [
            -117.816763,
            50.262231,
            488.8
          ],
          [
            -117.817794,
            50.263938,
            487.7
          ],
          [
            -117.818271,
            50.264699,
            485.6
          ],
          [
            -117.819065,
            50.266018,
            483.2
          ],
          [
            -117.819789,
            50.267165,
            482.6
          ],
          [
            -117.820797,
            50.268829,
            482.8
          ],
          [
            -117.820987,
            50.26921,
            482.9
          ],
          [
            -117.82107,
            50.269442,
            483.1
          ],
          [
            -117.82109,
            50.269843,
            482.8
          ],
          [
            -117.821086,
            50.270046,
            483.2
          ],
          [
            -117.820981,
            50.271033,
            483.6
          ],
          [
            -117.820963,
            50.271248,
            484
          ],
          [
            -117.820958,
            50.271454,
            484.3
          ],
          [
            -117.820987,
            50.271662,
            484.7
          ],
          [
            -117.821001,
            50.272076,
            485
          ],
          [
            -117.821029,
            50.272281,
            485.5
          ],
          [
            -117.821069,
            50.272484,
            486.1
          ],
          [
            -117.821131,
            50.272724,
            486.7
          ],
          [
            -117.821244,
            50.273082,
            487.5
          ],
          [
            -117.82145,
            50.273662,
            489.5
          ],
          [
            -117.821744,
            50.274421,
            492.4
          ],
          [
            -117.822168,
            50.275564,
            495.6
          ],
          [
            -117.822297,
            50.275949,
            496.2
          ],
          [
            -117.822414,
            50.276346,
            496.1
          ],
          [
            -117.822464,
            50.276545,
            495.8
          ],
          [
            -117.82259,
            50.277161,
            494.7
          ],
          [
            -117.822826,
            50.278671,
            490.7
          ],
          [
            -117.822946,
            50.279275,
            488.5
          ],
          [
            -117.823075,
            50.279694,
            487.3
          ],
          [
            -117.823234,
            50.280109,
            485.9
          ],
          [
            -117.823325,
            50.280315,
            485.1
          ],
          [
            -117.82355,
            50.280756,
            483.6
          ],
          [
            -117.823789,
            50.281147,
            482.7
          ],
          [
            -117.824056,
            50.281526,
            481.2
          ],
          [
            -117.824335,
            50.281872,
            480.7
          ],
          [
            -117.824932,
            50.282645,
            477.8
          ],
          [
            -117.825696,
            50.283656,
            474.7
          ],
          [
            -117.826849,
            50.285154,
            468.6
          ],
          [
            -117.828778,
            50.287778,
            461.6
          ],
          [
            -117.829207,
            50.288324,
            459.4
          ],
          [
            -117.829362,
            50.288498,
            458.1
          ],
          [
            -117.82971,
            50.288837,
            456.8
          ],
          [
            -117.830112,
            50.289156,
            455.5
          ],
          [
            -117.83055,
            50.289456,
            454.4
          ],
          [
            -117.831225,
            50.289882,
            453.6
          ],
          [
            -117.832768,
            50.290831,
            454
          ],
          [
            -117.833474,
            50.291254,
            454
          ],
          [
            -117.833779,
            50.291378,
            453.9
          ],
          [
            -117.835421,
            50.292382,
            453.9
          ],
          [
            -117.836315,
            50.292903,
            453.7
          ],
          [
            -117.83733,
            50.293451,
            453.7
          ],
          [
            -117.838071,
            50.293833,
            453.1
          ],
          [
            -117.842258,
            50.29594,
            448.2
          ],
          [
            -117.844567,
            50.297019,
            446.2
          ],
          [
            -117.845051,
            50.29727,
            446.8
          ],
          [
            -117.845452,
            50.297567,
            447.7
          ],
          [
            -117.845603,
            50.29769,
            448.4
          ],
          [
            -117.845802,
            50.297881,
            449.1
          ],
          [
            -117.846106,
            50.298224,
            450.4
          ],
          [
            -117.846976,
            50.299305,
            453.1
          ],
          [
            -117.847285,
            50.29966,
            453.7
          ],
          [
            -117.847596,
            50.299976,
            454.6
          ],
          [
            -117.847786,
            50.300144,
            454.9
          ],
          [
            -117.849865,
            50.301752,
            458.9
          ],
          [
            -117.850244,
            50.302026,
            459.2
          ],
          [
            -117.850467,
            50.302171,
            459.5
          ],
          [
            -117.8507,
            50.302303,
            460
          ],
          [
            -117.850998,
            50.302448,
            460.3
          ],
          [
            -117.851208,
            50.302531,
            460.8
          ],
          [
            -117.851478,
            50.302617,
            461.3
          ],
          [
            -117.851766,
            50.302688,
            461.7
          ],
          [
            -117.852057,
            50.30274,
            461.9
          ],
          [
            -117.852359,
            50.302779,
            462.2
          ],
          [
            -117.852667,
            50.302785,
            462.7
          ],
          [
            -117.853926,
            50.302856,
            464.3
          ],
          [
            -117.854246,
            50.302886,
            464.4
          ],
          [
            -117.854839,
            50.302923,
            465.4
          ],
          [
            -117.855119,
            50.302957,
            465.8
          ],
          [
            -117.855386,
            50.303009,
            466.1
          ],
          [
            -117.855646,
            50.303085,
            466.6
          ],
          [
            -117.855881,
            50.303182,
            467.4
          ],
          [
            -117.856106,
            50.3033,
            468.1
          ],
          [
            -117.856313,
            50.303431,
            468.5
          ],
          [
            -117.856605,
            50.30375,
            470.1
          ],
          [
            -117.856705,
            50.30389,
            470.4
          ],
          [
            -117.856817,
            50.304102,
            470.8
          ],
          [
            -117.856951,
            50.304485,
            471.4
          ],
          [
            -117.857273,
            50.305832,
            475.7
          ],
          [
            -117.857427,
            50.306534,
            478.3
          ],
          [
            -117.857499,
            50.306943,
            479.2
          ],
          [
            -117.857528,
            50.307323,
            480.3
          ],
          [
            -117.857512,
            50.30751,
            481.1
          ],
          [
            -117.857433,
            50.307925,
            482.3
          ],
          [
            -117.857238,
            50.30851,
            485.3
          ],
          [
            -117.857205,
            50.308667,
            486.7
          ],
          [
            -117.857188,
            50.308869,
            487.9
          ],
          [
            -117.8572,
            50.30907,
            489.4
          ],
          [
            -117.857255,
            50.30931,
            490.4
          ],
          [
            -117.857313,
            50.309467,
            491.5
          ],
          [
            -117.857408,
            50.309658,
            492.6
          ],
          [
            -117.857531,
            50.309843,
            493.5
          ],
          [
            -117.857685,
            50.310022,
            494.3
          ],
          [
            -117.858093,
            50.310345,
            495.5
          ],
          [
            -117.858391,
            50.310518,
            496.2
          ],
          [
            -117.858999,
            50.311025,
            497
          ],
          [
            -117.859839,
            50.311705,
            498
          ],
          [
            -117.860032,
            50.311875,
            498.5
          ],
          [
            -117.860202,
            50.312052,
            498.9
          ],
          [
            -117.86035,
            50.312239,
            499.7
          ],
          [
            -117.860465,
            50.31243,
            500.4
          ],
          [
            -117.860657,
            50.313025,
            503.3
          ],
          [
            -117.860745,
            50.313217,
            503.9
          ],
          [
            -117.860881,
            50.313608,
            506.4
          ],
          [
            -117.861083,
            50.313994,
            508.7
          ],
          [
            -117.861331,
            50.314358,
            511.3
          ],
          [
            -117.862681,
            50.31611,
            523.4
          ],
          [
            -117.862901,
            50.316267,
            524.4
          ],
          [
            -117.863845,
            50.31748,
            528.9
          ],
          [
            -117.864964,
            50.318871,
            531.7
          ],
          [
            -117.865244,
            50.319206,
            531.9
          ],
          [
            -117.865369,
            50.319336,
            531.6
          ],
          [
            -117.865701,
            50.31965,
            531.6
          ],
          [
            -117.8664,
            50.320263,
            529.4
          ],
          [
            -117.866576,
            50.320432,
            529
          ],
          [
            -117.866735,
            50.320603,
            528.5
          ],
          [
            -117.866881,
            50.320782,
            527.7
          ],
          [
            -117.867012,
            50.320966,
            527.4
          ],
          [
            -117.867128,
            50.321154,
            527.2
          ],
          [
            -117.867212,
            50.321353,
            526.6
          ],
          [
            -117.867322,
            50.32155,
            526.4
          ],
          [
            -117.867436,
            50.321749,
            525.4
          ],
          [
            -117.867574,
            50.321943,
            524.8
          ],
          [
            -117.868043,
            50.322758,
            521.5
          ],
          [
            -117.868447,
            50.323373,
            518.9
          ],
          [
            -117.868893,
            50.323975,
            515.7
          ],
          [
            -117.870304,
            50.325712,
            509.4
          ],
          [
            -117.872731,
            50.328628,
            504
          ],
          [
            -117.873126,
            50.329235,
            504.5
          ],
          [
            -117.873322,
            50.32959,
            504.3
          ],
          [
            -117.873515,
            50.329987,
            504.2
          ],
          [
            -117.87412,
            50.331394,
            504.7
          ],
          [
            -117.87423,
            50.331598,
            504.6
          ],
          [
            -117.874749,
            50.332818,
            506.1
          ],
          [
            -117.874948,
            50.333206,
            506.8
          ],
          [
            -117.87519,
            50.333584,
            506.9
          ],
          [
            -117.875323,
            50.333766,
            506.7
          ],
          [
            -117.875468,
            50.333943,
            506
          ],
          [
            -117.8758,
            50.334288,
            504.4
          ],
          [
            -117.875986,
            50.334453,
            503.6
          ],
          [
            -117.876202,
            50.334613,
            500.6
          ],
          [
            -117.876656,
            50.334916,
            498.1
          ],
          [
            -117.879159,
            50.336554,
            488.2
          ],
          [
            -117.879373,
            50.336709,
            487.6
          ],
          [
            -117.879563,
            50.336872,
            487.5
          ],
          [
            -117.879716,
            50.33704,
            487.2
          ],
          [
            -117.879785,
            50.337222,
            486.5
          ],
          [
            -117.879834,
            50.337402,
            486.2
          ],
          [
            -117.87984,
            50.337577,
            485.7
          ],
          [
            -117.879812,
            50.337759,
            485.7
          ],
          [
            -117.879763,
            50.337938,
            485.6
          ],
          [
            -117.879689,
            50.338127,
            484.8
          ],
          [
            -117.879596,
            50.33831,
            484.4
          ],
          [
            -117.879152,
            50.339081,
            484.3
          ],
          [
            -117.879075,
            50.339241,
            484.4
          ],
          [
            -117.878998,
            50.339447,
            484.7
          ],
          [
            -117.878956,
            50.339655,
            485.1
          ],
          [
            -117.878944,
            50.339859,
            485.6
          ],
          [
            -117.878965,
            50.340261,
            486
          ],
          [
            -117.879003,
            50.340658,
            487.6
          ],
          [
            -117.879045,
            50.340854,
            488.3
          ],
          [
            -117.879107,
            50.341637,
            490.6
          ],
          [
            -117.879153,
            50.342023,
            491.9
          ],
          [
            -117.879188,
            50.342215,
            492.9
          ],
          [
            -117.879238,
            50.342406,
            493.8
          ],
          [
            -117.879305,
            50.342594,
            494.5
          ],
          [
            -117.87939,
            50.342779,
            495.8
          ],
          [
            -117.879494,
            50.342961,
            497.2
          ],
          [
            -117.879621,
            50.343139,
            498.2
          ],
          [
            -117.879763,
            50.343314,
            499.4
          ],
          [
            -117.879922,
            50.343483,
            500.6
          ],
          [
            -117.880288,
            50.343813,
            502.1
          ],
          [
            -117.881512,
            50.344786,
            501.9
          ],
          [
            -117.8824,
            50.345447,
            502.6
          ],
          [
            -117.885124,
            50.347544,
            511.4
          ],
          [
            -117.885682,
            50.348007,
            514.1
          ],
          [
            -117.886031,
            50.34833,
            516.2
          ],
          [
            -117.886186,
            50.348495,
            517.1
          ],
          [
            -117.886551,
            50.349032,
            520.9
          ],
          [
            -117.886635,
            50.349174,
            522.4
          ],
          [
            -117.88812,
            50.351913,
            548.2
          ],
          [
            -117.88829,
            50.35228,
            552
          ],
          [
            -117.888358,
            50.352467,
            554.1
          ],
          [
            -117.888457,
            50.352838,
            557.3
          ],
          [
            -117.888493,
            50.353024,
            558.6
          ],
          [
            -117.888599,
            50.35375,
            563.6
          ],
          [
            -117.888767,
            50.354793,
            568.1
          ],
          [
            -117.888799,
            50.355075,
            569.4
          ],
          [
            -117.888786,
            50.355369,
            571
          ],
          [
            -117.888759,
            50.355527,
            571.3
          ],
          [
            -117.888716,
            50.355687,
            571.8
          ],
          [
            -117.888596,
            50.356021,
            572.8
          ],
          [
            -117.888436,
            50.356362,
            573.5
          ],
          [
            -117.888241,
            50.356715,
            574.5
          ],
          [
            -117.888163,
            50.356899,
            575.1
          ],
          [
            -117.887962,
            50.357259,
            575.8
          ],
          [
            -117.887877,
            50.357442,
            576.7
          ],
          [
            -117.887802,
            50.357632,
            577.5
          ],
          [
            -117.887742,
            50.35782,
            578.4
          ],
          [
            -117.887697,
            50.35801,
            578.6
          ],
          [
            -117.887668,
            50.358208,
            578.9
          ],
          [
            -117.887655,
            50.358398,
            579.2
          ],
          [
            -117.887651,
            50.358946,
            580.2
          ],
          [
            -117.887632,
            50.35934,
            580.5
          ],
          [
            -117.887421,
            50.361108,
            581.8
          ],
          [
            -117.887311,
            50.361703,
            581.7
          ],
          [
            -117.887256,
            50.361901,
            581.7
          ],
          [
            -117.887186,
            50.362102,
            581.8
          ],
          [
            -117.887102,
            50.3623,
            582.1
          ],
          [
            -117.886818,
            50.362896,
            583.1
          ],
          [
            -117.886658,
            50.363294,
            583.3
          ],
          [
            -117.886605,
            50.363497,
            583.2
          ],
          [
            -117.886573,
            50.363702,
            583.3
          ],
          [
            -117.886519,
            50.364326,
            583.2
          ],
          [
            -117.886486,
            50.364535,
            582.9
          ],
          [
            -117.886439,
            50.364742,
            582.8
          ],
          [
            -117.886378,
            50.364948,
            583.1
          ],
          [
            -117.886232,
            50.365359,
            583.1
          ],
          [
            -117.884141,
            50.370865,
            588.2
          ],
          [
            -117.883877,
            50.37148,
            588.8
          ],
          [
            -117.883562,
            50.372077,
            588.1
          ],
          [
            -117.882746,
            50.373466,
            587.3
          ],
          [
            -117.882641,
            50.373667,
            587.6
          ],
          [
            -117.88255,
            50.373871,
            588.3
          ],
          [
            -117.882474,
            50.374073,
            588.9
          ],
          [
            -117.882415,
            50.374278,
            589.6
          ],
          [
            -117.882369,
            50.374484,
            589.9
          ],
          [
            -117.882339,
            50.374695,
            590.5
          ],
          [
            -117.882331,
            50.375112,
            591
          ],
          [
            -117.882347,
            50.375323,
            591.2
          ],
          [
            -117.882377,
            50.375533,
            591.5
          ],
          [
            -117.882476,
            50.375955,
            591.9
          ],
          [
            -117.882573,
            50.376158,
            592.3
          ],
          [
            -117.88282,
            50.37678,
            594
          ],
          [
            -117.882984,
            50.376995,
            594.4
          ],
          [
            -117.88358,
            50.37844,
            595
          ],
          [
            -117.883674,
            50.37864,
            595.1
          ],
          [
            -117.883784,
            50.378841,
            595.2
          ],
          [
            -117.883907,
            50.37904,
            594.9
          ],
          [
            -117.884045,
            50.379234,
            594.5
          ],
          [
            -117.884356,
            50.379604,
            594
          ],
          [
            -117.884892,
            50.380139,
            593.1
          ],
          [
            -117.885276,
            50.380475,
            592.4
          ],
          [
            -117.88588,
            50.380942,
            590.3
          ],
          [
            -117.886125,
            50.381143,
            589.9
          ],
          [
            -117.886477,
            50.381455,
            590
          ],
          [
            -117.886648,
            50.381635,
            589.8
          ],
          [
            -117.886799,
            50.381826,
            589.6
          ],
          [
            -117.886926,
            50.38202,
            589.3
          ],
          [
            -117.887033,
            50.382218,
            589
          ],
          [
            -117.887123,
            50.38263,
            588.3
          ],
          [
            -117.887142,
            50.382836,
            588.1
          ],
          [
            -117.887142,
            50.383044,
            588
          ],
          [
            -117.887079,
            50.383455,
            587.4
          ],
          [
            -117.88659,
            50.385342,
            586.2
          ],
          [
            -117.88644,
            50.385999,
            586.4
          ],
          [
            -117.886407,
            50.386209,
            586.6
          ],
          [
            -117.88639,
            50.386421,
            586.5
          ],
          [
            -117.886389,
            50.386632,
            586.4
          ],
          [
            -117.886402,
            50.386844,
            586.2
          ],
          [
            -117.886433,
            50.387054,
            586.1
          ],
          [
            -117.886481,
            50.387264,
            586.2
          ],
          [
            -117.886611,
            50.387675,
            586.1
          ],
          [
            -117.887676,
            50.390333,
            589.6
          ],
          [
            -117.88818,
            50.391794,
            589.7
          ],
          [
            -117.888365,
            50.392168,
            588.1
          ],
          [
            -117.888534,
            50.392406,
            587.8
          ],
          [
            -117.888683,
            50.392595,
            587.1
          ],
          [
            -117.889156,
            50.393121,
            585.2
          ],
          [
            -117.889334,
            50.393352,
            584.5
          ],
          [
            -117.889438,
            50.393509,
            583.8
          ],
          [
            -117.889548,
            50.393711,
            583.2
          ],
          [
            -117.889636,
            50.393917,
            582.5
          ],
          [
            -117.889709,
            50.394129,
            581.4
          ],
          [
            -117.889746,
            50.394384,
            580.2
          ],
          [
            -117.88991,
            50.395187,
            577.3
          ],
          [
            -117.889979,
            50.3954,
            576.3
          ],
          [
            -117.890096,
            50.396042,
            573.2
          ],
          [
            -117.890144,
            50.396253,
            572.3
          ],
          [
            -117.890275,
            50.396678,
            570.4
          ],
          [
            -117.890613,
            50.397521,
            565.6
          ],
          [
            -117.890755,
            50.397945,
            563.5
          ],
          [
            -117.8908,
            50.398375,
            561.8
          ],
          [
            -117.890786,
            50.399916,
            555.5
          ],
          [
            -117.890787,
            50.40014,
            554.9
          ],
          [
            -117.890803,
            50.400364,
            554.1
          ],
          [
            -117.890846,
            50.400587,
            553.5
          ],
          [
            -117.890904,
            50.400802,
            553.3
          ],
          [
            -117.890985,
            50.401019,
            552.9
          ],
          [
            -117.891044,
            50.401234,
            552.5
          ],
          [
            -117.891079,
            50.401453,
            552
          ],
          [
            -117.891138,
            50.401668,
            551.9
          ],
          [
            -117.891221,
            50.401881,
            551.9
          ],
          [
            -117.891405,
            50.402522,
            551.6
          ],
          [
            -117.891486,
            50.402735,
            551.7
          ],
          [
            -117.891583,
            50.402941,
            551.6
          ],
          [
            -117.891676,
            50.403106,
            551.3
          ],
          [
            -117.891806,
            50.403308,
            551.5
          ],
          [
            -117.893562,
            50.405869,
            552.6
          ],
          [
            -117.893722,
            50.406062,
            552.8
          ],
          [
            -117.893862,
            50.406254,
            552.8
          ],
          [
            -117.894109,
            50.406644,
            553.1
          ],
          [
            -117.894211,
            50.406844,
            553
          ],
          [
            -117.894297,
            50.407049,
            553.2
          ],
          [
            -117.894365,
            50.407258,
            553.3
          ],
          [
            -117.894432,
            50.407905,
            552.6
          ],
          [
            -117.894501,
            50.408795,
            552.2
          ],
          [
            -117.894543,
            50.409018,
            552.6
          ],
          [
            -117.894594,
            50.409455,
            552.6
          ],
          [
            -117.894636,
            50.409669,
            552.9
          ],
          [
            -117.894696,
            50.409881,
            553.2
          ],
          [
            -117.894848,
            50.410294,
            553.2
          ],
          [
            -117.895032,
            50.410701,
            553.6
          ],
          [
            -117.895772,
            50.412126,
            551.2
          ],
          [
            -117.896065,
            50.412751,
            550
          ],
          [
            -117.896236,
            50.413171,
            549.6
          ],
          [
            -117.896381,
            50.413591,
            549.4
          ],
          [
            -117.896566,
            50.414229,
            548.9
          ],
          [
            -117.896662,
            50.414615,
            548.8
          ],
          [
            -117.896705,
            50.414828,
            548.9
          ],
          [
            -117.896742,
            50.415089,
            548.8
          ],
          [
            -117.896758,
            50.415307,
            548.9
          ],
          [
            -117.896753,
            50.415694,
            548.9
          ],
          [
            -117.896714,
            50.41613,
            549.7
          ],
          [
            -117.896663,
            50.416389,
            550.3
          ],
          [
            -117.896501,
            50.416976,
            552.3
          ],
          [
            -117.896124,
            50.41824,
            553.1
          ],
          [
            -117.896053,
            50.418497,
            553.3
          ],
          [
            -117.895972,
            50.418888,
            552.8
          ],
          [
            -117.895916,
            50.419334,
            551.7
          ],
          [
            -117.895812,
            50.420683,
            550.1
          ],
          [
            -117.895765,
            50.421118,
            550.1
          ],
          [
            -117.895663,
            50.421764,
            548.5
          ],
          [
            -117.895192,
            50.424174,
            536.8
          ],
          [
            -117.89491,
            50.425309,
            529.6
          ],
          [
            -117.894867,
            50.425542,
            528.2
          ],
          [
            -117.894842,
            50.425776,
            527
          ],
          [
            -117.894839,
            50.426014,
            525.9
          ],
          [
            -117.894861,
            50.426248,
            524.4
          ],
          [
            -117.894911,
            50.426484,
            522.8
          ],
          [
            -117.895054,
            50.426956,
            519.8
          ],
          [
            -117.89547,
            50.428103,
            513.4
          ],
          [
            -117.895543,
            50.428341,
            512
          ],
          [
            -117.895599,
            50.428624,
            510.9
          ],
          [
            -117.895616,
            50.428812,
            509.1
          ],
          [
            -117.895618,
            50.429047,
            507.9
          ],
          [
            -117.895596,
            50.429278,
            505.9
          ],
          [
            -117.895556,
            50.429508,
            505
          ],
          [
            -117.895374,
            50.429953,
            502.1
          ],
          [
            -117.895261,
            50.430167,
            500.8
          ],
          [
            -117.895129,
            50.430381,
            499.4
          ],
          [
            -117.894978,
            50.43059,
            498
          ],
          [
            -117.893469,
            50.432431,
            486.6
          ],
          [
            -117.893324,
            50.43264,
            485.3
          ],
          [
            -117.892782,
            50.43324,
            481.8
          ],
          [
            -117.892211,
            50.433821,
            478.6
          ],
          [
            -117.892012,
            50.43401,
            477.5
          ],
          [
            -117.891002,
            50.434949,
            471.2
          ],
          [
            -117.888919,
            50.436858,
            459.7
          ],
          [
            -117.886266,
            50.439343,
            454.8
          ],
          [
            -117.885901,
            50.439709,
            455.8
          ],
          [
            -117.885746,
            50.439893,
            456.1
          ],
          [
            -117.885614,
            50.440084,
            456.5
          ],
          [
            -117.885511,
            50.440283,
            456.9
          ],
          [
            -117.885417,
            50.440524,
            457.2
          ],
          [
            -117.885368,
            50.440686,
            457.5
          ],
          [
            -117.885331,
            50.440889,
            457.7
          ],
          [
            -117.88532,
            50.441093,
            457.7
          ],
          [
            -117.885431,
            50.441496,
            458.2
          ],
          [
            -117.88551,
            50.441696,
            458.5
          ],
          [
            -117.885611,
            50.441891,
            458.6
          ],
          [
            -117.885741,
            50.442088,
            458.5
          ],
          [
            -117.885893,
            50.442277,
            458.5
          ],
          [
            -117.886058,
            50.442459,
            458.4
          ],
          [
            -117.88632,
            50.442678,
            458
          ],
          [
            -117.887176,
            50.443586,
            455.1
          ],
          [
            -117.887734,
            50.444104,
            453.3
          ],
          [
            -117.888159,
            50.444428,
            451.7
          ],
          [
            -117.888659,
            50.444732,
            450.7
          ],
          [
            -117.889179,
            50.445008,
            450
          ],
          [
            -117.889517,
            50.44511,
            449.8
          ],
          [
            -117.890054,
            50.445351,
            449.5
          ],
          [
            -117.892679,
            50.446403,
            448.5
          ],
          [
            -117.89294,
            50.446495,
            448.4
          ],
          [
            -117.893211,
            50.446573,
            447.8
          ],
          [
            -117.893489,
            50.44664,
            447.5
          ],
          [
            -117.893776,
            50.446691,
            447.5
          ],
          [
            -117.894076,
            50.446721,
            447.4
          ],
          [
            -117.89438,
            50.446732,
            447.3
          ],
          [
            -117.894689,
            50.446724,
            447.2
          ],
          [
            -117.894989,
            50.446698,
            446.9
          ],
          [
            -117.89529,
            50.446647,
            446.4
          ],
          [
            -117.895847,
            50.446468,
            446.1
          ],
          [
            -117.896398,
            50.446264,
            446.1
          ],
          [
            -117.896584,
            50.44616,
            446
          ],
          [
            -117.896855,
            50.446054,
            446.2
          ],
          [
            -117.897858,
            50.445567,
            446.1
          ],
          [
            -117.898114,
            50.445464,
            446.1
          ],
          [
            -117.898379,
            50.445379,
            446.1
          ],
          [
            -117.89872,
            50.4453,
            445.9
          ],
          [
            -117.89895,
            50.445266,
            445.9
          ],
          [
            -117.899245,
            50.445242,
            445.7
          ],
          [
            -117.899542,
            50.445241,
            446
          ],
          [
            -117.899837,
            50.445265,
            446.2
          ],
          [
            -117.90012,
            50.445338,
            446.2
          ],
          [
            -117.900387,
            50.44542,
            446.4
          ],
          [
            -117.900639,
            50.44552,
            446.5
          ],
          [
            -117.900862,
            50.445633,
            446.6
          ],
          [
            -117.901067,
            50.445768,
            446.7
          ],
          [
            -117.901235,
            50.445913,
            447.3
          ],
          [
            -117.901383,
            50.446075,
            447.4
          ],
          [
            -117.901506,
            50.44625,
            448.1
          ],
          [
            -117.901826,
            50.446813,
            450.9
          ],
          [
            -117.901955,
            50.447001,
            451.5
          ],
          [
            -117.902116,
            50.447179,
            452.3
          ],
          [
            -117.902305,
            50.447339,
            453.1
          ],
          [
            -117.902502,
            50.44748,
            454.2
          ],
          [
            -117.903826,
            50.448277,
            462.9
          ],
          [
            -117.904031,
            50.448416,
            464.5
          ],
          [
            -117.904226,
            50.448565,
            465.9
          ],
          [
            -117.904401,
            50.44872,
            467.2
          ],
          [
            -117.904555,
            50.44888,
            468.9
          ],
          [
            -117.904696,
            50.44905,
            471.2
          ],
          [
            -117.905498,
            50.450082,
            480.4
          ],
          [
            -117.905626,
            50.450256,
            481.9
          ],
          [
            -117.905852,
            50.450606,
            485
          ],
          [
            -117.905946,
            50.450787,
            486.4
          ],
          [
            -117.90608,
            50.451113,
            489.2
          ],
          [
            -117.90618,
            50.451479,
            491.8
          ],
          [
            -117.906533,
            50.453283,
            509
          ],
          [
            -117.906586,
            50.453494,
            510.6
          ],
          [
            -117.906654,
            50.453707,
            512.5
          ],
          [
            -117.906736,
            50.453916,
            514.1
          ],
          [
            -117.906831,
            50.454124,
            516.1
          ],
          [
            -117.906942,
            50.454333,
            517.9
          ],
          [
            -117.907064,
            50.454537,
            519.7
          ],
          [
            -117.907213,
            50.454731,
            521.4
          ],
          [
            -117.907716,
            50.455482,
            526.4
          ],
          [
            -117.909479,
            50.458032,
            527.8
          ],
          [
            -117.909717,
            50.458416,
            527.7
          ],
          [
            -117.90982,
            50.458615,
            527.5
          ],
          [
            -117.909908,
            50.458815,
            527.9
          ],
          [
            -117.909994,
            50.459227,
            528.5
          ],
          [
            -117.910017,
            50.459433,
            529
          ],
          [
            -117.910028,
            50.459643,
            529.5
          ],
          [
            -117.910027,
            50.45985,
            529.7
          ],
          [
            -117.910011,
            50.460057,
            530.2
          ],
          [
            -117.909919,
            50.460898,
            531.6
          ],
          [
            -117.909911,
            50.461109,
            532
          ],
          [
            -117.909919,
            50.461322,
            532
          ],
          [
            -117.909946,
            50.46154,
            532
          ],
          [
            -117.910055,
            50.461919,
            533
          ],
          [
            -117.91015,
            50.462171,
            533.3
          ],
          [
            -117.91061,
            50.463141,
            535.2
          ],
          [
            -117.910688,
            50.463335,
            535.3
          ],
          [
            -117.91075,
            50.463532,
            534.7
          ],
          [
            -117.910793,
            50.463731,
            534.2
          ],
          [
            -117.910828,
            50.464131,
            532.2
          ],
          [
            -117.910825,
            50.464553,
            530.1
          ],
          [
            -117.910739,
            50.467285,
            511.3
          ],
          [
            -117.910695,
            50.469315,
            507.7
          ],
          [
            -117.910671,
            50.469979,
            507.5
          ],
          [
            -117.910642,
            50.470416,
            507.6
          ],
          [
            -117.910567,
            50.471064,
            507.4
          ],
          [
            -117.910486,
            50.471491,
            507.5
          ],
          [
            -117.910247,
            50.472525,
            507.7
          ],
          [
            -117.909408,
            50.475952,
            509.4
          ],
          [
            -117.909319,
            50.476382,
            510.1
          ],
          [
            -117.90929,
            50.476597,
            510.4
          ],
          [
            -117.909277,
            50.476813,
            510.7
          ],
          [
            -117.90928,
            50.477029,
            510.9
          ],
          [
            -117.909301,
            50.477245,
            511.2
          ],
          [
            -117.909338,
            50.47746,
            511.3
          ],
          [
            -117.909445,
            50.47789,
            510.5
          ],
          [
            -117.909837,
            50.47911,
            508.7
          ],
          [
            -117.909946,
            50.479491,
            508.1
          ],
          [
            -117.909982,
            50.479681,
            507.6
          ],
          [
            -117.909989,
            50.479871,
            507
          ],
          [
            -117.909969,
            50.480058,
            506.6
          ],
          [
            -117.909913,
            50.480237,
            506.3
          ],
          [
            -117.909793,
            50.480407,
            505.9
          ],
          [
            -117.909201,
            50.481058,
            503.9
          ],
          [
            -117.90907,
            50.481232,
            503.5
          ],
          [
            -117.908889,
            50.4816,
            502.8
          ],
          [
            -117.908838,
            50.481788,
            502.4
          ],
          [
            -117.908824,
            50.481983,
            502
          ],
          [
            -117.908847,
            50.482181,
            501.7
          ],
          [
            -117.908907,
            50.482375,
            500.9
          ],
          [
            -117.908998,
            50.482565,
            500.7
          ],
          [
            -117.90931,
            50.483092,
            498.7
          ],
          [
            -117.909408,
            50.483327,
            498.4
          ],
          [
            -117.909457,
            50.483487,
            498
          ],
          [
            -117.909502,
            50.483733,
            497.6
          ],
          [
            -117.909546,
            50.484347,
            498.1
          ],
          [
            -117.909548,
            50.484721,
            498.1
          ],
          [
            -117.909532,
            50.484934,
            498.2
          ],
          [
            -117.909491,
            50.485141,
            498.2
          ],
          [
            -117.909308,
            50.485546,
            498.5
          ],
          [
            -117.909241,
            50.485751,
            498.7
          ],
          [
            -117.909155,
            50.485957,
            498.6
          ],
          [
            -117.90909,
            50.486162,
            498.7
          ],
          [
            -117.909048,
            50.486416,
            499.2
          ],
          [
            -117.909046,
            50.486585,
            499.1
          ],
          [
            -117.909062,
            50.486798,
            499.1
          ],
          [
            -117.909114,
            50.487222,
            499.2
          ],
          [
            -117.90912,
            50.487431,
            498.8
          ],
          [
            -117.909102,
            50.48764,
            498.7
          ],
          [
            -117.909051,
            50.487843,
            498.7
          ],
          [
            -117.908967,
            50.488041,
            498.7
          ],
          [
            -117.908854,
            50.488234,
            498.9
          ],
          [
            -117.908492,
            50.488579,
            499.7
          ],
          [
            -117.907466,
            50.489406,
            504.1
          ],
          [
            -117.907278,
            50.489581,
            504.6
          ],
          [
            -117.906972,
            50.489963,
            505.1
          ],
          [
            -117.906845,
            50.490167,
            505.2
          ],
          [
            -117.906747,
            50.490374,
            505.7
          ],
          [
            -117.906661,
            50.490587,
            506
          ],
          [
            -117.906104,
            50.492067,
            508.5
          ],
          [
            -117.905648,
            50.493314,
            508.4
          ],
          [
            -117.905588,
            50.493522,
            507.8
          ],
          [
            -117.905542,
            50.493732,
            507.1
          ],
          [
            -117.905513,
            50.493942,
            506.3
          ],
          [
            -117.905504,
            50.494154,
            505.7
          ],
          [
            -117.905547,
            50.494582,
            504.1
          ],
          [
            -117.905674,
            50.495187,
            501.9
          ],
          [
            -117.905796,
            50.495482,
            501.1
          ],
          [
            -117.905822,
            50.495653,
            500.2
          ],
          [
            -117.905845,
            50.495871,
            499.3
          ],
          [
            -117.905854,
            50.49609,
            498.4
          ],
          [
            -117.905847,
            50.496312,
            497.7
          ],
          [
            -117.905816,
            50.496577,
            497.3
          ],
          [
            -117.90578,
            50.496751,
            496.9
          ],
          [
            -117.905694,
            50.496968,
            496.7
          ],
          [
            -117.905327,
            50.49806,
            497
          ],
          [
            -117.905278,
            50.498281,
            497.4
          ],
          [
            -117.904832,
            50.499561,
            501.3
          ],
          [
            -117.904332,
            50.501041,
            505.1
          ],
          [
            -117.904175,
            50.501462,
            505.9
          ],
          [
            -117.903945,
            50.501874,
            506.3
          ],
          [
            -117.903821,
            50.502076,
            506.3
          ],
          [
            -117.903679,
            50.502275,
            506.4
          ],
          [
            -117.903522,
            50.502467,
            506.9
          ],
          [
            -117.903166,
            50.502847,
            506.5
          ],
          [
            -117.901595,
            50.504362,
            506.7
          ],
          [
            -117.901231,
            50.504749,
            507.2
          ],
          [
            -117.901061,
            50.504948,
            507.3
          ],
          [
            -117.900917,
            50.505158,
            507.4
          ],
          [
            -117.90042,
            50.505762,
            508.1
          ],
          [
            -117.899974,
            50.506333,
            508.5
          ],
          [
            -117.899602,
            50.506774,
            509
          ],
          [
            -117.899261,
            50.507122,
            510.1
          ],
          [
            -117.89846,
            50.507879,
            511.1
          ],
          [
            -117.898272,
            50.508072,
            511.3
          ],
          [
            -117.898097,
            50.508274,
            511.5
          ],
          [
            -117.897943,
            50.508478,
            511.6
          ],
          [
            -117.897807,
            50.508693,
            511.6
          ],
          [
            -117.897697,
            50.508908,
            511.6
          ],
          [
            -117.897603,
            50.509131,
            511.7
          ],
          [
            -117.897462,
            50.509577,
            511.4
          ],
          [
            -117.897019,
            50.511151,
            512.6
          ],
          [
            -117.896912,
            50.511605,
            512.8
          ],
          [
            -117.896839,
            50.512058,
            512.9
          ],
          [
            -117.896807,
            50.512516,
            512.8
          ],
          [
            -117.89681,
            50.512972,
            512.6
          ],
          [
            -117.896833,
            50.513429,
            511.9
          ],
          [
            -117.896885,
            50.514115,
            510.2
          ],
          [
            -117.896946,
            50.515506,
            507.9
          ],
          [
            -117.896989,
            50.515967,
            507.2
          ],
          [
            -117.897031,
            50.516197,
            506.9
          ],
          [
            -117.897138,
            50.516655,
            507.2
          ],
          [
            -117.897257,
            50.51706,
            506.4
          ],
          [
            -117.897411,
            50.517511,
            506.1
          ],
          [
            -117.897592,
            50.517954,
            506.5
          ],
          [
            -117.897817,
            50.518392,
            506.4
          ],
          [
            -117.898196,
            50.519032,
            506.5
          ],
          [
            -117.899399,
            50.520908,
            504.9
          ],
          [
            -117.900316,
            50.522389,
            504.8
          ],
          [
            -117.900591,
            50.522809,
            504.9
          ],
          [
            -117.900746,
            50.523016,
            505.2
          ],
          [
            -117.900924,
            50.523218,
            506
          ],
          [
            -117.901111,
            50.52341,
            505.9
          ],
          [
            -117.901323,
            50.523596,
            506.2
          ],
          [
            -117.902188,
            50.52431,
            509.1
          ],
          [
            -117.902392,
            50.52449,
            511.3
          ],
          [
            -117.902577,
            50.52467,
            512.4
          ],
          [
            -117.902743,
            50.524852,
            513.6
          ],
          [
            -117.90289,
            50.525037,
            515.2
          ],
          [
            -117.903011,
            50.525226,
            516.4
          ],
          [
            -117.903107,
            50.525421,
            517.7
          ],
          [
            -117.903175,
            50.525617,
            518.9
          ],
          [
            -117.903202,
            50.526022,
            520.9
          ],
          [
            -117.90319,
            50.526224,
            521.2
          ],
          [
            -117.903166,
            50.526431,
            521.9
          ],
          [
            -117.902879,
            50.52833,
            528.2
          ],
          [
            -117.902869,
            50.528539,
            529.4
          ],
          [
            -117.902756,
            50.529127,
            532.7
          ],
          [
            -117.902605,
            50.529752,
            534.7
          ],
          [
            -117.90253,
            50.529999,
            535.2
          ],
          [
            -117.902173,
            50.531061,
            536.6
          ],
          [
            -117.901991,
            50.531683,
            537.2
          ],
          [
            -117.901894,
            50.532134,
            538.3
          ],
          [
            -117.901824,
            50.532582,
            539.5
          ],
          [
            -117.901743,
            50.533254,
            541
          ],
          [
            -117.901615,
            50.534583,
            544.1
          ],
          [
            -117.901584,
            50.535024,
            545.1
          ],
          [
            -117.901581,
            50.535243,
            545.5
          ],
          [
            -117.901593,
            50.535465,
            545.7
          ],
          [
            -117.901619,
            50.535687,
            545.6
          ],
          [
            -117.901814,
            50.536563,
            546.7
          ],
          [
            -117.901846,
            50.536781,
            547.1
          ],
          [
            -117.901874,
            50.537216,
            547.6
          ],
          [
            -117.901862,
            50.537431,
            547.9
          ],
          [
            -117.901832,
            50.537645,
            548.2
          ],
          [
            -117.901789,
            50.537855,
            548.3
          ],
          [
            -117.901729,
            50.538062,
            548.9
          ],
          [
            -117.901572,
            50.538473,
            550.1
          ],
          [
            -117.901326,
            50.538866,
            551.1
          ],
          [
            -117.901028,
            50.53924,
            552.3
          ],
          [
            -117.900858,
            50.539423,
            553.9
          ],
          [
            -117.900677,
            50.539599,
            554.8
          ],
          [
            -117.900319,
            50.539906,
            556.3
          ],
          [
            -117.897963,
            50.541701,
            569
          ],
          [
            -117.897527,
            50.54205,
            572
          ],
          [
            -117.89738,
            50.542182,
            573.3
          ],
          [
            -117.89723,
            50.542364,
            574.9
          ],
          [
            -117.897056,
            50.542536,
            576.2
          ],
          [
            -117.896731,
            50.542896,
            578.4
          ],
          [
            -117.895142,
            50.544707,
            592.8
          ],
          [
            -117.894216,
            50.545783,
            600.6
          ],
          [
            -117.893114,
            50.547085,
            608.5
          ],
          [
            -117.892006,
            50.548353,
            619.4
          ],
          [
            -117.891568,
            50.548891,
            623.7
          ],
          [
            -117.891301,
            50.549251,
            625.8
          ],
          [
            -117.891054,
            50.549623,
            627.8
          ],
          [
            -117.890837,
            50.550004,
            630
          ],
          [
            -117.890738,
            50.550202,
            630.5
          ],
          [
            -117.890582,
            50.550561,
            632.5
          ],
          [
            -117.890538,
            50.550767,
            633.4
          ],
          [
            -117.890415,
            50.551222,
            635.8
          ],
          [
            -117.890273,
            50.552025,
            641.5
          ],
          [
            -117.890308,
            50.552311,
            642.3
          ],
          [
            -117.88982,
            50.555275,
            644.1
          ],
          [
            -117.889691,
            50.555886,
            644.1
          ],
          [
            -117.889519,
            50.556493,
            644.1
          ],
          [
            -117.889329,
            50.557086,
            644.1
          ],
          [
            -117.888586,
            50.559261,
            630.1
          ],
          [
            -117.888441,
            50.559648,
            636.1
          ],
          [
            -117.888358,
            50.559841,
            641.4
          ],
          [
            -117.888162,
            50.560223,
            645.7
          ],
          [
            -117.888048,
            50.560406,
            648.6
          ],
          [
            -117.887786,
            50.560766,
            653.4
          ],
          [
            -117.887476,
            50.561111,
            656.5
          ],
          [
            -117.88713,
            50.561433,
            658.7
          ],
          [
            -117.886942,
            50.561588,
            659.9
          ],
          [
            -117.886542,
            50.561889,
            662.4
          ],
          [
            -117.885484,
            50.562622,
            665.7
          ],
          [
            -117.885119,
            50.562913,
            667.3
          ],
          [
            -117.884929,
            50.563082,
            668.1
          ],
          [
            -117.884747,
            50.563259,
            668.4
          ],
          [
            -117.884412,
            50.563633,
            670.1
          ],
          [
            -117.884112,
            50.564022,
            671.3
          ],
          [
            -117.883796,
            50.564458,
            672.5
          ],
          [
            -117.883684,
            50.564615,
            673.2
          ],
          [
            -117.88356,
            50.564825,
            673.8
          ],
          [
            -117.883294,
            50.565229,
            674.9
          ],
          [
            -117.882159,
            50.56681,
            679.7
          ],
          [
            -117.882031,
            50.567009,
            680.2
          ],
          [
            -117.881914,
            50.567217,
            680.3
          ],
          [
            -117.881703,
            50.567627,
            680.9
          ],
          [
            -117.881514,
            50.568036,
            682.1
          ],
          [
            -117.880881,
            50.569482,
            688
          ],
          [
            -117.88059,
            50.570096,
            689.5
          ],
          [
            -117.880383,
            50.570502,
            690.9
          ],
          [
            -117.880055,
            50.571109,
            692.2
          ],
          [
            -117.879124,
            50.572747,
            695.2
          ],
          [
            -117.879015,
            50.572958,
            695.9
          ],
          [
            -117.878918,
            50.573172,
            696.5
          ],
          [
            -117.878832,
            50.573384,
            697
          ],
          [
            -117.878778,
            50.573606,
            697.2
          ],
          [
            -117.878722,
            50.573778,
            697.3
          ],
          [
            -117.878641,
            50.574227,
            698
          ],
          [
            -117.878559,
            50.574896,
            699.1
          ],
          [
            -117.878425,
            50.576889,
            699.5
          ],
          [
            -117.878345,
            50.577767,
            699.1
          ],
          [
            -117.878281,
            50.578209,
            698.4
          ],
          [
            -117.878201,
            50.57865,
            696.6
          ],
          [
            -117.878037,
            50.579319,
            693.4
          ],
          [
            -117.877902,
            50.579766,
            691.6
          ],
          [
            -117.877736,
            50.580217,
            689.1
          ],
          [
            -117.8772,
            50.581573,
            680.9
          ],
          [
            -117.875299,
            50.586253,
            651.4
          ],
          [
            -117.875123,
            50.586736,
            647.5
          ],
          [
            -117.875052,
            50.586981,
            645.7
          ],
          [
            -117.874989,
            50.587275,
            644.3
          ],
          [
            -117.874962,
            50.587476,
            642.8
          ],
          [
            -117.874947,
            50.587726,
            640.7
          ],
          [
            -117.874951,
            50.587975,
            638.6
          ],
          [
            -117.874971,
            50.588228,
            636.7
          ],
          [
            -117.87502,
            50.588526,
            634.7
          ],
          [
            -117.875069,
            50.588726,
            632.9
          ],
          [
            -117.875145,
            50.588971,
            631.4
          ],
          [
            -117.875334,
            50.589459,
            628.2
          ],
          [
            -117.876523,
            50.592125,
            608.7
          ],
          [
            -117.876818,
            50.592857,
            602.7
          ],
          [
            -117.876904,
            50.593101,
            601.2
          ],
          [
            -117.876977,
            50.593346,
            599.5
          ],
          [
            -117.877036,
            50.593591,
            597.7
          ],
          [
            -117.877082,
            50.593835,
            596
          ],
          [
            -117.877113,
            50.59408,
            594.4
          ],
          [
            -117.877133,
            50.594567,
            591
          ],
          [
            -117.877033,
            50.595283,
            588.6
          ],
          [
            -117.876933,
            50.595751,
            587.2
          ],
          [
            -117.876869,
            50.595985,
            586.7
          ],
          [
            -117.876791,
            50.596219,
            585.9
          ],
          [
            -117.876599,
            50.596674,
            584.4
          ],
          [
            -117.876358,
            50.597124,
            583.6
          ],
          [
            -117.876074,
            50.597567,
            581.4
          ],
          [
            -117.875748,
            50.598002,
            579.6
          ],
          [
            -117.875569,
            50.598218,
            579.1
          ],
          [
            -117.875175,
            50.598641,
            578.2
          ],
          [
            -117.874965,
            50.598846,
            577.9
          ],
          [
            -117.874512,
            50.599242,
            577.3
          ],
          [
            -117.871854,
            50.601298,
            578.4
          ],
          [
            -117.871368,
            50.601684,
            577.4
          ],
          [
            -117.87115,
            50.601893,
            576.8
          ],
          [
            -117.870684,
            50.6023,
            574.6
          ],
          [
            -117.870466,
            50.602511,
            573.6
          ],
          [
            -117.87026,
            50.602728,
            572.4
          ],
          [
            -117.869883,
            50.603175,
            570.5
          ],
          [
            -117.868841,
            50.604554,
            564.1
          ],
          [
            -117.868502,
            50.605022,
            561.7
          ],
          [
            -117.868343,
            50.605257,
            561.1
          ],
          [
            -117.868195,
            50.605498,
            559.8
          ],
          [
            -117.868063,
            50.605743,
            558.6
          ],
          [
            -117.867943,
            50.605992,
            557.1
          ],
          [
            -117.867838,
            50.606243,
            555.9
          ],
          [
            -117.867663,
            50.60675,
            554.4
          ],
          [
            -117.866628,
            50.610474,
            540
          ],
          [
            -117.866522,
            50.61093,
            539.2
          ],
          [
            -117.866453,
            50.611385,
            538.1
          ],
          [
            -117.86648,
            50.612074,
            535.5
          ],
          [
            -117.866476,
            50.612305,
            535
          ],
          [
            -117.866734,
            50.613922,
            531.5
          ],
          [
            -117.867208,
            50.61735,
            526.9
          ],
          [
            -117.867221,
            50.617563,
            526.2
          ],
          [
            -117.867212,
            50.617769,
            525.8
          ],
          [
            -117.867175,
            50.617973,
            525.2
          ],
          [
            -117.867109,
            50.618175,
            525.1
          ],
          [
            -117.866848,
            50.618531,
            524.1
          ],
          [
            -117.866693,
            50.618691,
            523.2
          ],
          [
            -117.866519,
            50.618842,
            522.6
          ],
          [
            -117.866327,
            50.61898,
            521.7
          ],
          [
            -117.866118,
            50.619108,
            520.9
          ],
          [
            -117.865255,
            50.619553,
            517.8
          ],
          [
            -117.865064,
            50.619659,
            517.2
          ],
          [
            -117.864892,
            50.619777,
            516.9
          ],
          [
            -117.864769,
            50.619907,
            516.4
          ],
          [
            -117.864639,
            50.620023,
            516.1
          ],
          [
            -117.864526,
            50.620149,
            515.5
          ],
          [
            -117.864438,
            50.620279,
            514.9
          ],
          [
            -117.864372,
            50.620417,
            513.9
          ],
          [
            -117.864333,
            50.620552,
            512.7
          ],
          [
            -117.864317,
            50.620693,
            511.4
          ],
          [
            -117.864326,
            50.620834,
            510.3
          ],
          [
            -117.864358,
            50.62097,
            509.1
          ],
          [
            -117.864518,
            50.621234,
            506.8
          ],
          [
            -117.864877,
            50.621749,
            504
          ],
          [
            -117.864932,
            50.621884,
            503.3
          ],
          [
            -117.865009,
            50.622012,
            502.8
          ],
          [
            -117.865068,
            50.622143,
            502
          ],
          [
            -117.865102,
            50.622248,
            501
          ],
          [
            -117.865132,
            50.622388,
            499.8
          ],
          [
            -117.865133,
            50.622553,
            498.2
          ],
          [
            -117.865114,
            50.62266,
            496.8
          ],
          [
            -117.865053,
            50.622821,
            495.6
          ],
          [
            -117.864996,
            50.622922,
            494.4
          ],
          [
            -117.864909,
            50.623048,
            493.5
          ],
          [
            -117.864366,
            50.623694,
            489.7
          ],
          [
            -117.864239,
            50.623866,
            488.7
          ],
          [
            -117.864084,
            50.624156,
            487.7
          ],
          [
            -117.864103,
            50.624208,
            486
          ],
          [
            -117.864096,
            50.624389,
            476
          ],
          [
            -117.864114,
            50.624556,
            476
          ],
          [
            -117.864154,
            50.624699,
            476
          ],
          [
            -117.864084,
            50.624761,
            476
          ],
          [
            -117.864193,
            50.624796,
            476
          ],
          [
            -117.864304,
            50.625,
            474.7
          ],
          [
            -117.864451,
            50.625177,
            472
          ],
          [
            -117.864397,
            50.625232,
            472
          ],
          [
            -117.864421,
            50.625257,
            471.8
          ],
          [
            -117.86452,
            50.625247,
            471.7
          ],
          [
            -117.864633,
            50.625352,
            470.8
          ],
          [
            -117.864792,
            50.625476,
            469.1
          ],
          [
            -117.864984,
            50.625596,
            466
          ],
          [
            -117.865695,
            50.625965,
            460.3
          ],
          [
            -117.865776,
            50.625986,
            460.1
          ],
          [
            -117.865886,
            50.626042,
            459.7
          ],
          [
            -117.866009,
            50.626111,
            459.1
          ],
          [
            -117.866021,
            50.626145,
            458.8
          ],
          [
            -117.866415,
            50.62635,
            454
          ],
          [
            -117.866602,
            50.626469,
            452
          ],
          [
            -117.86707,
            50.62681,
            446
          ],
          [
            -117.867145,
            50.626877,
            446
          ],
          [
            -117.867185,
            50.626942,
            444
          ],
          [
            -117.867293,
            50.627012,
            442
          ],
          [
            -117.86731,
            50.626985,
            440
          ],
          [
            -117.867244,
            50.626985,
            440
          ],
          [
            -117.867196,
            50.626958,
            434
          ],
          [
            -117.867176,
            50.626922,
            438
          ],
          [
            -117.867193,
            50.626886,
            438
          ],
          [
            -117.86732,
            50.626929,
            439
          ],
          [
            -117.867291,
            50.626969,
            441
          ],
          [
            -117.867282,
            50.62701,
            441
          ],
          [
            -117.867295,
            50.627041,
            440
          ],
          [
            -117.867472,
            50.627159,
            441.6
          ],
          [
            -117.867725,
            50.62735,
            441.5
          ],
          [
            -117.867909,
            50.627464,
            441.1
          ],
          [
            -117.867937,
            50.627498,
            440
          ],
          [
            -117.868018,
            50.627552,
            440
          ],
          [
            -117.868042,
            50.627594,
            441.6
          ],
          [
            -117.868866,
            50.628252,
            434
          ],
          [
            -117.869117,
            50.628244,
            434.3
          ],
          [
            -117.869181,
            50.628313,
            434.7
          ],
          [
            -117.869241,
            50.628348,
            434
          ],
          [
            -117.869352,
            50.62839,
            434.7
          ],
          [
            -117.86954,
            50.628488,
            435.7
          ],
          [
            -117.869583,
            50.628493,
            436.3
          ],
          [
            -117.870208,
            50.62877,
            435
          ],
          [
            -117.870492,
            50.62887,
            435.5
          ],
          [
            -117.870862,
            50.628977,
            435.6
          ],
          [
            -117.871234,
            50.629072,
            436.5
          ],
          [
            -117.871269,
            50.629102,
            439.6
          ],
          [
            -117.872131,
            50.629252,
            438.4
          ],
          [
            -117.873005,
            50.629376,
            439
          ],
          [
            -117.873505,
            50.629431,
            439.8
          ],
          [
            -117.874728,
            50.629503,
            440.8
          ],
          [
            -117.875337,
            50.629491,
            442.1
          ],
          [
            -117.87591,
            50.62945,
            442.5
          ],
          [
            -117.876488,
            50.629431,
            440.1
          ],
          [
            -117.876538,
            50.629421,
            440.3
          ],
          [
            -117.876862,
            50.62943,
            438.7
          ],
          [
            -117.877026,
            50.629415,
            439.1
          ],
          [
            -117.877084,
            50.629419,
            438.7
          ],
          [
            -117.877508,
            50.629374,
            440.4
          ],
          [
            -117.877752,
            50.629369,
            440.8
          ],
          [
            -117.877855,
            50.629362,
            440.6
          ],
          [
            -117.877915,
            50.629348,
            440
          ],
          [
            -117.878357,
            50.629328,
            441.3
          ],
          [
            -117.878839,
            50.629284,
            441.1
          ],
          [
            -117.881158,
            50.629171,
            439
          ],
          [
            -117.88128,
            50.62916,
            439.2
          ],
          [
            -117.881349,
            50.629142,
            438.5
          ],
          [
            -117.882068,
            50.629092,
            439.6
          ],
          [
            -117.8822,
            50.62907,
            439.6
          ],
          [
            -117.882373,
            50.629073,
            440.1
          ],
          [
            -117.882598,
            50.629039,
            440.6
          ],
          [
            -117.883045,
            50.628991,
            439.9
          ],
          [
            -117.883142,
            50.628998,
            440.3
          ],
          [
            -117.883388,
            50.62897,
            439.5
          ],
          [
            -117.88356,
            50.628965,
            439.1
          ],
          [
            -117.883954,
            50.628972,
            440.6
          ],
          [
            -117.884105,
            50.62894,
            441.6
          ],
          [
            -117.884347,
            50.628933,
            442.1
          ],
          [
            -117.884827,
            50.628848,
            435.7
          ],
          [
            -117.885046,
            50.628834,
            435.8
          ],
          [
            -117.88518,
            50.628809,
            436.1
          ],
          [
            -117.885268,
            50.628816,
            436.8
          ],
          [
            -117.885487,
            50.628787,
            436.2
          ],
          [
            -117.885681,
            50.628775,
            436.5
          ],
          [
            -117.885806,
            50.62878,
            437.5
          ],
          [
            -117.886019,
            50.628767,
            437.3
          ],
          [
            -117.886086,
            50.62878,
            441.7
          ],
          [
            -117.886398,
            50.628745,
            437.3
          ],
          [
            -117.887055,
            50.628744,
            437.3
          ],
          [
            -117.887309,
            50.628737,
            437.2
          ],
          [
            -117.887567,
            50.628714,
            436.7
          ],
          [
            -117.887898,
            50.62873,
            440.2
          ],
          [
            -117.88805,
            50.62871,
            440.9
          ],
          [
            -117.888287,
            50.6287,
            440
          ],
          [
            -117.888473,
            50.62868,
            435.4
          ],
          [
            -117.888967,
            50.628671,
            436.7
          ],
          [
            -117.889637,
            50.628612,
            436.3
          ],
          [
            -117.890138,
            50.628594,
            436.5
          ],
          [
            -117.890219,
            50.628608,
            439
          ],
          [
            -117.890306,
            50.628608,
            438.9
          ],
          [
            -117.890803,
            50.628589,
            441.3
          ],
          [
            -117.891064,
            50.628564,
            441
          ],
          [
            -117.891341,
            50.628554,
            435.9
          ],
          [
            -117.891758,
            50.628567,
            437
          ],
          [
            -117.892083,
            50.628557,
            437.2
          ],
          [
            -117.892229,
            50.628533,
            436.9
          ],
          [
            -117.892864,
            50.62849,
            440.5
          ],
          [
            -117.893264,
            50.628502,
            441.6
          ],
          [
            -117.893485,
            50.628518,
            441.3
          ],
          [
            -117.893793,
            50.628517,
            441.5
          ],
          [
            -117.893923,
            50.628541,
            439.7
          ],
          [
            -117.894058,
            50.628541,
            439.6
          ],
          [
            -117.894176,
            50.628562,
            439.8
          ],
          [
            -117.894298,
            50.628561,
            440.6
          ],
          [
            -117.894483,
            50.628578,
            440.5
          ],
          [
            -117.895435,
            50.628558,
            440.3
          ],
          [
            -117.89562,
            50.628566,
            439.4
          ],
          [
            -117.895733,
            50.628554,
            439
          ],
          [
            -117.895922,
            50.628567,
            439.5
          ],
          [
            -117.895982,
            50.628559,
            439.2
          ],
          [
            -117.896034,
            50.628568,
            439.2
          ],
          [
            -117.896594,
            50.628562,
            439.6
          ],
          [
            -117.896761,
            50.628549,
            438.2
          ],
          [
            -117.897136,
            50.628559,
            441.7
          ],
          [
            -117.897463,
            50.628544,
            443.7
          ],
          [
            -117.898297,
            50.628542,
            444.3
          ],
          [
            -117.898656,
            50.628533,
            443.7
          ],
          [
            -117.898791,
            50.628521,
            444.4
          ],
          [
            -117.899013,
            50.628546,
            441.8
          ],
          [
            -117.899486,
            50.628546,
            440.1
          ],
          [
            -117.89954,
            50.628557,
            439
          ],
          [
            -117.899891,
            50.628562,
            440
          ],
          [
            -117.900001,
            50.628544,
            442.4
          ],
          [
            -117.900155,
            50.628544,
            442
          ],
          [
            -117.900326,
            50.628561,
            443.7
          ],
          [
            -117.900485,
            50.628562,
            442
          ],
          [
            -117.900876,
            50.628545,
            437.3
          ],
          [
            -117.901236,
            50.628552,
            436.1
          ],
          [
            -117.901383,
            50.628567,
            436.2
          ],
          [
            -117.901579,
            50.628561,
            437.2
          ],
          [
            -117.901821,
            50.628568,
            437.1
          ],
          [
            -117.90194,
            50.628588,
            440.1
          ],
          [
            -117.90202,
            50.628582,
            438
          ],
          [
            -117.902816,
            50.628651,
            437.3
          ],
          [
            -117.90336,
            50.628647,
            435
          ],
          [
            -117.903857,
            50.628672,
            440.8
          ],
          [
            -117.904984,
            50.628664,
            439
          ],
          [
            -117.907116,
            50.628631,
            440.5
          ],
          [
            -117.909092,
            50.628644,
            443.2
          ],
          [
            -117.910028,
            50.628664,
            444
          ],
          [
            -117.911109,
            50.628661,
            443.8
          ],
          [
            -117.911603,
            50.628679,
            443.6
          ],
          [
            -117.912685,
            50.628696,
            442.4
          ],
          [
            -117.913891,
            50.628695,
            442.5
          ],
          [
            -117.914123,
            50.628684,
            441.9
          ],
          [
            -117.914255,
            50.628659,
            441.7
          ],
          [
            -117.914626,
            50.628623,
            440.4
          ],
          [
            -117.915247,
            50.628613,
            440.8
          ],
          [
            -117.915659,
            50.628579,
            440.8
          ],
          [
            -117.916072,
            50.628565,
            442
          ],
          [
            -117.916856,
            50.628567,
            434.6
          ],
          [
            -117.917109,
            50.628548,
            436
          ],
          [
            -117.91785,
            50.628588,
            437.1
          ],
          [
            -117.918011,
            50.628584,
            441.4
          ],
          [
            -117.918094,
            50.628596,
            442
          ],
          [
            -117.91832,
            50.628595,
            442.3
          ],
          [
            -117.918896,
            50.628633,
            444
          ],
          [
            -117.919129,
            50.628634,
            438.2
          ],
          [
            -117.919573,
            50.628697,
            437.9
          ],
          [
            -117.919685,
            50.628724,
            437
          ],
          [
            -117.919806,
            50.62874,
            436.5
          ],
          [
            -117.919939,
            50.62874,
            438.1
          ],
          [
            -117.920296,
            50.628794,
            444.9
          ],
          [
            -117.920435,
            50.628778,
            444.1
          ],
          [
            -117.920829,
            50.628801,
            437.2
          ],
          [
            -117.921055,
            50.628792,
            437.4
          ],
          [
            -117.921258,
            50.628823,
            437.4
          ],
          [
            -117.921481,
            50.628829,
            436.8
          ],
          [
            -117.921527,
            50.628837,
            436.6
          ],
          [
            -117.921566,
            50.628862,
            442.1
          ],
          [
            -117.921917,
            50.628877,
            442.4
          ],
          [
            -117.922289,
            50.628862,
            435
          ],
          [
            -117.922822,
            50.628924,
            438.7
          ],
          [
            -117.923305,
            50.62896,
            436.8
          ],
          [
            -117.923434,
            50.628986,
            441.4
          ],
          [
            -117.923627,
            50.628992,
            441.6
          ],
          [
            -117.924265,
            50.629082,
            441
          ],
          [
            -117.924801,
            50.629203,
            441.6
          ],
          [
            -117.924994,
            50.629234,
            441.9
          ],
          [
            -117.925113,
            50.629267,
            441.9
          ],
          [
            -117.925292,
            50.629284,
            442.3
          ],
          [
            -117.925604,
            50.629349,
            442.9
          ],
          [
            -117.925925,
            50.629449,
            443.2
          ],
          [
            -117.926226,
            50.629525,
            442.8
          ],
          [
            -117.926256,
            50.629548,
            442.8
          ],
          [
            -117.92639,
            50.629611,
            443.6
          ],
          [
            -117.926741,
            50.629751,
            443.6
          ],
          [
            -117.927063,
            50.62993,
            443.4
          ],
          [
            -117.927244,
            50.630068,
            443.9
          ],
          [
            -117.927481,
            50.630278,
            441
          ],
          [
            -117.927545,
            50.630359,
            442
          ],
          [
            -117.927719,
            50.630503,
            441.3
          ],
          [
            -117.927904,
            50.630678,
            440.2
          ],
          [
            -117.928011,
            50.630799,
            440
          ],
          [
            -117.92811,
            50.630936,
            440
          ],
          [
            -117.928158,
            50.631022,
            440
          ],
          [
            -117.92821,
            50.631146,
            440
          ],
          [
            -117.9283,
            50.631479,
            440
          ],
          [
            -117.928343,
            50.6317,
            440
          ],
          [
            -117.928377,
            50.63197,
            440
          ],
          [
            -117.928409,
            50.63205,
            440
          ],
          [
            -117.928481,
            50.632183,
            440
          ],
          [
            -117.92856,
            50.632448,
            442
          ],
          [
            -117.928573,
            50.632578,
            442
          ],
          [
            -117.928591,
            50.632615,
            442
          ],
          [
            -117.928589,
            50.632669,
            441
          ],
          [
            -117.928545,
            50.6327,
            440
          ],
          [
            -117.928564,
            50.632735,
            441.6
          ],
          [
            -117.928507,
            50.632865,
            440
          ],
          [
            -117.92849,
            50.632931,
            442
          ],
          [
            -117.928509,
            50.633067,
            443
          ],
          [
            -117.928502,
            50.6331,
            442
          ],
          [
            -117.928536,
            50.633164,
            442
          ],
          [
            -117.928558,
            50.633238,
            443
          ],
          [
            -117.928548,
            50.633355,
            444
          ],
          [
            -117.928563,
            50.633443,
            441
          ],
          [
            -117.928628,
            50.633524,
            442
          ],
          [
            -117.928668,
            50.633802,
            420
          ],
          [
            -117.928662,
            50.633866,
            438
          ],
          [
            -117.928693,
            50.633875,
            442
          ],
          [
            -117.929246,
            50.634262,
            446.7
          ],
          [
            -117.929288,
            50.634295,
            446.7
          ],
          [
            -117.929315,
            50.634331,
            446.8
          ],
          [
            -117.92876,
            50.634534,
            443.6
          ],
          [
            -117.928818,
            50.6348,
            443.9
          ],
          [
            -117.928855,
            50.634811,
            446.5
          ],
          [
            -117.928891,
            50.635018,
            447.3
          ],
          [
            -117.928855,
            50.635073,
            447.5
          ],
          [
            -117.928864,
            50.635133,
            447.7
          ],
          [
            -117.928892,
            50.635192,
            448.1
          ],
          [
            -117.928846,
            50.635324,
            449
          ],
          [
            -117.928761,
            50.635441,
            449.4
          ],
          [
            -117.928635,
            50.63555,
            449.7
          ],
          [
            -117.927974,
            50.636025,
            450.4
          ],
          [
            -117.927639,
            50.636313,
            449.9
          ],
          [
            -117.927307,
            50.636662,
            448.7
          ],
          [
            -117.927203,
            50.63679,
            448.3
          ],
          [
            -117.927015,
            50.637058,
            447.9
          ],
          [
            -117.926849,
            50.637351,
            447.7
          ],
          [
            -117.926781,
            50.637503,
            447.6
          ],
          [
            -117.926673,
            50.637822,
            447.9
          ],
          [
            -117.926607,
            50.638149,
            448.3
          ],
          [
            -117.926635,
            50.638315,
            448.7
          ],
          [
            -117.926779,
            50.638446,
            448.9
          ],
          [
            -117.927153,
            50.638683,
            449.4
          ],
          [
            -117.926817,
            50.63916,
            450.2
          ],
          [
            -117.927265,
            50.639825,
            451.9
          ],
          [
            -117.927515,
            50.639929,
            452.4
          ],
          [
            -117.927737,
            50.64005,
            452.9
          ],
          [
            -117.927914,
            50.640202,
            453.2
          ],
          [
            -117.927533,
            50.640611,
            453.5
          ],
          [
            -117.927816,
            50.640941,
            454
          ],
          [
            -117.929766,
            50.643375,
            459.7
          ],
          [
            -117.933315,
            50.647833,
            468.2
          ],
          [
            -117.933525,
            50.64806,
            468.8
          ],
          [
            -117.935676,
            50.650751,
            473.7
          ],
          [
            -117.936022,
            50.651146,
            474.2
          ],
          [
            -117.936397,
            50.651529,
            475
          ],
          [
            -117.936598,
            50.65172,
            475.3
          ],
          [
            -117.937018,
            50.652088,
            475.7
          ],
          [
            -117.937704,
            50.65263,
            476.8
          ],
          [
            -117.938184,
            50.652982,
            477.3
          ],
          [
            -117.938504,
            50.653141,
            477.6
          ],
          [
            -117.939237,
            50.653672,
            478.5
          ],
          [
            -117.945654,
            50.658395,
            487.1
          ],
          [
            -117.945995,
            50.658585,
            487.6
          ],
          [
            -117.947742,
            50.659881,
            489.3
          ],
          [
            -117.948233,
            50.660265,
            489.5
          ],
          [
            -117.948696,
            50.660667,
            490
          ],
          [
            -117.948918,
            50.660874,
            490.1
          ],
          [
            -117.949336,
            50.6613,
            490.4
          ],
          [
            -117.949724,
            50.661741,
            490.6
          ],
          [
            -117.949904,
            50.661965,
            490.7
          ],
          [
            -117.950056,
            50.662196,
            490.9
          ],
          [
            -117.950228,
            50.662422,
            491.1
          ],
          [
            -117.950428,
            50.662643,
            491.4
          ],
          [
            -117.950944,
            50.663317,
            492.4
          ],
          [
            -117.954565,
            50.668096,
            490.1
          ],
          [
            -117.954748,
            50.668297,
            490.2
          ],
          [
            -117.958509,
            50.673274,
            496.7
          ],
          [
            -117.961897,
            50.677728,
            496.1
          ],
          [
            -117.96217,
            50.677994,
            496
          ],
          [
            -117.962832,
            50.678865,
            496.8
          ],
          [
            -117.963007,
            50.679074,
            497.2
          ],
          [
            -117.963196,
            50.679278,
            497.8
          ],
          [
            -117.963572,
            50.679631,
            498
          ],
          [
            -117.963797,
            50.679815,
            498
          ],
          [
            -117.964046,
            50.679996,
            498
          ],
          [
            -117.964358,
            50.680198,
            497.7
          ],
          [
            -117.964876,
            50.68048,
            496.9
          ],
          [
            -117.965198,
            50.680607,
            496.2
          ],
          [
            -117.965603,
            50.680723,
            495.5
          ],
          [
            -117.967674,
            50.681538,
            491.6
          ],
          [
            -117.968268,
            50.681786,
            490.8
          ],
          [
            -117.968592,
            50.681936,
            490.3
          ],
          [
            -117.968903,
            50.682096,
            489.7
          ],
          [
            -117.969197,
            50.682263,
            489.1
          ],
          [
            -117.969476,
            50.682441,
            488.4
          ],
          [
            -117.96974,
            50.682627,
            487.7
          ],
          [
            -117.96999,
            50.682821,
            486.9
          ],
          [
            -117.9764,
            50.688093,
            476.9
          ],
          [
            -117.976798,
            50.688268,
            477.6
          ],
          [
            -117.978015,
            50.689233,
            479
          ],
          [
            -117.978979,
            50.689949,
            480.8
          ],
          [
            -117.98001,
            50.690676,
            484.5
          ],
          [
            -117.982272,
            50.692234,
            491.6
          ],
          [
            -117.982507,
            50.692404,
            491.4
          ],
          [
            -117.982961,
            50.692765,
            491
          ],
          [
            -117.983167,
            50.692953,
            490.9
          ],
          [
            -117.983356,
            50.693149,
            491
          ],
          [
            -117.983525,
            50.693352,
            490.9
          ],
          [
            -117.983674,
            50.69356,
            491.2
          ],
          [
            -117.983803,
            50.693771,
            491.6
          ],
          [
            -117.983913,
            50.693986,
            491.8
          ],
          [
            -117.984008,
            50.6942,
            491.7
          ],
          [
            -117.984541,
            50.695497,
            492.6
          ],
          [
            -117.984646,
            50.695713,
            492.6
          ],
          [
            -117.984762,
            50.695922,
            492.9
          ],
          [
            -117.984893,
            50.696132,
            493
          ],
          [
            -117.985038,
            50.696338,
            493
          ],
          [
            -117.985198,
            50.69654,
            493
          ],
          [
            -117.985556,
            50.69693,
            494.5
          ],
          [
            -117.985753,
            50.697118,
            495.9
          ],
          [
            -117.985965,
            50.697299,
            497.4
          ],
          [
            -117.986186,
            50.697471,
            498.5
          ],
          [
            -117.986661,
            50.697796,
            500.8
          ],
          [
            -117.987194,
            50.698076,
            503.8
          ],
          [
            -117.987577,
            50.698198,
            505
          ],
          [
            -117.98785,
            50.69833,
            506.1
          ],
          [
            -117.988418,
            50.698583,
            507.7
          ],
          [
            -117.99076,
            50.699562,
            511.1
          ],
          [
            -117.991274,
            50.699808,
            511.2
          ],
          [
            -117.991546,
            50.699953,
            511.1
          ],
          [
            -117.992056,
            50.700263,
            510.8
          ],
          [
            -117.992342,
            50.700461,
            510.8
          ],
          [
            -117.992746,
            50.700775,
            511.4
          ],
          [
            -117.992954,
            50.700958,
            511.9
          ],
          [
            -117.993149,
            50.701147,
            512.3
          ],
          [
            -117.993361,
            50.701379,
            512.9
          ],
          [
            -117.99365,
            50.70174,
            514
          ],
          [
            -117.994539,
            50.702967,
            517.8
          ],
          [
            -117.99783,
            50.707633,
            533.8
          ],
          [
            -117.999983,
            50.710648,
            544.1
          ],
          [
            -118.004348,
            50.716816,
            580.2
          ],
          [
            -118.004579,
            50.717024,
            580.1
          ],
          [
            -118.00714,
            50.720615,
            571.6
          ],
          [
            -118.00993,
            50.724551,
            556
          ],
          [
            -118.010147,
            50.724779,
            555.5
          ],
          [
            -118.01188,
            50.727216,
            549.2
          ],
          [
            -118.012062,
            50.727458,
            548.9
          ],
          [
            -118.012259,
            50.727696,
            549.2
          ],
          [
            -118.012474,
            50.727924,
            549.4
          ],
          [
            -118.012709,
            50.728139,
            549.9
          ],
          [
            -118.012967,
            50.728343,
            550.5
          ],
          [
            -118.013233,
            50.728528,
            551.5
          ],
          [
            -118.013516,
            50.728703,
            552.3
          ],
          [
            -118.013807,
            50.728861,
            553.4
          ],
          [
            -118.014112,
            50.729009,
            554.8
          ],
          [
            -118.014426,
            50.729142,
            556.1
          ],
          [
            -118.014752,
            50.729263,
            556.7
          ],
          [
            -118.015909,
            50.729584,
            557.9
          ],
          [
            -118.018656,
            50.730292,
            560.6
          ],
          [
            -118.019022,
            50.730367,
            561.5
          ],
          [
            -118.019702,
            50.730542,
            564.6
          ],
          [
            -118.020673,
            50.730854,
            568.8
          ],
          [
            -118.020987,
            50.730974,
            570.1
          ],
          [
            -118.021291,
            50.731104,
            571.3
          ],
          [
            -118.021583,
            50.731246,
            572.4
          ],
          [
            -118.021861,
            50.731398,
            573.5
          ],
          [
            -118.022124,
            50.73156,
            574.4
          ],
          [
            -118.02237,
            50.731733,
            575.4
          ],
          [
            -118.022597,
            50.731916,
            576.5
          ],
          [
            -118.022769,
            50.732071,
            577.4
          ],
          [
            -118.02296,
            50.732265,
            578.2
          ],
          [
            -118.023137,
            50.73247,
            579.3
          ],
          [
            -118.023328,
            50.732721,
            580.4
          ],
          [
            -118.023582,
            50.733112,
            581.8
          ],
          [
            -118.025549,
            50.736429,
            591.7
          ],
          [
            -118.025655,
            50.736633,
            591.6
          ],
          [
            -118.02575,
            50.736843,
            591.5
          ],
          [
            -118.02583,
            50.737056,
            591.4
          ],
          [
            -118.025956,
            50.737489,
            591.5
          ],
          [
            -118.026107,
            50.738135,
            592.8
          ],
          [
            -118.026227,
            50.738562,
            593.9
          ],
          [
            -118.026308,
            50.73877,
            594.4
          ],
          [
            -118.02641,
            50.738976,
            594.5
          ],
          [
            -118.026532,
            50.739176,
            594.9
          ],
          [
            -118.026673,
            50.739372,
            595.7
          ],
          [
            -118.027245,
            50.739878,
            597.1
          ],
          [
            -118.028477,
            50.740836,
            600.4
          ],
          [
            -118.028778,
            50.740969,
            600.7
          ],
          [
            -118.02937,
            50.74145,
            601.9
          ],
          [
            -118.02955,
            50.741619,
            602.4
          ],
          [
            -118.029715,
            50.741794,
            602.7
          ],
          [
            -118.029863,
            50.741972,
            603.1
          ],
          [
            -118.029993,
            50.742158,
            603.3
          ],
          [
            -118.030102,
            50.742351,
            603.5
          ],
          [
            -118.030224,
            50.742744,
            604.5
          ],
          [
            -118.030533,
            50.743953,
            606.6
          ],
          [
            -118.030611,
            50.744156,
            606.7
          ],
          [
            -118.030707,
            50.744538,
            605.4
          ],
          [
            -118.030773,
            50.744752,
            604.7
          ],
          [
            -118.030855,
            50.744968,
            604
          ],
          [
            -118.030954,
            50.745181,
            602.9
          ],
          [
            -118.03118,
            50.745605,
            600.5
          ],
          [
            -118.031825,
            50.746671,
            595.5
          ],
          [
            -118.032061,
            50.7471,
            593.6
          ],
          [
            -118.03216,
            50.747321,
            592.6
          ],
          [
            -118.032244,
            50.747544,
            591.8
          ],
          [
            -118.032726,
            50.749111,
            586.2
          ],
          [
            -118.032811,
            50.749327,
            585.7
          ],
          [
            -118.032909,
            50.749536,
            585.2
          ],
          [
            -118.033027,
            50.749746,
            584.9
          ],
          [
            -118.033163,
            50.74995,
            584.6
          ],
          [
            -118.033317,
            50.75015,
            584.1
          ],
          [
            -118.033482,
            50.750342,
            583.8
          ],
          [
            -118.033767,
            50.750585,
            583.7
          ],
          [
            -118.034505,
            50.751332,
            583.6
          ],
          [
            -118.03467,
            50.751528,
            583.6
          ],
          [
            -118.034817,
            50.75173,
            583.8
          ],
          [
            -118.034946,
            50.751937,
            584.2
          ],
          [
            -118.035164,
            50.752359,
            584.7
          ],
          [
            -118.035554,
            50.753228,
            584.6
          ],
          [
            -118.036062,
            50.754314,
            584.8
          ],
          [
            -118.036851,
            50.756053,
            586.4
          ],
          [
            -118.037436,
            50.757315,
            587.6
          ],
          [
            -118.040276,
            50.763552,
            595.5
          ],
          [
            -118.040466,
            50.763816,
            596
          ],
          [
            -118.042388,
            50.768022,
            607.5
          ],
          [
            -118.042577,
            50.768476,
            608.8
          ],
          [
            -118.042739,
            50.768931,
            610.7
          ],
          [
            -118.043348,
            50.770886,
            623.4
          ],
          [
            -118.043736,
            50.772192,
            631
          ],
          [
            -118.043884,
            50.772626,
            631.8
          ],
          [
            -118.043981,
            50.772839,
            632.1
          ],
          [
            -118.044104,
            50.773051,
            632.4
          ],
          [
            -118.044251,
            50.773253,
            632.5
          ],
          [
            -118.044423,
            50.773447,
            632.8
          ],
          [
            -118.04462,
            50.773631,
            633
          ],
          [
            -118.04484,
            50.773803,
            633.5
          ],
          [
            -118.045075,
            50.773963,
            634.4
          ],
          [
            -118.045338,
            50.774105,
            635.3
          ],
          [
            -118.045584,
            50.774252,
            636
          ],
          [
            -118.045905,
            50.774396,
            636.8
          ],
          [
            -118.048307,
            50.775848,
            639.1
          ],
          [
            -118.049086,
            50.776342,
            639.7
          ],
          [
            -118.049457,
            50.776598,
            639.8
          ],
          [
            -118.049741,
            50.77673,
            639.9
          ],
          [
            -118.050102,
            50.777028,
            640.5
          ],
          [
            -118.050464,
            50.777344,
            641.3
          ],
          [
            -118.051001,
            50.777845,
            642.9
          ],
          [
            -118.051149,
            50.778027,
            643.9
          ],
          [
            -118.051627,
            50.77857,
            647.2
          ],
          [
            -118.051774,
            50.778754,
            648.6
          ],
          [
            -118.052161,
            50.779294,
            651.9
          ],
          [
            -118.052429,
            50.77973,
            654.4
          ],
          [
            -118.052631,
            50.780097,
            656.4
          ],
          [
            -118.052733,
            50.780304,
            657.4
          ],
          [
            -118.052933,
            50.780766,
            659.2
          ],
          [
            -118.053073,
            50.781147,
            661.3
          ],
          [
            -118.05314,
            50.781363,
            662
          ],
          [
            -118.053366,
            50.782221,
            666.3
          ],
          [
            -118.054169,
            50.785431,
            671.4
          ],
          [
            -118.055006,
            50.788876,
            683.8
          ],
          [
            -118.055234,
            50.789713,
            687.8
          ],
          [
            -118.055521,
            50.790542,
            691.7
          ],
          [
            -118.055688,
            50.790955,
            693.3
          ],
          [
            -118.055875,
            50.791368,
            695
          ],
          [
            -118.056085,
            50.79178,
            696.4
          ],
          [
            -118.056289,
            50.792145,
            697.5
          ],
          [
            -118.056662,
            50.792756,
            698.2
          ],
          [
            -118.057112,
            50.793414,
            698.3
          ],
          [
            -118.057558,
            50.79399,
            697.4
          ],
          [
            -118.057835,
            50.794203,
            697.4
          ],
          [
            -118.058381,
            50.794815,
            698
          ],
          [
            -118.05913,
            50.795604,
            700
          ],
          [
            -118.060901,
            50.7974,
            702.5
          ],
          [
            -118.063124,
            50.799686,
            716.6
          ],
          [
            -118.063293,
            50.799877,
            717.2
          ],
          [
            -118.063607,
            50.800266,
            717.8
          ],
          [
            -118.063893,
            50.800672,
            717.9
          ],
          [
            -118.064027,
            50.800881,
            717.8
          ],
          [
            -118.06423,
            50.801116,
            717.8
          ],
          [
            -118.064435,
            50.801546,
            717.4
          ],
          [
            -118.064601,
            50.801987,
            716.2
          ],
          [
            -118.064732,
            50.802437,
            716.4
          ],
          [
            -118.064782,
            50.802658,
            716.6
          ],
          [
            -118.06482,
            50.802885,
            717.3
          ],
          [
            -118.064957,
            50.803963,
            717.5
          ],
          [
            -118.065082,
            50.805106,
            714
          ],
          [
            -118.065161,
            50.805579,
            711.6
          ],
          [
            -118.065238,
            50.805863,
            710.6
          ],
          [
            -118.065306,
            50.806053,
            709.6
          ],
          [
            -118.065553,
            50.806511,
            707.3
          ],
          [
            -118.065693,
            50.806738,
            706.2
          ],
          [
            -118.065855,
            50.806958,
            704.8
          ],
          [
            -118.066039,
            50.807172,
            703.5
          ],
          [
            -118.066242,
            50.807379,
            702.3
          ],
          [
            -118.066459,
            50.80758,
            701.4
          ],
          [
            -118.068063,
            50.80898,
            695.5
          ],
          [
            -118.068387,
            50.809194,
            695
          ],
          [
            -118.073417,
            50.813527,
            683.2
          ],
          [
            -118.074063,
            50.81412,
            681.1
          ],
          [
            -118.074473,
            50.814524,
            679.6
          ],
          [
            -118.075055,
            50.815151,
            677.2
          ],
          [
            -118.075555,
            50.815754,
            675.4
          ],
          [
            -118.076701,
            50.817309,
            669
          ],
          [
            -118.077684,
            50.818678,
            661.9
          ],
          [
            -118.077952,
            50.818999,
            660.5
          ],
          [
            -118.078296,
            50.819454,
            658
          ],
          [
            -118.078484,
            50.819674,
            656.6
          ],
          [
            -118.078695,
            50.81989,
            655.1
          ],
          [
            -118.078928,
            50.820093,
            653.8
          ],
          [
            -118.079189,
            50.820286,
            652.6
          ],
          [
            -118.079468,
            50.820464,
            651.2
          ],
          [
            -118.079766,
            50.820628,
            650
          ],
          [
            -118.081011,
            50.82124,
            644.6
          ],
          [
            -118.081293,
            50.821401,
            643.4
          ],
          [
            -118.081554,
            50.821574,
            642.3
          ],
          [
            -118.081787,
            50.821754,
            640.8
          ],
          [
            -118.081997,
            50.821944,
            639.5
          ],
          [
            -118.08218,
            50.822142,
            638.3
          ],
          [
            -118.082336,
            50.822348,
            636.8
          ],
          [
            -118.082466,
            50.822562,
            635.6
          ],
          [
            -118.082676,
            50.822993,
            633.1
          ],
          [
            -118.083806,
            50.825569,
            617.4
          ],
          [
            -118.083912,
            50.825777,
            616.3
          ],
          [
            -118.084034,
            50.825981,
            615.2
          ],
          [
            -118.084203,
            50.82617,
            614.2
          ],
          [
            -118.084508,
            50.82638,
            613
          ],
          [
            -118.084693,
            50.826565,
            611.8
          ],
          [
            -118.084905,
            50.826742,
            610.6
          ],
          [
            -118.085143,
            50.826909,
            609.5
          ],
          [
            -118.085398,
            50.827061,
            608.4
          ],
          [
            -118.085677,
            50.827201,
            607
          ],
          [
            -118.085911,
            50.827302,
            605.9
          ],
          [
            -118.086217,
            50.827417,
            604.8
          ],
          [
            -118.087244,
            50.82774,
            601.4
          ],
          [
            -118.087818,
            50.827933,
            599
          ],
          [
            -118.088242,
            50.828013,
            597.7
          ],
          [
            -118.088545,
            50.828138,
            596.6
          ],
          [
            -118.089114,
            50.828426,
            594.5
          ],
          [
            -118.089385,
            50.828584,
            593.2
          ],
          [
            -118.089632,
            50.828746,
            592
          ],
          [
            -118.090448,
            50.829492,
            585.7
          ],
          [
            -118.091413,
            50.830414,
            579.5
          ],
          [
            -118.0918,
            50.830771,
            577.1
          ],
          [
            -118.092458,
            50.831282,
            573.9
          ],
          [
            -118.092697,
            50.831445,
            573.4
          ],
          [
            -118.09295,
            50.831599,
            572.7
          ],
          [
            -118.095047,
            50.832802,
            571.9
          ],
          [
            -118.095829,
            50.83328,
            571.4
          ],
          [
            -118.096183,
            50.833462,
            571.3
          ],
          [
            -118.096426,
            50.833637,
            571.1
          ],
          [
            -118.096884,
            50.834002,
            570.8
          ],
          [
            -118.099906,
            50.836635,
            568.5
          ],
          [
            -118.100398,
            50.837046,
            568.2
          ],
          [
            -118.100822,
            50.837373,
            568.1
          ],
          [
            -118.101315,
            50.837714,
            567.7
          ],
          [
            -118.10209,
            50.838207,
            567.5
          ],
          [
            -118.106491,
            50.840951,
            566.2
          ],
          [
            -118.106846,
            50.84112,
            566.1
          ],
          [
            -118.107349,
            50.841455,
            565.7
          ],
          [
            -118.108015,
            50.842006,
            565.4
          ],
          [
            -118.111771,
            50.845377,
            562.6
          ],
          [
            -118.112001,
            50.845556,
            562.4
          ],
          [
            -118.113888,
            50.847266,
            559.4
          ],
          [
            -118.114373,
            50.847676,
            558.3
          ],
          [
            -118.114803,
            50.847995,
            557.3
          ],
          [
            -118.115319,
            50.848327,
            556.3
          ],
          [
            -118.115876,
            50.848637,
            555.5
          ],
          [
            -118.116453,
            50.84892,
            554.4
          ],
          [
            -118.117041,
            50.849188,
            553.2
          ],
          [
            -118.117465,
            50.849335,
            552.7
          ],
          [
            -118.121858,
            50.851294,
            545.4
          ],
          [
            -118.122433,
            50.851578,
            544.3
          ],
          [
            -118.122704,
            50.85173,
            543.8
          ],
          [
            -118.122967,
            50.851894,
            543
          ],
          [
            -118.123215,
            50.852065,
            542.2
          ],
          [
            -118.123448,
            50.852246,
            541.1
          ],
          [
            -118.123665,
            50.852433,
            540
          ],
          [
            -118.123871,
            50.852631,
            539.1
          ],
          [
            -118.124057,
            50.852832,
            538.1
          ],
          [
            -118.124228,
            50.853038,
            537.3
          ],
          [
            -118.124693,
            50.853667,
            534.6
          ],
          [
            -118.124859,
            50.853871,
            533.5
          ],
          [
            -118.125044,
            50.854073,
            532.7
          ],
          [
            -118.12524,
            50.854261,
            532.2
          ],
          [
            -118.125456,
            50.854445,
            531.5
          ],
          [
            -118.126378,
            50.855157,
            528.8
          ],
          [
            -118.126551,
            50.855304,
            528.1
          ],
          [
            -118.126756,
            50.855497,
            527.4
          ],
          [
            -118.12698,
            50.855738,
            526.8
          ],
          [
            -118.127116,
            50.855903,
            526.7
          ],
          [
            -118.127264,
            50.856112,
            526.5
          ],
          [
            -118.127391,
            50.856331,
            526.2
          ],
          [
            -118.127498,
            50.856554,
            525.8
          ],
          [
            -118.127589,
            50.856776,
            525.9
          ],
          [
            -118.129534,
            50.861973,
            540.2
          ],
          [
            -118.129711,
            50.862403,
            540.9
          ],
          [
            -118.129819,
            50.862611,
            541.1
          ],
          [
            -118.129945,
            50.862818,
            541.4
          ],
          [
            -118.130087,
            50.863021,
            541.8
          ],
          [
            -118.130391,
            50.863414,
            542.7
          ],
          [
            -118.131026,
            50.864182,
            544.2
          ],
          [
            -118.134016,
            50.867653,
            554.7
          ],
          [
            -118.13441,
            50.867898,
            555.3
          ],
          [
            -118.134765,
            50.868213,
            556.8
          ],
          [
            -118.135201,
            50.868543,
            558.3
          ],
          [
            -118.135673,
            50.868852,
            559.6
          ],
          [
            -118.136171,
            50.869145,
            561.2
          ],
          [
            -118.139258,
            50.870858,
            568.6
          ],
          [
            -118.140014,
            50.871296,
            570.7
          ],
          [
            -118.140493,
            50.871606,
            572.2
          ],
          [
            -118.140721,
            50.871766,
            572.8
          ],
          [
            -118.141162,
            50.872102,
            574.3
          ],
          [
            -118.141587,
            50.872442,
            576
          ],
          [
            -118.141875,
            50.872592,
            577.1
          ],
          [
            -118.142323,
            50.87292,
            578.8
          ],
          [
            -118.142807,
            50.873227,
            579.8
          ],
          [
            -118.143329,
            50.873507,
            580.7
          ],
          [
            -118.144433,
            50.874016,
            582.8
          ],
          [
            -118.144698,
            50.87415,
            583.5
          ],
          [
            -118.144954,
            50.874297,
            583.9
          ],
          [
            -118.145186,
            50.874454,
            584.7
          ],
          [
            -118.145401,
            50.874625,
            585.2
          ],
          [
            -118.145589,
            50.874804,
            585.2
          ],
          [
            -118.145762,
            50.874998,
            585.2
          ],
          [
            -118.146676,
            50.876187,
            588.6
          ],
          [
            -118.146836,
            50.87638,
            589.2
          ],
          [
            -118.147014,
            50.876572,
            589.9
          ],
          [
            -118.147167,
            50.876719,
            590.8
          ],
          [
            -118.147373,
            50.876894,
            591.4
          ],
          [
            -118.1476,
            50.877059,
            592.2
          ],
          [
            -118.147848,
            50.877216,
            592.7
          ],
          [
            -118.148165,
            50.877389,
            593.4
          ],
          [
            -118.148387,
            50.877495,
            594.2
          ],
          [
            -118.14868,
            50.877618,
            595
          ],
          [
            -118.148985,
            50.877728,
            595.6
          ],
          [
            -118.149305,
            50.877827,
            596.2
          ],
          [
            -118.14974,
            50.877879,
            596.9
          ],
          [
            -118.151692,
            50.878391,
            601.1
          ],
          [
            -118.152315,
            50.878579,
            602.7
          ],
          [
            -118.152616,
            50.878687,
            603.4
          ],
          [
            -118.152903,
            50.878801,
            604.2
          ],
          [
            -118.15318,
            50.878926,
            605.1
          ],
          [
            -118.153445,
            50.879061,
            606.1
          ],
          [
            -118.153698,
            50.879204,
            607.1
          ],
          [
            -118.153934,
            50.879353,
            607.9
          ],
          [
            -118.15416,
            50.879514,
            608.3
          ],
          [
            -118.154523,
            50.879867,
            609.9
          ],
          [
            -118.154697,
            50.88005,
            610.4
          ],
          [
            -118.154848,
            50.880236,
            611.2
          ],
          [
            -118.155684,
            50.881397,
            616
          ],
          [
            -118.15584,
            50.881585,
            616.6
          ],
          [
            -118.156012,
            50.881771,
            617.4
          ],
          [
            -118.156192,
            50.881955,
            617.9
          ],
          [
            -118.156593,
            50.882303,
            618.7
          ],
          [
            -118.157022,
            50.88264,
            619.1
          ],
          [
            -118.157255,
            50.882802,
            619
          ],
          [
            -118.157498,
            50.882957,
            619.1
          ],
          [
            -118.158003,
            50.883246,
            618.8
          ],
          [
            -118.158543,
            50.883512,
            618.2
          ],
          [
            -118.159114,
            50.883745,
            617.6
          ],
          [
            -118.160012,
            50.884051,
            617.1
          ],
          [
            -118.160438,
            50.884128,
            617.1
          ],
          [
            -118.162483,
            50.884802,
            618.7
          ],
          [
            -118.163054,
            50.885008,
            619.4
          ],
          [
            -118.163328,
            50.885123,
            620
          ],
          [
            -118.163849,
            50.88537,
            620.9
          ],
          [
            -118.164528,
            50.885805,
            622.2
          ],
          [
            -118.164955,
            50.886117,
            623.5
          ],
          [
            -118.165155,
            50.886285,
            624
          ],
          [
            -118.165538,
            50.886631,
            625.2
          ],
          [
            -118.167155,
            50.88814,
            628
          ],
          [
            -118.167216,
            50.888178,
            628
          ],
          [
            -118.167394,
            50.888105,
            627.9
          ],
          [
            -118.167427,
            50.888075,
            627.9
          ],
          [
            -118.167454,
            50.88803,
            625
          ],
          [
            -118.167395,
            50.888054,
            629
          ],
          [
            -118.167262,
            50.888068,
            629.4
          ],
          [
            -118.167204,
            50.888058,
            629.4
          ],
          [
            -118.167141,
            50.88803,
            629.2
          ],
          [
            -118.167075,
            50.887984,
            629.2
          ],
          [
            -118.166708,
            50.887658,
            629.1
          ],
          [
            -118.165469,
            50.886478,
            627.5
          ],
          [
            -118.165132,
            50.88617,
            626.8
          ],
          [
            -118.164748,
            50.885862,
            626.5
          ],
          [
            -118.16431,
            50.88556,
            625.9
          ],
          [
            -118.163832,
            50.885279,
            625
          ],
          [
            -118.16358,
            50.885147,
            624.4
          ],
          [
            -118.163038,
            50.884898,
            622.9
          ],
          [
            -118.162461,
            50.884671,
            622
          ],
          [
            -118.161865,
            50.884466,
            621.3
          ],
          [
            -118.15944,
            50.883686,
            618.5
          ],
          [
            -118.158853,
            50.883482,
            618.5
          ],
          [
            -118.158291,
            50.883256,
            618.9
          ],
          [
            -118.158026,
            50.883137,
            619
          ],
          [
            -118.157513,
            50.882878,
            619.4
          ],
          [
            -118.157084,
            50.882618,
            620.1
          ],
          [
            -118.156817,
            50.882435,
            619.7
          ],
          [
            -118.156443,
            50.882144,
            619.6
          ],
          [
            -118.156243,
            50.881972,
            619.4
          ],
          [
            -118.155759,
            50.881417,
            617.9
          ],
          [
            -118.15561,
            50.881224,
            617.2
          ],
          [
            -118.154903,
            50.880232,
            613.7
          ],
          [
            -118.154743,
            50.880035,
            613.1
          ],
          [
            -118.154545,
            50.879849,
            612.1
          ],
          [
            -118.154323,
            50.879622,
            611.4
          ],
          [
            -118.154158,
            50.879475,
            610.6
          ],
          [
            -118.153941,
            50.879302,
            609.8
          ],
          [
            -118.153704,
            50.879135,
            608.8
          ],
          [
            -118.153453,
            50.878981,
            607.9
          ],
          [
            -118.153187,
            50.878838,
            606.8
          ],
          [
            -118.152909,
            50.878705,
            605.7
          ],
          [
            -118.152563,
            50.878556,
            604.7
          ],
          [
            -118.152327,
            50.878464,
            603.9
          ],
          [
            -118.151709,
            50.878262,
            602.3
          ],
          [
            -118.151396,
            50.878173,
            601.5
          ],
          [
            -118.149468,
            50.877691,
            596.5
          ],
          [
            -118.148846,
            50.877522,
            595
          ],
          [
            -118.148555,
            50.877429,
            594.3
          ],
          [
            -118.148279,
            50.877323,
            593.8
          ],
          [
            -118.148017,
            50.877208,
            593.4
          ],
          [
            -118.147769,
            50.87708,
            592.9
          ],
          [
            -118.147543,
            50.876948,
            592.3
          ],
          [
            -118.147007,
            50.876515,
            591.9
          ],
          [
            -118.146888,
            50.876379,
            590
          ],
          [
            -118.146998,
            50.876492,
            591.7
          ],
          [
            -118.146951,
            50.876573,
            591.6
          ],
          [
            -118.147596,
            50.877003,
            591.7
          ],
          [
            -118.14795,
            50.877202,
            591.9
          ],
          [
            -118.148223,
            50.877334,
            592
          ],
          [
            -118.148516,
            50.877465,
            592.4
          ],
          [
            -118.148723,
            50.87754,
            592.4
          ],
          [
            -118.148802,
            50.877584,
            592.4
          ],
          [
            -118.149103,
            50.877678,
            592.7
          ],
          [
            -118.149834,
            50.877876,
            594.2
          ],
          [
            -118.149881,
            50.87787,
            594.4
          ],
          [
            -118.150031,
            50.877909,
            596.5
          ],
          [
            -118.150053,
            50.877931,
            596.6
          ],
          [
            -118.151601,
            50.878327,
            598.9
          ],
          [
            -118.152023,
            50.878451,
            599.5
          ],
          [
            -118.152444,
            50.878594,
            600.2
          ],
          [
            -118.152883,
            50.878772,
            600.9
          ],
          [
            -118.153313,
            50.878982,
            602.8
          ],
          [
            -118.153734,
            50.879225,
            604.6
          ],
          [
            -118.153929,
            50.879358,
            605.2
          ],
          [
            -118.154299,
            50.879654,
            606.5
          ],
          [
            -118.154632,
            50.87998,
            608.3
          ],
          [
            -118.154783,
            50.880151,
            609.3
          ],
          [
            -118.155053,
            50.880516,
            610.9
          ],
          [
            -118.155585,
            50.881269,
            614
          ],
          [
            -118.155893,
            50.881643,
            615
          ],
          [
            -118.156244,
            50.882004,
            616.2
          ],
          [
            -118.156643,
            50.882347,
            616.9
          ],
          [
            -118.157094,
            50.882673,
            617.7
          ],
          [
            -118.157861,
            50.883124,
            617.9
          ],
          [
            -118.158135,
            50.883267,
            617.5
          ],
          [
            -118.158708,
            50.883533,
            616.7
          ],
          [
            -118.159012,
            50.883656,
            616.6
          ],
          [
            -118.159637,
            50.883876,
            616.6
          ],
          [
            -118.161556,
            50.8845,
            617.3
          ],
          [
            -118.162435,
            50.884797,
            618.8
          ],
          [
            -118.163048,
            50.885023,
            620.2
          ],
          [
            -118.163343,
            50.885147,
            620.6
          ],
          [
            -118.163679,
            50.885303,
            621
          ],
          [
            -118.164161,
            50.885556,
            621.7
          ],
          [
            -118.164414,
            50.885707,
            622.2
          ],
          [
            -118.165073,
            50.886215,
            624
          ],
          [
            -118.165874,
            50.886942,
            625.3
          ],
          [
            -118.167903,
            50.888841,
            627
          ],
          [
            -118.168132,
            50.889026,
            627.1
          ],
          [
            -118.169156,
            50.889997,
            626.7
          ],
          [
            -118.171488,
            50.892176,
            626.3
          ],
          [
            -118.171907,
            50.892584,
            626.6
          ],
          [
            -118.172525,
            50.893211,
            626.5
          ],
          [
            -118.173126,
            50.893853,
            626.5
          ],
          [
            -118.173517,
            50.894288,
            626.3
          ],
          [
            -118.174084,
            50.894948,
            626.1
          ],
          [
            -118.174761,
            50.895795,
            625.7
          ],
          [
            -118.175265,
            50.896474,
            625.4
          ],
          [
            -118.175586,
            50.896925,
            625.4
          ],
          [
            -118.175752,
            50.897205,
            625.3
          ],
          [
            -118.176169,
            50.897839,
            625
          ],
          [
            -118.176337,
            50.898061,
            624.8
          ],
          [
            -118.176455,
            50.898295,
            624.7
          ],
          [
            -118.176861,
            50.898992,
            624.3
          ],
          [
            -118.177015,
            50.899218,
            624.1
          ],
          [
            -118.177504,
            50.900152,
            623.4
          ],
          [
            -118.177728,
            50.900624,
            623.2
          ],
          [
            -118.177938,
            50.901097,
            623
          ],
          [
            -118.178233,
            50.901803,
            623
          ],
          [
            -118.178502,
            50.902512,
            623.5
          ],
          [
            -118.179151,
            50.904436,
            625.7
          ],
          [
            -118.179689,
            50.906103,
            628.9
          ],
          [
            -118.179859,
            50.906567,
            629.8
          ],
          [
            -118.179943,
            50.906751,
            630.4
          ],
          [
            -118.180064,
            50.906976,
            631
          ],
          [
            -118.180203,
            50.907198,
            631.4
          ],
          [
            -118.180355,
            50.907412,
            632
          ],
          [
            -118.1807,
            50.90783,
            632.9
          ],
          [
            -118.180897,
            50.90803,
            633.4
          ],
          [
            -118.181328,
            50.908411,
            634.5
          ],
          [
            -118.181829,
            50.908741,
            635.5
          ],
          [
            -118.182097,
            50.908902,
            635.7
          ],
          [
            -118.182375,
            50.909054,
            636
          ],
          [
            -118.182719,
            50.909212,
            636.2
          ],
          [
            -118.18411,
            50.909925,
            637.9
          ],
          [
            -118.184656,
            50.910216,
            638.5
          ],
          [
            -118.184915,
            50.910366,
            638.6
          ],
          [
            -118.185421,
            50.910696,
            639.4
          ],
          [
            -118.18711,
            50.91189,
            643.9
          ],
          [
            -118.187634,
            50.912224,
            645.1
          ],
          [
            -118.188204,
            50.912536,
            645.7
          ],
          [
            -118.188853,
            50.912797,
            646.1
          ],
          [
            -118.189243,
            50.912883,
            646.1
          ],
          [
            -118.189926,
            50.913124,
            645.8
          ],
          [
            -118.190632,
            50.913354,
            645.5
          ],
          [
            -118.194108,
            50.914465,
            647.3
          ],
          [
            -118.195267,
            50.914819,
            648.1
          ],
          [
            -118.199081,
            50.916036,
            649.8
          ],
          [
            -118.200528,
            50.916478,
            650.2
          ],
          [
            -118.201952,
            50.916927,
            650.2
          ],
          [
            -118.203347,
            50.91739,
            650.7
          ],
          [
            -118.204021,
            50.917644,
            650.7
          ],
          [
            -118.204349,
            50.917779,
            650.9
          ],
          [
            -118.20498,
            50.918063,
            651.5
          ],
          [
            -118.20527,
            50.918227,
            651.9
          ],
          [
            -118.205858,
            50.918537,
            652.8
          ],
          [
            -118.206685,
            50.919035,
            654.7
          ],
          [
            -118.207452,
            50.919562,
            655.8
          ],
          [
            -118.207693,
            50.919742,
            656.2
          ],
          [
            -118.208158,
            50.920116,
            656.8
          ],
          [
            -118.2088,
            50.920703,
            658.3
          ],
          [
            -118.209194,
            50.921105,
            659.4
          ],
          [
            -118.209561,
            50.921521,
            660.2
          ],
          [
            -118.209892,
            50.921948,
            660.8
          ],
          [
            -118.210171,
            50.922343,
            660.6
          ],
          [
            -118.210348,
            50.922619,
            660.1
          ],
          [
            -118.210481,
            50.922847,
            659.7
          ],
          [
            -118.210724,
            50.923316,
            657.4
          ],
          [
            -118.210834,
            50.923553,
            656.1
          ],
          [
            -118.211016,
            50.923989,
            653.8
          ],
          [
            -118.21112,
            50.924284,
            652.6
          ],
          [
            -118.211247,
            50.924728,
            649.9
          ],
          [
            -118.211319,
            50.925025,
            648.4
          ],
          [
            -118.211364,
            50.925275,
            647
          ],
          [
            -118.2115,
            50.926245,
            641.3
          ],
          [
            -118.212067,
            50.930678,
            621.8
          ],
          [
            -118.212139,
            50.930933,
            621.8
          ],
          [
            -118.212231,
            50.931702,
            621.5
          ],
          [
            -118.212232,
            50.931956,
            621.4
          ],
          [
            -118.212286,
            50.932207,
            621.4
          ],
          [
            -118.212499,
            50.933972,
            621
          ],
          [
            -118.21279,
            50.936232,
            619.3
          ],
          [
            -118.212822,
            50.936429,
            619
          ],
          [
            -118.212889,
            50.936722,
            618.9
          ],
          [
            -118.212968,
            50.936959,
            619
          ],
          [
            -118.213071,
            50.937194,
            619
          ],
          [
            -118.213174,
            50.937373,
            618.7
          ],
          [
            -118.21333,
            50.937594,
            619.1
          ],
          [
            -118.213516,
            50.937806,
            619.5
          ],
          [
            -118.213731,
            50.938008,
            619.7
          ],
          [
            -118.21402,
            50.938233,
            619.8
          ],
          [
            -118.214231,
            50.938371,
            619.8
          ],
          [
            -118.214522,
            50.938531,
            619.8
          ],
          [
            -118.215177,
            50.938782,
            619.9
          ],
          [
            -118.21552,
            50.938886,
            619.9
          ],
          [
            -118.21587,
            50.938976,
            620.5
          ],
          [
            -118.216234,
            50.939052,
            620.4
          ],
          [
            -118.217327,
            50.939249,
            621.6
          ],
          [
            -118.217729,
            50.939282,
            622.2
          ],
          [
            -118.21807,
            50.939367,
            623
          ],
          [
            -118.218397,
            50.939468,
            623.7
          ],
          [
            -118.218703,
            50.939588,
            624.7
          ],
          [
            -118.218985,
            50.939728,
            625.4
          ],
          [
            -118.219242,
            50.939885,
            626.1
          ],
          [
            -118.219476,
            50.940051,
            626.8
          ],
          [
            -118.21969,
            50.940228,
            627.7
          ],
          [
            -118.220007,
            50.940624,
            628.9
          ],
          [
            -118.220568,
            50.941463,
            631.8
          ],
          [
            -118.220729,
            50.941667,
            632.2
          ],
          [
            -118.221811,
            50.943356,
            638.2
          ],
          [
            -118.222981,
            50.945137,
            642.9
          ],
          [
            -118.223087,
            50.945305,
            643.4
          ],
          [
            -118.223139,
            50.945409,
            643.7
          ],
          [
            -118.223173,
            50.945523,
            643.7
          ],
          [
            -118.223176,
            50.945628,
            643.8
          ],
          [
            -118.223153,
            50.945842,
            643.9
          ],
          [
            -118.223135,
            50.945922,
            643.5
          ],
          [
            -118.223138,
            50.946025,
            643
          ],
          [
            -118.223101,
            50.946119,
            642.5
          ],
          [
            -118.222931,
            50.946306,
            641.3
          ],
          [
            -118.222813,
            50.946391,
            640.8
          ],
          [
            -118.22267,
            50.946468,
            640.1
          ],
          [
            -118.22218,
            50.946666,
            636.8
          ],
          [
            -118.222028,
            50.946746,
            636
          ],
          [
            -118.221921,
            50.946841,
            635.3
          ],
          [
            -118.221875,
            50.946952,
            634.5
          ],
          [
            -118.221886,
            50.947058,
            633.7
          ],
          [
            -118.221916,
            50.947163,
            632.6
          ],
          [
            -118.221986,
            50.947268,
            631.7
          ],
          [
            -118.222184,
            50.947475,
            630
          ],
          [
            -118.222279,
            50.947588,
            629.2
          ],
          [
            -118.222344,
            50.94771,
            628.2
          ],
          [
            -118.222382,
            50.947843,
            627.4
          ],
          [
            -118.222418,
            50.948103,
            624.4
          ],
          [
            -118.22242,
            50.948235,
            622.7
          ],
          [
            -118.222401,
            50.94836,
            621
          ],
          [
            -118.222349,
            50.948483,
            618.8
          ],
          [
            -118.222265,
            50.948604,
            616.2
          ],
          [
            -118.222123,
            50.94871,
            613.4
          ],
          [
            -118.221431,
            50.949287,
            604
          ],
          [
            -118.221315,
            50.949413,
            602.2
          ],
          [
            -118.220536,
            50.950069,
            590.2
          ],
          [
            -118.220428,
            50.950179,
            588.4
          ],
          [
            -118.220337,
            50.950295,
            587
          ],
          [
            -118.220263,
            50.950415,
            585.7
          ],
          [
            -118.220139,
            50.950656,
            583.2
          ],
          [
            -118.220014,
            50.950866,
            580.3
          ],
          [
            -118.219933,
            50.950981,
            578.9
          ],
          [
            -118.219564,
            50.95143,
            572.9
          ],
          [
            -118.219395,
            50.951678,
            570.8
          ],
          [
            -118.219269,
            50.951931,
            568.7
          ],
          [
            -118.21917,
            50.952177,
            566.4
          ],
          [
            -118.219137,
            50.952297,
            565.2
          ],
          [
            -118.219128,
            50.952416,
            563.8
          ],
          [
            -118.219145,
            50.952538,
            562.4
          ],
          [
            -118.219217,
            50.952656,
            560.9
          ],
          [
            -118.219312,
            50.952919,
            557.6
          ],
          [
            -118.219337,
            50.953053,
            555.5
          ],
          [
            -118.219338,
            50.953185,
            553.8
          ],
          [
            -118.219304,
            50.953433,
            550.7
          ],
          [
            -118.219194,
            50.953664,
            547.1
          ],
          [
            -118.21911,
            50.953769,
            545.4
          ],
          [
            -118.218988,
            50.953867,
            544
          ],
          [
            -118.218841,
            50.95395,
            542.7
          ],
          [
            -118.218237,
            50.95425,
            537.7
          ],
          [
            -118.217816,
            50.954477,
            532.9
          ],
          [
            -118.217724,
            50.954439,
            532.6
          ],
          [
            -118.217746,
            50.954409,
            532
          ],
          [
            -118.217743,
            50.954358,
            531.4
          ],
          [
            -118.217704,
            50.954209,
            530.5
          ],
          [
            -118.217661,
            50.954121,
            530.1
          ],
          [
            -118.217596,
            50.954024,
            529.7
          ],
          [
            -118.217408,
            50.953825,
            529.4
          ],
          [
            -118.217272,
            50.953731,
            529.6
          ],
          [
            -118.216904,
            50.9534,
            530.2
          ],
          [
            -118.216616,
            50.953176,
            531.1
          ],
          [
            -118.216288,
            50.952967,
            531.8
          ],
          [
            -118.216112,
            50.952866,
            532.1
          ],
          [
            -118.215924,
            50.952781,
            532.1
          ],
          [
            -118.215752,
            50.952673,
            531.9
          ],
          [
            -118.2156,
            50.952551,
            531.5
          ],
          [
            -118.215477,
            50.952412,
            531.2
          ],
          [
            -118.215331,
            50.952292,
            530.9
          ],
          [
            -118.215101,
            50.952072,
            530.7
          ],
          [
            -118.214956,
            50.951977,
            530.6
          ],
          [
            -118.214813,
            50.95192,
            530.4
          ],
          [
            -118.214659,
            50.951881,
            530.4
          ],
          [
            -118.214507,
            50.951863,
            530
          ],
          [
            -118.214312,
            50.951873,
            530
          ],
          [
            -118.213844,
            50.95198,
            528.9
          ],
          [
            -118.213652,
            50.951995,
            528.8
          ],
          [
            -118.213446,
            50.951967,
            528.7
          ],
          [
            -118.213277,
            50.951892,
            528.5
          ],
          [
            -118.213171,
            50.951785,
            528.7
          ],
          [
            -118.212939,
            50.951472,
            530.1
          ],
          [
            -118.212649,
            50.951134,
            531.8
          ],
          [
            -118.212285,
            50.95079,
            533.1
          ],
          [
            -118.212159,
            50.950717,
            533.6
          ],
          [
            -118.211692,
            50.950286,
            534
          ],
          [
            -118.211493,
            50.950073,
            534.4
          ],
          [
            -118.211349,
            50.949874,
            534.8
          ],
          [
            -118.211296,
            50.94978,
            535.2
          ],
          [
            -118.211118,
            50.949381,
            536
          ],
          [
            -118.211028,
            50.949271,
            537.1
          ],
          [
            -118.210984,
            50.949201,
            537.2
          ],
          [
            -118.210822,
            50.948645,
            538.4
          ],
          [
            -118.210778,
            50.948592,
            538.4
          ],
          [
            -118.210704,
            50.948379,
            538.7
          ],
          [
            -118.210645,
            50.948247,
            539
          ],
          [
            -118.210544,
            50.948099,
            539.3
          ],
          [
            -118.210424,
            50.947982,
            539.6
          ],
          [
            -118.210276,
            50.947857,
            539.5
          ],
          [
            -118.209876,
            50.947555,
            538.9
          ],
          [
            -118.20927,
            50.946907,
            538.6
          ],
          [
            -118.209135,
            50.946794,
            538.2
          ],
          [
            -118.208985,
            50.946689,
            537.8
          ],
          [
            -118.208844,
            50.946613,
            537.6
          ],
          [
            -118.20866,
            50.946531,
            537.7
          ],
          [
            -118.207934,
            50.94627,
            537.7
          ],
          [
            -118.207416,
            50.946069,
            537.6
          ],
          [
            -118.206876,
            50.94579,
            536.9
          ],
          [
            -118.206624,
            50.94551,
            537.2
          ],
          [
            -118.206485,
            50.945386,
            536.9
          ],
          [
            -118.206355,
            50.945306,
            536.6
          ],
          [
            -118.205332,
            50.944604,
            534.8
          ],
          [
            -118.205042,
            50.944451,
            533.5
          ],
          [
            -118.204986,
            50.94439,
            533.2
          ],
          [
            -118.205045,
            50.944189,
            532.4
          ],
          [
            -118.20511,
            50.94405,
            532.2
          ],
          [
            -118.205099,
            50.943995,
            532
          ],
          [
            -118.205109,
            50.943931,
            531.9
          ],
          [
            -118.205058,
            50.943877,
            531.8
          ],
          [
            -118.204788,
            50.943693,
            531.4
          ],
          [
            -118.203723,
            50.943089,
            532.2
          ],
          [
            -118.202785,
            50.942512,
            533.2
          ],
          [
            -118.202196,
            50.942104,
            533.8
          ],
          [
            -118.20183,
            50.941875,
            534.3
          ],
          [
            -118.201135,
            50.941573,
            534.4
          ],
          [
            -118.199693,
            50.940999,
            536.9
          ],
          [
            -118.199438,
            50.940884,
            537.2
          ],
          [
            -118.198968,
            50.940648,
            536
          ],
          [
            -118.199048,
            50.940691,
            538
          ],
          [
            -118.198984,
            50.940619,
            538.7
          ],
          [
            -118.198946,
            50.940595,
            538
          ],
          [
            -118.19899,
            50.940502,
            539
          ],
          [
            -118.198942,
            50.940385,
            539.6
          ],
          [
            -118.198879,
            50.940302,
            540
          ],
          [
            -118.198785,
            50.940218,
            540.5
          ],
          [
            -118.198396,
            50.939925,
            542.6
          ],
          [
            -118.198235,
            50.939831,
            541
          ],
          [
            -118.198225,
            50.939939,
            543
          ],
          [
            -118.198301,
            50.939981,
            543.9
          ],
          [
            -118.198265,
            50.939978,
            538
          ],
          [
            -118.198262,
            50.939939,
            540
          ],
          [
            -118.198288,
            50.939924,
            542
          ],
          [
            -118.198327,
            50.939923,
            542
          ],
          [
            -118.198367,
            50.939957,
            540
          ],
          [
            -118.198226,
            50.939838,
            540
          ],
          [
            -118.198099,
            50.939709,
            542
          ],
          [
            -118.198012,
            50.939641,
            542
          ],
          [
            -118.197908,
            50.939593,
            540
          ],
          [
            -118.197745,
            50.939469,
            542
          ],
          [
            -118.197568,
            50.939396,
            540
          ],
          [
            -118.197468,
            50.939329,
            540
          ],
          [
            -118.197388,
            50.939299,
            540
          ],
          [
            -118.197298,
            50.93923,
            540
          ],
          [
            -118.197194,
            50.93919,
            539
          ],
          [
            -118.197094,
            50.93918,
            538
          ],
          [
            -118.196924,
            50.939209,
            538
          ],
          [
            -118.196708,
            50.939286,
            538
          ],
          [
            -118.196627,
            50.939358,
            538
          ],
          [
            -118.196626,
            50.939388,
            537
          ],
          [
            -118.196664,
            50.939441,
            537
          ],
          [
            -118.19677,
            50.939466,
            535
          ],
          [
            -118.196795,
            50.939428,
            535
          ],
          [
            -118.19678,
            50.939465,
            534
          ],
          [
            -118.196727,
            50.939464,
            534
          ],
          [
            -118.196667,
            50.939401,
            536
          ],
          [
            -118.196685,
            50.939371,
            535.7
          ],
          [
            -118.196755,
            50.939334,
            534
          ],
          [
            -118.197085,
            50.939242,
            538
          ],
          [
            -118.197175,
            50.939226,
            537
          ],
          [
            -118.197249,
            50.939242,
            540
          ],
          [
            -118.197345,
            50.939279,
            540
          ],
          [
            -118.197407,
            50.939327,
            541
          ],
          [
            -118.197509,
            50.939383,
            540
          ],
          [
            -118.197535,
            50.939411,
            540
          ],
          [
            -118.197634,
            50.939457,
            540
          ],
          [
            -118.197722,
            50.939483,
            540
          ],
          [
            -118.197915,
            50.939618,
            543
          ],
          [
            -118.197989,
            50.939686,
            542
          ],
          [
            -118.198032,
            50.939745,
            542
          ],
          [
            -118.198095,
            50.939781,
            542
          ],
          [
            -118.198127,
            50.939815,
            543.1
          ],
          [
            -118.198198,
            50.93985,
            542
          ],
          [
            -118.198556,
            50.940095,
            541.3
          ],
          [
            -118.198751,
            50.940238,
            540
          ],
          [
            -118.198771,
            50.940266,
            540
          ],
          [
            -118.198846,
            50.940309,
            540
          ],
          [
            -118.198868,
            50.940338,
            541
          ],
          [
            -118.198979,
            50.940431,
            540
          ],
          [
            -118.199072,
            50.940593,
            537
          ],
          [
            -118.199013,
            50.940259,
            541
          ],
          [
            -118.199042,
            50.940224,
            545
          ],
          [
            -118.19884,
            50.940245,
            541
          ],
          [
            -118.19876,
            50.940201,
            540
          ],
          [
            -118.198671,
            50.940122,
            540
          ],
          [
            -118.198371,
            50.939925,
            540
          ],
          [
            -118.198334,
            50.939921,
            540
          ],
          [
            -118.198304,
            50.939947,
            540
          ],
          [
            -118.198297,
            50.939982,
            540
          ],
          [
            -118.198313,
            50.940019,
            528
          ],
          [
            -118.198371,
            50.939965,
            540
          ],
          [
            -118.198342,
            50.939934,
            543
          ],
          [
            -118.198319,
            50.93999,
            540
          ],
          [
            -118.198296,
            50.940021,
            541
          ],
          [
            -118.198223,
            50.940014,
            544
          ],
          [
            -118.198218,
            50.940034,
            545
          ],
          [
            -118.198281,
            50.940047,
            544
          ],
          [
            -118.198318,
            50.94007,
            535
          ],
          [
            -118.198271,
            50.940016,
            537
          ],
          [
            -118.198222,
            50.940066,
            540
          ],
          [
            -118.198248,
            50.940075,
            539
          ],
          [
            -118.198329,
            50.940038,
            540
          ],
          [
            -118.198288,
            50.940022,
            540
          ],
          [
            -118.198241,
            50.940024,
            540
          ],
          [
            -118.19829,
            50.940029,
            540
          ],
          [
            -118.19829,
            50.939907,
            542
          ],
          [
            -118.198214,
            50.939857,
            546
          ],
          [
            -118.197826,
            50.939534,
            555.7
          ],
          [
            -118.197473,
            50.939315,
            552
          ],
          [
            -118.197342,
            50.939222,
            552.2
          ],
          [
            -118.19726,
            50.939184,
            551.5
          ],
          [
            -118.197157,
            50.939155,
            550.1
          ],
          [
            -118.19704,
            50.939149,
            549
          ],
          [
            -118.196865,
            50.939186,
            547.2
          ],
          [
            -118.196709,
            50.939263,
            546.2
          ],
          [
            -118.196672,
            50.93929,
            546
          ],
          [
            -118.196645,
            50.939331,
            544
          ],
          [
            -118.196647,
            50.939382,
            544
          ],
          [
            -118.196672,
            50.939422,
            544
          ],
          [
            -118.19674,
            50.939479,
            543.7
          ],
          [
            -118.197342,
            50.939848,
            540.6
          ],
          [
            -118.197935,
            50.940137,
            539.1
          ],
          [
            -118.19795,
            50.940215,
            538.9
          ],
          [
            -118.198691,
            50.940538,
            537.7
          ],
          [
            -118.199319,
            50.94086,
            536.4
          ],
          [
            -118.199642,
            50.941012,
            535.4
          ],
          [
            -118.2017,
            50.941877,
            529.2
          ],
          [
            -118.201928,
            50.942001,
            528.9
          ],
          [
            -118.202643,
            50.942492,
            528
          ],
          [
            -118.203277,
            50.942889,
            528.1
          ],
          [
            -118.204052,
            50.943349,
            527.7
          ],
          [
            -118.204653,
            50.943681,
            528.6
          ],
          [
            -118.204809,
            50.943777,
            528.7
          ],
          [
            -118.205006,
            50.943925,
            528
          ],
          [
            -118.205015,
            50.943989,
            528
          ],
          [
            -118.204979,
            50.944098,
            528.2
          ],
          [
            -118.204981,
            50.944146,
            528.3
          ],
          [
            -118.204941,
            50.944284,
            528
          ],
          [
            -118.204863,
            50.944401,
            527.6
          ],
          [
            -118.20493,
            50.94446,
            527.8
          ],
          [
            -118.205232,
            50.944615,
            527.8
          ],
          [
            -118.20549,
            50.944767,
            527.9
          ],
          [
            -118.206084,
            50.945209,
            528.3
          ],
          [
            -118.206447,
            50.945435,
            529.4
          ],
          [
            -118.206536,
            50.945515,
            529.8
          ],
          [
            -118.206837,
            50.945845,
            531.1
          ],
          [
            -118.206922,
            50.945905,
            531.2
          ],
          [
            -118.207022,
            50.945959,
            531.6
          ],
          [
            -118.207668,
            50.946229,
            533.8
          ],
          [
            -118.207718,
            50.946231,
            534.2
          ],
          [
            -118.207796,
            50.94626,
            534.6
          ],
          [
            -118.207824,
            50.946287,
            534.9
          ],
          [
            -118.208228,
            50.946434,
            536.1
          ],
          [
            -118.208462,
            50.946516,
            536.6
          ],
          [
            -118.208522,
            50.946522,
            536.6
          ],
          [
            -118.20876,
            50.946643,
            537
          ],
          [
            -118.209003,
            50.946823,
            537.4
          ],
          [
            -118.209059,
            50.94684,
            537.5
          ],
          [
            -118.209225,
            50.946985,
            538.4
          ],
          [
            -118.209787,
            50.94759,
            540
          ],
          [
            -118.210128,
            50.947846,
            539.6
          ],
          [
            -118.2104,
            50.948078,
            539.7
          ],
          [
            -118.210513,
            50.948212,
            539.5
          ],
          [
            -118.210572,
            50.948324,
            539.4
          ],
          [
            -118.210621,
            50.948447,
            539.4
          ],
          [
            -118.210657,
            50.948471,
            539.5
          ],
          [
            -118.210769,
            50.948806,
            539.4
          ],
          [
            -118.210802,
            50.948834,
            539.5
          ],
          [
            -118.210906,
            50.949256,
            539.3
          ],
          [
            -118.210949,
            50.949288,
            539.2
          ],
          [
            -118.211096,
            50.949523,
            539.3
          ],
          [
            -118.211211,
            50.949779,
            538.9
          ],
          [
            -118.211299,
            50.949931,
            538.7
          ],
          [
            -118.211566,
            50.950254,
            537.8
          ],
          [
            -118.211739,
            50.950421,
            537.2
          ],
          [
            -118.211958,
            50.950572,
            536.8
          ],
          [
            -118.212402,
            50.950988,
            535.4
          ],
          [
            -118.212731,
            50.951352,
            533.5
          ],
          [
            -118.212893,
            50.951562,
            532.5
          ],
          [
            -118.213059,
            50.951824,
            530.8
          ],
          [
            -118.213152,
            50.951895,
            530.2
          ],
          [
            -118.213228,
            50.951974,
            529.6
          ],
          [
            -118.213355,
            50.952029,
            529.1
          ],
          [
            -118.213498,
            50.952061,
            528.2
          ],
          [
            -118.213656,
            50.952072,
            528
          ],
          [
            -118.213819,
            50.952058,
            527.7
          ],
          [
            -118.214125,
            50.951993,
            527.2
          ],
          [
            -118.21427,
            50.951949,
            526.9
          ],
          [
            -118.214436,
            50.951928,
            526.8
          ],
          [
            -118.214612,
            50.951944,
            527.1
          ],
          [
            -118.214832,
            50.951984,
            526.9
          ],
          [
            -118.214955,
            50.952044,
            526.6
          ],
          [
            -118.21506,
            50.952121,
            526.6
          ],
          [
            -118.215466,
            50.952516,
            526.7
          ],
          [
            -118.21571,
            50.952718,
            526.8
          ],
          [
            -118.215847,
            50.952806,
            527
          ],
          [
            -118.216011,
            50.952879,
            527.2
          ],
          [
            -118.216454,
            50.953131,
            527.2
          ],
          [
            -118.216595,
            50.953224,
            526.7
          ],
          [
            -118.216864,
            50.953427,
            526.2
          ],
          [
            -118.217239,
            50.953738,
            525.6
          ],
          [
            -118.217462,
            50.953945,
            525.1
          ],
          [
            -118.217555,
            50.954056,
            524.8
          ],
          [
            -118.217628,
            50.954176,
            524.7
          ],
          [
            -118.217672,
            50.954298,
            524.5
          ],
          [
            -118.217693,
            50.954423,
            524.5
          ],
          [
            -118.217711,
            50.95495,
            524.2
          ],
          [
            -118.217751,
            50.955332,
            523.6
          ],
          [
            -118.217781,
            50.955474,
            523.5
          ],
          [
            -118.21788,
            50.955783,
            523
          ],
          [
            -118.218114,
            50.956333,
            522.1
          ],
          [
            -118.218232,
            50.956636,
            521.2
          ],
          [
            -118.218273,
            50.956788,
            520.8
          ],
          [
            -118.218332,
            50.957102,
            520.6
          ],
          [
            -118.218324,
            50.957261,
            520.3
          ],
          [
            -118.218283,
            50.957577,
            520.2
          ],
          [
            -118.218032,
            50.958713,
            519.8
          ],
          [
            -118.218019,
            50.95892,
            519.9
          ],
          [
            -118.217969,
            50.959255,
            520.3
          ],
          [
            -118.217959,
            50.959423,
            520.8
          ],
          [
            -118.217979,
            50.959764,
            521.3
          ],
          [
            -118.218032,
            50.960102,
            521.9
          ],
          [
            -118.218133,
            50.960611,
            522.9
          ],
          [
            -118.21818,
            50.960776,
            522.9
          ],
          [
            -118.218243,
            50.96094,
            522.7
          ],
          [
            -118.218324,
            50.9611,
            522.9
          ],
          [
            -118.218931,
            50.96187,
            519.7
          ],
          [
            -118.219152,
            50.962194,
            518.2
          ],
          [
            -118.21925,
            50.962363,
            517.4
          ],
          [
            -118.21941,
            50.962708,
            515.8
          ],
          [
            -118.220581,
            50.965695,
            511.7
          ],
          [
            -118.220627,
            50.965802,
            512
          ],
          [
            -118.220709,
            50.96593,
            512.1
          ],
          [
            -118.22078,
            50.96607,
            512.7
          ],
          [
            -118.220888,
            50.966216,
            514
          ],
          [
            -118.221036,
            50.966347,
            514.2
          ],
          [
            -118.22113,
            50.966414,
            514.7
          ],
          [
            -118.221211,
            50.966443,
            514.8
          ],
          [
            -118.221462,
            50.966584,
            514.9
          ],
          [
            -118.221653,
            50.966716,
            515.1
          ],
          [
            -118.221741,
            50.966792,
            515.2
          ],
          [
            -118.221826,
            50.966879,
            515.2
          ],
          [
            -118.221881,
            50.966979,
            515.2
          ],
          [
            -118.222014,
            50.96718,
            515.8
          ],
          [
            -118.222061,
            50.967284,
            516.2
          ],
          [
            -118.222095,
            50.967393,
            516.6
          ],
          [
            -118.222115,
            50.967506,
            517.2
          ],
          [
            -118.22212,
            50.967621,
            517.7
          ],
          [
            -118.22209,
            50.968244,
            520.1
          ],
          [
            -118.222097,
            50.968376,
            520.5
          ],
          [
            -118.222116,
            50.968509,
            521.1
          ],
          [
            -118.222189,
            50.968766,
            522.3
          ],
          [
            -118.222462,
            50.969208,
            523.2
          ],
          [
            -118.223438,
            50.970621,
            524.9
          ],
          [
            -118.223516,
            50.970748,
            525
          ],
          [
            -118.223585,
            50.970907,
            525.2
          ],
          [
            -118.22361,
            50.97102,
            525.5
          ],
          [
            -118.223615,
            50.97116,
            525.8
          ],
          [
            -118.223596,
            50.9713,
            526.2
          ],
          [
            -118.22355,
            50.971439,
            526.9
          ],
          [
            -118.223476,
            50.971571,
            527.7
          ],
          [
            -118.223381,
            50.971847,
            530.5
          ],
          [
            -118.223391,
            50.971986,
            531.8
          ],
          [
            -118.223354,
            50.974131,
            550.9
          ],
          [
            -118.223382,
            50.974276,
            552.1
          ],
          [
            -118.22339,
            50.974595,
            553.6
          ],
          [
            -118.223406,
            50.974756,
            554.3
          ],
          [
            -118.223433,
            50.974916,
            555.1
          ],
          [
            -118.223518,
            50.975238,
            557.1
          ],
          [
            -118.223636,
            50.975548,
            558.8
          ],
          [
            -118.223736,
            50.975697,
            559.7
          ],
          [
            -118.223959,
            50.976155,
            562.7
          ],
          [
            -118.224085,
            50.976458,
            564.8
          ],
          [
            -118.224193,
            50.976763,
            566.6
          ],
          [
            -118.224281,
            50.977062,
            567.9
          ],
          [
            -118.224496,
            50.977956,
            569.4
          ],
          [
            -118.224621,
            50.978539,
            569.4
          ],
          [
            -118.224692,
            50.97899,
            569.2
          ],
          [
            -118.224746,
            50.979132,
            569.2
          ],
          [
            -118.224783,
            50.979597,
            568.9
          ],
          [
            -118.224798,
            50.98001,
            568.7
          ],
          [
            -118.2248,
            50.981327,
            564.7
          ],
          [
            -118.224782,
            50.982109,
            557.4
          ],
          [
            -118.224785,
            50.982241,
            556.6
          ],
          [
            -118.224817,
            50.982525,
            554.4
          ],
          [
            -118.224878,
            50.982739,
            552.5
          ],
          [
            -118.225066,
            50.983031,
            549.7
          ],
          [
            -118.225157,
            50.983116,
            548.8
          ],
          [
            -118.225225,
            50.983159,
            548
          ],
          [
            -118.225393,
            50.983239,
            546.9
          ],
          [
            -118.225572,
            50.983301,
            545.2
          ],
          [
            -118.225582,
            50.983551,
            544.3
          ],
          [
            -118.225544,
            50.984009,
            541.8
          ],
          [
            -118.225546,
            50.984385,
            539.7
          ],
          [
            -118.225574,
            50.984536,
            538.8
          ],
          [
            -118.225583,
            50.984683,
            538
          ],
          [
            -118.225658,
            50.985176,
            535
          ],
          [
            -118.22577,
            50.98565,
            531.7
          ],
          [
            -118.226109,
            50.986836,
            524.2
          ],
          [
            -118.226426,
            50.98786,
            516
          ],
          [
            -118.226568,
            50.988206,
            513.2
          ],
          [
            -118.226637,
            50.988408,
            512.1
          ],
          [
            -118.227314,
            50.99053,
            494.4
          ],
          [
            -118.227378,
            50.99069,
            493.3
          ],
          [
            -118.22754,
            50.991004,
            490.9
          ],
          [
            -118.227644,
            50.991157,
            489.5
          ],
          [
            -118.227888,
            50.991455,
            487
          ],
          [
            -118.228176,
            50.991744,
            485.4
          ],
          [
            -118.228331,
            50.991881,
            484.2
          ],
          [
            -118.228508,
            50.992016,
            482.6
          ],
          [
            -118.2289,
            50.992265,
            479.5
          ],
          [
            -118.22907,
            50.992359,
            478.1
          ],
          [
            -118.229307,
            50.99247,
            477
          ],
          [
            -118.230327,
            50.992911,
            472.8
          ],
          [
            -118.23082,
            50.993134,
            469.5
          ],
          [
            -118.231055,
            50.993253,
            467.9
          ],
          [
            -118.231473,
            50.993515,
            465.2
          ],
          [
            -118.231666,
            50.993656,
            463.7
          ],
          [
            -118.231843,
            50.993801,
            462.3
          ],
          [
            -118.232159,
            50.994103,
            460
          ],
          [
            -118.232407,
            50.994385,
            458
          ],
          [
            -118.232548,
            50.994577,
            456.9
          ],
          [
            -118.232632,
            50.994709,
            456
          ],
          [
            -118.232733,
            50.994909,
            454.9
          ],
          [
            -118.232789,
            50.995046,
            453.7
          ],
          [
            -118.232842,
            50.995212,
            452.8
          ],
          [
            -118.232881,
            50.99538,
            452
          ],
          [
            -118.232877,
            50.99555,
            451.5
          ],
          [
            -118.232889,
            50.995751,
            450.8
          ],
          [
            -118.232864,
            50.996044,
            450
          ],
          [
            -118.232839,
            50.996201,
            449.9
          ],
          [
            -118.232799,
            50.996357,
            449.4
          ],
          [
            -118.232689,
            50.996652,
            449
          ],
          [
            -118.232547,
            50.996937,
            448.5
          ],
          [
            -118.232378,
            50.997201,
            448.1
          ],
          [
            -118.232286,
            50.997324,
            448.1
          ],
          [
            -118.232089,
            50.997555,
            447.5
          ],
          [
            -118.231869,
            50.997764,
            447.2
          ],
          [
            -118.23163,
            50.997964,
            446.8
          ],
          [
            -118.231211,
            50.998248,
            446.3
          ],
          [
            -118.230734,
            50.998515,
            446.2
          ],
          [
            -118.228794,
            50.999487,
            448.5
          ],
          [
            -118.228646,
            50.999579,
            448.7
          ],
          [
            -118.227174,
            51.000301,
            448.3
          ],
          [
            -118.226891,
            51.000453,
            448.2
          ],
          [
            -118.226603,
            51.000644,
            448.2
          ],
          [
            -118.226441,
            51.00077,
            448.3
          ],
          [
            -118.226219,
            51.000969,
            448.4
          ],
          [
            -118.225999,
            51.001208,
            448.7
          ],
          [
            -118.225864,
            51.001469,
            448.8
          ],
          [
            -118.225809,
            51.001599,
            448.6
          ],
          [
            -118.225729,
            51.001857,
            448.4
          ],
          [
            -118.225701,
            51.00199,
            448.3
          ],
          [
            -118.225674,
            51.002244,
            448.3
          ],
          [
            -118.225661,
            51.00261,
            448.2
          ],
          [
            -118.225635,
            51.002731,
            448.3
          ],
          [
            -118.225742,
            51.002862,
            448.1
          ],
          [
            -118.225664,
            51.003036,
            447.8
          ],
          [
            -118.225564,
            51.003157,
            447.7
          ],
          [
            -118.225505,
            51.003202,
            447.7
          ],
          [
            -118.225173,
            51.003407,
            448.1
          ],
          [
            -118.224968,
            51.003403,
            448.1
          ],
          [
            -118.224368,
            51.003591,
            448.1
          ],
          [
            -118.223871,
            51.003772,
            448.2
          ],
          [
            -118.223396,
            51.003987,
            448.2
          ],
          [
            -118.223091,
            51.004162,
            448.1
          ],
          [
            -118.2228,
            51.004354,
            447.8
          ],
          [
            -118.220849,
            51.005811,
            449.9
          ],
          [
            -118.218557,
            51.007544,
            451.3
          ],
          [
            -118.218058,
            51.007894,
            450.4
          ],
          [
            -118.216391,
            51.008969,
            449.1
          ],
          [
            -118.216305,
            51.009045,
            448
          ],
          [
            -118.216154,
            51.009149,
            449.5
          ],
          [
            -118.215936,
            51.009071,
            449.5
          ],
          [
            -118.215713,
            51.009034,
            449.6
          ],
          [
            -118.215601,
            51.008999,
            449.6
          ],
          [
            -118.215521,
            51.008953,
            449.7
          ],
          [
            -118.215201,
            51.008829,
            449.2
          ],
          [
            -118.214011,
            51.008628,
            448.8
          ],
          [
            -118.213893,
            51.008594,
            448.9
          ],
          [
            -118.213139,
            51.008445,
            448.5
          ],
          [
            -118.213003,
            51.008419,
            448.4
          ],
          [
            -118.212861,
            51.008408,
            448.2
          ],
          [
            -118.212733,
            51.008357,
            448.1
          ],
          [
            -118.212582,
            51.00836,
            448.2
          ],
          [
            -118.212189,
            51.008321,
            447.8
          ],
          [
            -118.212071,
            51.008295,
            447.9
          ],
          [
            -118.211882,
            51.008204,
            448.6
          ],
          [
            -118.211768,
            51.008189,
            448.9
          ],
          [
            -118.211577,
            51.008227,
            448.9
          ],
          [
            -118.211508,
            51.008265,
            449.3
          ],
          [
            -118.211468,
            51.008316,
            449.7
          ],
          [
            -118.211489,
            51.008373,
            449.8
          ],
          [
            -118.21149,
            51.008435,
            449.8
          ],
          [
            -118.211547,
            51.008484,
            449.7
          ],
          [
            -118.211636,
            51.008517,
            449.5
          ],
          [
            -118.211732,
            51.008526,
            449.3
          ],
          [
            -118.21194,
            51.008498,
            449.3
          ],
          [
            -118.212025,
            51.008453,
            449.4
          ],
          [
            -118.212235,
            51.008411,
            449.3
          ],
          [
            -118.212435,
            51.008407,
            448.9
          ],
          [
            -118.212765,
            51.008443,
            448.8
          ],
          [
            -118.212875,
            51.008438,
            448.7
          ],
          [
            -118.212984,
            51.008476,
            448.7
          ],
          [
            -118.213446,
            51.008565,
            448.5
          ],
          [
            -118.214014,
            51.008694,
            448
          ],
          [
            -118.214111,
            51.008684,
            447.8
          ],
          [
            -118.214187,
            51.0087,
            447.6
          ],
          [
            -118.214188,
            51.008785,
            447.5
          ],
          [
            -118.214339,
            51.008805,
            447.5
          ],
          [
            -118.214351,
            51.008856,
            447.2
          ],
          [
            -118.214341,
            51.008925,
            446
          ],
          [
            -118.214274,
            51.008962,
            447.2
          ],
          [
            -118.214255,
            51.009089,
            447.1
          ],
          [
            -118.214279,
            51.00917,
            447.2
          ],
          [
            -118.214306,
            51.00921,
            447.1
          ],
          [
            -118.214262,
            51.009241,
            447.1
          ],
          [
            -118.21437,
            51.009275,
            447.2
          ],
          [
            -118.214419,
            51.009316,
            446
          ],
          [
            -118.214548,
            51.00933,
            447.2
          ],
          [
            -118.214438,
            51.009334,
            444
          ],
          [
            -118.214559,
            51.009319,
            436
          ],
          [
            -118.214547,
            51.009286,
            430
          ],
          [
            -118.214552,
            51.009305,
            436
          ],
          [
            -118.21453,
            51.009346,
            435
          ],
          [
            -118.214472,
            51.009362,
            433.8
          ],
          [
            -118.214528,
            51.009389,
            434
          ],
          [
            -118.214641,
            51.009407,
            436.9
          ],
          [
            -118.214674,
            51.009392,
            437.2
          ],
          [
            -118.21531,
            51.009384,
            441.2
          ],
          [
            -118.215457,
            51.009486,
            441.4
          ],
          [
            -118.215417,
            51.009526,
            440
          ],
          [
            -118.215364,
            51.009556,
            442.1
          ],
          [
            -118.215344,
            51.009593,
            442.4
          ],
          [
            -118.215278,
            51.009608,
            442.7
          ],
          [
            -118.215098,
            51.009701,
            443.4
          ],
          [
            -118.214873,
            51.009796,
            444.1
          ],
          [
            -118.214304,
            51.010007,
            445.5
          ],
          [
            -118.214069,
            51.01008,
            446.2
          ],
          [
            -118.213697,
            51.010178,
            447.3
          ],
          [
            -118.213035,
            51.010315,
            449.8
          ],
          [
            -118.21247,
            51.010377,
            451.8
          ],
          [
            -118.212057,
            51.010407,
            453.1
          ],
          [
            -118.211813,
            51.010412,
            453.9
          ],
          [
            -118.211588,
            51.010384,
            454.5
          ],
          [
            -118.211483,
            51.01035,
            454.8
          ],
          [
            -118.211181,
            51.010219,
            456.2
          ],
          [
            -118.211071,
            51.010188,
            456.5
          ],
          [
            -118.210674,
            51.010142,
            457.6
          ],
          [
            -118.210553,
            51.010214,
            457.8
          ],
          [
            -118.210503,
            51.010224,
            457.9
          ],
          [
            -118.210316,
            51.01038,
            458.7
          ],
          [
            -118.210247,
            51.010415,
            458.9
          ],
          [
            -118.21016,
            51.010433,
            459.2
          ],
          [
            -118.209965,
            51.01043,
            459.6
          ],
          [
            -118.209854,
            51.010414,
            460
          ],
          [
            -118.20947,
            51.010337,
            461.4
          ],
          [
            -118.208842,
            51.01018,
            462.7
          ],
          [
            -118.208327,
            51.010006,
            463.5
          ],
          [
            -118.207803,
            51.009784,
            465.7
          ],
          [
            -118.20745,
            51.009616,
            466.9
          ],
          [
            -118.207282,
            51.009524,
            467.4
          ],
          [
            -118.206958,
            51.009324,
            468.3
          ],
          [
            -118.206551,
            51.008977,
            470.3
          ],
          [
            -118.206287,
            51.008733,
            471.9
          ],
          [
            -118.205927,
            51.008353,
            474.8
          ],
          [
            -118.205702,
            51.008096,
            476.7
          ],
          [
            -118.205239,
            51.007633,
            480.6
          ],
          [
            -118.205067,
            51.007498,
            481.5
          ],
          [
            -118.204789,
            51.007327,
            483.2
          ],
          [
            -118.204623,
            51.007238,
            484.7
          ],
          [
            -118.20444,
            51.007155,
            485.5
          ],
          [
            -118.20386,
            51.006957,
            487.5
          ],
          [
            -118.203654,
            51.006897,
            488.1
          ],
          [
            -118.203182,
            51.006793,
            489.4
          ],
          [
            -118.202777,
            51.006739,
            490.5
          ],
          [
            -118.202547,
            51.006721,
            491.1
          ],
          [
            -118.202082,
            51.006703,
            492.1
          ],
          [
            -118.200908,
            51.006696,
            495.5
          ],
          [
            -118.200194,
            51.006665,
            497.8
          ],
          [
            -118.199959,
            51.006643,
            498.5
          ],
          [
            -118.199505,
            51.006577,
            500.4
          ],
          [
            -118.199067,
            51.006479,
            503.3
          ],
          [
            -118.198644,
            51.006357,
            505.2
          ],
          [
            -118.198243,
            51.006216,
            506.8
          ],
          [
            -118.197898,
            51.006059,
            508.3
          ],
          [
            -118.197635,
            51.005901,
            509.4
          ],
          [
            -118.197539,
            51.005826,
            509.9
          ],
          [
            -118.197473,
            51.005751,
            510.3
          ],
          [
            -118.197441,
            51.005678,
            511.1
          ],
          [
            -118.197442,
            51.005607,
            511.2
          ],
          [
            -118.197545,
            51.00556,
            511
          ],
          [
            -118.197599,
            51.005505,
            510.5
          ],
          [
            -118.197674,
            51.005454,
            510.1
          ],
          [
            -118.197782,
            51.005404,
            509.9
          ],
          [
            -118.197929,
            51.005399,
            509.4
          ],
          [
            -118.198078,
            51.005417,
            508.8
          ],
          [
            -118.198232,
            51.005453,
            507.5
          ],
          [
            -118.198398,
            51.005463,
            506.3
          ],
          [
            -118.198541,
            51.005558,
            505.3
          ],
          [
            -118.199011,
            51.005764,
            503.3
          ],
          [
            -118.199158,
            51.005855,
            503
          ],
          [
            -118.199268,
            51.005935,
            502.6
          ],
          [
            -118.199415,
            51.006062,
            501.9
          ],
          [
            -118.199596,
            51.006266,
            500.8
          ],
          [
            -118.199676,
            51.006391,
            500.4
          ],
          [
            -118.199738,
            51.006512,
            500.3
          ],
          [
            -118.199885,
            51.006857,
            500.1
          ],
          [
            -118.200011,
            51.007066,
            501.6
          ],
          [
            -118.200158,
            51.007261,
            503.2
          ],
          [
            -118.200376,
            51.007427,
            503.9
          ],
          [
            -118.200583,
            51.007611,
            505.2
          ],
          [
            -118.201128,
            51.008062,
            509
          ],
          [
            -118.201325,
            51.008253,
            510.5
          ],
          [
            -118.201414,
            51.008353,
            511.6
          ],
          [
            -118.201571,
            51.008562,
            513
          ],
          [
            -118.201709,
            51.008777,
            515.3
          ],
          [
            -118.20184,
            51.009116,
            518.2
          ],
          [
            -118.201898,
            51.009353,
            520.5
          ],
          [
            -118.201924,
            51.009588,
            522.6
          ],
          [
            -118.201937,
            51.009956,
            525.4
          ],
          [
            -118.201958,
            51.011817,
            541
          ],
          [
            -118.201998,
            51.012206,
            544.4
          ],
          [
            -118.202029,
            51.01236,
            545.4
          ],
          [
            -118.202142,
            51.012711,
            549
          ],
          [
            -118.202214,
            51.012825,
            549.9
          ],
          [
            -118.202321,
            51.01307,
            552.3
          ],
          [
            -118.202385,
            51.013192,
            554.1
          ],
          [
            -118.202601,
            51.013533,
            558.9
          ],
          [
            -118.204135,
            51.015613,
            577
          ],
          [
            -118.204182,
            51.015648,
            577.1
          ],
          [
            -118.20408,
            51.015666,
            577.6
          ],
          [
            -118.203898,
            51.015774,
            578.1
          ],
          [
            -118.203841,
            51.015827,
            578.3
          ],
          [
            -118.203798,
            51.015885,
            578.5
          ],
          [
            -118.20379,
            51.016005,
            578.9
          ],
          [
            -118.203773,
            51.016058,
            579.4
          ],
          [
            -118.20377,
            51.016107,
            579.9
          ],
          [
            -118.203806,
            51.016154,
            580.5
          ],
          [
            -118.203857,
            51.016256,
            581.6
          ],
          [
            -118.20394,
            51.01637,
            582
          ],
          [
            -118.20403,
            51.01641,
            583.3
          ],
          [
            -118.204143,
            51.016587,
            584.8
          ],
          [
            -118.204263,
            51.016824,
            586.1
          ],
          [
            -118.204389,
            51.017144,
            587.4
          ],
          [
            -118.204405,
            51.017211,
            587.8
          ],
          [
            -118.204407,
            51.017321,
            588.6
          ],
          [
            -118.204394,
            51.017373,
            588.9
          ],
          [
            -118.20435,
            51.017463,
            589.5
          ],
          [
            -118.204245,
            51.017532,
            590.2
          ],
          [
            -118.204184,
            51.017548,
            590.5
          ],
          [
            -118.204122,
            51.017603,
            590.8
          ],
          [
            -118.204066,
            51.017606,
            591.1
          ],
          [
            -118.203947,
            51.017659,
            591.8
          ],
          [
            -118.203923,
            51.017691,
            592.1
          ],
          [
            -118.203806,
            51.017735,
            592.9
          ],
          [
            -118.20369,
            51.017751,
            594.1
          ],
          [
            -118.20373,
            51.017654,
            594
          ],
          [
            -118.203689,
            51.017636,
            594
          ],
          [
            -118.20361,
            51.01746,
            595
          ],
          [
            -118.203598,
            51.017286,
            596.4
          ],
          [
            -118.203561,
            51.017178,
            596.7
          ],
          [
            -118.203527,
            51.017125,
            596.8
          ],
          [
            -118.203391,
            51.016982,
            597.2
          ],
          [
            -118.203316,
            51.016918,
            596
          ],
          [
            -118.203282,
            51.01686,
            597.1
          ],
          [
            -118.203235,
            51.016812,
            596.8
          ],
          [
            -118.203247,
            51.016776,
            596.7
          ],
          [
            -118.203247,
            51.016734,
            596.2
          ],
          [
            -118.203645,
            51.016456,
            594
          ],
          [
            -118.203891,
            51.016327,
            593.9
          ],
          [
            -118.203913,
            51.01629,
            593.8
          ],
          [
            -118.203915,
            51.016248,
            593.7
          ],
          [
            -118.203843,
            51.015972,
            592.9
          ],
          [
            -118.203852,
            51.015908,
            592.7
          ],
          [
            -118.203883,
            51.015853,
            592.4
          ],
          [
            -118.203984,
            51.015762,
            591.9
          ],
          [
            -118.204061,
            51.015741,
            591.5
          ],
          [
            -118.204105,
            51.015718,
            591.1
          ],
          [
            -118.204135,
            51.015686,
            590.9
          ],
          [
            -118.204232,
            51.015652,
            589.4
          ],
          [
            -118.204271,
            51.015727,
            589
          ],
          [
            -118.204422,
            51.015932,
            587.6
          ],
          [
            -118.204492,
            51.015994,
            587.5
          ],
          [
            -118.204744,
            51.016509,
            587.7
          ],
          [
            -118.204823,
            51.016614,
            587.8
          ],
          [
            -118.204905,
            51.016787,
            588
          ],
          [
            -118.205022,
            51.017091,
            587.8
          ],
          [
            -118.205107,
            51.017395,
            587.8
          ],
          [
            -118.205105,
            51.0175,
            587.9
          ],
          [
            -118.20516,
            51.01781,
            587.7
          ],
          [
            -118.205178,
            51.018107,
            587.8
          ],
          [
            -118.20515,
            51.018382,
            588.3
          ],
          [
            -118.205087,
            51.018759,
            589.3
          ],
          [
            -118.205047,
            51.018914,
            590
          ],
          [
            -118.205062,
            51.018958,
            590.1
          ],
          [
            -118.205018,
            51.019168,
            590
          ],
          [
            -118.204994,
            51.019338,
            591.9
          ],
          [
            -118.204962,
            51.019394,
            592.5
          ],
          [
            -118.204926,
            51.019665,
            593.8
          ],
          [
            -118.204827,
            51.02022,
            595.4
          ],
          [
            -118.204831,
            51.020296,
            595.6
          ],
          [
            -118.204815,
            51.020455,
            596.3
          ],
          [
            -118.20476,
            51.020782,
            597.6
          ],
          [
            -118.20472,
            51.02095,
            598.7
          ],
          [
            -118.204666,
            51.021115,
            599.4
          ],
          [
            -118.204552,
            51.021383,
            600.5
          ],
          [
            -118.204074,
            51.022286,
            604
          ],
          [
            -118.203926,
            51.022603,
            605.4
          ],
          [
            -118.203889,
            51.022713,
            605.7
          ],
          [
            -118.20384,
            51.022911,
            606.8
          ],
          [
            -118.203809,
            51.023137,
            608
          ],
          [
            -118.203757,
            51.023821,
            611.7
          ],
          [
            -118.20374,
            51.023928,
            612.5
          ],
          [
            -118.203706,
            51.024022,
            612.7
          ],
          [
            -118.203582,
            51.024164,
            613
          ],
          [
            -118.203466,
            51.024167,
            613
          ],
          [
            -118.203355,
            51.024153,
            612.9
          ],
          [
            -118.203265,
            51.024109,
            612.9
          ],
          [
            -118.203194,
            51.02404,
            613.2
          ],
          [
            -118.20318,
            51.023951,
            613.4
          ],
          [
            -118.203028,
            51.023511,
            615.1
          ],
          [
            -118.202962,
            51.023392,
            615.3
          ],
          [
            -118.202834,
            51.023007,
            617
          ],
          [
            -118.202814,
            51.022868,
            617.4
          ],
          [
            -118.202726,
            51.022598,
            617.9
          ],
          [
            -118.202626,
            51.022331,
            620
          ],
          [
            -118.202551,
            51.0222,
            620.9
          ],
          [
            -118.202296,
            51.021395,
            625.4
          ],
          [
            -118.202156,
            51.021005,
            627.3
          ],
          [
            -118.202047,
            51.02075,
            628.2
          ],
          [
            -118.201903,
            51.020506,
            629.3
          ],
          [
            -118.201712,
            51.020276,
            630.1
          ],
          [
            -118.201372,
            51.019966,
            631.4
          ],
          [
            -118.200852,
            51.019535,
            634.6
          ],
          [
            -118.200754,
            51.019463,
            635.3
          ],
          [
            -118.200547,
            51.019427,
            636
          ],
          [
            -118.200462,
            51.019426,
            636.4
          ],
          [
            -118.200363,
            51.019454,
            636.6
          ],
          [
            -118.200327,
            51.019521,
            637
          ],
          [
            -118.200315,
            51.019619,
            637.3
          ],
          [
            -118.200354,
            51.01969,
            637.6
          ],
          [
            -118.200421,
            51.019777,
            638
          ],
          [
            -118.200502,
            51.019876,
            638.4
          ],
          [
            -118.200613,
            51.01997,
            638.9
          ],
          [
            -118.200772,
            51.020194,
            640
          ],
          [
            -118.200893,
            51.020433,
            640.8
          ],
          [
            -118.200978,
            51.020681,
            641.9
          ],
          [
            -118.201094,
            51.02115,
            643.9
          ],
          [
            -118.201106,
            51.02125,
            644.7
          ],
          [
            -118.201093,
            51.021335,
            645
          ],
          [
            -118.200998,
            51.021491,
            645.6
          ],
          [
            -118.200839,
            51.021512,
            645.8
          ],
          [
            -118.200729,
            51.02145,
            646
          ],
          [
            -118.200669,
            51.021381,
            646.7
          ],
          [
            -118.200602,
            51.021211,
            647.3
          ],
          [
            -118.200369,
            51.020531,
            650.3
          ],
          [
            -118.200258,
            51.020298,
            651.6
          ],
          [
            -118.200164,
            51.020185,
            652
          ],
          [
            -118.200055,
            51.020085,
            652.4
          ],
          [
            -118.199921,
            51.019991,
            653.1
          ],
          [
            -118.199768,
            51.01991,
            653.8
          ],
          [
            -118.199108,
            51.019617,
            656.1
          ],
          [
            -118.198957,
            51.019531,
            656.7
          ],
          [
            -118.198827,
            51.019439,
            657.5
          ],
          [
            -118.198711,
            51.019335,
            658.2
          ],
          [
            -118.198617,
            51.019223,
            658.9
          ],
          [
            -118.198544,
            51.019105,
            659.3
          ],
          [
            -118.198537,
            51.018507,
            664.2
          ],
          [
            -118.198508,
            51.018248,
            666.5
          ],
          [
            -118.198465,
            51.018123,
            667.5
          ],
          [
            -118.198408,
            51.017868,
            669.3
          ],
          [
            -118.198293,
            51.017496,
            672.5
          ],
          [
            -118.198277,
            51.017369,
            673.7
          ],
          [
            -118.198238,
            51.017244,
            674.9
          ],
          [
            -118.198165,
            51.017126,
            675.8
          ],
          [
            -118.198064,
            51.016889,
            678.1
          ],
          [
            -118.197997,
            51.016776,
            679.7
          ],
          [
            -118.197912,
            51.016667,
            680.6
          ],
          [
            -118.197811,
            51.016564,
            681.6
          ],
          [
            -118.197697,
            51.016467,
            682.4
          ],
          [
            -118.197575,
            51.016379,
            683.3
          ],
          [
            -118.197436,
            51.0163,
            684.2
          ],
          [
            -118.197095,
            51.016203,
            685.7
          ],
          [
            -118.195942,
            51.016071,
            690.1
          ],
          [
            -118.195555,
            51.016018,
            691.8
          ],
          [
            -118.195372,
            51.01597,
            692.9
          ],
          [
            -118.195063,
            51.015829,
            694.9
          ],
          [
            -118.19492,
            51.015738,
            695.5
          ],
          [
            -118.194799,
            51.01564,
            696.1
          ],
          [
            -118.194466,
            51.015295,
            698.3
          ],
          [
            -118.19438,
            51.015168,
            699
          ],
          [
            -118.193742,
            51.014418,
            703.8
          ],
          [
            -118.192966,
            51.013413,
            712.4
          ],
          [
            -118.192855,
            51.013283,
            713.6
          ],
          [
            -118.192215,
            51.012706,
            719.1
          ],
          [
            -118.192114,
            51.012597,
            719.9
          ],
          [
            -118.192033,
            51.012482,
            720.5
          ],
          [
            -118.191977,
            51.012337,
            721.3
          ],
          [
            -118.191959,
            51.012243,
            721.9
          ],
          [
            -118.191975,
            51.01212,
            722.5
          ],
          [
            -118.191962,
            51.0119,
            723.9
          ],
          [
            -118.191924,
            51.011804,
            725.1
          ],
          [
            -118.191906,
            51.011714,
            726.1
          ],
          [
            -118.191873,
            51.011638,
            727.1
          ],
          [
            -118.191811,
            51.011575,
            727.7
          ],
          [
            -118.191712,
            51.011556,
            728.1
          ],
          [
            -118.191624,
            51.011555,
            728.8
          ],
          [
            -118.191537,
            51.011576,
            728.9
          ],
          [
            -118.191446,
            51.011624,
            729.3
          ],
          [
            -118.191425,
            51.011711,
            729.6
          ],
          [
            -118.191441,
            51.011802,
            730
          ],
          [
            -118.191516,
            51.01201,
            730.8
          ],
          [
            -118.191524,
            51.012124,
            731.2
          ],
          [
            -118.191581,
            51.012347,
            732.4
          ],
          [
            -118.191597,
            51.012462,
            733
          ],
          [
            -118.191602,
            51.012938,
            736.5
          ],
          [
            -118.191616,
            51.013057,
            737.4
          ],
          [
            -118.191665,
            51.013175,
            738
          ],
          [
            -118.191751,
            51.013281,
            738.4
          ],
          [
            -118.19244,
            51.013848,
            742.1
          ],
          [
            -118.192531,
            51.013932,
            742.7
          ],
          [
            -118.192661,
            51.014078,
            743.4
          ],
          [
            -118.192635,
            51.01423,
            744
          ],
          [
            -118.192536,
            51.014278,
            744.2
          ],
          [
            -118.192413,
            51.014294,
            744.3
          ],
          [
            -118.192306,
            51.014281,
            744.5
          ],
          [
            -118.192159,
            51.014238,
            744.6
          ],
          [
            -118.192037,
            51.01418,
            744.7
          ],
          [
            -118.191965,
            51.014118,
            744.8
          ],
          [
            -118.191727,
            51.013968,
            745.4
          ],
          [
            -118.191622,
            51.013877,
            745.8
          ],
          [
            -118.191531,
            51.013777,
            746.2
          ],
          [
            -118.19146,
            51.013668,
            746.7
          ],
          [
            -118.191395,
            51.013527,
            747.3
          ],
          [
            -118.191187,
            51.012898,
            750.2
          ],
          [
            -118.191022,
            51.012482,
            751.8
          ],
          [
            -118.190623,
            51.011656,
            755.8
          ],
          [
            -118.19048,
            51.011388,
            758.5
          ],
          [
            -118.19031,
            51.011126,
            759.9
          ],
          [
            -118.190219,
            51.011005,
            760.6
          ],
          [
            -118.189689,
            51.010392,
            762.5
          ],
          [
            -118.189486,
            51.010139,
            762.5
          ],
          [
            -118.189296,
            51.009874,
            762.3
          ],
          [
            -118.188799,
            51.009094,
            762.6
          ],
          [
            -118.188614,
            51.008857,
            763.5
          ],
          [
            -118.188496,
            51.008745,
            763.8
          ],
          [
            -118.188182,
            51.008585,
            764.9
          ],
          [
            -118.187677,
            51.008302,
            765.8
          ],
          [
            -118.187427,
            51.008182,
            765.9
          ],
          [
            -118.187106,
            51.008065,
            766.1
          ],
          [
            -118.186836,
            51.00799,
            766.4
          ],
          [
            -118.186458,
            51.007907,
            766.5
          ],
          [
            -118.185402,
            51.007707,
            768.1
          ],
          [
            -118.185205,
            51.007655,
            768.5
          ],
          [
            -118.184782,
            51.007491,
            769.8
          ],
          [
            -118.18461,
            51.00744,
            770
          ],
          [
            -118.184454,
            51.007374,
            770.5
          ],
          [
            -118.184317,
            51.007293,
            771.1
          ],
          [
            -118.183996,
            51.007152,
            772.3
          ],
          [
            -118.183336,
            51.006868,
            774.8
          ],
          [
            -118.182652,
            51.006588,
            776.8
          ],
          [
            -118.182324,
            51.006439,
            778
          ],
          [
            -118.181417,
            51.005944,
            781.9
          ],
          [
            -118.181159,
            51.005789,
            783.6
          ],
          [
            -118.181056,
            51.005704,
            784.3
          ],
          [
            -118.180811,
            51.005633,
            785.7
          ],
          [
            -118.180689,
            51.005625,
            786.1
          ],
          [
            -118.180602,
            51.005668,
            786.5
          ],
          [
            -118.180544,
            51.005709,
            786.8
          ],
          [
            -118.180498,
            51.005763,
            787.1
          ],
          [
            -118.180468,
            51.00583,
            787.3
          ],
          [
            -118.18053,
            51.005901,
            787.5
          ],
          [
            -118.180726,
            51.00604,
            787.2
          ],
          [
            -118.181168,
            51.006232,
            787.8
          ],
          [
            -118.181739,
            51.006499,
            791.4
          ],
          [
            -118.181936,
            51.006572,
            792.4
          ],
          [
            -118.182328,
            51.006782,
            794.5
          ],
          [
            -118.182454,
            51.006868,
            795.2
          ],
          [
            -118.183033,
            51.007507,
            798.4
          ],
          [
            -118.18314,
            51.007606,
            798.6
          ],
          [
            -118.183271,
            51.007694,
            799.1
          ],
          [
            -118.183377,
            51.0078,
            799.5
          ],
          [
            -118.18352,
            51.007884,
            799.9
          ],
          [
            -118.184229,
            51.008152,
            802.6
          ],
          [
            -118.184579,
            51.008303,
            803.4
          ],
          [
            -118.184741,
            51.008389,
            803.9
          ],
          [
            -118.184891,
            51.008484,
            804.4
          ],
          [
            -118.185434,
            51.008893,
            805.4
          ],
          [
            -118.185584,
            51.008987,
            805.9
          ],
          [
            -118.185921,
            51.009147,
            806.4
          ],
          [
            -118.186651,
            51.009431,
            809.9
          ],
          [
            -118.186986,
            51.0096,
            811.1
          ],
          [
            -118.187132,
            51.009695,
            811.6
          ],
          [
            -118.187258,
            51.009798,
            812.5
          ],
          [
            -118.188023,
            51.010595,
            816.8
          ],
          [
            -118.188122,
            51.010717,
            817.6
          ],
          [
            -118.188163,
            51.010818,
            818.5
          ],
          [
            -118.188296,
            51.01107,
            820.2
          ],
          [
            -118.188454,
            51.01145,
            823.4
          ],
          [
            -118.188715,
            51.012208,
            829.2
          ],
          [
            -118.188825,
            51.012566,
            831.7
          ],
          [
            -118.188838,
            51.012638,
            832.4
          ],
          [
            -118.18883,
            51.01271,
            833
          ],
          [
            -118.188796,
            51.012768,
            833.3
          ],
          [
            -118.188662,
            51.012858,
            833.6
          ],
          [
            -118.188557,
            51.01285,
            833.5
          ],
          [
            -118.188456,
            51.012813,
            833.8
          ],
          [
            -118.188383,
            51.012751,
            834
          ],
          [
            -118.188339,
            51.012671,
            834.2
          ],
          [
            -118.188159,
            51.012151,
            837.3
          ],
          [
            -118.188049,
            51.011917,
            838.3
          ],
          [
            -118.187896,
            51.011681,
            839.1
          ],
          [
            -118.187698,
            51.011448,
            839.8
          ],
          [
            -118.187457,
            51.011224,
            840.4
          ],
          [
            -118.187149,
            51.011042,
            843
          ],
          [
            -118.186985,
            51.010962,
            843.6
          ],
          [
            -118.186629,
            51.010834,
            845.4
          ],
          [
            -118.185223,
            51.010463,
            850.8
          ],
          [
            -118.184833,
            51.010339,
            852.3
          ],
          [
            -118.184467,
            51.010191,
            853.6
          ],
          [
            -118.184292,
            51.010109,
            854.4
          ],
          [
            -118.18401,
            51.00994,
            856.3
          ],
          [
            -118.182777,
            51.009149,
            862.8
          ],
          [
            -118.182295,
            51.008878,
            864.2
          ],
          [
            -118.180951,
            51.008253,
            866.8
          ],
          [
            -118.180773,
            51.008182,
            867
          ],
          [
            -118.18058,
            51.008119,
            867.2
          ],
          [
            -118.180378,
            51.008071,
            867.4
          ],
          [
            -118.180163,
            51.008035,
            867.7
          ],
          [
            -118.179719,
            51.007993,
            868.1
          ],
          [
            -118.177478,
            51.007851,
            877.9
          ],
          [
            -118.176594,
            51.007774,
            881.6
          ],
          [
            -118.175938,
            51.007698,
            884.1
          ],
          [
            -118.174602,
            51.007523,
            889.6
          ],
          [
            -118.173032,
            51.007282,
            895.9
          ],
          [
            -118.17289,
            51.007274,
            896.7
          ],
          [
            -118.172779,
            51.007287,
            897.7
          ],
          [
            -118.172672,
            51.00733,
            898.4
          ],
          [
            -118.172632,
            51.007372,
            898.9
          ],
          [
            -118.172627,
            51.007432,
            899.2
          ],
          [
            -118.172647,
            51.007501,
            899.4
          ],
          [
            -118.172741,
            51.007547,
            899.5
          ],
          [
            -118.172879,
            51.007579,
            899.4
          ],
          [
            -118.173607,
            51.0077,
            902.5
          ],
          [
            -118.174125,
            51.007817,
            905
          ],
          [
            -118.175359,
            51.008152,
            910.7
          ],
          [
            -118.175716,
            51.008269,
            912.5
          ],
          [
            -118.17624,
            51.008479,
            915.1
          ],
          [
            -118.177312,
            51.008938,
            920.7
          ],
          [
            -118.177878,
            51.009166,
            923.1
          ],
          [
            -118.178454,
            51.009382,
            925.4
          ],
          [
            -118.179263,
            51.009652,
            928
          ],
          [
            -118.179456,
            51.009726,
            928.7
          ],
          [
            -118.179639,
            51.009814,
            929.2
          ],
          [
            -118.179968,
            51.010014,
            929.7
          ],
          [
            -118.180725,
            51.010612,
            933.3
          ],
          [
            -118.181037,
            51.010839,
            934.8
          ],
          [
            -118.181202,
            51.010945,
            935.6
          ],
          [
            -118.181694,
            51.011213,
            938.3
          ],
          [
            -118.1819,
            51.011287,
            939.4
          ],
          [
            -118.182238,
            51.01148,
            942.3
          ],
          [
            -118.182424,
            51.011606,
            944.3
          ],
          [
            -118.182517,
            51.011709,
            946.2
          ],
          [
            -118.182777,
            51.011951,
            948.8
          ],
          [
            -118.182896,
            51.012075,
            950.2
          ],
          [
            -118.183354,
            51.012596,
            954.7
          ],
          [
            -118.183496,
            51.012718,
            955.9
          ],
          [
            -118.184585,
            51.013939,
            968.2
          ],
          [
            -118.184658,
            51.014033,
            968.7
          ],
          [
            -118.184697,
            51.014115,
            969.2
          ],
          [
            -118.184628,
            51.014235,
            970
          ],
          [
            -118.184533,
            51.014254,
            970.3
          ],
          [
            -118.184427,
            51.014234,
            970.7
          ],
          [
            -118.184336,
            51.014182,
            970.9
          ],
          [
            -118.184262,
            51.014111,
            971.3
          ],
          [
            -118.183928,
            51.013725,
            973.8
          ],
          [
            -118.183717,
            51.013511,
            974.1
          ],
          [
            -118.183476,
            51.013314,
            974.6
          ],
          [
            -118.183187,
            51.013141,
            975.8
          ],
          [
            -118.182837,
            51.012987,
            977.5
          ],
          [
            -118.182638,
            51.012933,
            978.5
          ],
          [
            -118.180478,
            51.012207,
            994.1
          ],
          [
            -118.180298,
            51.012126,
            995.4
          ],
          [
            -118.180087,
            51.012071,
            996.7
          ],
          [
            -118.179946,
            51.011999,
            997.9
          ],
          [
            -118.17873,
            51.01155,
            1004.4
          ],
          [
            -118.178139,
            51.011362,
            1008.1
          ],
          [
            -118.176375,
            51.010908,
            1018
          ],
          [
            -118.175935,
            51.010821,
            1020.6
          ],
          [
            -118.175707,
            51.010793,
            1022.1
          ],
          [
            -118.175012,
            51.010819,
            1025.1
          ],
          [
            -118.174297,
            51.010899,
            1028.4
          ],
          [
            -118.173571,
            51.010993,
            1031.4
          ],
          [
            -118.17307,
            51.011037,
            1033.4
          ],
          [
            -118.172818,
            51.011043,
            1034.6
          ],
          [
            -118.172563,
            51.01103,
            1035.7
          ],
          [
            -118.172313,
            51.011034,
            1036.6
          ],
          [
            -118.17131,
            51.011013,
            1040.4
          ],
          [
            -118.170779,
            51.01103,
            1042
          ],
          [
            -118.170008,
            51.011075,
            1044.7
          ],
          [
            -118.169757,
            51.011078,
            1045.4
          ],
          [
            -118.169252,
            51.011054,
            1046.7
          ],
          [
            -118.168297,
            51.010961,
            1050.1
          ],
          [
            -118.167861,
            51.010897,
            1052.1
          ],
          [
            -118.167512,
            51.010766,
            1053.8
          ],
          [
            -118.16709,
            51.010589,
            1055.8
          ],
          [
            -118.166914,
            51.010545,
            1056.6
          ],
          [
            -118.166713,
            51.010478,
            1057.7
          ],
          [
            -118.166495,
            51.010424,
            1058.5
          ],
          [
            -118.165157,
            51.010192,
            1062.9
          ],
          [
            -118.164797,
            51.0101,
            1064.7
          ],
          [
            -118.164632,
            51.010078,
            1065.4
          ],
          [
            -118.164386,
            51.010092,
            1066.5
          ],
          [
            -118.164298,
            51.010123,
            1067.1
          ],
          [
            -118.16425,
            51.010174,
            1067.6
          ],
          [
            -118.16425,
            51.01023,
            1067.6
          ],
          [
            -118.1643,
            51.010285,
            1067.5
          ],
          [
            -118.164393,
            51.010325,
            1067.5
          ],
          [
            -118.164515,
            51.010351,
            1067.5
          ],
          [
            -118.164975,
            51.010414,
            1068.2
          ],
          [
            -118.165136,
            51.010466,
            1068.9
          ],
          [
            -118.16549,
            51.010546,
            1070.4
          ],
          [
            -118.166419,
            51.010793,
            1073.7
          ],
          [
            -118.166598,
            51.010858,
            1074.4
          ],
          [
            -118.166762,
            51.010934,
            1075.1
          ],
          [
            -118.167522,
            51.011322,
            1078.5
          ],
          [
            -118.167681,
            51.011393,
            1079
          ],
          [
            -118.169155,
            51.011867,
            1084.6
          ],
          [
            -118.169751,
            51.01202,
            1086.9
          ],
          [
            -118.170904,
            51.012272,
            1091.8
          ],
          [
            -118.171119,
            51.012277,
            1092.6
          ],
          [
            -118.171711,
            51.012412,
            1094.9
          ],
          [
            -118.17184,
            51.012472,
            1095.6
          ],
          [
            -118.172591,
            51.012699,
            1098.9
          ],
          [
            -118.173299,
            51.012937,
            1102
          ],
          [
            -118.174053,
            51.013198,
            1105.7
          ],
          [
            -118.17442,
            51.01334,
            1107
          ],
          [
            -118.174595,
            51.013422,
            1107.7
          ],
          [
            -118.174911,
            51.013615,
            1109.3
          ],
          [
            -118.175661,
            51.014157,
            1114.6
          ],
          [
            -118.175984,
            51.014369,
            1116.3
          ],
          [
            -118.176169,
            51.014465,
            1117.2
          ],
          [
            -118.177312,
            51.015238,
            1125.7
          ],
          [
            -118.177465,
            51.015354,
            1126.8
          ],
          [
            -118.177745,
            51.015601,
            1128.9
          ],
          [
            -118.178265,
            51.016112,
            1133
          ],
          [
            -118.178677,
            51.016495,
            1136.2
          ],
          [
            -118.17972,
            51.017365,
            1143.9
          ],
          [
            -118.179823,
            51.017465,
            1144.9
          ],
          [
            -118.179926,
            51.017593,
            1145.9
          ],
          [
            -118.180001,
            51.017728,
            1146.8
          ],
          [
            -118.180049,
            51.017868,
            1147.7
          ],
          [
            -118.18009,
            51.018041,
            1148.6
          ],
          [
            -118.180087,
            51.01816,
            1149.6
          ],
          [
            -118.180214,
            51.018755,
            1153.4
          ],
          [
            -118.180252,
            51.019051,
            1155.7
          ],
          [
            -118.180253,
            51.0192,
            1157
          ],
          [
            -118.18019,
            51.01965,
            1160.3
          ],
          [
            -118.180192,
            51.019808,
            1160.9
          ],
          [
            -118.180224,
            51.019963,
            1161.8
          ],
          [
            -118.180339,
            51.02027,
            1163.7
          ],
          [
            -118.180426,
            51.020417,
            1164.6
          ],
          [
            -118.180962,
            51.021629,
            1174.1
          ],
          [
            -118.181001,
            51.021785,
            1175.1
          ],
          [
            -118.181091,
            51.021932,
            1176.2
          ],
          [
            -118.181194,
            51.022222,
            1178.5
          ],
          [
            -118.181227,
            51.022363,
            1179.7
          ],
          [
            -118.181204,
            51.023077,
            1185.6
          ],
          [
            -118.181205,
            51.02322,
            1186.5
          ],
          [
            -118.181229,
            51.023359,
            1187.4
          ],
          [
            -118.181199,
            51.023752,
            1190.3
          ],
          [
            -118.181172,
            51.023854,
            1190.8
          ],
          [
            -118.181119,
            51.023928,
            1191.3
          ],
          [
            -118.181036,
            51.023969,
            1191.5
          ],
          [
            -118.180953,
            51.023977,
            1191.5
          ],
          [
            -118.180818,
            51.023954,
            1191.6
          ],
          [
            -118.18071,
            51.02391,
            1191.8
          ],
          [
            -118.180622,
            51.023861,
            1192
          ],
          [
            -118.180287,
            51.023633,
            1192.9
          ],
          [
            -118.179909,
            51.023358,
            1195.2
          ],
          [
            -118.179667,
            51.023147,
            1196.9
          ],
          [
            -118.179325,
            51.022784,
            1201.6
          ],
          [
            -118.178776,
            51.022136,
            1206.8
          ],
          [
            -118.177249,
            51.020439,
            1218.6
          ],
          [
            -118.177007,
            51.020183,
            1220.9
          ],
          [
            -118.176874,
            51.020061,
            1221.6
          ],
          [
            -118.176724,
            51.019943,
            1222.2
          ],
          [
            -118.176559,
            51.019834,
            1223.5
          ],
          [
            -118.176378,
            51.019735,
            1225.4
          ],
          [
            -118.175799,
            51.019472,
            1228.9
          ],
          [
            -118.175249,
            51.019199,
            1232.3
          ],
          [
            -118.175102,
            51.019086,
            1233.5
          ],
          [
            -118.174987,
            51.018965,
            1234.7
          ],
          [
            -118.174717,
            51.018751,
            1237
          ],
          [
            -118.174576,
            51.018652,
            1238.2
          ],
          [
            -118.174419,
            51.018557,
            1239.5
          ],
          [
            -118.173697,
            51.01825,
            1244.6
          ],
          [
            -118.17352,
            51.018158,
            1245.7
          ],
          [
            -118.172952,
            51.017926,
            1249.5
          ],
          [
            -118.172783,
            51.017876,
            1250.7
          ],
          [
            -118.172176,
            51.017615,
            1254.5
          ],
          [
            -118.172029,
            51.017534,
            1255.7
          ],
          [
            -118.171623,
            51.017373,
            1258
          ],
          [
            -118.171165,
            51.017214,
            1260.5
          ],
          [
            -118.170979,
            51.017178,
            1261.9
          ],
          [
            -118.170541,
            51.017051,
            1264.6
          ],
          [
            -118.168849,
            51.01671,
            1272.8
          ],
          [
            -118.166754,
            51.016274,
            1283.7
          ],
          [
            -118.162652,
            51.015456,
            1303.5
          ],
          [
            -118.162413,
            51.0154,
            1304.6
          ],
          [
            -118.161316,
            51.015019,
            1310.3
          ],
          [
            -118.161096,
            51.014961,
            1311.4
          ],
          [
            -118.160494,
            51.014771,
            1314.9
          ],
          [
            -118.160136,
            51.014677,
            1317.4
          ],
          [
            -118.159691,
            51.014578,
            1319.4
          ],
          [
            -118.159329,
            51.014518,
            1321.3
          ],
          [
            -118.159132,
            51.014498,
            1322.1
          ],
          [
            -118.158939,
            51.014495,
            1322.9
          ],
          [
            -118.158569,
            51.014573,
            1323.9
          ],
          [
            -118.158248,
            51.014707,
            1324.8
          ],
          [
            -118.157937,
            51.014872,
            1326.6
          ],
          [
            -118.157662,
            51.015052,
            1329.3
          ],
          [
            -118.157552,
            51.015151,
            1330.7
          ],
          [
            -118.157462,
            51.015265,
            1331.5
          ],
          [
            -118.157397,
            51.015379,
            1332.2
          ],
          [
            -118.15735,
            51.015502,
            1333.2
          ],
          [
            -118.157283,
            51.015751,
            1334.4
          ],
          [
            -118.15716,
            51.01639,
            1339.6
          ],
          [
            -118.157101,
            51.016756,
            1342.3
          ],
          [
            -118.157047,
            51.016869,
            1343.3
          ],
          [
            -118.156961,
            51.016963,
            1343.8
          ],
          [
            -118.156824,
            51.017036,
            1344.4
          ],
          [
            -118.156508,
            51.017032,
            1345.2
          ],
          [
            -118.156035,
            51.016905,
            1346.5
          ],
          [
            -118.155843,
            51.016875,
            1347.3
          ],
          [
            -118.154255,
            51.016475,
            1354.7
          ],
          [
            -118.154068,
            51.016412,
            1355.8
          ],
          [
            -118.153691,
            51.01632,
            1357.7
          ],
          [
            -118.153313,
            51.016237,
            1359.7
          ],
          [
            -118.153124,
            51.016207,
            1360.4
          ],
          [
            -118.152759,
            51.016219,
            1361.7
          ],
          [
            -118.152557,
            51.016239,
            1362.3
          ],
          [
            -118.152357,
            51.01628,
            1363.1
          ],
          [
            -118.151933,
            51.016393,
            1364.7
          ],
          [
            -118.151776,
            51.016423,
            1365.3
          ],
          [
            -118.151569,
            51.016446,
            1366.1
          ],
          [
            -118.15071,
            51.016497,
            1368.8
          ],
          [
            -118.150068,
            51.016558,
            1371.6
          ],
          [
            -118.149864,
            51.016592,
            1372.8
          ],
          [
            -118.149673,
            51.016637,
            1374
          ],
          [
            -118.149485,
            51.016698,
            1375.1
          ],
          [
            -118.149317,
            51.016772,
            1376.1
          ],
          [
            -118.149167,
            51.016859,
            1377.1
          ],
          [
            -118.149034,
            51.016955,
            1377.8
          ],
          [
            -118.148693,
            51.017255,
            1380.3
          ],
          [
            -118.148188,
            51.017639,
            1384.3
          ],
          [
            -118.148091,
            51.017749,
            1385.4
          ],
          [
            -118.147976,
            51.01785,
            1386.4
          ],
          [
            -118.147247,
            51.018451,
            1391.7
          ],
          [
            -118.146983,
            51.018645,
            1394.1
          ],
          [
            -118.146148,
            51.019222,
            1401.6
          ],
          [
            -118.145994,
            51.019316,
            1403.1
          ],
          [
            -118.145871,
            51.019426,
            1404.4
          ],
          [
            -118.145753,
            51.019541,
            1405.6
          ],
          [
            -118.145545,
            51.019776,
            1408.1
          ],
          [
            -118.145328,
            51.020234,
            1412.5
          ],
          [
            -118.145112,
            51.020658,
            1416.5
          ],
          [
            -118.14504,
            51.020759,
            1417.1
          ],
          [
            -118.144928,
            51.020873,
            1417.5
          ],
          [
            -118.144666,
            51.021031,
            1418.8
          ],
          [
            -118.144553,
            51.021084,
            1420
          ],
          [
            -118.144395,
            51.02114,
            1421.2
          ],
          [
            -118.144229,
            51.021187,
            1422.6
          ],
          [
            -118.144044,
            51.021211,
            1423.8
          ],
          [
            -118.143821,
            51.021257,
            1425
          ],
          [
            -118.143302,
            51.021408,
            1428.9
          ],
          [
            -118.143118,
            51.021479,
            1430.1
          ],
          [
            -118.142765,
            51.021646,
            1432.7
          ],
          [
            -118.141704,
            51.022206,
            1441.1
          ],
          [
            -118.141337,
            51.022388,
            1444.3
          ],
          [
            -118.140956,
            51.02255,
            1447.2
          ],
          [
            -118.140558,
            51.02269,
            1450.1
          ],
          [
            -118.140145,
            51.022803,
            1452.7
          ],
          [
            -118.139938,
            51.022843,
            1454
          ],
          [
            -118.139533,
            51.022849,
            1455.8
          ],
          [
            -118.13934,
            51.022832,
            1456.6
          ],
          [
            -118.13865,
            51.022743,
            1459.1
          ],
          [
            -118.138512,
            51.022743,
            1459.7
          ],
          [
            -118.138406,
            51.022756,
            1460.4
          ],
          [
            -118.138199,
            51.022841,
            1462.1
          ],
          [
            -118.138085,
            51.022914,
            1462.9
          ],
          [
            -118.13803,
            51.022987,
            1463.8
          ],
          [
            -118.138022,
            51.023032,
            1463.8
          ],
          [
            -118.138029,
            51.023071,
            1463.6
          ],
          [
            -118.138056,
            51.023118,
            1463.6
          ],
          [
            -118.138175,
            51.023217,
            1463.7
          ],
          [
            -118.13832,
            51.02329,
            1464.2
          ],
          [
            -118.138418,
            51.023317,
            1464.6
          ],
          [
            -118.138527,
            51.023334,
            1464.9
          ],
          [
            -118.139106,
            51.023357,
            1466.9
          ],
          [
            -118.140332,
            51.023381,
            1472.1
          ],
          [
            -118.140704,
            51.023403,
            1473.9
          ],
          [
            -118.141084,
            51.023442,
            1475.7
          ],
          [
            -118.141448,
            51.023507,
            1477.7
          ],
          [
            -118.14161,
            51.023577,
            1478.6
          ],
          [
            -118.141949,
            51.023692,
            1480.3
          ],
          [
            -118.142135,
            51.023732,
            1481
          ],
          [
            -118.142496,
            51.02384,
            1482.5
          ],
          [
            -118.142686,
            51.023881,
            1483.3
          ],
          [
            -118.143085,
            51.023929,
            1484.7
          ],
          [
            -118.14329,
            51.023933,
            1485.3
          ],
          [
            -118.143711,
            51.023904,
            1486.6
          ],
          [
            -118.145832,
            51.023627,
            1492.5
          ],
          [
            -118.14603,
            51.023591,
            1493.1
          ],
          [
            -118.14641,
            51.02349,
            1494.3
          ],
          [
            -118.14659,
            51.023426,
            1494.7
          ],
          [
            -118.146758,
            51.023351,
            1495.2
          ],
          [
            -118.146909,
            51.023268,
            1495.9
          ],
          [
            -118.147042,
            51.023175,
            1496.5
          ],
          [
            -118.147399,
            51.022878,
            1498.2
          ],
          [
            -118.147521,
            51.022788,
            1498.9
          ],
          [
            -118.147652,
            51.022708,
            1499.6
          ],
          [
            -118.147933,
            51.022578,
            1501.3
          ],
          [
            -118.148141,
            51.022509,
            1502.2
          ],
          [
            -118.148292,
            51.022472,
            1503.2
          ],
          [
            -118.15011,
            51.022281,
            1510.9
          ],
          [
            -118.151577,
            51.022182,
            1517.3
          ],
          [
            -118.15222,
            51.022124,
            1519.8
          ],
          [
            -118.152423,
            51.022092,
            1520.5
          ],
          [
            -118.152813,
            51.021992,
            1521.7
          ],
          [
            -118.154089,
            51.021562,
            1527.6
          ],
          [
            -118.154278,
            51.021521,
            1528.2
          ],
          [
            -118.154475,
            51.021496,
            1528.8
          ],
          [
            -118.154878,
            51.021518,
            1529.6
          ],
          [
            -118.15508,
            51.021545,
            1530.2
          ],
          [
            -118.155267,
            51.021586,
            1530.7
          ],
          [
            -118.155443,
            51.021642,
            1531.4
          ],
          [
            -118.155775,
            51.021785,
            1532.6
          ],
          [
            -118.155917,
            51.021869,
            1533.4
          ],
          [
            -118.156034,
            51.02196,
            1534
          ],
          [
            -118.156134,
            51.022062,
            1534.5
          ],
          [
            -118.156222,
            51.022174,
            1535.1
          ],
          [
            -118.156287,
            51.022291,
            1535.8
          ],
          [
            -118.156328,
            51.022416,
            1536.6
          ],
          [
            -118.156346,
            51.022546,
            1537.2
          ],
          [
            -118.156344,
            51.022681,
            1538
          ],
          [
            -118.156313,
            51.02281,
            1538.6
          ],
          [
            -118.156254,
            51.022944,
            1539
          ],
          [
            -118.15618,
            51.023072,
            1539.3
          ],
          [
            -118.156071,
            51.023196,
            1539.7
          ],
          [
            -118.155932,
            51.023307,
            1540.1
          ],
          [
            -118.155782,
            51.023407,
            1540.5
          ],
          [
            -118.155614,
            51.023497,
            1540.9
          ],
          [
            -118.155226,
            51.023652,
            1542.2
          ],
          [
            -118.154914,
            51.023753,
            1543
          ],
          [
            -118.153195,
            51.024422,
            1549.1
          ],
          [
            -118.1526,
            51.024616,
            1550.6
          ],
          [
            -118.151382,
            51.024919,
            1554.5
          ],
          [
            -118.151202,
            51.024973,
            1555.2
          ],
          [
            -118.151057,
            51.025029,
            1555.9
          ],
          [
            -118.150953,
            51.025085,
            1556.5
          ],
          [
            -118.150886,
            51.025137,
            1557
          ],
          [
            -118.150849,
            51.025253,
            1557.6
          ],
          [
            -118.150842,
            51.025373,
            1557.8
          ],
          [
            -118.150862,
            51.02544,
            1557.8
          ],
          [
            -118.150897,
            51.025503,
            1557.8
          ],
          [
            -118.150958,
            51.025571,
            1557.8
          ],
          [
            -118.151031,
            51.025631,
            1557.9
          ],
          [
            -118.15124,
            51.025742,
            1558.2
          ],
          [
            -118.151377,
            51.025763,
            1558.2
          ],
          [
            -118.152823,
            51.025832,
            1561.7
          ],
          [
            -118.153227,
            51.025862,
            1563.1
          ],
          [
            -118.153431,
            51.025888,
            1563.8
          ],
          [
            -118.154062,
            51.026005,
            1565.9
          ],
          [
            -118.154488,
            51.026104,
            1567.1
          ],
          [
            -118.155754,
            51.026451,
            1572.7
          ],
          [
            -118.155907,
            51.02651,
            1573.6
          ],
          [
            -118.156166,
            51.026561,
            1574.4
          ],
          [
            -118.156573,
            51.026673,
            1576.4
          ],
          [
            -118.156787,
            51.026708,
            1577.3
          ],
          [
            -118.157185,
            51.026714,
            1578.8
          ],
          [
            -118.157402,
            51.026704,
            1579.4
          ],
          [
            -118.157622,
            51.026678,
            1580.1
          ],
          [
            -118.157876,
            51.026624,
            1580.6
          ],
          [
            -118.158446,
            51.026459,
            1582.8
          ],
          [
            -118.158656,
            51.026411,
            1583.7
          ],
          [
            -118.158917,
            51.026374,
            1584.6
          ],
          [
            -118.1591,
            51.026361,
            1585.4
          ],
          [
            -118.159328,
            51.02636,
            1586
          ],
          [
            -118.159553,
            51.02639,
            1586.7
          ],
          [
            -118.160458,
            51.026453,
            1590.4
          ],
          [
            -118.160847,
            51.026442,
            1592.2
          ],
          [
            -118.161041,
            51.026416,
            1592.9
          ],
          [
            -118.161389,
            51.026308,
            1594.3
          ],
          [
            -118.161549,
            51.026244,
            1594.9
          ],
          [
            -118.161705,
            51.026165,
            1595.4
          ],
          [
            -118.161989,
            51.025988,
            1596.7
          ],
          [
            -118.162538,
            51.025604,
            1599.3
          ],
          [
            -118.162816,
            51.025454,
            1600.5
          ],
          [
            -118.162973,
            51.025393,
            1601.1
          ],
          [
            -118.163324,
            51.025343,
            1602.3
          ],
          [
            -118.163504,
            51.025338,
            1602.9
          ],
          [
            -118.163686,
            51.025349,
            1603.9
          ],
          [
            -118.163863,
            51.025375,
            1604.7
          ],
          [
            -118.16404,
            51.025415,
            1605.4
          ],
          [
            -118.164201,
            51.025471,
            1605.8
          ],
          [
            -118.164349,
            51.025544,
            1606.5
          ],
          [
            -118.164479,
            51.02563,
            1607.4
          ],
          [
            -118.164597,
            51.025725,
            1608.2
          ],
          [
            -118.1647,
            51.02583,
            1608.6
          ],
          [
            -118.164775,
            51.025941,
            1609.3
          ],
          [
            -118.16483,
            51.026066,
            1610
          ],
          [
            -118.164921,
            51.026333,
            1611.8
          ],
          [
            -118.164997,
            51.026607,
            1614.3
          ],
          [
            -118.16505,
            51.026748,
            1615.2
          ],
          [
            -118.165123,
            51.026886,
            1616.1
          ],
          [
            -118.165298,
            51.027156,
            1617.8
          ],
          [
            -118.165497,
            51.027419,
            1619.8
          ],
          [
            -118.16576,
            51.027799,
            1622.7
          ],
          [
            -118.165853,
            51.027967,
            1623.5
          ],
          [
            -118.165901,
            51.028079,
            1624.1
          ],
          [
            -118.165944,
            51.028222,
            1625
          ],
          [
            -118.16597,
            51.028367,
            1626
          ],
          [
            -118.165981,
            51.028514,
            1626.9
          ],
          [
            -118.16598,
            51.028696,
            1627.8
          ],
          [
            -118.165966,
            51.028816,
            1628.6
          ],
          [
            -118.165838,
            51.029433,
            1631.8
          ],
          [
            -118.165669,
            51.030383,
            1636.6
          ],
          [
            -118.165509,
            51.031151,
            1640.1
          ],
          [
            -118.165393,
            51.031594,
            1641.9
          ],
          [
            -118.165295,
            51.03173,
            1642.5
          ],
          [
            -118.165126,
            51.032009,
            1643.3
          ],
          [
            -118.165026,
            51.032146,
            1644
          ],
          [
            -118.164908,
            51.032282,
            1644.8
          ],
          [
            -118.164654,
            51.032551,
            1646.2
          ],
          [
            -118.164006,
            51.033194,
            1649.1
          ],
          [
            -118.163906,
            51.033329,
            1649.9
          ],
          [
            -118.163771,
            51.033455,
            1650.7
          ],
          [
            -118.16363,
            51.033573,
            1651.5
          ],
          [
            -118.163282,
            51.033757,
            1652.5
          ],
          [
            -118.163094,
            51.033827,
            1653.2
          ],
          [
            -118.16289,
            51.033879,
            1653.7
          ],
          [
            -118.162671,
            51.033909,
            1654.2
          ],
          [
            -118.16244,
            51.033918,
            1654.8
          ],
          [
            -118.162215,
            51.033909,
            1655.4
          ],
          [
            -118.161997,
            51.033882,
            1656.2
          ],
          [
            -118.161799,
            51.03384,
            1657.1
          ],
          [
            -118.161611,
            51.033776,
            1657.9
          ],
          [
            -118.161441,
            51.033693,
            1658.8
          ],
          [
            -118.160974,
            51.033433,
            1662.3
          ],
          [
            -118.160017,
            51.032849,
            1667.1
          ],
          [
            -118.159725,
            51.032651,
            1668.7
          ],
          [
            -118.159184,
            51.032245,
            1671.3
          ],
          [
            -118.15886,
            51.032109,
            1672.8
          ],
          [
            -118.158692,
            51.032068,
            1673.5
          ],
          [
            -118.158515,
            51.032053,
            1674.3
          ],
          [
            -118.15833,
            51.032063,
            1674.9
          ],
          [
            -118.158141,
            51.032096,
            1675.8
          ],
          [
            -118.157546,
            51.032252,
            1679
          ],
          [
            -118.157125,
            51.032343,
            1680.8
          ],
          [
            -118.156909,
            51.032375,
            1681.7
          ],
          [
            -118.15669,
            51.032398,
            1682.6
          ],
          [
            -118.156467,
            51.032409,
            1683.5
          ],
          [
            -118.156239,
            51.032408,
            1684.3
          ],
          [
            -118.155082,
            51.032261,
            1689.7
          ],
          [
            -118.152263,
            51.031874,
            1705
          ],
          [
            -118.151803,
            51.031819,
            1707.3
          ],
          [
            -118.151565,
            51.031797,
            1708.4
          ],
          [
            -118.151097,
            51.031806,
            1710.5
          ],
          [
            -118.150866,
            51.031823,
            1711.7
          ],
          [
            -118.150638,
            51.031854,
            1713.1
          ],
          [
            -118.150251,
            51.031934,
            1715.2
          ],
          [
            -118.150044,
            51.031994,
            1716
          ],
          [
            -118.149849,
            51.032067,
            1717.1
          ],
          [
            -118.149495,
            51.03229,
            1719.7
          ],
          [
            -118.148819,
            51.032873,
            1724.7
          ],
          [
            -118.148693,
            51.032957,
            1725.7
          ],
          [
            -118.147834,
            51.033757,
            1731.7
          ],
          [
            -118.147709,
            51.033859,
            1732.5
          ],
          [
            -118.147575,
            51.033952,
            1733.6
          ],
          [
            -118.147435,
            51.03403,
            1734.6
          ],
          [
            -118.147278,
            51.034095,
            1735.5
          ],
          [
            -118.147106,
            51.034142,
            1736.2
          ],
          [
            -118.146923,
            51.034168,
            1737.1
          ],
          [
            -118.146728,
            51.03417,
            1737.7
          ],
          [
            -118.146401,
            51.034061,
            1739.1
          ],
          [
            -118.146074,
            51.03393,
            1740.8
          ],
          [
            -118.145909,
            51.033876,
            1741.8
          ],
          [
            -118.14572,
            51.033836,
            1742.6
          ],
          [
            -118.145525,
            51.033833,
            1743.4
          ],
          [
            -118.144745,
            51.033902,
            1746.6
          ],
          [
            -118.142375,
            51.034169,
            1757.5
          ],
          [
            -118.141935,
            51.034227,
            1759.6
          ],
          [
            -118.141717,
            51.034267,
            1760.4
          ],
          [
            -118.141506,
            51.034318,
            1761.3
          ],
          [
            -118.141304,
            51.034382,
            1762.4
          ],
          [
            -118.141115,
            51.03446,
            1763.5
          ],
          [
            -118.140935,
            51.034553,
            1764.8
          ],
          [
            -118.140771,
            51.034656,
            1765.8
          ],
          [
            -118.140624,
            51.03477,
            1767
          ],
          [
            -118.140518,
            51.034868,
            1768
          ],
          [
            -118.14028,
            51.035121,
            1769.9
          ],
          [
            -118.139311,
            51.036248,
            1776.5
          ],
          [
            -118.137741,
            51.038037,
            1786.3
          ],
          [
            -118.137555,
            51.038271,
            1788.7
          ],
          [
            -118.137491,
            51.038382,
            1789.8
          ],
          [
            -118.137458,
            51.038491,
            1791
          ],
          [
            -118.137462,
            51.038593,
            1792.2
          ],
          [
            -118.1375,
            51.038685,
            1793.4
          ],
          [
            -118.137566,
            51.038771,
            1794.7
          ],
          [
            -118.13765,
            51.038842,
            1795.9
          ],
          [
            -118.137752,
            51.038902,
            1796.8
          ],
          [
            -118.137871,
            51.03895,
            1797.5
          ],
          [
            -118.138008,
            51.038981,
            1798.1
          ],
          [
            -118.138159,
            51.038993,
            1798.8
          ],
          [
            -118.138478,
            51.038976,
            1799.9
          ],
          [
            -118.138632,
            51.038935,
            1800.5
          ],
          [
            -118.13877,
            51.038873,
            1801.1
          ],
          [
            -118.138907,
            51.038793,
            1801.7
          ],
          [
            -118.139232,
            51.038581,
            1803.4
          ],
          [
            -118.139991,
            51.038053,
            1809.8
          ],
          [
            -118.140097,
            51.037954,
            1810.7
          ],
          [
            -118.140402,
            51.037745,
            1813.4
          ],
          [
            -118.140739,
            51.037531,
            1815.6
          ],
          [
            -118.140972,
            51.0374,
            1817
          ],
          [
            -118.141372,
            51.037261,
            1819
          ],
          [
            -118.14163,
            51.037206,
            1819.9
          ],
          [
            -118.141885,
            51.037186,
            1820.5
          ],
          [
            -118.142141,
            51.037195,
            1821.4
          ],
          [
            -118.142789,
            51.0373,
            1824
          ],
          [
            -118.146233,
            51.038046,
            1832.1
          ],
          [
            -118.146803,
            51.03819,
            1833.3
          ],
          [
            -118.146947,
            51.038236,
            1833.7
          ],
          [
            -118.147075,
            51.038293,
            1834.5
          ],
          [
            -118.147192,
            51.038361,
            1834.7
          ],
          [
            -118.147398,
            51.038518,
            1835
          ],
          [
            -118.147675,
            51.038772,
            1835.5
          ],
          [
            -118.147765,
            51.038886,
            1835.8
          ],
          [
            -118.147863,
            51.039057,
            1836.3
          ],
          [
            -118.147921,
            51.039191,
            1836.7
          ],
          [
            -118.147958,
            51.039338,
            1837.2
          ],
          [
            -118.147941,
            51.039514,
            1837.3
          ],
          [
            -118.147798,
            51.039746,
            1838
          ],
          [
            -118.147624,
            51.040213,
            1838
          ],
          [
            -118.147612,
            51.04031,
            1839.5
          ],
          [
            -118.147619,
            51.040346,
            1839.5
          ],
          [
            -118.147606,
            51.040389,
            1839.5
          ],
          [
            -118.147651,
            51.040487,
            1839.1
          ],
          [
            -118.147702,
            51.040543,
            1838.8
          ],
          [
            -118.147765,
            51.040586,
            1838.4
          ],
          [
            -118.147926,
            51.040652,
            1837.7
          ],
          [
            -118.14831,
            51.040719,
            1837.4
          ],
          [
            -118.148369,
            51.040711,
            1837.5
          ],
          [
            -118.1484,
            51.040733,
            1837.5
          ],
          [
            -118.14844,
            51.040785,
            1837.7
          ],
          [
            -118.148659,
            51.041246,
            1838.8
          ],
          [
            -118.148754,
            51.041416,
            1838.8
          ],
          [
            -118.148817,
            51.041499,
            1838.7
          ],
          [
            -118.148911,
            51.04152,
            1838.7
          ],
          [
            -118.148978,
            51.041491,
            1838.6
          ],
          [
            -118.149003,
            51.041462,
            1838.5
          ],
          [
            -118.148992,
            51.041421,
            1838.4
          ],
          [
            -118.148944,
            51.041351,
            1838
          ],
          [
            -118.148922,
            51.041283,
            1828
          ],
          [
            -118.148928,
            51.041206,
            1834
          ],
          [
            -118.148886,
            51.041195,
            1836
          ],
          [
            -118.148841,
            51.041097,
            1833
          ],
          [
            -118.148778,
            51.041019,
            1833
          ],
          [
            -118.148749,
            51.041,
            1833
          ],
          [
            -118.148721,
            51.040931,
            1834
          ],
          [
            -118.148666,
            51.040862,
            1834
          ],
          [
            -118.148618,
            51.040824,
            1836
          ],
          [
            -118.148599,
            51.040785,
            1837.1
          ],
          [
            -118.148354,
            51.040702,
            1832
          ],
          [
            -118.1483,
            51.040718,
            1830
          ],
          [
            -118.148267,
            51.040748,
            1831
          ],
          [
            -118.148288,
            51.040832,
            1832
          ],
          [
            -118.148245,
            51.041291,
            1833
          ],
          [
            -118.148215,
            51.041403,
            1836
          ],
          [
            -118.148154,
            51.041531,
            1836
          ],
          [
            -118.148145,
            51.04158,
            1836
          ],
          [
            -118.148105,
            51.041644,
            1836
          ],
          [
            -118.148021,
            51.04188,
            1841
          ],
          [
            -118.147947,
            51.042036,
            1842
          ],
          [
            -118.147807,
            51.042149,
            1844
          ],
          [
            -118.1477,
            51.042262,
            1845
          ],
          [
            -118.147683,
            51.042291,
            1844
          ],
          [
            -118.147681,
            51.042327,
            1845
          ],
          [
            -118.147699,
            51.042359,
            1848
          ],
          [
            -118.147796,
            51.04242,
            1850
          ],
          [
            -118.148055,
            51.042492,
            1854
          ],
          [
            -118.148194,
            51.042544,
            1855
          ],
          [
            -118.148223,
            51.04257,
            1854
          ],
          [
            -118.148239,
            51.042602,
            1854
          ],
          [
            -118.148174,
            51.042701,
            1856
          ],
          [
            -118.148072,
            51.042821,
            1857
          ],
          [
            -118.147784,
            51.043098,
            1866
          ],
          [
            -118.147751,
            51.043171,
            1865
          ],
          [
            -118.14775,
            51.043208,
            1866
          ],
          [
            -118.147765,
            51.043237,
            1866
          ],
          [
            -118.147811,
            51.04329,
            1868
          ],
          [
            -118.147928,
            51.043369,
            1869
          ],
          [
            -118.147953,
            51.043413,
            1871
          ],
          [
            -118.147917,
            51.043442,
            1872
          ],
          [
            -118.147804,
            51.043464,
            1874
          ],
          [
            -118.147785,
            51.043509,
            1875
          ],
          [
            -118.14783,
            51.043557,
            1875
          ],
          [
            -118.147902,
            51.0436,
            1876
          ],
          [
            -118.147913,
            51.043628,
            1876
          ],
          [
            -118.147797,
            51.043697,
            1878
          ],
          [
            -118.147751,
            51.04374,
            1877
          ],
          [
            -118.147731,
            51.043781,
            1878
          ],
          [
            -118.147721,
            51.043875,
            1880
          ],
          [
            -118.147686,
            51.043957,
            1881
          ],
          [
            -118.147621,
            51.044048,
            1879
          ],
          [
            -118.147554,
            51.044098,
            1880
          ],
          [
            -118.147406,
            51.044151,
            1880
          ],
          [
            -118.147069,
            51.044218,
            1880
          ],
          [
            -118.146874,
            51.044277,
            1882
          ],
          [
            -118.146605,
            51.044323,
            1880
          ],
          [
            -118.146485,
            51.044359,
            1878
          ],
          [
            -118.146382,
            51.044414,
            1878
          ],
          [
            -118.146355,
            51.044442,
            1880
          ],
          [
            -118.146331,
            51.044497,
            1880
          ],
          [
            -118.146326,
            51.044588,
            1881
          ],
          [
            -118.146371,
            51.044746,
            1880
          ],
          [
            -118.146362,
            51.044815,
            1880
          ],
          [
            -118.146341,
            51.044843,
            1880
          ],
          [
            -118.146303,
            51.044867,
            1878
          ],
          [
            -118.146142,
            51.044953,
            1880
          ],
          [
            -118.146084,
            51.045013,
            1881
          ],
          [
            -118.146042,
            51.045149,
            1880
          ],
          [
            -118.146021,
            51.045184,
            1882
          ],
          [
            -118.145982,
            51.045189,
            1881
          ],
          [
            -118.145846,
            51.045076,
            1881
          ],
          [
            -118.145749,
            51.045057,
            1886
          ],
          [
            -118.14567,
            51.045077,
            1887
          ],
          [
            -118.14557,
            51.045131,
            1887
          ],
          [
            -118.145502,
            51.045186,
            1887
          ],
          [
            -118.145449,
            51.045249,
            1889
          ],
          [
            -118.145416,
            51.045302,
            1888
          ],
          [
            -118.145395,
            51.045379,
            1890
          ],
          [
            -118.145396,
            51.045485,
            1890
          ],
          [
            -118.145434,
            51.045635,
            1890
          ],
          [
            -118.145433,
            51.04567,
            1890
          ],
          [
            -118.145407,
            51.045731,
            1890
          ],
          [
            -118.145376,
            51.045734,
            1890
          ],
          [
            -118.145288,
            51.045681,
            1892
          ],
          [
            -118.145187,
            51.045559,
            1895
          ],
          [
            -118.145157,
            51.045543,
            1894
          ],
          [
            -118.145089,
            51.04553,
            1896
          ],
          [
            -118.144986,
            51.045535,
            1896
          ],
          [
            -118.144882,
            51.045564,
            1897
          ],
          [
            -118.144843,
            51.04559,
            1896
          ],
          [
            -118.144823,
            51.045619,
            1899
          ],
          [
            -118.144811,
            51.04572,
            1900
          ],
          [
            -118.144795,
            51.045763,
            1899
          ],
          [
            -118.144767,
            51.045788,
            1900
          ],
          [
            -118.144432,
            51.045921,
            1902
          ],
          [
            -118.143786,
            51.04627,
            1908
          ],
          [
            -118.143516,
            51.04637,
            1912
          ],
          [
            -118.143267,
            51.046486,
            1914
          ],
          [
            -118.143043,
            51.046643,
            1911
          ],
          [
            -118.142962,
            51.046714,
            1912
          ],
          [
            -118.142914,
            51.046739,
            1914
          ],
          [
            -118.143009,
            51.046863,
            1916
          ],
          [
            -118.14298,
            51.046895,
            1918
          ],
          [
            -118.143081,
            51.046951,
            1918
          ],
          [
            -118.143094,
            51.047003,
            1920
          ],
          [
            -118.143182,
            51.047108,
            1916
          ],
          [
            -118.143174,
            51.047384,
            1920
          ],
          [
            -118.143205,
            51.047508,
            1920
          ],
          [
            -118.143227,
            51.047539,
            1920
          ],
          [
            -118.143286,
            51.047581,
            1920
          ],
          [
            -118.143421,
            51.04762,
            1919
          ],
          [
            -118.143561,
            51.047632,
            1920
          ],
          [
            -118.143725,
            51.047629,
            1917
          ],
          [
            -118.143914,
            51.047641,
            1917
          ],
          [
            -118.14405,
            51.047625,
            1919.8
          ],
          [
            -118.144072,
            51.047635,
            1918
          ],
          [
            -118.144157,
            51.047634,
            1908
          ],
          [
            -118.144192,
            51.047668,
            1917
          ],
          [
            -118.144244,
            51.047669,
            1916
          ],
          [
            -118.144352,
            51.047734,
            1917
          ],
          [
            -118.144385,
            51.047744,
            1917
          ],
          [
            -118.144473,
            51.047747,
            1915
          ],
          [
            -118.144652,
            51.0478,
            1916
          ],
          [
            -118.144753,
            51.047804,
            1909
          ],
          [
            -118.144583,
            51.04775,
            1914
          ],
          [
            -118.144471,
            51.047726,
            1915
          ],
          [
            -118.144367,
            51.047727,
            1916
          ],
          [
            -118.144327,
            51.047755,
            1917
          ],
          [
            -118.144343,
            51.047797,
            1916
          ],
          [
            -118.144328,
            51.047833,
            1917
          ],
          [
            -118.144213,
            51.047952,
            1917.4
          ],
          [
            -118.144238,
            51.047924,
            1915.7
          ],
          [
            -118.144177,
            51.047944,
            1914
          ],
          [
            -118.144114,
            51.048019,
            1912
          ],
          [
            -118.14406,
            51.04806,
            1910
          ],
          [
            -118.144057,
            51.048094,
            1911
          ],
          [
            -118.144083,
            51.048162,
            1912
          ],
          [
            -118.144081,
            51.048192,
            1911
          ],
          [
            -118.143985,
            51.048258,
            1910
          ],
          [
            -118.143821,
            51.048303,
            1908
          ],
          [
            -118.143738,
            51.048359,
            1911
          ],
          [
            -118.143413,
            51.048536,
            1910
          ],
          [
            -118.143264,
            51.048606,
            1911
          ],
          [
            -118.143114,
            51.048644,
            1912
          ],
          [
            -118.142828,
            51.048698,
            1913.8
          ],
          [
            -118.142837,
            51.048758,
            1911
          ],
          [
            -118.142806,
            51.04882,
            1912
          ],
          [
            -118.142722,
            51.04886,
            1912
          ],
          [
            -118.142644,
            51.048952,
            1915
          ],
          [
            -118.14261,
            51.048972,
            1917
          ],
          [
            -118.142554,
            51.04904,
            1916
          ],
          [
            -118.14253,
            51.049123,
            1917
          ],
          [
            -118.142422,
            51.049157,
            1918
          ],
          [
            -118.142361,
            51.049201,
            1921
          ],
          [
            -118.142527,
            51.04931,
            1926
          ],
          [
            -118.142555,
            51.049333,
            1926.6
          ],
          [
            -118.142565,
            51.049364,
            1928
          ],
          [
            -118.142642,
            51.049445,
            1926
          ],
          [
            -118.142778,
            51.04954,
            1918
          ],
          [
            -118.142779,
            51.049598,
            1925
          ],
          [
            -118.142735,
            51.04967,
            1924
          ],
          [
            -118.142793,
            51.049745,
            1926
          ],
          [
            -118.142861,
            51.049784,
            1926
          ],
          [
            -118.143,
            51.049892,
            1922
          ],
          [
            -118.142997,
            51.049932,
            1924
          ],
          [
            -118.142961,
            51.049975,
            1924
          ],
          [
            -118.142913,
            51.050008,
            1924
          ],
          [
            -118.14275,
            51.049969,
            1926
          ],
          [
            -118.142519,
            51.049964,
            1928
          ],
          [
            -118.142447,
            51.049943,
            1928
          ],
          [
            -118.142377,
            51.049907,
            1930
          ],
          [
            -118.142362,
            51.049887,
            1918
          ],
          [
            -118.142391,
            51.04991,
            1929
          ],
          [
            -118.142362,
            51.049888,
            1928
          ],
          [
            -118.142365,
            51.049773,
            1928
          ],
          [
            -118.142352,
            51.049701,
            1929
          ],
          [
            -118.142323,
            51.049676,
            1930
          ],
          [
            -118.142161,
            51.049617,
            1932.4
          ],
          [
            -118.142139,
            51.049633,
            1932
          ],
          [
            -118.142233,
            51.049534,
            1929
          ],
          [
            -118.142316,
            51.049427,
            1930
          ],
          [
            -118.142393,
            51.049397,
            1929
          ],
          [
            -118.142588,
            51.049382,
            1928
          ],
          [
            -118.142624,
            51.049372,
            1928
          ],
          [
            -118.14253,
            51.049291,
            1926.2
          ],
          [
            -118.142447,
            51.049262,
            1923
          ],
          [
            -118.14236,
            51.049207,
            1920
          ],
          [
            -118.142376,
            51.04918,
            1920
          ],
          [
            -118.142544,
            51.049127,
            1919
          ],
          [
            -118.14256,
            51.049065,
            1917
          ],
          [
            -118.142596,
            51.049004,
            1918
          ],
          [
            -118.142698,
            51.048897,
            1914
          ],
          [
            -118.142808,
            51.048807,
            1912
          ],
          [
            -118.142886,
            51.048669,
            1908
          ],
          [
            -118.142882,
            51.048626,
            1912
          ],
          [
            -118.142818,
            51.04848,
            1912
          ],
          [
            -118.142673,
            51.048283,
            1912
          ],
          [
            -118.142637,
            51.048256,
            1912
          ],
          [
            -118.142587,
            51.04824,
            1913.8
          ],
          [
            -118.142527,
            51.048279,
            1912
          ],
          [
            -118.14243,
            51.04832,
            1912.9
          ],
          [
            -118.142358,
            51.048369,
            1904
          ],
          [
            -118.142303,
            51.048291,
            1912
          ],
          [
            -118.142185,
            51.04821,
            1911
          ],
          [
            -118.142134,
            51.048138,
            1912
          ],
          [
            -118.142037,
            51.048037,
            1917
          ],
          [
            -118.142017,
            51.048005,
            1916
          ],
          [
            -118.142,
            51.04786,
            1916
          ],
          [
            -118.142001,
            51.047777,
            1916
          ],
          [
            -118.142054,
            51.047679,
            1916
          ],
          [
            -118.142062,
            51.047642,
            1916
          ],
          [
            -118.142014,
            51.047392,
            1917
          ],
          [
            -118.142027,
            51.047324,
            1916
          ],
          [
            -118.142154,
            51.047032,
            1920
          ],
          [
            -118.14227,
            51.046924,
            1916
          ],
          [
            -118.142246,
            51.046884,
            1916
          ],
          [
            -118.14218,
            51.046839,
            1917
          ],
          [
            -118.142121,
            51.046821,
            1915
          ],
          [
            -118.142054,
            51.046834,
            1914
          ],
          [
            -118.141991,
            51.046821,
            1916
          ],
          [
            -118.141867,
            51.046735,
            1914
          ],
          [
            -118.141755,
            51.046624,
            1912
          ],
          [
            -118.141625,
            51.046528,
            1914
          ],
          [
            -118.141571,
            51.046507,
            1915.4
          ],
          [
            -118.141501,
            51.046497,
            1914
          ],
          [
            -118.141434,
            51.046512,
            1914
          ],
          [
            -118.141342,
            51.046573,
            1913
          ],
          [
            -118.141266,
            51.046598,
            1914
          ],
          [
            -118.141165,
            51.046584,
            1915
          ],
          [
            -118.141104,
            51.046551,
            1918
          ],
          [
            -118.141015,
            51.046405,
            1918
          ],
          [
            -118.141029,
            51.046373,
            1917
          ],
          [
            -118.140981,
            51.046282,
            1918
          ],
          [
            -118.140836,
            51.046119,
            1917
          ],
          [
            -118.140677,
            51.04601,
            1920
          ],
          [
            -118.140546,
            51.045969,
            1922
          ],
          [
            -118.139586,
            51.045773,
            1924
          ],
          [
            -118.139404,
            51.045759,
            1923
          ],
          [
            -118.139297,
            51.04578,
            1924
          ],
          [
            -118.139194,
            51.045817,
            1925
          ],
          [
            -118.139094,
            51.045874,
            1918
          ],
          [
            -118.139013,
            51.045853,
            1922
          ],
          [
            -118.138925,
            51.045793,
            1918
          ],
          [
            -118.13898,
            51.04581,
            1923
          ],
          [
            -118.139087,
            51.045874,
            1920
          ],
          [
            -118.139038,
            51.045904,
            1924
          ],
          [
            -118.138987,
            51.045985,
            1920
          ],
          [
            -118.138923,
            51.046052,
            1922
          ],
          [
            -118.138926,
            51.046077,
            1921
          ],
          [
            -118.138863,
            51.046128,
            1920
          ],
          [
            -118.138792,
            51.046166,
            1922
          ],
          [
            -118.13874,
            51.04623,
            1923
          ],
          [
            -118.138738,
            51.046261,
            1923
          ],
          [
            -118.13876,
            51.04629,
            1920
          ],
          [
            -118.138987,
            51.046358,
            1923
          ],
          [
            -118.139107,
            51.046415,
            1924
          ],
          [
            -118.139145,
            51.046488,
            1926
          ],
          [
            -118.139102,
            51.046551,
            1928
          ],
          [
            -118.139094,
            51.046607,
            1930
          ],
          [
            -118.139032,
            51.046649,
            1931
          ],
          [
            -118.13901,
            51.046678,
            1933
          ],
          [
            -118.139061,
            51.046717,
            1917
          ],
          [
            -118.139138,
            51.046741,
            1936
          ],
          [
            -118.139171,
            51.046785,
            1936
          ],
          [
            -118.139181,
            51.046861,
            1937
          ],
          [
            -118.139202,
            51.046898,
            1936
          ],
          [
            -118.139232,
            51.046924,
            1937
          ],
          [
            -118.139403,
            51.047004,
            1938
          ],
          [
            -118.13946,
            51.04704,
            1936
          ],
          [
            -118.139573,
            51.047082,
            1936
          ],
          [
            -118.139636,
            51.04707,
            1938
          ],
          [
            -118.139689,
            51.047078,
            1935
          ],
          [
            -118.139734,
            51.047108,
            1932
          ],
          [
            -118.139702,
            51.047167,
            1932
          ],
          [
            -118.139727,
            51.047184,
            1934
          ],
          [
            -118.139828,
            51.047158,
            1932
          ],
          [
            -118.139862,
            51.047186,
            1932
          ],
          [
            -118.139868,
            51.047323,
            1926
          ],
          [
            -118.139896,
            51.04736,
            1921
          ],
          [
            -118.13986,
            51.047361,
            1923
          ],
          [
            -118.139848,
            51.047319,
            1923
          ],
          [
            -118.139798,
            51.047302,
            1926
          ],
          [
            -118.139852,
            51.047301,
            1920
          ],
          [
            -118.139738,
            51.047307,
            1925
          ],
          [
            -118.139759,
            51.04737,
            1926
          ],
          [
            -118.139789,
            51.047382,
            1926
          ],
          [
            -118.139895,
            51.047386,
            1927
          ],
          [
            -118.140122,
            51.047315,
            1926
          ],
          [
            -118.140259,
            51.047251,
            1926
          ],
          [
            -118.140581,
            51.046987,
            1920
          ],
          [
            -118.140661,
            51.046903,
            1920
          ],
          [
            -118.140763,
            51.046767,
            1920
          ],
          [
            -118.140862,
            51.046658,
            1918
          ],
          [
            -118.140927,
            51.046624,
            1918
          ],
          [
            -118.141119,
            51.046568,
            1916
          ],
          [
            -118.141152,
            51.046566,
            1914
          ],
          [
            -118.14128,
            51.0466,
            1916
          ],
          [
            -118.141329,
            51.046602,
            1914
          ],
          [
            -118.141365,
            51.046582,
            1914
          ],
          [
            -118.141446,
            51.04651,
            1915
          ],
          [
            -118.141557,
            51.046513,
            1914
          ],
          [
            -118.141665,
            51.046555,
            1912
          ],
          [
            -118.141751,
            51.046621,
            1912
          ],
          [
            -118.141882,
            51.04675,
            1912
          ],
          [
            -118.142025,
            51.046834,
            1916
          ],
          [
            -118.142132,
            51.046823,
            1916
          ],
          [
            -118.142226,
            51.046862,
            1915
          ],
          [
            -118.142264,
            51.046863,
            1918
          ],
          [
            -118.142337,
            51.046839,
            1917.3
          ],
          [
            -118.142418,
            51.046765,
            1911
          ],
          [
            -118.142464,
            51.046748,
            1915
          ],
          [
            -118.142412,
            51.046728,
            1915
          ],
          [
            -118.142421,
            51.04676,
            1918
          ],
          [
            -118.142694,
            51.046676,
            1916
          ],
          [
            -118.142845,
            51.046608,
            1915
          ],
          [
            -118.14296,
            51.046526,
            1914
          ],
          [
            -118.143097,
            51.046394,
            1911
          ],
          [
            -118.143347,
            51.046052,
            1910
          ],
          [
            -118.143391,
            51.045965,
            1910
          ],
          [
            -118.143419,
            51.045789,
            1907
          ],
          [
            -118.143441,
            51.045713,
            1905
          ],
          [
            -118.143418,
            51.045646,
            1906
          ],
          [
            -118.143412,
            51.045469,
            1905
          ],
          [
            -118.143473,
            51.045176,
            1899
          ],
          [
            -118.143605,
            51.044046,
            1889.7
          ],
          [
            -118.143636,
            51.043936,
            1887
          ],
          [
            -118.143696,
            51.043833,
            1887
          ],
          [
            -118.143697,
            51.0438,
            1888
          ],
          [
            -118.143719,
            51.04377,
            1887
          ],
          [
            -118.143833,
            51.04368,
            1884
          ],
          [
            -118.143992,
            51.043615,
            1884
          ],
          [
            -118.144113,
            51.043689,
            1882
          ],
          [
            -118.144353,
            51.043954,
            1878
          ],
          [
            -118.144407,
            51.043997,
            1877
          ],
          [
            -118.144601,
            51.044084,
            1876
          ],
          [
            -118.144677,
            51.044088,
            1875
          ],
          [
            -118.144883,
            51.04406,
            1874
          ],
          [
            -118.144981,
            51.044007,
            1872
          ],
          [
            -118.145153,
            51.043863,
            1872
          ],
          [
            -118.145271,
            51.043725,
            1869
          ],
          [
            -118.145445,
            51.043561,
            1868
          ],
          [
            -118.145563,
            51.043425,
            1866
          ],
          [
            -118.145844,
            51.043206,
            1863
          ],
          [
            -118.145912,
            51.043123,
            1863
          ],
          [
            -118.14595,
            51.043056,
            1864
          ],
          [
            -118.145971,
            51.042952,
            1863
          ],
          [
            -118.145918,
            51.042581,
            1857
          ],
          [
            -118.145914,
            51.042393,
            1857
          ],
          [
            -118.145948,
            51.042276,
            1855
          ],
          [
            -118.145997,
            51.042178,
            1856
          ],
          [
            -118.146239,
            51.041972,
            1853
          ],
          [
            -118.146282,
            51.04192,
            1851
          ],
          [
            -118.146579,
            51.041669,
            1850
          ],
          [
            -118.14665,
            51.041599,
            1848
          ],
          [
            -118.146685,
            51.041542,
            1848
          ],
          [
            -118.146799,
            51.041442,
            1847
          ],
          [
            -118.147201,
            51.040909,
            1842
          ],
          [
            -118.147267,
            51.040803,
            1844
          ],
          [
            -118.147333,
            51.040662,
            1842
          ],
          [
            -118.147336,
            51.040622,
            1842
          ],
          [
            -118.147381,
            51.040484,
            1842.6
          ],
          [
            -118.147431,
            51.040265,
            1841
          ],
          [
            -118.147487,
            51.040116,
            1840
          ],
          [
            -118.147489,
            51.04005,
            1839
          ],
          [
            -118.147639,
            51.039738,
            1837
          ],
          [
            -118.147706,
            51.039655,
            1839
          ],
          [
            -118.147751,
            51.039558,
            1836
          ],
          [
            -118.147781,
            51.039527,
            1838
          ],
          [
            -118.147788,
            51.039497,
            1836
          ],
          [
            -118.147839,
            51.039438,
            1838
          ],
          [
            -118.147893,
            51.03941,
            1836
          ],
          [
            -118.147945,
            51.039415,
            1836
          ],
          [
            -118.14796,
            51.039463,
            1837.5
          ],
          [
            -118.14793,
            51.039496,
            1836
          ],
          [
            -118.14783,
            51.039696,
            1838
          ],
          [
            -118.147733,
            51.039847,
            1839
          ],
          [
            -118.147683,
            51.040022,
            1839
          ],
          [
            -118.147631,
            51.04016,
            1839
          ],
          [
            -118.147659,
            51.040376,
            1836
          ],
          [
            -118.14768,
            51.040451,
            1836
          ],
          [
            -118.147698,
            51.040475,
            1836
          ],
          [
            -118.147802,
            51.040542,
            1835
          ],
          [
            -118.147907,
            51.040589,
            1836
          ],
          [
            -118.147968,
            51.040597,
            1835.8
          ],
          [
            -118.148068,
            51.040631,
            1834
          ],
          [
            -118.148221,
            51.04065,
            1834
          ],
          [
            -118.148294,
            51.040678,
            1833
          ],
          [
            -118.148397,
            51.040734,
            1834
          ],
          [
            -118.14857,
            51.040732,
            1833
          ],
          [
            -118.148576,
            51.040689,
            1832
          ],
          [
            -118.148552,
            51.040674,
            1830
          ],
          [
            -118.148647,
            51.040698,
            1824
          ],
          [
            -118.148781,
            51.040638,
            1832
          ],
          [
            -118.148831,
            51.040598,
            1832
          ],
          [
            -118.148889,
            51.04058,
            1832
          ],
          [
            -118.148927,
            51.04058,
            1832
          ],
          [
            -118.148927,
            51.04064,
            1832
          ],
          [
            -118.148915,
            51.040672,
            1833
          ],
          [
            -118.14898,
            51.040765,
            1833
          ],
          [
            -118.149069,
            51.04078,
            1832
          ],
          [
            -118.149112,
            51.040809,
            1831
          ],
          [
            -118.149138,
            51.040879,
            1832
          ],
          [
            -118.149116,
            51.040935,
            1833
          ],
          [
            -118.149161,
            51.041075,
            1830
          ],
          [
            -118.149154,
            51.041111,
            1831
          ],
          [
            -118.149129,
            51.041133,
            1830
          ],
          [
            -118.149141,
            51.041177,
            1832
          ],
          [
            -118.149139,
            51.041242,
            1833
          ],
          [
            -118.149052,
            51.041299,
            1836
          ],
          [
            -118.148948,
            51.041345,
            1836
          ],
          [
            -118.148903,
            51.04133,
            1836
          ],
          [
            -118.148875,
            51.041299,
            1835
          ],
          [
            -118.14893,
            51.041308,
            1832
          ],
          [
            -118.14883,
            51.041287,
            1843.8
          ],
          [
            -118.148626,
            51.041141,
            1842.8
          ],
          [
            -118.148289,
            51.040954,
            1838
          ],
          [
            -118.148653,
            51.040791,
            1837
          ],
          [
            -118.14853,
            51.040733,
            1837.4
          ],
          [
            -118.147984,
            51.040611,
            1836.8
          ],
          [
            -118.147771,
            51.040534,
            1838.3
          ],
          [
            -118.14769,
            51.040467,
            1838.3
          ],
          [
            -118.147646,
            51.04039,
            1838.3
          ],
          [
            -118.147635,
            51.040345,
            1838.3
          ],
          [
            -118.147638,
            51.040203,
            1838.4
          ],
          [
            -118.147706,
            51.039909,
            1838.7
          ],
          [
            -118.147775,
            51.039752,
            1838.8
          ],
          [
            -118.147896,
            51.039539,
            1838.7
          ],
          [
            -118.147926,
            51.039431,
            1838.8
          ],
          [
            -118.14793,
            51.039325,
            1838.9
          ],
          [
            -118.147999,
            51.039267,
            1838.9
          ],
          [
            -118.147914,
            51.039048,
            1839.3
          ],
          [
            -118.147828,
            51.038894,
            1839.4
          ],
          [
            -118.147711,
            51.038745,
            1839.3
          ],
          [
            -118.147479,
            51.038531,
            1839.3
          ],
          [
            -118.147265,
            51.038363,
            1839
          ],
          [
            -118.14713,
            51.03828,
            1839
          ],
          [
            -118.146973,
            51.038207,
            1838.9
          ],
          [
            -118.146792,
            51.03815,
            1838.8
          ],
          [
            -118.146412,
            51.038054,
            1838.6
          ],
          [
            -118.143157,
            51.03734,
            1833.8
          ],
          [
            -118.142015,
            51.037164,
            1832.4
          ],
          [
            -118.141712,
            51.037158,
            1832.3
          ],
          [
            -118.141415,
            51.037185,
            1832
          ],
          [
            -118.14166,
            51.037152,
            1833.1
          ],
          [
            -118.142109,
            51.037134,
            1828
          ],
          [
            -118.142157,
            51.037149,
            1828.4
          ],
          [
            -118.142126,
            51.037155,
            1829.1
          ],
          [
            -118.142225,
            51.037174,
            1828
          ],
          [
            -118.142521,
            51.037204,
            1828
          ],
          [
            -118.142597,
            51.037189,
            1830
          ],
          [
            -118.142646,
            51.037146,
            1828
          ],
          [
            -118.142702,
            51.037049,
            1828
          ],
          [
            -118.142754,
            51.036878,
            1825
          ],
          [
            -118.142756,
            51.036839,
            1827
          ],
          [
            -118.142836,
            51.036616,
            1825
          ],
          [
            -118.142847,
            51.036505,
            1824
          ],
          [
            -118.142828,
            51.03644,
            1824
          ],
          [
            -118.142745,
            51.036324,
            1824
          ],
          [
            -118.142616,
            51.036184,
            1822
          ],
          [
            -118.142407,
            51.036022,
            1820
          ],
          [
            -118.142387,
            51.035997,
            1821
          ],
          [
            -118.142359,
            51.035921,
            1821
          ],
          [
            -118.142358,
            51.035941,
            1820
          ],
          [
            -118.142505,
            51.036108,
            1823
          ],
          [
            -118.142712,
            51.036295,
            1827
          ],
          [
            -118.142805,
            51.036427,
            1827
          ],
          [
            -118.142831,
            51.036492,
            1825
          ],
          [
            -118.142824,
            51.036606,
            1827
          ],
          [
            -118.142755,
            51.036722,
            1826
          ],
          [
            -118.142702,
            51.036871,
            1826
          ],
          [
            -118.14267,
            51.037047,
            1828
          ],
          [
            -118.142664,
            51.037148,
            1827
          ],
          [
            -118.142626,
            51.037162,
            1828
          ],
          [
            -118.142417,
            51.037161,
            1827.8
          ],
          [
            -118.142058,
            51.037132,
            1829.9
          ],
          [
            -118.141949,
            51.037143,
            1828
          ],
          [
            -118.141765,
            51.037132,
            1834.2
          ],
          [
            -118.141641,
            51.037135,
            1834.1
          ],
          [
            -118.141587,
            51.037161,
            1833.9
          ],
          [
            -118.141397,
            51.037199,
            1833.2
          ],
          [
            -118.141201,
            51.037259,
            1832.6
          ],
          [
            -118.140985,
            51.037347,
            1831.8
          ],
          [
            -118.140762,
            51.03746,
            1831
          ],
          [
            -118.140523,
            51.037614,
            1830.2
          ],
          [
            -118.13928,
            51.038464,
            1822.6
          ],
          [
            -118.138858,
            51.038732,
            1819.2
          ],
          [
            -118.138769,
            51.038806,
            1818.4
          ],
          [
            -118.138653,
            51.038867,
            1817.7
          ],
          [
            -118.138525,
            51.038913,
            1817
          ],
          [
            -118.138391,
            51.038938,
            1816.1
          ],
          [
            -118.138113,
            51.038937,
            1814
          ],
          [
            -118.137982,
            51.038921,
            1812.9
          ],
          [
            -118.137858,
            51.038889,
            1811.7
          ],
          [
            -118.137748,
            51.038841,
            1810.5
          ],
          [
            -118.137654,
            51.038781,
            1809.5
          ],
          [
            -118.13758,
            51.038711,
            1808.9
          ],
          [
            -118.137527,
            51.038633,
            1808.3
          ],
          [
            -118.137522,
            51.038462,
            1806.6
          ],
          [
            -118.137551,
            51.038378,
            1805.8
          ],
          [
            -118.137603,
            51.038287,
            1804.5
          ],
          [
            -118.137668,
            51.038193,
            1803.6
          ],
          [
            -118.13783,
            51.037997,
            1801.1
          ],
          [
            -118.137899,
            51.037888,
            1800
          ],
          [
            -118.13869,
            51.037033,
            1793.7
          ],
          [
            -118.139885,
            51.035697,
            1787.1
          ],
          [
            -118.140511,
            51.034983,
            1782.6
          ],
          [
            -118.140749,
            51.034759,
            1780.5
          ],
          [
            -118.140997,
            51.034582,
            1778.2
          ],
          [
            -118.141151,
            51.034498,
            1777.1
          ],
          [
            -118.141347,
            51.034415,
            1776
          ],
          [
            -118.141661,
            51.034321,
            1773.6
          ],
          [
            -118.141884,
            51.034276,
            1772.4
          ],
          [
            -118.142578,
            51.034171,
            1767.9
          ],
          [
            -118.145143,
            51.033892,
            1754.9
          ],
          [
            -118.145487,
            51.033867,
            1753
          ],
          [
            -118.145648,
            51.033866,
            1752
          ],
          [
            -118.145791,
            51.033882,
            1751.2
          ],
          [
            -118.145924,
            51.033917,
            1750.5
          ],
          [
            -118.146447,
            51.034116,
            1747.7
          ],
          [
            -118.146596,
            51.034159,
            1747.2
          ],
          [
            -118.146767,
            51.034191,
            1746.6
          ],
          [
            -118.146931,
            51.034197,
            1745.9
          ],
          [
            -118.147107,
            51.03418,
            1745.2
          ],
          [
            -118.147276,
            51.034141,
            1744.3
          ],
          [
            -118.147596,
            51.034026,
            1743.2
          ],
          [
            -118.147726,
            51.033958,
            1742.7
          ],
          [
            -118.147844,
            51.033878,
            1742
          ],
          [
            -118.148061,
            51.033698,
            1740.9
          ],
          [
            -118.148147,
            51.03359,
            1740.3
          ],
          [
            -118.148587,
            51.033192,
            1738.1
          ],
          [
            -118.148698,
            51.033095,
            1737.4
          ],
          [
            -118.148806,
            51.033026,
            1736.6
          ],
          [
            -118.149352,
            51.032543,
            1732.7
          ],
          [
            -118.14944,
            51.032443,
            1732
          ],
          [
            -118.149553,
            51.03235,
            1731.4
          ],
          [
            -118.149704,
            51.032247,
            1730.8
          ],
          [
            -118.149846,
            51.032169,
            1729.9
          ],
          [
            -118.149977,
            51.032125,
            1728.9
          ],
          [
            -118.15035,
            51.031959,
            1727.2
          ],
          [
            -118.150685,
            51.031884,
            1725.2
          ],
          [
            -118.151031,
            51.031838,
            1722.7
          ],
          [
            -118.151381,
            51.031825,
            1720.2
          ],
          [
            -118.151563,
            51.03183,
            1719
          ],
          [
            -118.152322,
            51.031916,
            1714.6
          ],
          [
            -118.155548,
            51.032356,
            1699.9
          ],
          [
            -118.156097,
            51.032418,
            1697.8
          ],
          [
            -118.156481,
            51.032446,
            1696.3
          ],
          [
            -118.156675,
            51.032444,
            1695.5
          ],
          [
            -118.15705,
            51.032411,
            1693.7
          ],
          [
            -118.157721,
            51.032278,
            1691
          ],
          [
            -118.15832,
            51.032117,
            1687.9
          ],
          [
            -118.158591,
            51.032079,
            1686.3
          ],
          [
            -118.158736,
            51.032101,
            1685.7
          ],
          [
            -118.158889,
            51.032143,
            1685
          ],
          [
            -118.159095,
            51.032236,
            1683.5
          ],
          [
            -118.159191,
            51.032297,
            1682.8
          ],
          [
            -118.159846,
            51.032787,
            1677.8
          ],
          [
            -118.160015,
            51.032896,
            1677
          ],
          [
            -118.160849,
            51.033405,
            1671.9
          ],
          [
            -118.161295,
            51.033658,
            1669.3
          ],
          [
            -118.161611,
            51.033815,
            1667.5
          ],
          [
            -118.161787,
            51.033873,
            1666.7
          ],
          [
            -118.161973,
            51.033912,
            1665.9
          ],
          [
            -118.162163,
            51.033937,
            1665
          ],
          [
            -118.162351,
            51.03395,
            1664.1
          ],
          [
            -118.16253,
            51.03395,
            1663.5
          ],
          [
            -118.162716,
            51.033939,
            1662.8
          ],
          [
            -118.162904,
            51.033911,
            1662.2
          ],
          [
            -118.163238,
            51.033808,
            1661.5
          ],
          [
            -118.163394,
            51.03375,
            1661.1
          ],
          [
            -118.163543,
            51.033678,
            1660.9
          ],
          [
            -118.163677,
            51.033595,
            1660.6
          ],
          [
            -118.163796,
            51.033504,
            1660.1
          ],
          [
            -118.164628,
            51.032701,
            1655.8
          ],
          [
            -118.164706,
            51.032592,
            1655.3
          ],
          [
            -118.164783,
            51.032451,
            1654.8
          ],
          [
            -118.164977,
            51.032245,
            1653.9
          ],
          [
            -118.165156,
            51.032029,
            1653
          ],
          [
            -118.165231,
            51.031921,
            1652.5
          ],
          [
            -118.165366,
            51.031689,
            1651.8
          ],
          [
            -118.165519,
            51.031359,
            1650.3
          ],
          [
            -118.165604,
            51.031093,
            1649.4
          ],
          [
            -118.165681,
            51.030745,
            1648.2
          ],
          [
            -118.165969,
            51.029227,
            1641.9
          ],
          [
            -118.166035,
            51.028832,
            1640.3
          ],
          [
            -118.166066,
            51.028568,
            1639.1
          ],
          [
            -118.166066,
            51.028432,
            1638.4
          ],
          [
            -118.166047,
            51.028268,
            1637.7
          ],
          [
            -118.165975,
            51.028022,
            1635.4
          ],
          [
            -118.165913,
            51.027888,
            1634.2
          ],
          [
            -118.165751,
            51.027624,
            1631.7
          ],
          [
            -118.165375,
            51.027111,
            1627.2
          ],
          [
            -118.165205,
            51.026861,
            1625.7
          ],
          [
            -118.165056,
            51.026696,
            1625
          ],
          [
            -118.16504,
            51.026571,
            1624.5
          ],
          [
            -118.16497,
            51.026317,
            1623.3
          ],
          [
            -118.164885,
            51.026069,
            1622.3
          ],
          [
            -118.164751,
            51.025839,
            1621.1
          ],
          [
            -118.164666,
            51.025726,
            1620.7
          ],
          [
            -118.164563,
            51.025623,
            1620.2
          ],
          [
            -118.164435,
            51.025527,
            1619.6
          ],
          [
            -118.164292,
            51.025445,
            1619.1
          ],
          [
            -118.164123,
            51.025373,
            1618.5
          ],
          [
            -118.163741,
            51.025305,
            1617.2
          ],
          [
            -118.163545,
            51.025289,
            1616.6
          ],
          [
            -118.163344,
            51.025292,
            1615.5
          ],
          [
            -118.163148,
            51.025314,
            1614.8
          ],
          [
            -118.162962,
            51.025356,
            1614
          ],
          [
            -118.162821,
            51.0254,
            1613.1
          ],
          [
            -118.162623,
            51.025484,
            1612.7
          ],
          [
            -118.162357,
            51.025647,
            1611.5
          ],
          [
            -118.161816,
            51.026046,
            1608.9
          ],
          [
            -118.161543,
            51.026221,
            1608.3
          ],
          [
            -118.161387,
            51.026299,
            1607.8
          ],
          [
            -118.161029,
            51.026383,
            1606.7
          ],
          [
            -118.160852,
            51.026408,
            1606
          ],
          [
            -118.160473,
            51.02642,
            1604.6
          ],
          [
            -118.15927,
            51.026338,
            1600.4
          ],
          [
            -118.159053,
            51.026337,
            1599.8
          ],
          [
            -118.158826,
            51.026352,
            1599
          ],
          [
            -118.158608,
            51.026384,
            1598.4
          ],
          [
            -118.158398,
            51.026432,
            1597.7
          ],
          [
            -118.157622,
            51.026632,
            1594.2
          ],
          [
            -118.157248,
            51.026681,
            1592.9
          ],
          [
            -118.157057,
            51.02669,
            1592.3
          ],
          [
            -118.156873,
            51.026684,
            1591.6
          ],
          [
            -118.156688,
            51.02666,
            1590.8
          ],
          [
            -118.156506,
            51.026624,
            1589.6
          ],
          [
            -118.155931,
            51.026481,
            1587.7
          ],
          [
            -118.155142,
            51.026255,
            1584.5
          ],
          [
            -118.154305,
            51.026036,
            1581.1
          ],
          [
            -118.153677,
            51.025897,
            1578.8
          ],
          [
            -118.15324,
            51.02583,
            1577.3
          ],
          [
            -118.153021,
            51.025813,
            1576.4
          ],
          [
            -118.151751,
            51.025754,
            1572.2
          ],
          [
            -118.15143,
            51.025723,
            1570.5
          ],
          [
            -118.151273,
            51.025685,
            1569.9
          ],
          [
            -118.151106,
            51.025608,
            1569.4
          ],
          [
            -118.151021,
            51.025544,
            1569
          ],
          [
            -118.150936,
            51.025427,
            1568.4
          ],
          [
            -118.150918,
            51.025338,
            1567.6
          ],
          [
            -118.150919,
            51.02522,
            1566.6
          ],
          [
            -118.151033,
            51.025099,
            1565.7
          ],
          [
            -118.151139,
            51.025033,
            1564.2
          ],
          [
            -118.151302,
            51.024967,
            1562.5
          ],
          [
            -118.15152,
            51.024904,
            1561.6
          ],
          [
            -118.152506,
            51.02467,
            1556.7
          ],
          [
            -118.153298,
            51.024432,
            1554.6
          ],
          [
            -118.153678,
            51.024293,
            1553.7
          ],
          [
            -118.153843,
            51.024207,
            1553.2
          ],
          [
            -118.155455,
            51.023583,
            1549.7
          ],
          [
            -118.155789,
            51.023437,
            1549.1
          ],
          [
            -118.155941,
            51.023354,
            1548.7
          ],
          [
            -118.156078,
            51.023262,
            1548.4
          ],
          [
            -118.156199,
            51.023156,
            1548.3
          ],
          [
            -118.156295,
            51.023046,
            1548.2
          ],
          [
            -118.156394,
            51.022808,
            1547.6
          ],
          [
            -118.156423,
            51.022681,
            1547.3
          ],
          [
            -118.156426,
            51.022559,
            1547.2
          ],
          [
            -118.156411,
            51.022435,
            1546.9
          ],
          [
            -118.156377,
            51.022313,
            1546.4
          ],
          [
            -118.156322,
            51.022199,
            1545.8
          ],
          [
            -118.156246,
            51.022088,
            1545.2
          ],
          [
            -118.156147,
            51.021979,
            1544.5
          ],
          [
            -118.156038,
            51.02188,
            1543.8
          ],
          [
            -118.155907,
            51.021792,
            1543.4
          ],
          [
            -118.155763,
            51.021717,
            1542.8
          ],
          [
            -118.155433,
            51.021582,
            1541.7
          ],
          [
            -118.155258,
            51.02153,
            1541.2
          ],
          [
            -118.15508,
            51.021493,
            1540.7
          ],
          [
            -118.154893,
            51.021469,
            1540.1
          ],
          [
            -118.154504,
            51.021458,
            1539.2
          ],
          [
            -118.154316,
            51.021473,
            1538.6
          ],
          [
            -118.153984,
            51.021532,
            1537.7
          ],
          [
            -118.153422,
            51.0217,
            1536.3
          ],
          [
            -118.152759,
            51.021946,
            1534
          ],
          [
            -118.152381,
            51.022044,
            1533
          ],
          [
            -118.151971,
            51.022102,
            1531.6
          ],
          [
            -118.149807,
            51.022275,
            1523.5
          ],
          [
            -118.148371,
            51.022428,
            1518.9
          ],
          [
            -118.148176,
            51.022458,
            1518
          ],
          [
            -118.14798,
            51.022501,
            1517.2
          ],
          [
            -118.147798,
            51.022554,
            1516.1
          ],
          [
            -118.147621,
            51.022622,
            1515.4
          ],
          [
            -118.147354,
            51.02282,
            1513.8
          ],
          [
            -118.146972,
            51.023138,
            1511.8
          ],
          [
            -118.146824,
            51.02324,
            1510.9
          ],
          [
            -118.146474,
            51.023408,
            1509.4
          ],
          [
            -118.146284,
            51.023483,
            1508.6
          ],
          [
            -118.146083,
            51.023544,
            1508
          ],
          [
            -118.145664,
            51.02363,
            1506.8
          ],
          [
            -118.144795,
            51.023747,
            1503.6
          ],
          [
            -118.144186,
            51.023824,
            1501.3
          ],
          [
            -118.143968,
            51.023835,
            1500.4
          ],
          [
            -118.143316,
            51.023902,
            1498.8
          ],
          [
            -118.143096,
            51.023905,
            1498.2
          ],
          [
            -118.142872,
            51.02389,
            1497.4
          ],
          [
            -118.142625,
            51.023846,
            1496.6
          ],
          [
            -118.142059,
            51.023688,
            1494.8
          ],
          [
            -118.141313,
            51.023447,
            1492
          ],
          [
            -118.141114,
            51.023405,
            1491.2
          ],
          [
            -118.140851,
            51.023374,
            1490.5
          ],
          [
            -118.140237,
            51.023344,
            1487.3
          ],
          [
            -118.140012,
            51.023342,
            1486.2
          ],
          [
            -118.139792,
            51.023353,
            1485.1
          ],
          [
            -118.138987,
            51.023336,
            1482.2
          ],
          [
            -118.138811,
            51.023315,
            1481.4
          ],
          [
            -118.138488,
            51.023295,
            1479.8
          ],
          [
            -118.138357,
            51.023272,
            1479.1
          ],
          [
            -118.138252,
            51.023235,
            1478.2
          ],
          [
            -118.138179,
            51.023183,
            1477.8
          ],
          [
            -118.138133,
            51.023124,
            1477.2
          ],
          [
            -118.138115,
            51.023067,
            1476.9
          ],
          [
            -118.138111,
            51.023009,
            1476.1
          ],
          [
            -118.138129,
            51.022952,
            1475.1
          ],
          [
            -118.138191,
            51.022893,
            1474
          ],
          [
            -118.13828,
            51.022835,
            1473.2
          ],
          [
            -118.138393,
            51.02279,
            1472.5
          ],
          [
            -118.138543,
            51.022788,
            1471.3
          ],
          [
            -118.139257,
            51.022875,
            1467.9
          ],
          [
            -118.139645,
            51.02289,
            1466.5
          ],
          [
            -118.139848,
            51.02288,
            1465.8
          ],
          [
            -118.140042,
            51.022857,
            1465.2
          ],
          [
            -118.14044,
            51.022774,
            1464.2
          ],
          [
            -118.141029,
            51.022595,
            1462.6
          ],
          [
            -118.14177,
            51.022239,
            1459.2
          ],
          [
            -118.142099,
            51.022071,
            1457.2
          ],
          [
            -118.142854,
            51.02166,
            1452.9
          ],
          [
            -118.143186,
            51.021497,
            1449.3
          ],
          [
            -118.143843,
            51.021303,
            1444.7
          ],
          [
            -118.144421,
            51.021166,
            1440.2
          ],
          [
            -118.144613,
            51.021106,
            1439
          ],
          [
            -118.144789,
            51.021036,
            1438.1
          ],
          [
            -118.144952,
            51.020949,
            1437.2
          ],
          [
            -118.145117,
            51.020824,
            1436.4
          ],
          [
            -118.145258,
            51.02059,
            1435.4
          ],
          [
            -118.145593,
            51.01992,
            1431.4
          ],
          [
            -118.145908,
            51.019551,
            1428.9
          ],
          [
            -118.146154,
            51.019316,
            1426.8
          ],
          [
            -118.146584,
            51.018992,
            1423.7
          ],
          [
            -118.147065,
            51.01867,
            1420.3
          ],
          [
            -118.147382,
            51.018438,
            1418.9
          ],
          [
            -118.149098,
            51.016981,
            1406.3
          ],
          [
            -118.149239,
            51.016871,
            1405.4
          ],
          [
            -118.149395,
            51.016771,
            1404.4
          ],
          [
            -118.149583,
            51.016697,
            1403.2
          ],
          [
            -118.149777,
            51.016643,
            1401.8
          ],
          [
            -118.149985,
            51.016603,
            1399.9
          ],
          [
            -118.150424,
            51.016549,
            1395.8
          ],
          [
            -118.151796,
            51.016448,
            1385
          ],
          [
            -118.15206,
            51.016404,
            1383.7
          ],
          [
            -118.152441,
            51.016302,
            1381.3
          ],
          [
            -118.152778,
            51.016243,
            1378.8
          ],
          [
            -118.152963,
            51.016232,
            1378
          ],
          [
            -118.153138,
            51.016242,
            1377
          ],
          [
            -118.153494,
            51.016309,
            1374.6
          ],
          [
            -118.156511,
            51.017064,
            1360.6
          ],
          [
            -118.156691,
            51.017092,
            1360.4
          ],
          [
            -118.156875,
            51.01708,
            1360.3
          ],
          [
            -118.157015,
            51.017008,
            1359.8
          ],
          [
            -118.157183,
            51.016864,
            1358
          ],
          [
            -118.157389,
            51.015753,
            1352.2
          ],
          [
            -118.157453,
            51.015514,
            1350.9
          ],
          [
            -118.157502,
            51.01539,
            1350.5
          ],
          [
            -118.157573,
            51.01527,
            1349.8
          ],
          [
            -118.157906,
            51.01495,
            1347.5
          ],
          [
            -118.158335,
            51.014727,
            1344.1
          ],
          [
            -118.158501,
            51.014655,
            1342.6
          ],
          [
            -118.158708,
            51.01459,
            1341.2
          ],
          [
            -118.158885,
            51.014561,
            1340.2
          ],
          [
            -118.159032,
            51.01455,
            1338.4
          ],
          [
            -118.159224,
            51.014551,
            1336.8
          ],
          [
            -118.159454,
            51.014571,
            1335
          ],
          [
            -118.159652,
            51.014601,
            1333.3
          ],
          [
            -118.160004,
            51.014675,
            1331.1
          ],
          [
            -118.160617,
            51.014839,
            1326.7
          ],
          [
            -118.161241,
            51.015031,
            1322.9
          ],
          [
            -118.162052,
            51.015314,
            1318.2
          ],
          [
            -118.162466,
            51.015433,
            1315.7
          ],
          [
            -118.166817,
            51.016328,
            1293.5
          ],
          [
            -118.167033,
            51.016355,
            1292.3
          ],
          [
            -118.16956,
            51.016898,
            1279.1
          ],
          [
            -118.1703,
            51.017046,
            1276.1
          ],
          [
            -118.170469,
            51.017102,
            1275.3
          ],
          [
            -118.171175,
            51.017287,
            1271.7
          ],
          [
            -118.171536,
            51.017404,
            1269.7
          ],
          [
            -118.17273,
            51.017914,
            1263.3
          ],
          [
            -118.173932,
            51.01841,
            1257.9
          ],
          [
            -118.174261,
            51.018558,
            1256.5
          ],
          [
            -118.174412,
            51.018639,
            1255.1
          ],
          [
            -118.174689,
            51.018819,
            1253.3
          ],
          [
            -118.174819,
            51.018917,
            1252
          ],
          [
            -118.175064,
            51.019138,
            1249.4
          ],
          [
            -118.175225,
            51.019255,
            1248.1
          ],
          [
            -118.175576,
            51.019446,
            1245.7
          ],
          [
            -118.176295,
            51.019774,
            1241
          ],
          [
            -118.176606,
            51.019944,
            1238.8
          ],
          [
            -118.176738,
            51.020032,
            1237.7
          ],
          [
            -118.176859,
            51.020127,
            1237
          ],
          [
            -118.177079,
            51.020333,
            1235.5
          ],
          [
            -118.177682,
            51.020993,
            1230.9
          ],
          [
            -118.179254,
            51.02279,
            1220.2
          ],
          [
            -118.179654,
            51.023204,
            1216.7
          ],
          [
            -118.179878,
            51.023399,
            1214.7
          ],
          [
            -118.180118,
            51.023579,
            1213
          ],
          [
            -118.180476,
            51.023821,
            1210.9
          ],
          [
            -118.180715,
            51.023968,
            1209.3
          ],
          [
            -118.180854,
            51.024025,
            1208.5
          ],
          [
            -118.181021,
            51.02404,
            1207.5
          ],
          [
            -118.181152,
            51.024004,
            1207
          ],
          [
            -118.181205,
            51.023951,
            1206.4
          ],
          [
            -118.181236,
            51.023892,
            1205.9
          ],
          [
            -118.181264,
            51.023752,
            1205
          ],
          [
            -118.181286,
            51.023462,
            1203.4
          ],
          [
            -118.181297,
            51.022555,
            1196.5
          ],
          [
            -118.181281,
            51.022347,
            1196
          ],
          [
            -118.18126,
            51.02224,
            1195.6
          ],
          [
            -118.181188,
            51.022024,
            1195
          ],
          [
            -118.180833,
            51.021211,
            1191.2
          ],
          [
            -118.180803,
            51.021083,
            1190.4
          ],
          [
            -118.180568,
            51.020575,
            1187.4
          ],
          [
            -118.18035,
            51.02004,
            1183.9
          ],
          [
            -118.180305,
            51.019904,
            1183
          ],
          [
            -118.180273,
            51.019767,
            1182
          ],
          [
            -118.180258,
            51.019629,
            1180.9
          ],
          [
            -118.180262,
            51.019491,
            1179.3
          ],
          [
            -118.180308,
            51.019083,
            1175.8
          ],
          [
            -118.180297,
            51.018809,
            1174.3
          ],
          [
            -118.180225,
            51.018416,
            1171.1
          ],
          [
            -118.180131,
            51.017997,
            1167.5
          ],
          [
            -118.180065,
            51.017725,
            1165.5
          ],
          [
            -118.180011,
            51.017571,
            1164.3
          ],
          [
            -118.179821,
            51.017358,
            1162
          ],
          [
            -118.179683,
            51.017223,
            1160.8
          ],
          [
            -118.179581,
            51.017134,
            1159.8
          ],
          [
            -118.179128,
            51.016787,
            1156.6
          ],
          [
            -118.178882,
            51.016576,
            1154.5
          ],
          [
            -118.178327,
            51.016069,
            1150
          ],
          [
            -118.17769,
            51.015464,
            1144.8
          ],
          [
            -118.177402,
            51.015223,
            1142.8
          ],
          [
            -118.176897,
            51.014869,
            1139.3
          ],
          [
            -118.175825,
            51.014194,
            1132.7
          ],
          [
            -118.17517,
            51.013719,
            1128.3
          ],
          [
            -118.174844,
            51.0135,
            1125.6
          ],
          [
            -118.174677,
            51.013401,
            1124.6
          ],
          [
            -118.174499,
            51.013314,
            1123.6
          ],
          [
            -118.174111,
            51.013162,
            1121
          ],
          [
            -118.172488,
            51.01261,
            1113.5
          ],
          [
            -118.172025,
            51.012468,
            1112.2
          ],
          [
            -118.17168,
            51.012288,
            1110.9
          ],
          [
            -118.17162,
            51.012236,
            1110.4
          ],
          [
            -118.171381,
            51.012158,
            1107
          ],
          [
            -118.171103,
            51.012113,
            1106
          ],
          [
            -118.17095,
            51.012105,
            1105.5
          ],
          [
            -118.170763,
            51.012112,
            1105.2
          ],
          [
            -118.169277,
            51.011862,
            1103.2
          ],
          [
            -118.16794,
            51.011437,
            1099.4
          ],
          [
            -118.167516,
            51.011285,
            1097.9
          ],
          [
            -118.167251,
            51.011159,
            1096
          ],
          [
            -118.16674,
            51.010877,
            1093
          ],
          [
            -118.16645,
            51.010758,
            1091.2
          ],
          [
            -118.166135,
            51.010656,
            1089.6
          ],
          [
            -118.165652,
            51.010517,
            1088.4
          ],
          [
            -118.165474,
            51.010489,
            1087.9
          ],
          [
            -118.164807,
            51.010344,
            1084.7
          ],
          [
            -118.164662,
            51.010301,
            1084
          ],
          [
            -118.164418,
            51.010263,
            1083.1
          ],
          [
            -118.164335,
            51.010231,
            1082.9
          ],
          [
            -118.164287,
            51.010191,
            1082.3
          ],
          [
            -118.164424,
            51.010123,
            1080.3
          ],
          [
            -118.164487,
            51.01011,
            1079.1
          ],
          [
            -118.164678,
            51.010116,
            1076.8
          ],
          [
            -118.165542,
            51.010289,
            1073.4
          ],
          [
            -118.166451,
            51.010443,
            1070.1
          ],
          [
            -118.166813,
            51.010535,
            1068.8
          ],
          [
            -118.167025,
            51.010603,
            1068.3
          ],
          [
            -118.167651,
            51.01086,
            1065.7
          ],
          [
            -118.167832,
            51.010918,
            1064.9
          ],
          [
            -118.168026,
            51.010962,
            1064.4
          ],
          [
            -118.168425,
            51.011025,
            1062.7
          ],
          [
            -118.169246,
            51.011108,
            1060.1
          ],
          [
            -118.17007,
            51.011126,
            1057.4
          ],
          [
            -118.171329,
            51.011077,
            1054.3
          ],
          [
            -118.172618,
            51.011105,
            1050.1
          ],
          [
            -118.173061,
            51.011094,
            1048.9
          ],
          [
            -118.17351,
            51.011062,
            1047.8
          ],
          [
            -118.175043,
            51.010881,
            1041.3
          ],
          [
            -118.175471,
            51.010858,
            1039.7
          ],
          [
            -118.175895,
            51.010871,
            1037.9
          ],
          [
            -118.176108,
            51.010893,
            1036.6
          ],
          [
            -118.177659,
            51.01129,
            1027.6
          ],
          [
            -118.178608,
            51.01157,
            1021.8
          ],
          [
            -118.178994,
            51.011703,
            1019.4
          ],
          [
            -118.180217,
            51.012174,
            1012.3
          ],
          [
            -118.182742,
            51.013026,
            996.5
          ],
          [
            -118.183115,
            51.013169,
            993.2
          ],
          [
            -118.183283,
            51.013252,
            992
          ],
          [
            -118.183438,
            51.013351,
            990.8
          ],
          [
            -118.183576,
            51.013454,
            989.6
          ],
          [
            -118.18381,
            51.013693,
            987.5
          ],
          [
            -118.184219,
            51.014151,
            984.1
          ],
          [
            -118.184334,
            51.014243,
            983.5
          ],
          [
            -118.184471,
            51.014295,
            982.9
          ],
          [
            -118.184618,
            51.014291,
            982.5
          ],
          [
            -118.184709,
            51.014246,
            982.1
          ],
          [
            -118.184755,
            51.014142,
            981
          ],
          [
            -118.184748,
            51.01409,
            980
          ],
          [
            -118.184715,
            51.014026,
            979.6
          ],
          [
            -118.184479,
            51.013738,
            977.5
          ],
          [
            -118.184435,
            51.01366,
            977.1
          ],
          [
            -118.184153,
            51.013379,
            975.5
          ],
          [
            -118.183505,
            51.012704,
            972.2
          ],
          [
            -118.18289,
            51.012017,
            966.1
          ],
          [
            -118.182552,
            51.011681,
            962.6
          ],
          [
            -118.182298,
            51.011474,
            960.4
          ],
          [
            -118.182158,
            51.011381,
            959.2
          ],
          [
            -118.181997,
            51.01129,
            957.9
          ],
          [
            -118.181327,
            51.010964,
            952.9
          ],
          [
            -118.181011,
            51.010782,
            950.6
          ],
          [
            -118.180449,
            51.01037,
            946.1
          ],
          [
            -118.18033,
            51.010249,
            944.9
          ],
          [
            -118.180056,
            51.010027,
            942.8
          ],
          [
            -118.179907,
            51.009925,
            942.1
          ],
          [
            -118.179589,
            51.009746,
            940.7
          ],
          [
            -118.179418,
            51.009661,
            940.1
          ],
          [
            -118.17924,
            51.009589,
            939.7
          ],
          [
            -118.178114,
            51.009212,
            935.9
          ],
          [
            -118.177379,
            51.008928,
            933.9
          ],
          [
            -118.175902,
            51.008291,
            928.6
          ],
          [
            -118.175491,
            51.008141,
            926.6
          ],
          [
            -118.174846,
            51.007956,
            924.3
          ],
          [
            -118.17358,
            51.007631,
            919
          ],
          [
            -118.173422,
            51.007614,
            918.1
          ],
          [
            -118.172914,
            51.007533,
            916.2
          ],
          [
            -118.172701,
            51.007467,
            915.2
          ],
          [
            -118.172658,
            51.007418,
            914.8
          ],
          [
            -118.172705,
            51.007381,
            913.9
          ],
          [
            -118.172825,
            51.007335,
            910.6
          ],
          [
            -118.173035,
            51.007331,
            907.8
          ],
          [
            -118.173336,
            51.007369,
            905.5
          ],
          [
            -118.174133,
            51.007501,
            902.4
          ],
          [
            -118.175241,
            51.00766,
            898.5
          ],
          [
            -118.176735,
            51.007848,
            891.8
          ],
          [
            -118.177207,
            51.007895,
            889.5
          ],
          [
            -118.177443,
            51.00791,
            888.3
          ],
          [
            -118.177687,
            51.00791,
            887
          ],
          [
            -118.179952,
            51.008065,
            876.3
          ],
          [
            -118.1804,
            51.008117,
            874.7
          ],
          [
            -118.180788,
            51.008235,
            873.5
          ],
          [
            -118.181517,
            51.008562,
            872.8
          ],
          [
            -118.182284,
            51.008939,
            872.9
          ],
          [
            -118.182723,
            51.009185,
            873
          ],
          [
            -118.183774,
            51.009878,
            870.8
          ],
          [
            -118.184065,
            51.010057,
            870
          ],
          [
            -118.184551,
            51.010289,
            867.5
          ],
          [
            -118.184726,
            51.010358,
            867.1
          ],
          [
            -118.185273,
            51.010532,
            865.5
          ],
          [
            -118.186194,
            51.010769,
            860.2
          ],
          [
            -118.186735,
            51.010924,
            857.6
          ],
          [
            -118.186906,
            51.010988,
            857.1
          ],
          [
            -118.187065,
            51.011062,
            856.3
          ],
          [
            -118.187212,
            51.011148,
            855.7
          ],
          [
            -118.187476,
            51.011339,
            854.5
          ],
          [
            -118.187596,
            51.011447,
            853.7
          ],
          [
            -118.187803,
            51.011672,
            852.3
          ],
          [
            -118.187888,
            51.011789,
            851.8
          ],
          [
            -118.188006,
            51.012009,
            851.4
          ],
          [
            -118.188289,
            51.012759,
            848.7
          ],
          [
            -118.188352,
            51.012833,
            848.6
          ],
          [
            -118.188479,
            51.012894,
            847.9
          ],
          [
            -118.188611,
            51.012902,
            847.7
          ],
          [
            -118.188725,
            51.012885,
            847.5
          ],
          [
            -118.188828,
            51.012828,
            847.3
          ],
          [
            -118.188867,
            51.01279,
            847.3
          ],
          [
            -118.188908,
            51.012724,
            847.1
          ],
          [
            -118.188919,
            51.012649,
            846.4
          ],
          [
            -118.188869,
            51.012438,
            845.5
          ],
          [
            -118.188859,
            51.012349,
            844.9
          ],
          [
            -118.188381,
            51.011115,
            838.9
          ],
          [
            -118.188246,
            51.010843,
            837.1
          ],
          [
            -118.18816,
            51.01071,
            836.3
          ],
          [
            -118.187946,
            51.010448,
            834.2
          ],
          [
            -118.187385,
            51.009848,
            829
          ],
          [
            -118.187139,
            51.00963,
            827.5
          ],
          [
            -118.186999,
            51.009532,
            826.8
          ],
          [
            -118.18684,
            51.00944,
            825.6
          ],
          [
            -118.186675,
            51.009361,
            825
          ],
          [
            -118.186499,
            51.009291,
            824.2
          ],
          [
            -118.185946,
            51.009098,
            823
          ],
          [
            -118.185599,
            51.008946,
            821.6
          ],
          [
            -118.185438,
            51.008857,
            821.4
          ],
          [
            -118.185289,
            51.008761,
            821
          ],
          [
            -118.18476,
            51.008361,
            818.9
          ],
          [
            -118.184603,
            51.008264,
            818
          ],
          [
            -118.184452,
            51.008187,
            817
          ],
          [
            -118.184138,
            51.00806,
            815.8
          ],
          [
            -118.183565,
            51.007853,
            814.7
          ],
          [
            -118.183438,
            51.007791,
            814.4
          ],
          [
            -118.183288,
            51.007701,
            813.9
          ],
          [
            -118.182952,
            51.007355,
            812.6
          ],
          [
            -118.182582,
            51.006944,
            811
          ],
          [
            -118.182435,
            51.006826,
            810.5
          ],
          [
            -118.182191,
            51.00667,
            809.1
          ],
          [
            -118.182038,
            51.00659,
            808.4
          ],
          [
            -118.181062,
            51.006146,
            804.1
          ],
          [
            -118.180897,
            51.006095,
            803.7
          ],
          [
            -118.180757,
            51.006032,
            803.5
          ],
          [
            -118.180583,
            51.005893,
            802.8
          ],
          [
            -118.180552,
            51.005838,
            802.4
          ],
          [
            -118.18055,
            51.005782,
            802
          ],
          [
            -118.180581,
            51.00577,
            801.2
          ],
          [
            -118.180594,
            51.005739,
            800.3
          ],
          [
            -118.180642,
            51.005701,
            799
          ],
          [
            -118.180727,
            51.005672,
            797.9
          ],
          [
            -118.180849,
            51.005675,
            797
          ],
          [
            -118.180962,
            51.005725,
            796.2
          ],
          [
            -118.181947,
            51.006258,
            793
          ],
          [
            -118.182084,
            51.006353,
            792.1
          ],
          [
            -118.182241,
            51.006433,
            791.4
          ],
          [
            -118.182424,
            51.006497,
            790.7
          ],
          [
            -118.18276,
            51.006649,
            788.7
          ],
          [
            -118.182918,
            51.006739,
            787.8
          ],
          [
            -118.183618,
            51.007049,
            783.2
          ],
          [
            -118.184463,
            51.007439,
            778.8
          ],
          [
            -118.185171,
            51.0077,
            774.9
          ],
          [
            -118.185403,
            51.007759,
            774
          ],
          [
            -118.185783,
            51.007838,
            772.2
          ],
          [
            -118.186347,
            51.007937,
            770.2
          ],
          [
            -118.186845,
            51.008046,
            768.8
          ],
          [
            -118.187011,
            51.008092,
            768.5
          ],
          [
            -118.187335,
            51.008204,
            767.3
          ],
          [
            -118.187519,
            51.008285,
            766.7
          ],
          [
            -118.188215,
            51.008667,
            764.8
          ],
          [
            -118.188488,
            51.008832,
            764.2
          ],
          [
            -118.188597,
            51.008925,
            763.7
          ],
          [
            -118.188686,
            51.009026,
            763.6
          ],
          [
            -118.188838,
            51.009237,
            763.2
          ],
          [
            -118.189182,
            51.009799,
            763.2
          ],
          [
            -118.189403,
            51.010124,
            763.1
          ],
          [
            -118.189564,
            51.010335,
            763.2
          ],
          [
            -118.190154,
            51.011049,
            764.4
          ],
          [
            -118.190309,
            51.011254,
            764.3
          ],
          [
            -118.190453,
            51.011465,
            764.2
          ],
          [
            -118.190636,
            51.011795,
            763.8
          ],
          [
            -118.190864,
            51.012269,
            763
          ],
          [
            -118.191131,
            51.01287,
            761.5
          ],
          [
            -118.191332,
            51.013519,
            759.3
          ],
          [
            -118.191459,
            51.013779,
            758.2
          ],
          [
            -118.191556,
            51.013899,
            758.1
          ],
          [
            -118.19167,
            51.014007,
            757.8
          ],
          [
            -118.19194,
            51.01419,
            756.8
          ],
          [
            -118.192089,
            51.014269,
            756.2
          ],
          [
            -118.192233,
            51.014317,
            755.6
          ],
          [
            -118.192378,
            51.014345,
            754.9
          ],
          [
            -118.192628,
            51.014326,
            753.9
          ],
          [
            -118.192719,
            51.014291,
            753.7
          ],
          [
            -118.192762,
            51.014158,
            753.5
          ],
          [
            -118.192741,
            51.014081,
            752.8
          ],
          [
            -118.192686,
            51.013999,
            751.5
          ],
          [
            -118.192509,
            51.013809,
            750.1
          ],
          [
            -118.19213,
            51.01355,
            748.9
          ],
          [
            -118.191896,
            51.013372,
            748.2
          ],
          [
            -118.191795,
            51.01327,
            748
          ],
          [
            -118.191719,
            51.013165,
            747.7
          ],
          [
            -118.191667,
            51.013047,
            747.4
          ],
          [
            -118.191644,
            51.012926,
            746.8
          ],
          [
            -118.19163,
            51.012679,
            745.8
          ],
          [
            -118.191653,
            51.01255,
            744.9
          ],
          [
            -118.191645,
            51.012419,
            744.4
          ],
          [
            -118.191622,
            51.01229,
            744
          ],
          [
            -118.191557,
            51.012034,
            743.1
          ],
          [
            -118.191504,
            51.011728,
            742
          ],
          [
            -118.191522,
            51.011668,
            741.6
          ],
          [
            -118.191549,
            51.011637,
            740.9
          ],
          [
            -118.191607,
            51.011611,
            740.2
          ],
          [
            -118.191684,
            51.011601,
            739.4
          ],
          [
            -118.191834,
            51.011658,
            738.3
          ],
          [
            -118.19187,
            51.01173,
            738
          ],
          [
            -118.191889,
            51.011819,
            737.6
          ],
          [
            -118.191931,
            51.012348,
            736.2
          ],
          [
            -118.191973,
            51.012483,
            735.8
          ],
          [
            -118.192021,
            51.012568,
            735.2
          ],
          [
            -118.192239,
            51.012773,
            734.3
          ],
          [
            -118.192611,
            51.013078,
            731.9
          ],
          [
            -118.192729,
            51.013186,
            731.5
          ],
          [
            -118.193482,
            51.014169,
            725.8
          ],
          [
            -118.193685,
            51.014421,
            724.3
          ],
          [
            -118.194547,
            51.015429,
            717.8
          ],
          [
            -118.194769,
            51.015659,
            716.2
          ],
          [
            -118.194889,
            51.015768,
            715.4
          ],
          [
            -118.195025,
            51.015866,
            714.5
          ],
          [
            -118.195346,
            51.016017,
            713
          ],
          [
            -118.19552,
            51.016074,
            711.7
          ],
          [
            -118.195717,
            51.016117,
            710.5
          ],
          [
            -118.19592,
            51.016144,
            709.1
          ],
          [
            -118.196791,
            51.016224,
            703.8
          ],
          [
            -118.197,
            51.016258,
            702.4
          ],
          [
            -118.197199,
            51.016303,
            701.1
          ],
          [
            -118.197387,
            51.016361,
            699.9
          ],
          [
            -118.197533,
            51.016421,
            698.7
          ],
          [
            -118.197705,
            51.016541,
            697.3
          ],
          [
            -118.197797,
            51.016629,
            696
          ],
          [
            -118.197993,
            51.01687,
            693.6
          ],
          [
            -118.19807,
            51.016995,
            692.6
          ],
          [
            -118.198136,
            51.017125,
            691.5
          ],
          [
            -118.19819,
            51.017262,
            689.4
          ],
          [
            -118.198351,
            51.017806,
            684.9
          ],
          [
            -118.198425,
            51.018103,
            683.1
          ],
          [
            -118.198469,
            51.018345,
            680.8
          ],
          [
            -118.198483,
            51.018481,
            679.8
          ],
          [
            -118.198498,
            51.01901,
            676.7
          ],
          [
            -118.198526,
            51.019145,
            676.1
          ],
          [
            -118.198586,
            51.019272,
            675.6
          ],
          [
            -118.198695,
            51.01939,
            675.1
          ],
          [
            -118.198952,
            51.019589,
            673.3
          ],
          [
            -118.199098,
            51.01968,
            672.3
          ],
          [
            -118.199258,
            51.019762,
            671
          ],
          [
            -118.199749,
            51.019979,
            668.5
          ],
          [
            -118.199901,
            51.020061,
            667.7
          ],
          [
            -118.200034,
            51.020151,
            667.1
          ],
          [
            -118.20015,
            51.020255,
            666.5
          ],
          [
            -118.200273,
            51.020495,
            665
          ],
          [
            -118.200324,
            51.020614,
            664.6
          ],
          [
            -118.200557,
            51.021328,
            662.3
          ],
          [
            -118.200608,
            51.021418,
            662
          ],
          [
            -118.20069,
            51.021495,
            661.8
          ],
          [
            -118.200781,
            51.021547,
            661.6
          ],
          [
            -118.200905,
            51.021571,
            661.4
          ],
          [
            -118.201018,
            51.021541,
            661.3
          ],
          [
            -118.201112,
            51.021502,
            661.2
          ],
          [
            -118.20117,
            51.02144,
            661.2
          ],
          [
            -118.201194,
            51.021362,
            661
          ],
          [
            -118.201193,
            51.021275,
            660.5
          ],
          [
            -118.201077,
            51.020859,
            658.2
          ],
          [
            -118.200956,
            51.020511,
            657.2
          ],
          [
            -118.20084,
            51.020274,
            656.9
          ],
          [
            -118.200703,
            51.020072,
            655.9
          ],
          [
            -118.200401,
            51.019693,
            653.6
          ],
          [
            -118.200372,
            51.019627,
            653
          ],
          [
            -118.200378,
            51.019552,
            652.5
          ],
          [
            -118.200413,
            51.019506,
            651.7
          ],
          [
            -118.200495,
            51.019469,
            650.7
          ],
          [
            -118.200673,
            51.019506,
            648.6
          ],
          [
            -118.200836,
            51.019613,
            646.3
          ],
          [
            -118.200942,
            51.01967,
            645.7
          ],
          [
            -118.201032,
            51.019745,
            645.4
          ],
          [
            -118.201111,
            51.019835,
            645.2
          ],
          [
            -118.201637,
            51.020286,
            642.2
          ],
          [
            -118.201815,
            51.020491,
            641.1
          ],
          [
            -118.201972,
            51.020705,
            640.3
          ],
          [
            -118.202149,
            51.021058,
            639.2
          ],
          [
            -118.202432,
            51.021952,
            635.4
          ],
          [
            -118.202676,
            51.02261,
            631.3
          ],
          [
            -118.203143,
            51.023997,
            625.6
          ],
          [
            -118.203216,
            51.024112,
            625.1
          ],
          [
            -118.203294,
            51.024166,
            624.6
          ],
          [
            -118.203402,
            51.024209,
            624.2
          ],
          [
            -118.203529,
            51.024211,
            623.8
          ],
          [
            -118.20364,
            51.024195,
            623.1
          ],
          [
            -118.20375,
            51.024133,
            622.7
          ],
          [
            -118.203802,
            51.024073,
            622.5
          ],
          [
            -118.203845,
            51.023992,
            622.1
          ],
          [
            -118.20387,
            51.023895,
            621.6
          ],
          [
            -118.203868,
            51.023312,
            619.3
          ],
          [
            -118.203876,
            51.023063,
            618.2
          ],
          [
            -118.20391,
            51.022812,
            617.2
          ],
          [
            -118.203942,
            51.022684,
            616.6
          ],
          [
            -118.204032,
            51.022446,
            616
          ],
          [
            -118.204105,
            51.022345,
            615.6
          ],
          [
            -118.204673,
            51.021246,
            612
          ],
          [
            -118.204784,
            51.020943,
            611.1
          ],
          [
            -118.204784,
            51.020869,
            610.7
          ],
          [
            -118.20485,
            51.020661,
            609.9
          ],
          [
            -118.204887,
            51.020471,
            608.9
          ],
          [
            -118.20499,
            51.019746,
            605.3
          ],
          [
            -118.205029,
            51.019676,
            605
          ],
          [
            -118.205067,
            51.019395,
            603.8
          ],
          [
            -118.205049,
            51.019326,
            603.5
          ],
          [
            -118.205065,
            51.019211,
            603
          ],
          [
            -118.2051,
            51.019156,
            602.5
          ],
          [
            -118.205137,
            51.018981,
            601.9
          ],
          [
            -118.205258,
            51.018239,
            599.7
          ],
          [
            -118.205265,
            51.017985,
            599
          ],
          [
            -118.205253,
            51.017799,
            598
          ],
          [
            -118.205227,
            51.017601,
            596.7
          ],
          [
            -118.205187,
            51.017393,
            595.1
          ],
          [
            -118.205129,
            51.017179,
            594.1
          ],
          [
            -118.205078,
            51.017078,
            593.7
          ],
          [
            -118.204955,
            51.016752,
            592.6
          ],
          [
            -118.204852,
            51.016531,
            592.2
          ],
          [
            -118.204728,
            51.01631,
            591.8
          ],
          [
            -118.204586,
            51.016089,
            591.2
          ],
          [
            -118.204174,
            51.015525,
            588.6
          ],
          [
            -118.203023,
            51.014039,
            583.2
          ],
          [
            -118.202952,
            51.013908,
            582.8
          ],
          [
            -118.202656,
            51.01352,
            579.5
          ],
          [
            -118.202466,
            51.01325,
            577.8
          ],
          [
            -118.202313,
            51.012972,
            575.9
          ],
          [
            -118.20219,
            51.012696,
            573.7
          ],
          [
            -118.202063,
            51.012275,
            569.5
          ],
          [
            -118.202013,
            51.011855,
            565.9
          ],
          [
            -118.201989,
            51.009943,
            549.8
          ],
          [
            -118.20197,
            51.009498,
            545.2
          ],
          [
            -118.201949,
            51.009346,
            543.4
          ],
          [
            -118.201917,
            51.009202,
            542
          ],
          [
            -118.201875,
            51.00906,
            540.7
          ],
          [
            -118.201816,
            51.008919,
            538.8
          ],
          [
            -118.20167,
            51.00865,
            535.1
          ],
          [
            -118.201408,
            51.008283,
            530.7
          ],
          [
            -118.20131,
            51.008173,
            529.4
          ],
          [
            -118.201001,
            51.00789,
            525.8
          ],
          [
            -118.200609,
            51.007582,
            521.7
          ],
          [
            -118.200499,
            51.007515,
            521
          ],
          [
            -118.200425,
            51.00743,
            520.1
          ],
          [
            -118.20047,
            51.007314,
            519.4
          ],
          [
            -118.200472,
            51.007244,
            518.5
          ],
          [
            -118.200494,
            51.007165,
            517.7
          ],
          [
            -118.200539,
            51.007095,
            516.8
          ],
          [
            -118.200601,
            51.00703,
            515.8
          ],
          [
            -118.200707,
            51.006955,
            514.9
          ],
          [
            -118.200797,
            51.006913,
            513.4
          ],
          [
            -118.200921,
            51.006871,
            512
          ],
          [
            -118.201058,
            51.00684,
            510.5
          ],
          [
            -118.201283,
            51.006809,
            508.6
          ],
          [
            -118.201511,
            51.006743,
            506.8
          ],
          [
            -118.201677,
            51.006774,
            505.3
          ],
          [
            -118.202512,
            51.006783,
            501
          ],
          [
            -118.202927,
            51.006812,
            498.4
          ],
          [
            -118.203343,
            51.006866,
            496.1
          ],
          [
            -118.203797,
            51.006966,
            494
          ],
          [
            -118.204151,
            51.007077,
            491.8
          ],
          [
            -118.204524,
            51.007232,
            489.8
          ],
          [
            -118.204698,
            51.00732,
            489.1
          ],
          [
            -118.205026,
            51.007519,
            487.4
          ],
          [
            -118.205171,
            51.007629,
            486.6
          ],
          [
            -118.205663,
            51.008119,
            484.2
          ],
          [
            -118.205891,
            51.008382,
            483
          ],
          [
            -118.206131,
            51.008637,
            481.7
          ],
          [
            -118.20639,
            51.008891,
            480.1
          ],
          [
            -118.206673,
            51.009136,
            478.7
          ],
          [
            -118.206978,
            51.00937,
            477.2
          ],
          [
            -118.207302,
            51.009583,
            475.7
          ],
          [
            -118.207471,
            51.009679,
            474.8
          ],
          [
            -118.207814,
            51.009852,
            473.6
          ],
          [
            -118.208003,
            51.009922,
            473.3
          ],
          [
            -118.208346,
            51.01008,
            472.3
          ],
          [
            -118.208672,
            51.010206,
            471.2
          ],
          [
            -118.208847,
            51.010262,
            470.8
          ],
          [
            -118.209515,
            51.010428,
            469.5
          ],
          [
            -118.210311,
            51.010574,
            467.8
          ],
          [
            -118.210725,
            51.010626,
            467
          ],
          [
            -118.211013,
            51.010645,
            466.3
          ],
          [
            -118.211824,
            51.010652,
            464.3
          ],
          [
            -118.212172,
            51.010638,
            463.2
          ],
          [
            -118.212518,
            51.010611,
            462.1
          ],
          [
            -118.213043,
            51.010549,
            460.6
          ],
          [
            -118.213381,
            51.010495,
            459.6
          ],
          [
            -118.213718,
            51.010427,
            458.4
          ],
          [
            -118.214213,
            51.0103,
            457.1
          ],
          [
            -118.214532,
            51.010191,
            456.2
          ],
          [
            -118.215261,
            51.009889,
            453.7
          ],
          [
            -118.215603,
            51.009718,
            452.7
          ],
          [
            -118.215884,
            51.00956,
            452
          ],
          [
            -118.216088,
            51.009431,
            452
          ],
          [
            -118.216125,
            51.009395,
            452
          ],
          [
            -118.216141,
            51.00934,
            451.9
          ],
          [
            -118.216065,
            51.009309,
            451.8
          ],
          [
            -118.21602,
            51.009259,
            450
          ],
          [
            -118.216004,
            51.009169,
            451.2
          ],
          [
            -118.21584,
            51.009066,
            450.6
          ],
          [
            -118.215566,
            51.008953,
            450.1
          ],
          [
            -118.215297,
            51.008859,
            449.8
          ],
          [
            -118.215001,
            51.008785,
            449.5
          ],
          [
            -118.213787,
            51.008589,
            449
          ],
          [
            -118.212836,
            51.008383,
            448.6
          ],
          [
            -118.212697,
            51.008361,
            448.6
          ],
          [
            -118.212281,
            51.008331,
            448.6
          ],
          [
            -118.212159,
            51.008314,
            448.7
          ],
          [
            -118.212038,
            51.008282,
            448.7
          ],
          [
            -118.211952,
            51.00823,
            448.9
          ],
          [
            -118.211836,
            51.008196,
            449
          ],
          [
            -118.211625,
            51.008215,
            449.4
          ],
          [
            -118.211546,
            51.008243,
            449.6
          ],
          [
            -118.211492,
            51.008285,
            449.8
          ],
          [
            -118.211498,
            51.008451,
            449.6
          ],
          [
            -118.211559,
            51.008499,
            449.4
          ],
          [
            -118.211645,
            51.008528,
            449.2
          ],
          [
            -118.211747,
            51.008535,
            449
          ],
          [
            -118.211847,
            51.008518,
            448.6
          ],
          [
            -118.21204,
            51.008452,
            448.3
          ],
          [
            -118.212257,
            51.008405,
            448.3
          ],
          [
            -118.212493,
            51.008399,
            448.2
          ],
          [
            -118.212896,
            51.008434,
            447.7
          ],
          [
            -118.213156,
            51.008469,
            447.3
          ],
          [
            -118.213276,
            51.008507,
            447.3
          ],
          [
            -118.214006,
            51.008651,
            447.3
          ],
          [
            -118.214097,
            51.00865,
            447
          ],
          [
            -118.214193,
            51.008673,
            446.9
          ],
          [
            -118.214276,
            51.008705,
            446.8
          ],
          [
            -118.214332,
            51.008746,
            446.9
          ],
          [
            -118.214371,
            51.008802,
            446.8
          ],
          [
            -118.214382,
            51.008841,
            447
          ],
          [
            -118.214383,
            51.008922,
            446
          ],
          [
            -118.214357,
            51.008957,
            446
          ],
          [
            -118.214414,
            51.009007,
            448
          ],
          [
            -118.214588,
            51.009088,
            449.1
          ],
          [
            -118.214625,
            51.009146,
            449.2
          ],
          [
            -118.2148,
            51.009192,
            449.4
          ],
          [
            -118.21486,
            51.009195,
            449.5
          ],
          [
            -118.215156,
            51.009305,
            449.4
          ],
          [
            -118.215231,
            51.009382,
            449.4
          ],
          [
            -118.215245,
            51.009421,
            449.5
          ],
          [
            -118.215196,
            51.009461,
            448
          ],
          [
            -118.214321,
            51.010021,
            451.8
          ],
          [
            -118.213818,
            51.010172,
            453.2
          ],
          [
            -118.213628,
            51.010195,
            453.5
          ],
          [
            -118.213276,
            51.010271,
            454.5
          ],
          [
            -118.212924,
            51.010328,
            455.6
          ],
          [
            -118.212396,
            51.010384,
            457.2
          ],
          [
            -118.212053,
            51.010407,
            458.1
          ],
          [
            -118.211756,
            51.010408,
            458.9
          ],
          [
            -118.211582,
            51.010381,
            459.2
          ],
          [
            -118.211144,
            51.010206,
            460.7
          ],
          [
            -118.21102,
            51.01018,
            461
          ],
          [
            -118.210911,
            51.010167,
            461.4
          ],
          [
            -118.210861,
            51.010182,
            461.6
          ],
          [
            -118.210793,
            51.010175,
            461.8
          ],
          [
            -118.210685,
            51.010143,
            462
          ],
          [
            -118.210189,
            51.010112,
            463.2
          ],
          [
            -118.210045,
            51.010116,
            463.2
          ],
          [
            -118.209913,
            51.010143,
            463.4
          ],
          [
            -118.209775,
            51.010153,
            463.5
          ],
          [
            -118.209644,
            51.010158,
            463.6
          ],
          [
            -118.209519,
            51.01015,
            463.8
          ],
          [
            -118.2092,
            51.010039,
            463.6
          ],
          [
            -118.209077,
            51.010031,
            463.5
          ],
          [
            -118.208978,
            51.009994,
            463.4
          ],
          [
            -118.2088,
            51.009916,
            463.2
          ],
          [
            -118.208776,
            51.009837,
            463.2
          ],
          [
            -118.208629,
            51.009749,
            463.2
          ],
          [
            -118.208701,
            51.00974,
            463.3
          ],
          [
            -118.208741,
            51.009714,
            463.3
          ],
          [
            -118.208732,
            51.009653,
            463.4
          ],
          [
            -118.208782,
            51.009623,
            463.3
          ],
          [
            -118.208878,
            51.009624,
            463.4
          ],
          [
            -118.208978,
            51.009548,
            462
          ],
          [
            -118.208963,
            51.009405,
            463.4
          ],
          [
            -118.208918,
            51.009379,
            463.3
          ],
          [
            -118.208799,
            51.009396,
            463.2
          ],
          [
            -118.208755,
            51.009368,
            463.2
          ],
          [
            -118.208776,
            51.009295,
            463.2
          ],
          [
            -118.208675,
            51.009307,
            463.2
          ],
          [
            -118.208614,
            51.009242,
            463.3
          ],
          [
            -118.20827,
            51.00907,
            463.4
          ],
          [
            -118.208236,
            51.009089,
            462
          ],
          [
            -118.208547,
            51.009248,
            459.7
          ],
          [
            -118.208572,
            51.009308,
            459
          ],
          [
            -118.208597,
            51.009327,
            459
          ],
          [
            -118.208713,
            51.009366,
            457
          ],
          [
            -118.208684,
            51.009363,
            458
          ],
          [
            -118.208662,
            51.009396,
            459
          ],
          [
            -118.208695,
            51.009393,
            459.6
          ],
          [
            -118.208661,
            51.009403,
            460
          ],
          [
            -118.208636,
            51.009431,
            456
          ],
          [
            -118.208649,
            51.009484,
            459
          ],
          [
            -118.208687,
            51.009447,
            459
          ],
          [
            -118.208711,
            51.009442,
            457
          ],
          [
            -118.208681,
            51.009422,
            457
          ],
          [
            -118.20863,
            51.009434,
            448
          ],
          [
            -118.208816,
            51.009491,
            448
          ],
          [
            -118.208814,
            51.009472,
            454
          ],
          [
            -118.20877,
            51.009448,
            455
          ],
          [
            -118.208795,
            51.009429,
            456
          ],
          [
            -118.208704,
            51.009384,
            456
          ],
          [
            -118.208608,
            51.009309,
            455
          ],
          [
            -118.208605,
            51.009277,
            456
          ],
          [
            -118.208586,
            51.009252,
            455
          ],
          [
            -118.208503,
            51.009233,
            462
          ],
          [
            -118.208527,
            51.009254,
            464
          ],
          [
            -118.20869,
            51.009309,
            464
          ],
          [
            -118.208734,
            51.009337,
            464.6
          ],
          [
            -118.208902,
            51.009493,
            464
          ],
          [
            -118.208883,
            51.009548,
            464
          ],
          [
            -118.208678,
            51.009688,
            463.9
          ],
          [
            -118.208635,
            51.009742,
            463.7
          ],
          [
            -118.208634,
            51.009782,
            463.7
          ],
          [
            -118.208653,
            51.009819,
            463.7
          ],
          [
            -118.208693,
            51.009859,
            463.7
          ],
          [
            -118.208819,
            51.009942,
            463.7
          ],
          [
            -118.208984,
            51.01002,
            463.7
          ],
          [
            -118.209165,
            51.010089,
            463.8
          ],
          [
            -118.209387,
            51.010155,
            463.9
          ],
          [
            -118.209534,
            51.010183,
            463.8
          ],
          [
            -118.209756,
            51.010192,
            463.8
          ],
          [
            -118.210075,
            51.010178,
            463.6
          ],
          [
            -118.21023,
            51.010158,
            463.6
          ],
          [
            -118.210356,
            51.010181,
            463.6
          ],
          [
            -118.210409,
            51.010171,
            463.6
          ],
          [
            -118.210546,
            51.01019,
            463.7
          ],
          [
            -118.210532,
            51.010427,
            463.8
          ],
          [
            -118.21054,
            51.010467,
            463.9
          ],
          [
            -118.210565,
            51.010511,
            464
          ],
          [
            -118.210612,
            51.010556,
            464.1
          ],
          [
            -118.210691,
            51.010597,
            464
          ],
          [
            -118.210791,
            51.010623,
            464
          ],
          [
            -118.211046,
            51.010646,
            463.5
          ],
          [
            -118.211348,
            51.010657,
            462.9
          ],
          [
            -118.211673,
            51.010656,
            462.2
          ],
          [
            -118.212202,
            51.010628,
            461.1
          ],
          [
            -118.212733,
            51.010576,
            459.9
          ],
          [
            -118.213084,
            51.010528,
            459.1
          ],
          [
            -118.213426,
            51.010468,
            458.3
          ],
          [
            -118.213734,
            51.010402,
            457.5
          ],
          [
            -118.214225,
            51.010276,
            456.4
          ],
          [
            -118.214569,
            51.01017,
            455.6
          ],
          [
            -118.214942,
            51.010038,
            454.5
          ],
          [
            -118.21549,
            51.009803,
            453.3
          ],
          [
            -118.215751,
            51.009669,
            452
          ],
          [
            -118.216015,
            51.009509,
            452.3
          ],
          [
            -118.216285,
            51.009328,
            451.5
          ],
          [
            -118.217605,
            51.008371,
            448.9
          ],
          [
            -118.218489,
            51.007696,
            449.6
          ],
          [
            -118.222806,
            51.004476,
            445.9
          ],
          [
            -118.223292,
            51.004161,
            445.5
          ],
          [
            -118.223643,
            51.003971,
            445.5
          ],
          [
            -118.223826,
            51.003885,
            445.6
          ],
          [
            -118.224194,
            51.003733,
            445.5
          ],
          [
            -118.224884,
            51.003492,
            445.5
          ],
          [
            -118.225136,
            51.003415,
            445.6
          ],
          [
            -118.225283,
            51.003396,
            445.7
          ],
          [
            -118.22583,
            51.003286,
            445.9
          ],
          [
            -118.225881,
            51.00308,
            445.9
          ],
          [
            -118.225885,
            51.002424,
            445.9
          ],
          [
            -118.225906,
            51.002194,
            446
          ],
          [
            -118.225952,
            51.001951,
            445.7
          ],
          [
            -118.226024,
            51.001703,
            445.2
          ],
          [
            -118.226135,
            51.001449,
            444.8
          ],
          [
            -118.226292,
            51.001197,
            444.8
          ],
          [
            -118.226385,
            51.001074,
            444.7
          ],
          [
            -118.226603,
            51.000828,
            444.6
          ],
          [
            -118.226852,
            51.000595,
            444.5
          ],
          [
            -118.226991,
            51.000485,
            444.4
          ],
          [
            -118.227305,
            51.000276,
            444.5
          ],
          [
            -118.227654,
            51.000084,
            444.2
          ],
          [
            -118.231047,
            50.998381,
            446.9
          ],
          [
            -118.231388,
            50.998184,
            447.2
          ],
          [
            -118.231551,
            50.998078,
            447.3
          ],
          [
            -118.231852,
            50.997856,
            447.5
          ],
          [
            -118.232123,
            50.997619,
            447.6
          ],
          [
            -118.232386,
            50.997337,
            447.7
          ],
          [
            -118.232569,
            50.997096,
            447.9
          ],
          [
            -118.232738,
            50.996821,
            448.2
          ],
          [
            -118.23287,
            50.996539,
            448.6
          ],
          [
            -118.232975,
            50.996249,
            448.9
          ],
          [
            -118.233042,
            50.995954,
            449.4
          ],
          [
            -118.233063,
            50.995654,
            450.2
          ],
          [
            -118.232954,
            50.995445,
            450.7
          ],
          [
            -118.232911,
            50.995145,
            451.7
          ],
          [
            -118.232874,
            50.994996,
            452.2
          ],
          [
            -118.232771,
            50.994699,
            453.1
          ],
          [
            -118.232628,
            50.994405,
            454.2
          ],
          [
            -118.232535,
            50.994262,
            454.7
          ],
          [
            -118.232313,
            50.993988,
            456
          ],
          [
            -118.232053,
            50.993719,
            457.3
          ],
          [
            -118.231913,
            50.993588,
            458.1
          ],
          [
            -118.231404,
            50.993242,
            460.8
          ],
          [
            -118.231151,
            50.993131,
            461.7
          ],
          [
            -118.230789,
            50.992924,
            463.5
          ],
          [
            -118.230406,
            50.99274,
            465.7
          ],
          [
            -118.229422,
            50.992318,
            470.7
          ],
          [
            -118.229042,
            50.99213,
            472.4
          ],
          [
            -118.228859,
            50.992029,
            473.4
          ],
          [
            -118.228509,
            50.991815,
            475.5
          ],
          [
            -118.228344,
            50.991701,
            476.9
          ],
          [
            -118.228193,
            50.991585,
            478.1
          ],
          [
            -118.227944,
            50.99136,
            480.7
          ],
          [
            -118.22782,
            50.991229,
            481.8
          ],
          [
            -118.22761,
            50.990954,
            484.5
          ],
          [
            -118.22744,
            50.990668,
            486.9
          ],
          [
            -118.227292,
            50.990344,
            489.2
          ],
          [
            -118.227197,
            50.990074,
            491.3
          ],
          [
            -118.226923,
            50.989177,
            498.6
          ],
          [
            -118.225882,
            50.985692,
            525
          ],
          [
            -118.225701,
            50.985023,
            530
          ],
          [
            -118.225634,
            50.984623,
            532.5
          ],
          [
            -118.225613,
            50.984152,
            534.7
          ],
          [
            -118.225614,
            50.983673,
            536.9
          ],
          [
            -118.225652,
            50.983228,
            538.9
          ],
          [
            -118.225446,
            50.983185,
            539.3
          ],
          [
            -118.225257,
            50.983087,
            540
          ],
          [
            -118.225172,
            50.983023,
            540.5
          ],
          [
            -118.22512,
            50.982944,
            540.8
          ],
          [
            -118.225057,
            50.982877,
            541.2
          ],
          [
            -118.224965,
            50.982728,
            542.2
          ],
          [
            -118.224903,
            50.982556,
            543.3
          ],
          [
            -118.224848,
            50.982339,
            544.8
          ],
          [
            -118.224867,
            50.982259,
            545.6
          ],
          [
            -118.224851,
            50.981528,
            552.4
          ],
          [
            -118.224826,
            50.981432,
            553.6
          ],
          [
            -118.224823,
            50.979881,
            564.5
          ],
          [
            -118.224806,
            50.979372,
            565.6
          ],
          [
            -118.224769,
            50.978968,
            566.5
          ],
          [
            -118.224708,
            50.97855,
            567.2
          ],
          [
            -118.224625,
            50.978129,
            568.3
          ],
          [
            -118.224432,
            50.977285,
            569.9
          ],
          [
            -118.224329,
            50.976876,
            570.2
          ],
          [
            -118.224202,
            50.976464,
            569.8
          ],
          [
            -118.224026,
            50.976039,
            568.4
          ],
          [
            -118.223728,
            50.97545,
            564.9
          ],
          [
            -118.223605,
            50.975173,
            563.1
          ],
          [
            -118.22355,
            50.975014,
            562.1
          ],
          [
            -118.22346,
            50.974659,
            560.1
          ],
          [
            -118.223433,
            50.974496,
            559.4
          ],
          [
            -118.223407,
            50.974206,
            557.9
          ],
          [
            -118.223434,
            50.974019,
            557.1
          ],
          [
            -118.223471,
            50.971971,
            541.3
          ],
          [
            -118.22349,
            50.971829,
            539.6
          ],
          [
            -118.223529,
            50.971688,
            537.7
          ],
          [
            -118.223641,
            50.971416,
            534.1
          ],
          [
            -118.223681,
            50.971273,
            532.8
          ],
          [
            -118.223694,
            50.97113,
            531.9
          ],
          [
            -118.223653,
            50.970844,
            530.4
          ],
          [
            -118.223608,
            50.970702,
            529.7
          ],
          [
            -118.223542,
            50.970566,
            529.3
          ],
          [
            -118.223427,
            50.970435,
            528.9
          ],
          [
            -118.222592,
            50.969231,
            526.6
          ],
          [
            -118.222349,
            50.968833,
            526
          ],
          [
            -118.222313,
            50.968689,
            525.9
          ],
          [
            -118.222212,
            50.968409,
            525.7
          ],
          [
            -118.222178,
            50.968267,
            525.4
          ],
          [
            -118.222157,
            50.968124,
            525
          ],
          [
            -118.222151,
            50.96798,
            524.5
          ],
          [
            -118.222174,
            50.967427,
            521.9
          ],
          [
            -118.222162,
            50.96728,
            521.3
          ],
          [
            -118.222127,
            50.967135,
            520.7
          ],
          [
            -118.222018,
            50.96697,
            520
          ],
          [
            -118.221936,
            50.966867,
            519.3
          ],
          [
            -118.221815,
            50.966742,
            518.4
          ],
          [
            -118.221672,
            50.966625,
            517.6
          ],
          [
            -118.221516,
            50.966525,
            517.1
          ],
          [
            -118.221147,
            50.966313,
            515.9
          ],
          [
            -118.22103,
            50.966227,
            515.4
          ],
          [
            -118.220909,
            50.966108,
            514.5
          ],
          [
            -118.220818,
            50.96598,
            513.9
          ],
          [
            -118.22078,
            50.965842,
            513.1
          ],
          [
            -118.220657,
            50.965566,
            512.2
          ],
          [
            -118.220263,
            50.964542,
            512.4
          ],
          [
            -118.22018,
            50.9644,
            512.5
          ],
          [
            -118.219716,
            50.963201,
            513.7
          ],
          [
            -118.219467,
            50.962588,
            515.9
          ],
          [
            -118.219322,
            50.962291,
            517.3
          ],
          [
            -118.219237,
            50.962148,
            517.8
          ],
          [
            -118.219046,
            50.961867,
            518.8
          ],
          [
            -118.218523,
            50.961197,
            520.6
          ],
          [
            -118.218434,
            50.961069,
            520.7
          ],
          [
            -118.218276,
            50.960798,
            520.7
          ],
          [
            -118.218217,
            50.96066,
            520.8
          ],
          [
            -118.218136,
            50.960372,
            520.3
          ],
          [
            -118.218024,
            50.959775,
            517.9
          ],
          [
            -118.218028,
            50.959621,
            517.6
          ],
          [
            -118.218018,
            50.959321,
            517.1
          ],
          [
            -118.218031,
            50.959172,
            516.7
          ],
          [
            -118.218079,
            50.958869,
            516.2
          ],
          [
            -118.218371,
            50.957531,
            516.9
          ],
          [
            -118.218406,
            50.957231,
            517.2
          ],
          [
            -118.21841,
            50.957053,
            517.2
          ],
          [
            -118.218399,
            50.956929,
            517.2
          ],
          [
            -118.218352,
            50.956784,
            517.3
          ],
          [
            -118.218324,
            50.956635,
            517.3
          ],
          [
            -118.218282,
            50.956486,
            517.3
          ],
          [
            -118.218038,
            50.955917,
            518.8
          ],
          [
            -118.217868,
            50.955488,
            520.2
          ],
          [
            -118.217794,
            50.955201,
            520.9
          ],
          [
            -118.217759,
            50.954914,
            522
          ],
          [
            -118.217735,
            50.954376,
            523.7
          ],
          [
            -118.217717,
            50.954247,
            523.6
          ],
          [
            -118.217683,
            50.954116,
            524
          ],
          [
            -118.217626,
            50.953992,
            524.2
          ],
          [
            -118.217386,
            50.953779,
            524.7
          ],
          [
            -118.21687,
            50.953349,
            525.6
          ],
          [
            -118.216734,
            50.953249,
            526.2
          ],
          [
            -118.2163,
            50.952974,
            527.9
          ],
          [
            -118.215981,
            50.952812,
            528
          ],
          [
            -118.215821,
            50.95272,
            527.7
          ],
          [
            -118.21568,
            50.952618,
            527.7
          ],
          [
            -118.215555,
            50.952511,
            527.7
          ],
          [
            -118.215111,
            50.952081,
            527.5
          ],
          [
            -118.215019,
            50.952013,
            527.4
          ],
          [
            -118.214887,
            50.951947,
            527.6
          ],
          [
            -118.214737,
            50.951898,
            527.7
          ],
          [
            -118.214556,
            50.951868,
            527.8
          ],
          [
            -118.214445,
            50.951862,
            528.1
          ],
          [
            -118.214302,
            50.951874,
            528.2
          ],
          [
            -118.213736,
            50.951993,
            527.6
          ],
          [
            -118.213603,
            50.951991,
            527.8
          ],
          [
            -118.21347,
            50.951972,
            527.7
          ],
          [
            -118.213354,
            50.951937,
            527.9
          ],
          [
            -118.213263,
            50.951885,
            527.9
          ],
          [
            -118.213199,
            50.951824,
            527.8
          ],
          [
            -118.213156,
            50.951755,
            527.9
          ],
          [
            -118.213095,
            50.951691,
            528
          ],
          [
            -118.21281,
            50.951313,
            529
          ],
          [
            -118.212577,
            50.951053,
            530.4
          ],
          [
            -118.212397,
            50.950874,
            531.3
          ],
          [
            -118.211689,
            50.950228,
            532.7
          ],
          [
            -118.211407,
            50.949916,
            533.2
          ],
          [
            -118.211205,
            50.949619,
            533.8
          ],
          [
            -118.211181,
            50.949531,
            534.1
          ],
          [
            -118.211137,
            50.949453,
            534.6
          ],
          [
            -118.211068,
            50.94939,
            534.7
          ],
          [
            -118.211001,
            50.949279,
            535
          ],
          [
            -118.211,
            50.949227,
            535
          ],
          [
            -118.210954,
            50.949191,
            535.1
          ],
          [
            -118.21079,
            50.948703,
            536.9
          ],
          [
            -118.210734,
            50.948491,
            537.1
          ],
          [
            -118.210678,
            50.948341,
            537.4
          ],
          [
            -118.210568,
            50.948122,
            537.8
          ],
          [
            -118.210498,
            50.948021,
            537.8
          ],
          [
            -118.210425,
            50.947983,
            538
          ],
          [
            -118.210208,
            50.947803,
            538.6
          ],
          [
            -118.209888,
            50.947564,
            538.6
          ],
          [
            -118.209737,
            50.947413,
            538.7
          ],
          [
            -118.2093,
            50.946935,
            540.1
          ],
          [
            -118.209064,
            50.946742,
            540.1
          ],
          [
            -118.208924,
            50.946654,
            540.2
          ],
          [
            -118.208692,
            50.946545,
            540.1
          ],
          [
            -118.207711,
            50.946187,
            540.6
          ],
          [
            -118.207206,
            50.945981,
            541
          ],
          [
            -118.20697,
            50.945864,
            541.1
          ],
          [
            -118.206896,
            50.945812,
            541.1
          ],
          [
            -118.206614,
            50.945499,
            540.3
          ],
          [
            -118.206526,
            50.945417,
            539.9
          ],
          [
            -118.206473,
            50.945376,
            539.8
          ],
          [
            -118.206117,
            50.945157,
            539.2
          ],
          [
            -118.205718,
            50.944858,
            538.8
          ],
          [
            -118.205067,
            50.944219,
            536.1
          ],
          [
            -118.205083,
            50.944165,
            535.5
          ],
          [
            -118.205158,
            50.944011,
            534.9
          ],
          [
            -118.20515,
            50.943969,
            534.8
          ],
          [
            -118.205161,
            50.943922,
            534.7
          ],
          [
            -118.205123,
            50.943888,
            534.5
          ],
          [
            -118.205061,
            50.943881,
            534.5
          ],
          [
            -118.204769,
            50.943681,
            534.4
          ],
          [
            -118.20431,
            50.943427,
            534.1
          ],
          [
            -118.202438,
            50.942275,
            532.7
          ],
          [
            -118.202204,
            50.94209,
            532.2
          ],
          [
            -118.202106,
            50.942045,
            532.3
          ],
          [
            -118.201844,
            50.941883,
            532
          ],
          [
            -118.201443,
            50.941702,
            532
          ],
          [
            -118.19967,
            50.940963,
            535.5
          ],
          [
            -118.199408,
            50.940841,
            535.4
          ],
          [
            -118.199004,
            50.940632,
            536.5
          ],
          [
            -118.198984,
            50.940604,
            536.6
          ],
          [
            -118.199072,
            50.940361,
            537.3
          ],
          [
            -118.199031,
            50.940291,
            537.5
          ],
          [
            -118.198946,
            50.940204,
            538
          ],
          [
            -118.198719,
            50.940022,
            539.3
          ],
          [
            -118.198473,
            50.939854,
            540.2
          ],
          [
            -118.198315,
            50.939764,
            541.4
          ],
          [
            -118.198306,
            50.939879,
            540
          ],
          [
            -118.19832,
            50.939901,
            541
          ],
          [
            -118.198315,
            50.940055,
            532
          ],
          [
            -118.198284,
            50.940045,
            540
          ],
          [
            -118.198322,
            50.939984,
            539
          ],
          [
            -118.198269,
            50.940018,
            532
          ],
          [
            -118.198337,
            50.9401,
            533
          ],
          [
            -118.198343,
            50.940121,
            543.5
          ]
        ]
      }
    }
  ]
}
