<?xml version="1.0" encoding="UTF-8" standalone="no"?>
<gpx xmlns="http://www.topografix.com/GPX/1/1" creator="GaiaGPS" version="1.1" xmlns:xsi="http://www.w3.org/2001/XMLSchema-instance" xsi:schemaLocation="http://www.topografix.com/GPX/1/1 http://www.topografix.com/GPX/1/1/gpx.xsd">
  <metadata>
    <time>2026-07-24T16:45:58Z</time>
  </metadata>
  <trk>
    <name>d030-Buttes Windmill, Weld County, CO to Fremont County, WY, USA</name>
    <trkseg>
      <trkpt lat="40.806362" lon="-103.989578">
        <ele>1627.0</ele>
        <time>2026-07-24T16:46:00Z</time>
      </trkpt>
      <trkpt lat="40.806360" lon="-103.989601">
        <ele>1626.0</ele>
        <time>2026-07-24T16:47:08Z</time>
      </trkpt>
      <trkpt lat="40.806343" lon="-103.989681">
        <ele>1626.0</ele>
        <time>2026-07-24T16:47:13Z</time>
      </trkpt>
      <trkpt lat="40.806309" lon="-103.989705">
        <ele>1621.0</ele>
        <time>2026-07-24T16:47:18Z</time>
      </trkpt>
      <trkpt lat="40.806339" lon="-103.989765">
        <ele>1625.7</ele>
        <time>2026-07-24T16:47:24Z</time>
      </trkpt>
      <trkpt lat="40.806332" lon="-103.989886">
        <ele>1625.5</ele>
        <time>2026-07-24T16:47:27Z</time>
      </trkpt>
      <trkpt lat="40.806345" lon="-103.989977">
        <ele>1625.1</ele>
        <time>2026-07-24T16:47:29Z</time>
      </trkpt>
      <trkpt lat="40.806465" lon="-103.990332">
        <ele>1624.4</ele>
        <time>2026-07-24T16:47:36Z</time>
      </trkpt>
      <trkpt lat="40.806503" lon="-103.990391">
        <ele>1624.0</ele>
        <time>2026-07-24T16:47:39Z</time>
      </trkpt>
      <trkpt lat="40.806299" lon="-103.990557">
        <ele>1618.6</ele>
        <time>2026-07-24T16:47:41Z</time>
      </trkpt>
      <trkpt lat="40.806417" lon="-103.990593">
        <ele>1618.2</ele>
        <time>2026-07-24T16:47:46Z</time>
      </trkpt>
      <trkpt lat="40.806626" lon="-103.990572">
        <ele>1615.2</ele>
        <time>2026-07-24T16:47:50Z</time>
      </trkpt>
      <trkpt lat="40.806688" lon="-103.990524">
        <ele>1614.5</ele>
        <time>2026-07-24T16:47:51Z</time>
      </trkpt>
      <trkpt lat="40.807212" lon="-103.990367">
        <ele>1615.9</ele>
        <time>2026-07-24T16:47:58Z</time>
      </trkpt>
      <trkpt lat="40.807659" lon="-103.990339">
        <ele>1612.3</ele>
        <time>2026-07-24T16:48:02Z</time>
      </trkpt>
      <trkpt lat="40.807870" lon="-103.990305">
        <ele>1611.1</ele>
        <time>2026-07-24T16:48:04Z</time>
      </trkpt>
      <trkpt lat="40.808091" lon="-103.990296">
        <ele>1610.3</ele>
        <time>2026-07-24T16:48:06Z</time>
      </trkpt>
      <trkpt lat="40.808198" lon="-103.990312">
        <ele>1610.0</ele>
        <time>2026-07-24T16:48:07Z</time>
      </trkpt>
      <trkpt lat="40.808308" lon="-103.990279">
        <ele>1609.9</ele>
        <time>2026-07-24T16:48:08Z</time>
      </trkpt>
      <trkpt lat="40.808411" lon="-103.990267">
        <ele>1609.8</ele>
        <time>2026-07-24T16:48:09Z</time>
      </trkpt>
      <trkpt lat="40.808516" lon="-103.990284">
        <ele>1610.0</ele>
        <time>2026-07-24T16:48:10Z</time>
      </trkpt>
      <trkpt lat="40.808706" lon="-103.990258">
        <ele>1610.9</ele>
        <time>2026-07-24T16:48:12Z</time>
      </trkpt>
      <trkpt lat="40.808780" lon="-103.990257">
        <ele>1611.6</ele>
        <time>2026-07-24T16:48:13Z</time>
      </trkpt>
      <trkpt lat="40.808846" lon="-103.990269">
        <ele>1612.2</ele>
        <time>2026-07-24T16:48:14Z</time>
      </trkpt>
      <trkpt lat="40.808940" lon="-103.990319">
        <ele>1612.7</ele>
        <time>2026-07-24T16:48:16Z</time>
      </trkpt>
      <trkpt lat="40.809092" lon="-103.990476">
        <ele>1612.4</ele>
        <time>2026-07-24T16:48:19Z</time>
      </trkpt>
      <trkpt lat="40.809140" lon="-103.990555">
        <ele>1612.1</ele>
        <time>2026-07-24T16:48:20Z</time>
      </trkpt>
      <trkpt lat="40.809178" lon="-103.990645">
        <ele>1611.4</ele>
        <time>2026-07-24T16:48:21Z</time>
      </trkpt>
      <trkpt lat="40.809299" lon="-103.991170">
        <ele>1610.0</ele>
        <time>2026-07-24T16:48:24Z</time>
      </trkpt>
      <trkpt lat="40.809414" lon="-103.991569">
        <ele>1610.0</ele>
        <time>2026-07-24T16:48:27Z</time>
      </trkpt>
      <trkpt lat="40.809549" lon="-103.992284">
        <ele>1612.0</ele>
        <time>2026-07-24T16:48:32Z</time>
      </trkpt>
      <trkpt lat="40.809585" lon="-103.992573">
        <ele>1613.2</ele>
        <time>2026-07-24T16:48:34Z</time>
      </trkpt>
      <trkpt lat="40.809636" lon="-103.993261">
        <ele>1617.2</ele>
        <time>2026-07-24T16:48:39Z</time>
      </trkpt>
      <trkpt lat="40.809713" lon="-103.993904">
        <ele>1621.2</ele>
        <time>2026-07-24T16:48:44Z</time>
      </trkpt>
      <trkpt lat="40.809727" lon="-103.994290">
        <ele>1623.8</ele>
        <time>2026-07-24T16:48:47Z</time>
      </trkpt>
      <trkpt lat="40.809682" lon="-103.995327">
        <ele>1633.3</ele>
        <time>2026-07-24T16:48:55Z</time>
      </trkpt>
      <trkpt lat="40.809666" lon="-103.995527">
        <ele>1636.6</ele>
        <time>2026-07-24T16:48:57Z</time>
      </trkpt>
      <trkpt lat="40.809627" lon="-103.995667">
        <ele>1638.8</ele>
        <time>2026-07-24T16:48:59Z</time>
      </trkpt>
      <trkpt lat="40.809536" lon="-103.995868">
        <ele>1640.6</ele>
        <time>2026-07-24T16:49:02Z</time>
      </trkpt>
      <trkpt lat="40.809521" lon="-103.995948">
        <ele>1641.1</ele>
        <time>2026-07-24T16:49:03Z</time>
      </trkpt>
      <trkpt lat="40.809518" lon="-103.996030">
        <ele>1641.5</ele>
        <time>2026-07-24T16:49:04Z</time>
      </trkpt>
      <trkpt lat="40.809560" lon="-103.996266">
        <ele>1642.6</ele>
        <time>2026-07-24T16:49:07Z</time>
      </trkpt>
      <trkpt lat="40.809570" lon="-103.996381">
        <ele>1642.8</ele>
        <time>2026-07-24T16:49:08Z</time>
      </trkpt>
      <trkpt lat="40.809707" lon="-103.996918">
        <ele>1644.8</ele>
        <time>2026-07-24T16:49:14Z</time>
      </trkpt>
      <trkpt lat="40.809859" lon="-103.997297">
        <ele>1647.1</ele>
        <time>2026-07-24T16:49:18Z</time>
      </trkpt>
      <trkpt lat="40.810198" lon="-103.997951">
        <ele>1650.6</ele>
        <time>2026-07-24T16:49:25Z</time>
      </trkpt>
      <trkpt lat="40.810369" lon="-103.998372">
        <ele>1652.8</ele>
        <time>2026-07-24T16:49:30Z</time>
      </trkpt>
      <trkpt lat="40.810443" lon="-103.998473">
        <ele>1652.9</ele>
        <time>2026-07-24T16:49:32Z</time>
      </trkpt>
      <trkpt lat="40.810493" lon="-103.998518">
        <ele>1652.8</ele>
        <time>2026-07-24T16:49:33Z</time>
      </trkpt>
      <trkpt lat="40.810756" lon="-103.998879">
        <ele>1653.0</ele>
        <time>2026-07-24T16:49:37Z</time>
      </trkpt>
      <trkpt lat="40.810842" lon="-103.999058">
        <ele>1653.2</ele>
        <time>2026-07-24T16:49:39Z</time>
      </trkpt>
      <trkpt lat="40.810887" lon="-103.999131">
        <ele>1653.4</ele>
        <time>2026-07-24T16:49:40Z</time>
      </trkpt>
      <trkpt lat="40.810999" lon="-103.999268">
        <ele>1653.5</ele>
        <time>2026-07-24T16:49:42Z</time>
      </trkpt>
      <trkpt lat="40.811065" lon="-103.999327">
        <ele>1653.5</ele>
        <time>2026-07-24T16:49:43Z</time>
      </trkpt>
      <trkpt lat="40.811133" lon="-103.999372">
        <ele>1653.5</ele>
        <time>2026-07-24T16:49:44Z</time>
      </trkpt>
      <trkpt lat="40.811292" lon="-103.999450">
        <ele>1653.6</ele>
        <time>2026-07-24T16:49:46Z</time>
      </trkpt>
      <trkpt lat="40.811467" lon="-103.999499">
        <ele>1653.7</ele>
        <time>2026-07-24T16:49:48Z</time>
      </trkpt>
      <trkpt lat="40.811827" lon="-103.999561">
        <ele>1655.0</ele>
        <time>2026-07-24T16:49:52Z</time>
      </trkpt>
      <trkpt lat="40.812185" lon="-103.999657">
        <ele>1655.6</ele>
        <time>2026-07-24T16:49:55Z</time>
      </trkpt>
      <trkpt lat="40.812259" lon="-103.999683">
        <ele>1655.8</ele>
        <time>2026-07-24T16:49:56Z</time>
      </trkpt>
      <trkpt lat="40.812328" lon="-103.999720">
        <ele>1655.8</ele>
        <time>2026-07-24T16:49:57Z</time>
      </trkpt>
      <trkpt lat="40.812502" lon="-103.999905">
        <ele>1656.1</ele>
        <time>2026-07-24T16:50:00Z</time>
      </trkpt>
      <trkpt lat="40.812598" lon="-104.000055">
        <ele>1656.3</ele>
        <time>2026-07-24T16:50:02Z</time>
      </trkpt>
      <trkpt lat="40.812718" lon="-104.000299">
        <ele>1656.7</ele>
        <time>2026-07-24T16:50:05Z</time>
      </trkpt>
      <trkpt lat="40.812760" lon="-104.000413">
        <ele>1656.9</ele>
        <time>2026-07-24T16:50:06Z</time>
      </trkpt>
      <trkpt lat="40.812806" lon="-104.000619">
        <ele>1657.4</ele>
        <time>2026-07-24T16:50:08Z</time>
      </trkpt>
      <trkpt lat="40.812797" lon="-104.000710">
        <ele>1657.5</ele>
        <time>2026-07-24T16:50:09Z</time>
      </trkpt>
      <trkpt lat="40.812815" lon="-104.001150">
        <ele>1658.2</ele>
        <time>2026-07-24T16:50:13Z</time>
      </trkpt>
      <trkpt lat="40.812787" lon="-104.001536">
        <ele>1659.1</ele>
        <time>2026-07-24T16:50:17Z</time>
      </trkpt>
      <trkpt lat="40.812784" lon="-104.001758">
        <ele>1659.0</ele>
        <time>2026-07-24T16:50:19Z</time>
      </trkpt>
      <trkpt lat="40.812800" lon="-104.001880">
        <ele>1658.8</ele>
        <time>2026-07-24T16:50:20Z</time>
      </trkpt>
      <trkpt lat="40.812784" lon="-104.001997">
        <ele>1658.6</ele>
        <time>2026-07-24T16:50:21Z</time>
      </trkpt>
      <trkpt lat="40.812791" lon="-104.003755">
        <ele>1657.7</ele>
        <time>2026-07-24T16:50:34Z</time>
      </trkpt>
      <trkpt lat="40.812765" lon="-104.003992">
        <ele>1657.6</ele>
        <time>2026-07-24T16:50:35Z</time>
      </trkpt>
      <trkpt lat="40.812766" lon="-104.004789">
        <ele>1657.6</ele>
        <time>2026-07-24T16:50:41Z</time>
      </trkpt>
      <trkpt lat="40.812747" lon="-104.004913">
        <ele>1657.6</ele>
        <time>2026-07-24T16:50:42Z</time>
      </trkpt>
      <trkpt lat="40.812710" lon="-104.005029">
        <ele>1657.6</ele>
        <time>2026-07-24T16:50:43Z</time>
      </trkpt>
      <trkpt lat="40.812656" lon="-104.005134">
        <ele>1657.7</ele>
        <time>2026-07-24T16:50:44Z</time>
      </trkpt>
      <trkpt lat="40.812588" lon="-104.005223">
        <ele>1658.0</ele>
        <time>2026-07-24T16:50:45Z</time>
      </trkpt>
      <trkpt lat="40.812498" lon="-104.005281">
        <ele>1658.2</ele>
        <time>2026-07-24T16:50:46Z</time>
      </trkpt>
      <trkpt lat="40.811057" lon="-104.006431">
        <ele>1661.2</ele>
        <time>2026-07-24T16:51:03Z</time>
      </trkpt>
      <trkpt lat="40.810754" lon="-104.006706">
        <ele>1661.6</ele>
        <time>2026-07-24T16:51:07Z</time>
      </trkpt>
      <trkpt lat="40.810618" lon="-104.006882">
        <ele>1661.7</ele>
        <time>2026-07-24T16:51:09Z</time>
      </trkpt>
      <trkpt lat="40.810543" lon="-104.006950">
        <ele>1661.6</ele>
        <time>2026-07-24T16:51:10Z</time>
      </trkpt>
      <trkpt lat="40.810447" lon="-104.007168">
        <ele>1661.2</ele>
        <time>2026-07-24T16:51:12Z</time>
      </trkpt>
      <trkpt lat="40.810319" lon="-104.007523">
        <ele>1660.7</ele>
        <time>2026-07-24T16:51:15Z</time>
      </trkpt>
      <trkpt lat="40.810209" lon="-104.007736">
        <ele>1660.4</ele>
        <time>2026-07-24T16:51:17Z</time>
      </trkpt>
      <trkpt lat="40.810141" lon="-104.007839">
        <ele>1660.4</ele>
        <time>2026-07-24T16:51:18Z</time>
      </trkpt>
      <trkpt lat="40.810057" lon="-104.007919">
        <ele>1660.4</ele>
        <time>2026-07-24T16:51:19Z</time>
      </trkpt>
      <trkpt lat="40.809896" lon="-104.008102">
        <ele>1660.6</ele>
        <time>2026-07-24T16:51:21Z</time>
      </trkpt>
      <trkpt lat="40.809824" lon="-104.008209">
        <ele>1660.6</ele>
        <time>2026-07-24T16:51:22Z</time>
      </trkpt>
      <trkpt lat="40.809729" lon="-104.008285">
        <ele>1660.5</ele>
        <time>2026-07-24T16:51:23Z</time>
      </trkpt>
      <trkpt lat="40.809296" lon="-104.008765">
        <ele>1659.3</ele>
        <time>2026-07-24T16:51:28Z</time>
      </trkpt>
      <trkpt lat="40.809127" lon="-104.008914">
        <ele>1659.1</ele>
        <time>2026-07-24T16:51:29Z</time>
      </trkpt>
      <trkpt lat="40.808561" lon="-104.009514">
        <ele>1659.3</ele>
        <time>2026-07-24T16:51:35Z</time>
      </trkpt>
      <trkpt lat="40.808310" lon="-104.009806">
        <ele>1660.1</ele>
        <time>2026-07-24T16:51:38Z</time>
      </trkpt>
      <trkpt lat="40.808178" lon="-104.010009">
        <ele>1660.7</ele>
        <time>2026-07-24T16:51:40Z</time>
      </trkpt>
      <trkpt lat="40.807830" lon="-104.010953">
        <ele>1660.5</ele>
        <time>2026-07-24T16:51:48Z</time>
      </trkpt>
      <trkpt lat="40.807791" lon="-104.011048">
        <ele>1660.3</ele>
        <time>2026-07-24T16:51:49Z</time>
      </trkpt>
      <trkpt lat="40.807718" lon="-104.011177">
        <ele>1660.1</ele>
        <time>2026-07-24T16:51:50Z</time>
      </trkpt>
      <trkpt lat="40.807696" lon="-104.011283">
        <ele>1659.8</ele>
        <time>2026-07-24T16:51:51Z</time>
      </trkpt>
      <trkpt lat="40.807544" lon="-104.011645">
        <ele>1658.8</ele>
        <time>2026-07-24T16:51:54Z</time>
      </trkpt>
      <trkpt lat="40.807335" lon="-104.011968">
        <ele>1658.9</ele>
        <time>2026-07-24T16:51:57Z</time>
      </trkpt>
      <trkpt lat="40.806919" lon="-104.012514">
        <ele>1658.9</ele>
        <time>2026-07-24T16:52:03Z</time>
      </trkpt>
      <trkpt lat="40.806848" lon="-104.012600">
        <ele>1658.7</ele>
        <time>2026-07-24T16:52:04Z</time>
      </trkpt>
      <trkpt lat="40.806636" lon="-104.012781">
        <ele>1659.3</ele>
        <time>2026-07-24T16:52:07Z</time>
      </trkpt>
      <trkpt lat="40.806579" lon="-104.012844">
        <ele>1659.5</ele>
        <time>2026-07-24T16:52:08Z</time>
      </trkpt>
      <trkpt lat="40.806090" lon="-104.013637">
        <ele>1658.0</ele>
        <time>2026-07-24T16:52:17Z</time>
      </trkpt>
      <trkpt lat="40.805902" lon="-104.013923">
        <ele>1657.7</ele>
        <time>2026-07-24T16:52:20Z</time>
      </trkpt>
      <trkpt lat="40.805323" lon="-104.014876">
        <ele>1655.8</ele>
        <time>2026-07-24T16:52:30Z</time>
      </trkpt>
      <trkpt lat="40.805196" lon="-104.015029">
        <ele>1653.8</ele>
        <time>2026-07-24T16:52:32Z</time>
      </trkpt>
      <trkpt lat="40.805120" lon="-104.015087">
        <ele>1652.7</ele>
        <time>2026-07-24T16:52:33Z</time>
      </trkpt>
      <trkpt lat="40.805041" lon="-104.015128">
        <ele>1651.4</ele>
        <time>2026-07-24T16:52:34Z</time>
      </trkpt>
      <trkpt lat="40.804951" lon="-104.015154">
        <ele>1650.5</ele>
        <time>2026-07-24T16:52:35Z</time>
      </trkpt>
      <trkpt lat="40.804856" lon="-104.015159">
        <ele>1649.5</ele>
        <time>2026-07-24T16:52:36Z</time>
      </trkpt>
      <trkpt lat="40.804569" lon="-104.015036">
        <ele>1646.4</ele>
        <time>2026-07-24T16:52:39Z</time>
      </trkpt>
      <trkpt lat="40.804464" lon="-104.015008">
        <ele>1645.5</ele>
        <time>2026-07-24T16:52:40Z</time>
      </trkpt>
      <trkpt lat="40.803855" lon="-104.014743">
        <ele>1641.4</ele>
        <time>2026-07-24T16:52:46Z</time>
      </trkpt>
      <trkpt lat="40.802955" lon="-104.014382">
        <ele>1639.1</ele>
        <time>2026-07-24T16:52:55Z</time>
      </trkpt>
      <trkpt lat="40.802816" lon="-104.014333">
        <ele>1639.0</ele>
        <time>2026-07-24T16:52:57Z</time>
      </trkpt>
      <trkpt lat="40.802746" lon="-104.014323">
        <ele>1638.8</ele>
        <time>2026-07-24T16:52:58Z</time>
      </trkpt>
      <trkpt lat="40.802703" lon="-104.014332">
        <ele>1638.7</ele>
        <time>2026-07-24T16:52:59Z</time>
      </trkpt>
      <trkpt lat="40.802652" lon="-104.014365">
        <ele>1638.8</ele>
        <time>2026-07-24T16:53:00Z</time>
      </trkpt>
      <trkpt lat="40.802639" lon="-104.014440">
        <ele>1638.9</ele>
        <time>2026-07-24T16:53:01Z</time>
      </trkpt>
      <trkpt lat="40.802611" lon="-104.014520">
        <ele>1639.2</ele>
        <time>2026-07-24T16:53:02Z</time>
      </trkpt>
      <trkpt lat="40.802535" lon="-104.014697">
        <ele>1639.6</ele>
        <time>2026-07-24T16:53:04Z</time>
      </trkpt>
      <trkpt lat="40.802482" lon="-104.014786">
        <ele>1639.9</ele>
        <time>2026-07-24T16:53:05Z</time>
      </trkpt>
      <trkpt lat="40.802415" lon="-104.014870">
        <ele>1640.1</ele>
        <time>2026-07-24T16:53:06Z</time>
      </trkpt>
      <trkpt lat="40.802146" lon="-104.015034">
        <ele>1640.3</ele>
        <time>2026-07-24T16:53:09Z</time>
      </trkpt>
      <trkpt lat="40.801839" lon="-104.015202">
        <ele>1640.3</ele>
        <time>2026-07-24T16:53:12Z</time>
      </trkpt>
      <trkpt lat="40.801738" lon="-104.015276">
        <ele>1640.4</ele>
        <time>2026-07-24T16:53:13Z</time>
      </trkpt>
      <trkpt lat="40.801645" lon="-104.015366">
        <ele>1640.4</ele>
        <time>2026-07-24T16:53:14Z</time>
      </trkpt>
      <trkpt lat="40.801564" lon="-104.015474">
        <ele>1640.4</ele>
        <time>2026-07-24T16:53:15Z</time>
      </trkpt>
      <trkpt lat="40.801516" lon="-104.015614">
        <ele>1640.6</ele>
        <time>2026-07-24T16:53:16Z</time>
      </trkpt>
      <trkpt lat="40.801394" lon="-104.015878">
        <ele>1640.7</ele>
        <time>2026-07-24T16:53:18Z</time>
      </trkpt>
      <trkpt lat="40.801318" lon="-104.015997">
        <ele>1640.5</ele>
        <time>2026-07-24T16:53:19Z</time>
      </trkpt>
      <trkpt lat="40.801231" lon="-104.016103">
        <ele>1640.1</ele>
        <time>2026-07-24T16:53:20Z</time>
      </trkpt>
      <trkpt lat="40.801136" lon="-104.016191">
        <ele>1639.7</ele>
        <time>2026-07-24T16:53:21Z</time>
      </trkpt>
      <trkpt lat="40.800964" lon="-104.016402">
        <ele>1639.0</ele>
        <time>2026-07-24T16:53:23Z</time>
      </trkpt>
      <trkpt lat="40.800812" lon="-104.016633">
        <ele>1638.7</ele>
        <time>2026-07-24T16:53:25Z</time>
      </trkpt>
      <trkpt lat="40.800690" lon="-104.016876">
        <ele>1638.8</ele>
        <time>2026-07-24T16:53:27Z</time>
      </trkpt>
      <trkpt lat="40.800643" lon="-104.016995">
        <ele>1638.9</ele>
        <time>2026-07-24T16:53:28Z</time>
      </trkpt>
      <trkpt lat="40.800609" lon="-104.017121">
        <ele>1638.9</ele>
        <time>2026-07-24T16:53:29Z</time>
      </trkpt>
      <trkpt lat="40.800615" lon="-104.017252">
        <ele>1638.8</ele>
        <time>2026-07-24T16:53:30Z</time>
      </trkpt>
      <trkpt lat="40.800646" lon="-104.017513">
        <ele>1638.7</ele>
        <time>2026-07-24T16:53:32Z</time>
      </trkpt>
      <trkpt lat="40.800702" lon="-104.017776">
        <ele>1638.3</ele>
        <time>2026-07-24T16:53:34Z</time>
      </trkpt>
      <trkpt lat="40.800744" lon="-104.017901">
        <ele>1637.8</ele>
        <time>2026-07-24T16:53:35Z</time>
      </trkpt>
      <trkpt lat="40.800856" lon="-104.018110">
        <ele>1636.0</ele>
        <time>2026-07-24T16:53:37Z</time>
      </trkpt>
      <trkpt lat="40.800943" lon="-104.018248">
        <ele>1634.7</ele>
        <time>2026-07-24T16:53:38Z</time>
      </trkpt>
      <trkpt lat="40.801100" lon="-104.018463">
        <ele>1631.9</ele>
        <time>2026-07-24T16:53:40Z</time>
      </trkpt>
      <trkpt lat="40.801185" lon="-104.018604">
        <ele>1630.5</ele>
        <time>2026-07-24T16:53:41Z</time>
      </trkpt>
      <trkpt lat="40.801253" lon="-104.018770">
        <ele>1629.1</ele>
        <time>2026-07-24T16:53:42Z</time>
      </trkpt>
      <trkpt lat="40.801305" lon="-104.018991">
        <ele>1627.8</ele>
        <time>2026-07-24T16:53:43Z</time>
      </trkpt>
      <trkpt lat="40.801316" lon="-104.019152">
        <ele>1626.4</ele>
        <time>2026-07-24T16:53:44Z</time>
      </trkpt>
      <trkpt lat="40.801310" lon="-104.019536">
        <ele>1623.9</ele>
        <time>2026-07-24T16:53:46Z</time>
      </trkpt>
      <trkpt lat="40.801288" lon="-104.019736">
        <ele>1622.6</ele>
        <time>2026-07-24T16:53:47Z</time>
      </trkpt>
      <trkpt lat="40.801226" lon="-104.021017">
        <ele>1614.9</ele>
        <time>2026-07-24T16:53:53Z</time>
      </trkpt>
      <trkpt lat="40.801157" lon="-104.022154">
        <ele>1608.7</ele>
        <time>2026-07-24T16:53:58Z</time>
      </trkpt>
      <trkpt lat="40.801039" lon="-104.023825">
        <ele>1601.0</ele>
        <time>2026-07-24T16:54:05Z</time>
      </trkpt>
      <trkpt lat="40.800773" lon="-104.028289">
        <ele>1598.6</ele>
        <time>2026-07-24T16:54:24Z</time>
      </trkpt>
      <trkpt lat="40.800577" lon="-104.032095">
        <ele>1598.9</ele>
        <time>2026-07-24T16:54:41Z</time>
      </trkpt>
      <trkpt lat="40.800378" lon="-104.035305">
        <ele>1602.2</ele>
        <time>2026-07-24T16:54:55Z</time>
      </trkpt>
      <trkpt lat="40.800095" lon="-104.040422">
        <ele>1614.3</ele>
        <time>2026-07-24T16:55:17Z</time>
      </trkpt>
      <trkpt lat="40.799932" lon="-104.042349">
        <ele>1618.9</ele>
        <time>2026-07-24T16:55:26Z</time>
      </trkpt>
      <trkpt lat="40.799438" lon="-104.048564">
        <ele>1616.3</ele>
        <time>2026-07-24T16:55:57Z</time>
      </trkpt>
      <trkpt lat="40.799436" lon="-104.048797">
        <ele>1615.5</ele>
        <time>2026-07-24T16:55:59Z</time>
      </trkpt>
      <trkpt lat="40.799448" lon="-104.048897">
        <ele>1615.0</ele>
        <time>2026-07-24T16:56:00Z</time>
      </trkpt>
      <trkpt lat="40.799487" lon="-104.048978">
        <ele>1614.5</ele>
        <time>2026-07-24T16:56:01Z</time>
      </trkpt>
      <trkpt lat="40.799599" lon="-104.049059">
        <ele>1613.5</ele>
        <time>2026-07-24T16:56:03Z</time>
      </trkpt>
      <trkpt lat="40.799701" lon="-104.049078">
        <ele>1612.8</ele>
        <time>2026-07-24T16:56:05Z</time>
      </trkpt>
      <trkpt lat="40.799838" lon="-104.049087">
        <ele>1612.0</ele>
        <time>2026-07-24T16:56:07Z</time>
      </trkpt>
      <trkpt lat="40.800252" lon="-104.049080">
        <ele>1610.2</ele>
        <time>2026-07-24T16:56:14Z</time>
      </trkpt>
      <trkpt lat="40.800390" lon="-104.049331">
        <ele>1609.9</ele>
        <time>2026-07-24T16:56:16Z</time>
      </trkpt>
      <trkpt lat="40.800386" lon="-104.049418">
        <ele>1609.7</ele>
        <time>2026-07-24T16:56:17Z</time>
      </trkpt>
      <trkpt lat="40.800366" lon="-104.049518">
        <ele>1609.5</ele>
        <time>2026-07-24T16:56:18Z</time>
      </trkpt>
      <trkpt lat="40.800374" lon="-104.049758">
        <ele>1609.2</ele>
        <time>2026-07-24T16:56:20Z</time>
      </trkpt>
      <trkpt lat="40.800368" lon="-104.050212">
        <ele>1609.1</ele>
        <time>2026-07-24T16:56:23Z</time>
      </trkpt>
      <trkpt lat="40.800281" lon="-104.053339">
        <ele>1610.2</ele>
        <time>2026-07-24T16:56:40Z</time>
      </trkpt>
      <trkpt lat="40.800273" lon="-104.054560">
        <ele>1606.5</ele>
        <time>2026-07-24T16:56:46Z</time>
      </trkpt>
      <trkpt lat="40.800225" lon="-104.055029">
        <ele>1606.9</ele>
        <time>2026-07-24T16:56:48Z</time>
      </trkpt>
      <trkpt lat="40.800159" lon="-104.055395">
        <ele>1607.8</ele>
        <time>2026-07-24T16:56:50Z</time>
      </trkpt>
      <trkpt lat="40.799922" lon="-104.056165">
        <ele>1607.5</ele>
        <time>2026-07-24T16:56:54Z</time>
      </trkpt>
      <trkpt lat="40.799224" lon="-104.058048">
        <ele>1607.9</ele>
        <time>2026-07-24T16:57:04Z</time>
      </trkpt>
      <trkpt lat="40.799111" lon="-104.058414">
        <ele>1608.6</ele>
        <time>2026-07-24T16:57:06Z</time>
      </trkpt>
      <trkpt lat="40.799072" lon="-104.058597">
        <ele>1608.9</ele>
        <time>2026-07-24T16:57:07Z</time>
      </trkpt>
      <trkpt lat="40.799044" lon="-104.058942">
        <ele>1609.9</ele>
        <time>2026-07-24T16:57:09Z</time>
      </trkpt>
      <trkpt lat="40.799031" lon="-104.059249">
        <ele>1611.3</ele>
        <time>2026-07-24T16:57:11Z</time>
      </trkpt>
      <trkpt lat="40.798962" lon="-104.071188">
        <ele>1592.6</ele>
        <time>2026-07-24T16:58:07Z</time>
      </trkpt>
      <trkpt lat="40.798962" lon="-104.073498">
        <ele>1590.2</ele>
        <time>2026-07-24T16:58:16Z</time>
      </trkpt>
      <trkpt lat="40.798900" lon="-104.085701">
        <ele>1582.2</ele>
        <time>2026-07-24T16:59:05Z</time>
      </trkpt>
      <trkpt lat="40.798853" lon="-104.092536">
        <ele>1580.5</ele>
        <time>2026-07-24T16:59:33Z</time>
      </trkpt>
      <trkpt lat="40.798801" lon="-104.107136">
        <ele>1583.2</ele>
        <time>2026-07-24T17:00:29Z</time>
      </trkpt>
      <trkpt lat="40.798759" lon="-104.111582">
        <ele>1593.4</ele>
        <time>2026-07-24T17:00:46Z</time>
      </trkpt>
      <trkpt lat="40.798759" lon="-104.113412">
        <ele>1589.0</ele>
        <time>2026-07-24T17:00:53Z</time>
      </trkpt>
      <trkpt lat="40.798720" lon="-104.121757">
        <ele>1594.7</ele>
        <time>2026-07-24T17:01:25Z</time>
      </trkpt>
      <trkpt lat="40.798684" lon="-104.125179">
        <ele>1604.1</ele>
        <time>2026-07-24T17:01:39Z</time>
      </trkpt>
      <trkpt lat="40.798695" lon="-104.127139">
        <ele>1606.4</ele>
        <time>2026-07-24T17:01:48Z</time>
      </trkpt>
      <trkpt lat="40.798680" lon="-104.127366">
        <ele>1606.3</ele>
        <time>2026-07-24T17:01:49Z</time>
      </trkpt>
      <trkpt lat="40.798678" lon="-104.128896">
        <ele>1606.1</ele>
        <time>2026-07-24T17:01:56Z</time>
      </trkpt>
      <trkpt lat="40.798694" lon="-104.129099">
        <ele>1606.2</ele>
        <time>2026-07-24T17:01:57Z</time>
      </trkpt>
      <trkpt lat="40.798678" lon="-104.131071">
        <ele>1606.2</ele>
        <time>2026-07-24T17:02:08Z</time>
      </trkpt>
      <trkpt lat="40.798667" lon="-104.131198">
        <ele>1606.1</ele>
        <time>2026-07-24T17:02:09Z</time>
      </trkpt>
      <trkpt lat="40.798593" lon="-104.131406">
        <ele>1606.0</ele>
        <time>2026-07-24T17:02:11Z</time>
      </trkpt>
      <trkpt lat="40.798439" lon="-104.131734">
        <ele>1604.0</ele>
        <time>2026-07-24T17:02:14Z</time>
      </trkpt>
      <trkpt lat="40.798241" lon="-104.132101">
        <ele>1600.9</ele>
        <time>2026-07-24T17:02:17Z</time>
      </trkpt>
      <trkpt lat="40.798172" lon="-104.132284">
        <ele>1599.8</ele>
        <time>2026-07-24T17:02:18Z</time>
      </trkpt>
      <trkpt lat="40.798126" lon="-104.132446">
        <ele>1598.7</ele>
        <time>2026-07-24T17:02:19Z</time>
      </trkpt>
      <trkpt lat="40.798103" lon="-104.132584">
        <ele>1597.8</ele>
        <time>2026-07-24T17:02:20Z</time>
      </trkpt>
      <trkpt lat="40.798068" lon="-104.133178">
        <ele>1596.1</ele>
        <time>2026-07-24T17:02:23Z</time>
      </trkpt>
      <trkpt lat="40.798089" lon="-104.133717">
        <ele>1595.1</ele>
        <time>2026-07-24T17:02:26Z</time>
      </trkpt>
      <trkpt lat="40.798150" lon="-104.134513">
        <ele>1594.0</ele>
        <time>2026-07-24T17:02:30Z</time>
      </trkpt>
      <trkpt lat="40.798194" lon="-104.134902">
        <ele>1594.1</ele>
        <time>2026-07-24T17:02:32Z</time>
      </trkpt>
      <trkpt lat="40.798266" lon="-104.135274">
        <ele>1594.0</ele>
        <time>2026-07-24T17:02:34Z</time>
      </trkpt>
      <trkpt lat="40.798318" lon="-104.135456">
        <ele>1593.9</ele>
        <time>2026-07-24T17:02:35Z</time>
      </trkpt>
      <trkpt lat="40.798501" lon="-104.136002">
        <ele>1592.8</ele>
        <time>2026-07-24T17:02:38Z</time>
      </trkpt>
      <trkpt lat="40.798552" lon="-104.136194">
        <ele>1592.5</ele>
        <time>2026-07-24T17:02:39Z</time>
      </trkpt>
      <trkpt lat="40.798588" lon="-104.136388">
        <ele>1592.1</ele>
        <time>2026-07-24T17:02:40Z</time>
      </trkpt>
      <trkpt lat="40.798604" lon="-104.136598">
        <ele>1591.7</ele>
        <time>2026-07-24T17:02:41Z</time>
      </trkpt>
      <trkpt lat="40.798615" lon="-104.137200">
        <ele>1590.1</ele>
        <time>2026-07-24T17:02:44Z</time>
      </trkpt>
      <trkpt lat="40.798614" lon="-104.139222">
        <ele>1585.1</ele>
        <time>2026-07-24T17:02:53Z</time>
      </trkpt>
      <trkpt lat="40.798599" lon="-104.139454">
        <ele>1584.5</ele>
        <time>2026-07-24T17:02:54Z</time>
      </trkpt>
      <trkpt lat="40.798594" lon="-104.140852">
        <ele>1581.6</ele>
        <time>2026-07-24T17:03:00Z</time>
      </trkpt>
      <trkpt lat="40.798606" lon="-104.141095">
        <ele>1581.3</ele>
        <time>2026-07-24T17:03:01Z</time>
      </trkpt>
      <trkpt lat="40.798593" lon="-104.144221">
        <ele>1581.6</ele>
        <time>2026-07-24T17:03:15Z</time>
      </trkpt>
      <trkpt lat="40.798557" lon="-104.148207">
        <ele>1576.2</ele>
        <time>2026-07-24T17:03:32Z</time>
      </trkpt>
      <trkpt lat="40.798558" lon="-104.149533">
        <ele>1576.5</ele>
        <time>2026-07-24T17:03:38Z</time>
      </trkpt>
      <trkpt lat="40.798528" lon="-104.153883">
        <ele>1571.1</ele>
        <time>2026-07-24T17:03:58Z</time>
      </trkpt>
      <trkpt lat="40.798535" lon="-104.155370">
        <ele>1570.5</ele>
        <time>2026-07-24T17:04:05Z</time>
      </trkpt>
      <trkpt lat="40.798489" lon="-104.160952">
        <ele>1563.4</ele>
        <time>2026-07-24T17:04:30Z</time>
      </trkpt>
      <trkpt lat="40.798477" lon="-104.163735">
        <ele>1560.6</ele>
        <time>2026-07-24T17:04:43Z</time>
      </trkpt>
      <trkpt lat="40.798454" lon="-104.164962">
        <ele>1558.5</ele>
        <time>2026-07-24T17:04:49Z</time>
      </trkpt>
      <trkpt lat="40.798469" lon="-104.165177">
        <ele>1558.2</ele>
        <time>2026-07-24T17:04:50Z</time>
      </trkpt>
      <trkpt lat="40.798453" lon="-104.165392">
        <ele>1557.8</ele>
        <time>2026-07-24T17:04:51Z</time>
      </trkpt>
      <trkpt lat="40.798433" lon="-104.170938">
        <ele>1550.3</ele>
        <time>2026-07-24T17:05:20Z</time>
      </trkpt>
      <trkpt lat="40.798418" lon="-104.171469">
        <ele>1549.4</ele>
        <time>2026-07-24T17:05:25Z</time>
      </trkpt>
      <trkpt lat="40.798427" lon="-104.171619">
        <ele>1548.9</ele>
        <time>2026-07-24T17:05:27Z</time>
      </trkpt>
      <trkpt lat="40.798449" lon="-104.171694">
        <ele>1548.5</ele>
        <time>2026-07-24T17:05:28Z</time>
      </trkpt>
      <trkpt lat="40.801519" lon="-104.173959">
        <ele>1548.8</ele>
        <time>2026-07-24T17:05:53Z</time>
      </trkpt>
      <trkpt lat="40.801675" lon="-104.174098">
        <ele>1548.9</ele>
        <time>2026-07-24T17:05:54Z</time>
      </trkpt>
      <trkpt lat="40.803018" lon="-104.175072">
        <ele>1551.1</ele>
        <time>2026-07-24T17:06:02Z</time>
      </trkpt>
      <trkpt lat="40.809118" lon="-104.179563">
        <ele>1548.3</ele>
        <time>2026-07-24T17:06:36Z</time>
      </trkpt>
      <trkpt lat="40.818742" lon="-104.186699">
        <ele>1537.0</ele>
        <time>2026-07-24T17:07:26Z</time>
      </trkpt>
      <trkpt lat="40.827608" lon="-104.193246">
        <ele>1537.5</ele>
        <time>2026-07-24T17:08:15Z</time>
      </trkpt>
      <trkpt lat="40.841278" lon="-104.203380">
        <ele>1540.5</ele>
        <time>2026-07-24T17:09:29Z</time>
      </trkpt>
      <trkpt lat="40.843730" lon="-104.205177">
        <ele>1540.7</ele>
        <time>2026-07-24T17:09:42Z</time>
      </trkpt>
      <trkpt lat="40.852319" lon="-104.211567">
        <ele>1542.0</ele>
        <time>2026-07-24T17:10:27Z</time>
      </trkpt>
      <trkpt lat="40.858864" lon="-104.216410">
        <ele>1544.3</ele>
        <time>2026-07-24T17:11:01Z</time>
      </trkpt>
      <trkpt lat="40.859611" lon="-104.216975">
        <ele>1544.9</ele>
        <time>2026-07-24T17:11:05Z</time>
      </trkpt>
      <trkpt lat="40.866552" lon="-104.222088">
        <ele>1549.2</ele>
        <time>2026-07-24T17:11:45Z</time>
      </trkpt>
      <trkpt lat="40.867755" lon="-104.223007">
        <ele>1550.6</ele>
        <time>2026-07-24T17:12:06Z</time>
      </trkpt>
      <trkpt lat="40.868257" lon="-104.223414">
        <ele>1551.1</ele>
        <time>2026-07-24T17:12:12Z</time>
      </trkpt>
      <trkpt lat="40.869697" lon="-104.224634">
        <ele>1552.5</ele>
        <time>2026-07-24T17:12:25Z</time>
      </trkpt>
      <trkpt lat="40.869825" lon="-104.224731">
        <ele>1552.7</ele>
        <time>2026-07-24T17:12:26Z</time>
      </trkpt>
      <trkpt lat="40.869959" lon="-104.224822">
        <ele>1552.8</ele>
        <time>2026-07-24T17:12:27Z</time>
      </trkpt>
      <trkpt lat="40.870238" lon="-104.224974">
        <ele>1553.2</ele>
        <time>2026-07-24T17:12:29Z</time>
      </trkpt>
      <trkpt lat="40.870383" lon="-104.225031">
        <ele>1553.3</ele>
        <time>2026-07-24T17:12:30Z</time>
      </trkpt>
      <trkpt lat="40.870534" lon="-104.225071">
        <ele>1553.3</ele>
        <time>2026-07-24T17:12:31Z</time>
      </trkpt>
      <trkpt lat="40.870685" lon="-104.225092">
        <ele>1553.3</ele>
        <time>2026-07-24T17:12:32Z</time>
      </trkpt>
      <trkpt lat="40.870825" lon="-104.225073">
        <ele>1553.4</ele>
        <time>2026-07-24T17:12:33Z</time>
      </trkpt>
      <trkpt lat="40.871127" lon="-104.225062">
        <ele>1553.1</ele>
        <time>2026-07-24T17:12:36Z</time>
      </trkpt>
      <trkpt lat="40.871457" lon="-104.225006">
        <ele>1552.8</ele>
        <time>2026-07-24T17:12:44Z</time>
      </trkpt>
      <trkpt lat="40.871745" lon="-104.224987">
        <ele>1552.6</ele>
        <time>2026-07-24T17:12:47Z</time>
      </trkpt>
      <trkpt lat="40.871861" lon="-104.225008">
        <ele>1552.5</ele>
        <time>2026-07-24T17:12:48Z</time>
      </trkpt>
      <trkpt lat="40.871981" lon="-104.225014">
        <ele>1552.4</ele>
        <time>2026-07-24T17:12:49Z</time>
      </trkpt>
      <trkpt lat="40.872236" lon="-104.225065">
        <ele>1552.4</ele>
        <time>2026-07-24T17:12:51Z</time>
      </trkpt>
      <trkpt lat="40.872375" lon="-104.225114">
        <ele>1552.5</ele>
        <time>2026-07-24T17:12:52Z</time>
      </trkpt>
      <trkpt lat="40.872511" lon="-104.225176">
        <ele>1552.4</ele>
        <time>2026-07-24T17:12:53Z</time>
      </trkpt>
      <trkpt lat="40.872785" lon="-104.225352">
        <ele>1552.5</ele>
        <time>2026-07-24T17:12:55Z</time>
      </trkpt>
      <trkpt lat="40.872921" lon="-104.225460">
        <ele>1552.4</ele>
        <time>2026-07-24T17:12:56Z</time>
      </trkpt>
      <trkpt lat="40.873046" lon="-104.225597">
        <ele>1552.4</ele>
        <time>2026-07-24T17:12:57Z</time>
      </trkpt>
      <trkpt lat="40.873880" lon="-104.226399">
        <ele>1552.5</ele>
        <time>2026-07-24T17:13:03Z</time>
      </trkpt>
      <trkpt lat="40.874431" lon="-104.226912">
        <ele>1552.5</ele>
        <time>2026-07-24T17:13:07Z</time>
      </trkpt>
      <trkpt lat="40.874886" lon="-104.227291">
        <ele>1552.5</ele>
        <time>2026-07-24T17:13:10Z</time>
      </trkpt>
      <trkpt lat="40.875200" lon="-104.227527">
        <ele>1552.7</ele>
        <time>2026-07-24T17:13:12Z</time>
      </trkpt>
      <trkpt lat="40.875368" lon="-104.227685">
        <ele>1552.8</ele>
        <time>2026-07-24T17:13:13Z</time>
      </trkpt>
      <trkpt lat="40.878338" lon="-104.229887">
        <ele>1554.6</ele>
        <time>2026-07-24T17:13:31Z</time>
      </trkpt>
      <trkpt lat="40.879862" lon="-104.231035">
        <ele>1555.3</ele>
        <time>2026-07-24T17:13:40Z</time>
      </trkpt>
      <trkpt lat="40.887047" lon="-104.236354">
        <ele>1561.5</ele>
        <time>2026-07-24T17:14:20Z</time>
      </trkpt>
      <trkpt lat="40.887598" lon="-104.236749">
        <ele>1561.8</ele>
        <time>2026-07-24T17:14:23Z</time>
      </trkpt>
      <trkpt lat="40.887965" lon="-104.236999">
        <ele>1561.8</ele>
        <time>2026-07-24T17:14:25Z</time>
      </trkpt>
      <trkpt lat="40.888528" lon="-104.237364">
        <ele>1561.7</ele>
        <time>2026-07-24T17:14:28Z</time>
      </trkpt>
      <trkpt lat="40.889654" lon="-104.238065">
        <ele>1561.8</ele>
        <time>2026-07-24T17:14:34Z</time>
      </trkpt>
      <trkpt lat="40.893801" lon="-104.240575">
        <ele>1563.1</ele>
        <time>2026-07-24T17:14:56Z</time>
      </trkpt>
      <trkpt lat="40.907311" lon="-104.248783">
        <ele>1568.0</ele>
        <time>2026-07-24T17:16:08Z</time>
      </trkpt>
      <trkpt lat="40.914854" lon="-104.253407">
        <ele>1574.5</ele>
        <time>2026-07-24T17:16:48Z</time>
      </trkpt>
      <trkpt lat="40.928350" lon="-104.261615">
        <ele>1582.3</ele>
        <time>2026-07-24T17:18:00Z</time>
      </trkpt>
      <trkpt lat="40.929300" lon="-104.262179">
        <ele>1584.0</ele>
        <time>2026-07-24T17:18:05Z</time>
      </trkpt>
      <trkpt lat="40.929876" lon="-104.262500">
        <ele>1584.7</ele>
        <time>2026-07-24T17:18:08Z</time>
      </trkpt>
      <trkpt lat="40.930464" lon="-104.262787">
        <ele>1585.5</ele>
        <time>2026-07-24T17:18:11Z</time>
      </trkpt>
      <trkpt lat="40.931060" lon="-104.263027">
        <ele>1586.1</ele>
        <time>2026-07-24T17:18:14Z</time>
      </trkpt>
      <trkpt lat="40.931268" lon="-104.263072">
        <ele>1586.3</ele>
        <time>2026-07-24T17:18:15Z</time>
      </trkpt>
      <trkpt lat="40.931468" lon="-104.263134">
        <ele>1586.4</ele>
        <time>2026-07-24T17:18:16Z</time>
      </trkpt>
      <trkpt lat="40.931878" lon="-104.263241">
        <ele>1586.7</ele>
        <time>2026-07-24T17:18:18Z</time>
      </trkpt>
      <trkpt lat="40.932489" lon="-104.263360">
        <ele>1587.4</ele>
        <time>2026-07-24T17:18:21Z</time>
      </trkpt>
      <trkpt lat="40.933101" lon="-104.263433">
        <ele>1588.1</ele>
        <time>2026-07-24T17:18:24Z</time>
      </trkpt>
      <trkpt lat="40.933678" lon="-104.263468">
        <ele>1588.8</ele>
        <time>2026-07-24T17:18:27Z</time>
      </trkpt>
      <trkpt lat="40.935351" lon="-104.263530">
        <ele>1588.4</ele>
        <time>2026-07-24T17:18:35Z</time>
      </trkpt>
      <trkpt lat="40.938468" lon="-104.263608">
        <ele>1583.8</ele>
        <time>2026-07-24T17:18:50Z</time>
      </trkpt>
      <trkpt lat="40.938677" lon="-104.263635">
        <ele>1583.8</ele>
        <time>2026-07-24T17:18:51Z</time>
      </trkpt>
      <trkpt lat="40.942823" lon="-104.263715">
        <ele>1585.2</ele>
        <time>2026-07-24T17:19:11Z</time>
      </trkpt>
      <trkpt lat="40.944279" lon="-104.263760">
        <ele>1585.6</ele>
        <time>2026-07-24T17:19:18Z</time>
      </trkpt>
      <trkpt lat="40.945483" lon="-104.263781">
        <ele>1586.2</ele>
        <time>2026-07-24T17:19:24Z</time>
      </trkpt>
      <trkpt lat="40.945898" lon="-104.263805">
        <ele>1586.4</ele>
        <time>2026-07-24T17:19:26Z</time>
      </trkpt>
      <trkpt lat="40.946518" lon="-104.263872">
        <ele>1586.8</ele>
        <time>2026-07-24T17:19:29Z</time>
      </trkpt>
      <trkpt lat="40.946923" lon="-104.263978">
        <ele>1587.1</ele>
        <time>2026-07-24T17:19:31Z</time>
      </trkpt>
      <trkpt lat="40.947529" lon="-104.264174">
        <ele>1588.0</ele>
        <time>2026-07-24T17:19:34Z</time>
      </trkpt>
      <trkpt lat="40.947923" lon="-104.264340">
        <ele>1588.6</ele>
        <time>2026-07-24T17:19:36Z</time>
      </trkpt>
      <trkpt lat="40.948118" lon="-104.264435">
        <ele>1588.8</ele>
        <time>2026-07-24T17:19:37Z</time>
      </trkpt>
      <trkpt lat="40.948505" lon="-104.264647">
        <ele>1589.5</ele>
        <time>2026-07-24T17:19:39Z</time>
      </trkpt>
      <trkpt lat="40.949083" lon="-104.265013">
        <ele>1590.0</ele>
        <time>2026-07-24T17:19:42Z</time>
      </trkpt>
      <trkpt lat="40.949271" lon="-104.265148">
        <ele>1590.1</ele>
        <time>2026-07-24T17:19:43Z</time>
      </trkpt>
      <trkpt lat="40.949641" lon="-104.265438">
        <ele>1590.2</ele>
        <time>2026-07-24T17:19:45Z</time>
      </trkpt>
      <trkpt lat="40.950011" lon="-104.265751">
        <ele>1590.6</ele>
        <time>2026-07-24T17:19:47Z</time>
      </trkpt>
      <trkpt lat="40.950515" lon="-104.266300">
        <ele>1591.0</ele>
        <time>2026-07-24T17:19:50Z</time>
      </trkpt>
      <trkpt lat="40.950838" lon="-104.266684">
        <ele>1591.3</ele>
        <time>2026-07-24T17:19:52Z</time>
      </trkpt>
      <trkpt lat="40.951434" lon="-104.267532">
        <ele>1592.1</ele>
        <time>2026-07-24T17:19:56Z</time>
      </trkpt>
      <trkpt lat="40.952674" lon="-104.269567">
        <ele>1592.2</ele>
        <time>2026-07-24T17:20:05Z</time>
      </trkpt>
      <trkpt lat="40.954461" lon="-104.272560">
        <ele>1593.1</ele>
        <time>2026-07-24T17:20:18Z</time>
      </trkpt>
      <trkpt lat="40.954708" lon="-104.272965">
        <ele>1593.4</ele>
        <time>2026-07-24T17:20:20Z</time>
      </trkpt>
      <trkpt lat="40.954858" lon="-104.273180">
        <ele>1593.5</ele>
        <time>2026-07-24T17:20:21Z</time>
      </trkpt>
      <trkpt lat="40.954980" lon="-104.273423">
        <ele>1593.4</ele>
        <time>2026-07-24T17:20:22Z</time>
      </trkpt>
      <trkpt lat="40.955145" lon="-104.273701">
        <ele>1593.4</ele>
        <time>2026-07-24T17:20:23Z</time>
      </trkpt>
      <trkpt lat="40.955936" lon="-104.275027">
        <ele>1593.8</ele>
        <time>2026-07-24T17:20:29Z</time>
      </trkpt>
      <trkpt lat="40.956086" lon="-104.275243">
        <ele>1593.9</ele>
        <time>2026-07-24T17:20:30Z</time>
      </trkpt>
      <trkpt lat="40.965018" lon="-104.290262">
        <ele>1601.9</ele>
        <time>2026-07-24T17:21:36Z</time>
      </trkpt>
      <trkpt lat="40.969460" lon="-104.297681">
        <ele>1606.0</ele>
        <time>2026-07-24T17:22:10Z</time>
      </trkpt>
      <trkpt lat="40.970121" lon="-104.298774">
        <ele>1606.6</ele>
        <time>2026-07-24T17:22:15Z</time>
      </trkpt>
      <trkpt lat="40.972995" lon="-104.303451">
        <ele>1610.0</ele>
        <time>2026-07-24T17:22:43Z</time>
      </trkpt>
      <trkpt lat="40.973430" lon="-104.304145">
        <ele>1610.2</ele>
        <time>2026-07-24T17:23:00Z</time>
      </trkpt>
      <trkpt lat="40.973440" lon="-104.304199">
        <ele>1610.3</ele>
        <time>2026-07-24T17:23:01Z</time>
      </trkpt>
      <trkpt lat="40.973466" lon="-104.304245">
        <ele>1610.2</ele>
        <time>2026-07-24T17:23:02Z</time>
      </trkpt>
      <trkpt lat="40.973517" lon="-104.304301">
        <ele>1610.1</ele>
        <time>2026-07-24T17:23:03Z</time>
      </trkpt>
      <trkpt lat="40.973680" lon="-104.304611">
        <ele>1610.1</ele>
        <time>2026-07-24T17:23:07Z</time>
      </trkpt>
      <trkpt lat="40.976303" lon="-104.308947">
        <ele>1613.7</ele>
        <time>2026-07-24T17:23:34Z</time>
      </trkpt>
      <trkpt lat="40.979519" lon="-104.314315">
        <ele>1618.5</ele>
        <time>2026-07-24T17:24:00Z</time>
      </trkpt>
      <trkpt lat="40.979654" lon="-104.314515">
        <ele>1618.7</ele>
        <time>2026-07-24T17:24:01Z</time>
      </trkpt>
      <trkpt lat="40.979802" lon="-104.314703">
        <ele>1618.9</ele>
        <time>2026-07-24T17:24:02Z</time>
      </trkpt>
      <trkpt lat="40.980002" lon="-104.314880">
        <ele>1619.2</ele>
        <time>2026-07-24T17:24:03Z</time>
      </trkpt>
      <trkpt lat="40.980320" lon="-104.315102">
        <ele>1620.0</ele>
        <time>2026-07-24T17:24:05Z</time>
      </trkpt>
      <trkpt lat="40.980501" lon="-104.315188">
        <ele>1620.6</ele>
        <time>2026-07-24T17:24:06Z</time>
      </trkpt>
      <trkpt lat="40.980691" lon="-104.315255">
        <ele>1621.5</ele>
        <time>2026-07-24T17:24:07Z</time>
      </trkpt>
      <trkpt lat="40.980923" lon="-104.315311">
        <ele>1622.3</ele>
        <time>2026-07-24T17:24:08Z</time>
      </trkpt>
      <trkpt lat="40.981074" lon="-104.315330">
        <ele>1623.1</ele>
        <time>2026-07-24T17:24:09Z</time>
      </trkpt>
      <trkpt lat="40.981462" lon="-104.315337">
        <ele>1624.3</ele>
        <time>2026-07-24T17:24:11Z</time>
      </trkpt>
      <trkpt lat="40.987270" lon="-104.315153">
        <ele>1626.2</ele>
        <time>2026-07-24T17:24:39Z</time>
      </trkpt>
      <trkpt lat="40.987484" lon="-104.315168">
        <ele>1626.3</ele>
        <time>2026-07-24T17:24:40Z</time>
      </trkpt>
      <trkpt lat="40.998986" lon="-104.314774">
        <ele>1627.9</ele>
        <time>2026-07-24T17:25:33Z</time>
      </trkpt>
      <trkpt lat="41.001674" lon="-104.314696">
        <ele>1629.0</ele>
        <time>2026-07-24T17:25:45Z</time>
      </trkpt>
      <trkpt lat="41.003804" lon="-104.314623">
        <ele>1629.5</ele>
        <time>2026-07-24T17:25:55Z</time>
      </trkpt>
      <trkpt lat="41.016984" lon="-104.314085">
        <ele>1634.2</ele>
        <time>2026-07-24T17:26:56Z</time>
      </trkpt>
      <trkpt lat="41.034292" lon="-104.313689">
        <ele>1641.9</ele>
        <time>2026-07-24T17:28:16Z</time>
      </trkpt>
      <trkpt lat="41.036026" lon="-104.313657">
        <ele>1642.8</ele>
        <time>2026-07-24T17:28:24Z</time>
      </trkpt>
      <trkpt lat="41.036459" lon="-104.313661">
        <ele>1643.0</ele>
        <time>2026-07-24T17:28:26Z</time>
      </trkpt>
      <trkpt lat="41.036892" lon="-104.313700">
        <ele>1643.3</ele>
        <time>2026-07-24T17:28:28Z</time>
      </trkpt>
      <trkpt lat="41.037325" lon="-104.313773">
        <ele>1643.4</ele>
        <time>2026-07-24T17:28:30Z</time>
      </trkpt>
      <trkpt lat="41.037750" lon="-104.313891">
        <ele>1643.5</ele>
        <time>2026-07-24T17:28:32Z</time>
      </trkpt>
      <trkpt lat="41.038167" lon="-104.314044">
        <ele>1643.7</ele>
        <time>2026-07-24T17:28:34Z</time>
      </trkpt>
      <trkpt lat="41.038373" lon="-104.314134">
        <ele>1643.9</ele>
        <time>2026-07-24T17:28:35Z</time>
      </trkpt>
      <trkpt lat="41.038737" lon="-104.314320">
        <ele>1644.4</ele>
        <time>2026-07-24T17:28:37Z</time>
      </trkpt>
      <trkpt lat="41.039134" lon="-104.314563">
        <ele>1644.7</ele>
        <time>2026-07-24T17:28:39Z</time>
      </trkpt>
      <trkpt lat="41.039513" lon="-104.314849">
        <ele>1645.1</ele>
        <time>2026-07-24T17:28:41Z</time>
      </trkpt>
      <trkpt lat="41.039697" lon="-104.315004">
        <ele>1645.3</ele>
        <time>2026-07-24T17:28:42Z</time>
      </trkpt>
      <trkpt lat="41.040039" lon="-104.315351">
        <ele>1645.8</ele>
        <time>2026-07-24T17:28:44Z</time>
      </trkpt>
      <trkpt lat="41.040369" lon="-104.315714">
        <ele>1646.1</ele>
        <time>2026-07-24T17:28:46Z</time>
      </trkpt>
      <trkpt lat="41.040530" lon="-104.315910">
        <ele>1646.3</ele>
        <time>2026-07-24T17:28:47Z</time>
      </trkpt>
      <trkpt lat="41.040715" lon="-104.316155">
        <ele>1646.5</ele>
        <time>2026-07-24T17:28:48Z</time>
      </trkpt>
      <trkpt lat="41.040975" lon="-104.316534">
        <ele>1646.4</ele>
        <time>2026-07-24T17:28:50Z</time>
      </trkpt>
      <trkpt lat="41.041272" lon="-104.317014">
        <ele>1646.6</ele>
        <time>2026-07-24T17:28:52Z</time>
      </trkpt>
      <trkpt lat="41.041402" lon="-104.317242">
        <ele>1646.6</ele>
        <time>2026-07-24T17:28:53Z</time>
      </trkpt>
      <trkpt lat="41.041727" lon="-104.317980">
        <ele>1646.5</ele>
        <time>2026-07-24T17:28:56Z</time>
      </trkpt>
      <trkpt lat="41.041829" lon="-104.318236">
        <ele>1646.7</ele>
        <time>2026-07-24T17:28:57Z</time>
      </trkpt>
      <trkpt lat="41.042005" lon="-104.318751">
        <ele>1646.7</ele>
        <time>2026-07-24T17:28:59Z</time>
      </trkpt>
      <trkpt lat="41.042084" lon="-104.319015">
        <ele>1646.6</ele>
        <time>2026-07-24T17:29:00Z</time>
      </trkpt>
      <trkpt lat="41.042220" lon="-104.319551">
        <ele>1646.6</ele>
        <time>2026-07-24T17:29:02Z</time>
      </trkpt>
      <trkpt lat="41.042332" lon="-104.320103">
        <ele>1646.4</ele>
        <time>2026-07-24T17:29:04Z</time>
      </trkpt>
      <trkpt lat="41.042377" lon="-104.320380">
        <ele>1646.3</ele>
        <time>2026-07-24T17:29:05Z</time>
      </trkpt>
      <trkpt lat="41.042414" lon="-104.320657">
        <ele>1646.4</ele>
        <time>2026-07-24T17:29:06Z</time>
      </trkpt>
      <trkpt lat="41.042465" lon="-104.321216">
        <ele>1646.6</ele>
        <time>2026-07-24T17:29:08Z</time>
      </trkpt>
      <trkpt lat="41.042479" lon="-104.321498">
        <ele>1646.7</ele>
        <time>2026-07-24T17:29:09Z</time>
      </trkpt>
      <trkpt lat="41.042501" lon="-104.323567">
        <ele>1647.7</ele>
        <time>2026-07-24T17:29:16Z</time>
      </trkpt>
      <trkpt lat="41.042473" lon="-104.332148">
        <ele>1652.3</ele>
        <time>2026-07-24T17:29:46Z</time>
      </trkpt>
      <trkpt lat="41.042491" lon="-104.344423">
        <ele>1656.1</ele>
        <time>2026-07-24T17:30:29Z</time>
      </trkpt>
      <trkpt lat="41.042507" lon="-104.346125">
        <ele>1656.3</ele>
        <time>2026-07-24T17:30:35Z</time>
      </trkpt>
      <trkpt lat="41.042535" lon="-104.346669">
        <ele>1656.4</ele>
        <time>2026-07-24T17:30:37Z</time>
      </trkpt>
      <trkpt lat="41.042561" lon="-104.346935">
        <ele>1656.5</ele>
        <time>2026-07-24T17:30:38Z</time>
      </trkpt>
      <trkpt lat="41.042635" lon="-104.347406">
        <ele>1656.6</ele>
        <time>2026-07-24T17:30:40Z</time>
      </trkpt>
      <trkpt lat="41.042802" lon="-104.347970">
        <ele>1657.1</ele>
        <time>2026-07-24T17:30:43Z</time>
      </trkpt>
      <trkpt lat="41.042993" lon="-104.348479">
        <ele>1657.1</ele>
        <time>2026-07-24T17:30:47Z</time>
      </trkpt>
      <trkpt lat="41.042844" lon="-104.348641">
        <ele>1657.3</ele>
        <time>2026-07-24T17:30:48Z</time>
      </trkpt>
      <trkpt lat="41.042683" lon="-104.348776">
        <ele>1657.1</ele>
        <time>2026-07-24T17:30:50Z</time>
      </trkpt>
      <trkpt lat="41.042603" lon="-104.348879">
        <ele>1656.7</ele>
        <time>2026-07-24T17:30:51Z</time>
      </trkpt>
      <trkpt lat="41.042539" lon="-104.349015">
        <ele>1656.7</ele>
        <time>2026-07-24T17:30:52Z</time>
      </trkpt>
      <trkpt lat="41.042503" lon="-104.349165">
        <ele>1656.8</ele>
        <time>2026-07-24T17:30:53Z</time>
      </trkpt>
      <trkpt lat="41.042478" lon="-104.349470">
        <ele>1657.0</ele>
        <time>2026-07-24T17:30:55Z</time>
      </trkpt>
      <trkpt lat="41.042496" lon="-104.349638">
        <ele>1657.1</ele>
        <time>2026-07-24T17:30:56Z</time>
      </trkpt>
      <trkpt lat="41.042482" lon="-104.349812">
        <ele>1657.4</ele>
        <time>2026-07-24T17:30:57Z</time>
      </trkpt>
      <trkpt lat="41.042513" lon="-104.350990">
        <ele>1658.4</ele>
        <time>2026-07-24T17:31:03Z</time>
      </trkpt>
      <trkpt lat="41.042520" lon="-104.351648">
        <ele>1658.5</ele>
        <time>2026-07-24T17:31:06Z</time>
      </trkpt>
      <trkpt lat="41.042514" lon="-104.366177">
        <ele>1660.5</ele>
        <time>2026-07-24T17:32:02Z</time>
      </trkpt>
      <trkpt lat="41.042585" lon="-104.378422">
        <ele>1657.9</ele>
        <time>2026-07-24T17:32:46Z</time>
      </trkpt>
      <trkpt lat="41.042582" lon="-104.380957">
        <ele>1662.3</ele>
        <time>2026-07-24T17:32:55Z</time>
      </trkpt>
      <trkpt lat="41.042597" lon="-104.386661">
        <ele>1663.0</ele>
        <time>2026-07-24T17:33:15Z</time>
      </trkpt>
      <trkpt lat="41.042673" lon="-104.409514">
        <ele>1657.2</ele>
        <time>2026-07-24T17:34:33Z</time>
      </trkpt>
      <trkpt lat="41.042692" lon="-104.411599">
        <ele>1657.3</ele>
        <time>2026-07-24T17:34:40Z</time>
      </trkpt>
      <trkpt lat="41.042726" lon="-104.419319">
        <ele>1655.8</ele>
        <time>2026-07-24T17:35:06Z</time>
      </trkpt>
      <trkpt lat="41.042774" lon="-104.425587">
        <ele>1655.2</ele>
        <time>2026-07-24T17:35:27Z</time>
      </trkpt>
      <trkpt lat="41.042792" lon="-104.435089">
        <ele>1659.1</ele>
        <time>2026-07-24T17:35:59Z</time>
      </trkpt>
      <trkpt lat="41.042917" lon="-104.453689">
        <ele>1675.1</ele>
        <time>2026-07-24T17:37:01Z</time>
      </trkpt>
      <trkpt lat="41.042903" lon="-104.454922">
        <ele>1677.0</ele>
        <time>2026-07-24T17:37:05Z</time>
      </trkpt>
      <trkpt lat="41.042832" lon="-104.457033">
        <ele>1683.9</ele>
        <time>2026-07-24T17:37:12Z</time>
      </trkpt>
      <trkpt lat="41.042808" lon="-104.458156">
        <ele>1691.0</ele>
        <time>2026-07-24T17:37:16Z</time>
      </trkpt>
      <trkpt lat="41.042794" lon="-104.459436">
        <ele>1701.2</ele>
        <time>2026-07-24T17:37:21Z</time>
      </trkpt>
      <trkpt lat="41.042799" lon="-104.460453">
        <ele>1706.1</ele>
        <time>2026-07-24T17:37:25Z</time>
      </trkpt>
      <trkpt lat="41.042857" lon="-104.463842">
        <ele>1710.3</ele>
        <time>2026-07-24T17:37:37Z</time>
      </trkpt>
      <trkpt lat="41.042953" lon="-104.466730">
        <ele>1716.0</ele>
        <time>2026-07-24T17:37:47Z</time>
      </trkpt>
      <trkpt lat="41.043028" lon="-104.479128">
        <ele>1720.6</ele>
        <time>2026-07-24T17:38:29Z</time>
      </trkpt>
      <trkpt lat="41.043040" lon="-104.483613">
        <ele>1722.0</ele>
        <time>2026-07-24T17:38:44Z</time>
      </trkpt>
      <trkpt lat="41.043047" lon="-104.484437">
        <ele>1722.2</ele>
        <time>2026-07-24T17:38:47Z</time>
      </trkpt>
      <trkpt lat="41.043072" lon="-104.484963">
        <ele>1722.9</ele>
        <time>2026-07-24T17:38:49Z</time>
      </trkpt>
      <trkpt lat="41.043176" lon="-104.485420">
        <ele>1723.9</ele>
        <time>2026-07-24T17:38:51Z</time>
      </trkpt>
      <trkpt lat="41.043253" lon="-104.485664">
        <ele>1725.0</ele>
        <time>2026-07-24T17:38:52Z</time>
      </trkpt>
      <trkpt lat="41.043359" lon="-104.485953">
        <ele>1726.3</ele>
        <time>2026-07-24T17:38:53Z</time>
      </trkpt>
      <trkpt lat="41.043530" lon="-104.486366">
        <ele>1728.1</ele>
        <time>2026-07-24T17:38:55Z</time>
      </trkpt>
      <trkpt lat="41.043743" lon="-104.486817">
        <ele>1729.3</ele>
        <time>2026-07-24T17:38:57Z</time>
      </trkpt>
      <trkpt lat="41.044658" lon="-104.488681">
        <ele>1730.3</ele>
        <time>2026-07-24T17:39:05Z</time>
      </trkpt>
      <trkpt lat="41.045723" lon="-104.491103">
        <ele>1728.7</ele>
        <time>2026-07-24T17:39:15Z</time>
      </trkpt>
      <trkpt lat="41.047278" lon="-104.494850">
        <ele>1732.2</ele>
        <time>2026-07-24T17:39:30Z</time>
      </trkpt>
      <trkpt lat="41.049453" lon="-104.500285">
        <ele>1734.4</ele>
        <time>2026-07-24T17:39:52Z</time>
      </trkpt>
      <trkpt lat="41.049627" lon="-104.500777">
        <ele>1735.1</ele>
        <time>2026-07-24T17:39:54Z</time>
      </trkpt>
      <trkpt lat="41.049701" lon="-104.501037">
        <ele>1735.2</ele>
        <time>2026-07-24T17:39:55Z</time>
      </trkpt>
      <trkpt lat="41.049765" lon="-104.501296">
        <ele>1735.1</ele>
        <time>2026-07-24T17:39:56Z</time>
      </trkpt>
      <trkpt lat="41.050030" lon="-104.502571">
        <ele>1734.0</ele>
        <time>2026-07-24T17:40:01Z</time>
      </trkpt>
      <trkpt lat="41.050095" lon="-104.502809">
        <ele>1733.6</ele>
        <time>2026-07-24T17:40:02Z</time>
      </trkpt>
      <trkpt lat="41.050178" lon="-104.503044">
        <ele>1733.1</ele>
        <time>2026-07-24T17:40:03Z</time>
      </trkpt>
      <trkpt lat="41.050277" lon="-104.503259">
        <ele>1732.9</ele>
        <time>2026-07-24T17:40:04Z</time>
      </trkpt>
      <trkpt lat="41.050396" lon="-104.503457">
        <ele>1732.7</ele>
        <time>2026-07-24T17:40:05Z</time>
      </trkpt>
      <trkpt lat="41.050700" lon="-104.503763">
        <ele>1732.6</ele>
        <time>2026-07-24T17:40:07Z</time>
      </trkpt>
      <trkpt lat="41.050858" lon="-104.503880">
        <ele>1732.0</ele>
        <time>2026-07-24T17:40:08Z</time>
      </trkpt>
      <trkpt lat="41.051031" lon="-104.503978">
        <ele>1733.5</ele>
        <time>2026-07-24T17:40:09Z</time>
      </trkpt>
      <trkpt lat="41.051204" lon="-104.504050">
        <ele>1734.1</ele>
        <time>2026-07-24T17:40:10Z</time>
      </trkpt>
      <trkpt lat="41.051382" lon="-104.504097">
        <ele>1734.5</ele>
        <time>2026-07-24T17:40:11Z</time>
      </trkpt>
      <trkpt lat="41.051570" lon="-104.504124">
        <ele>1734.9</ele>
        <time>2026-07-24T17:40:12Z</time>
      </trkpt>
      <trkpt lat="41.051758" lon="-104.504134">
        <ele>1735.1</ele>
        <time>2026-07-24T17:40:13Z</time>
      </trkpt>
      <trkpt lat="41.052373" lon="-104.504140">
        <ele>1736.7</ele>
        <time>2026-07-24T17:40:16Z</time>
      </trkpt>
      <trkpt lat="41.054979" lon="-104.504111">
        <ele>1746.1</ele>
        <time>2026-07-24T17:40:29Z</time>
      </trkpt>
      <trkpt lat="41.055174" lon="-104.504128">
        <ele>1746.4</ele>
        <time>2026-07-24T17:40:30Z</time>
      </trkpt>
      <trkpt lat="41.055768" lon="-104.504114">
        <ele>1746.6</ele>
        <time>2026-07-24T17:40:33Z</time>
      </trkpt>
      <trkpt lat="41.056114" lon="-104.504134">
        <ele>1745.9</ele>
        <time>2026-07-24T17:40:35Z</time>
      </trkpt>
      <trkpt lat="41.056308" lon="-104.504165">
        <ele>1745.7</ele>
        <time>2026-07-24T17:40:36Z</time>
      </trkpt>
      <trkpt lat="41.056496" lon="-104.504220">
        <ele>1745.4</ele>
        <time>2026-07-24T17:40:37Z</time>
      </trkpt>
      <trkpt lat="41.056698" lon="-104.504343">
        <ele>1745.2</ele>
        <time>2026-07-24T17:40:38Z</time>
      </trkpt>
      <trkpt lat="41.056828" lon="-104.504440">
        <ele>1744.9</ele>
        <time>2026-07-24T17:40:39Z</time>
      </trkpt>
      <trkpt lat="41.056985" lon="-104.504583">
        <ele>1744.9</ele>
        <time>2026-07-24T17:40:40Z</time>
      </trkpt>
      <trkpt lat="41.057130" lon="-104.504746">
        <ele>1745.0</ele>
        <time>2026-07-24T17:40:41Z</time>
      </trkpt>
      <trkpt lat="41.057261" lon="-104.504930">
        <ele>1745.0</ele>
        <time>2026-07-24T17:40:42Z</time>
      </trkpt>
      <trkpt lat="41.057388" lon="-104.505176">
        <ele>1744.9</ele>
        <time>2026-07-24T17:40:43Z</time>
      </trkpt>
      <trkpt lat="41.057459" lon="-104.505351">
        <ele>1745.0</ele>
        <time>2026-07-24T17:40:44Z</time>
      </trkpt>
      <trkpt lat="41.057539" lon="-104.505572">
        <ele>1745.3</ele>
        <time>2026-07-24T17:40:45Z</time>
      </trkpt>
      <trkpt lat="41.057603" lon="-104.505821">
        <ele>1745.7</ele>
        <time>2026-07-24T17:40:46Z</time>
      </trkpt>
      <trkpt lat="41.057662" lon="-104.506150">
        <ele>1746.0</ele>
        <time>2026-07-24T17:40:47Z</time>
      </trkpt>
      <trkpt lat="41.057677" lon="-104.506940">
        <ele>1747.0</ele>
        <time>2026-07-24T17:40:50Z</time>
      </trkpt>
      <trkpt lat="41.057699" lon="-104.508836">
        <ele>1749.3</ele>
        <time>2026-07-24T17:40:57Z</time>
      </trkpt>
      <trkpt lat="41.057751" lon="-104.516454">
        <ele>1757.1</ele>
        <time>2026-07-24T17:41:25Z</time>
      </trkpt>
      <trkpt lat="41.057754" lon="-104.516734">
        <ele>1757.1</ele>
        <time>2026-07-24T17:41:26Z</time>
      </trkpt>
      <trkpt lat="41.057772" lon="-104.517015">
        <ele>1757.2</ele>
        <time>2026-07-24T17:41:27Z</time>
      </trkpt>
      <trkpt lat="41.057813" lon="-104.533436">
        <ele>1763.3</ele>
        <time>2026-07-24T17:42:25Z</time>
      </trkpt>
      <trkpt lat="41.057810" lon="-104.535455">
        <ele>1765.1</ele>
        <time>2026-07-24T17:42:32Z</time>
      </trkpt>
      <trkpt lat="41.057834" lon="-104.542373">
        <ele>1771.3</ele>
        <time>2026-07-24T17:42:55Z</time>
      </trkpt>
      <trkpt lat="41.057801" lon="-104.551129">
        <ele>1779.0</ele>
        <time>2026-07-24T17:43:25Z</time>
      </trkpt>
      <trkpt lat="41.057829" lon="-104.558106">
        <ele>1782.9</ele>
        <time>2026-07-24T17:43:48Z</time>
      </trkpt>
      <trkpt lat="41.057846" lon="-104.559473">
        <ele>1782.6</ele>
        <time>2026-07-24T17:43:53Z</time>
      </trkpt>
      <trkpt lat="41.057888" lon="-104.559723">
        <ele>1782.6</ele>
        <time>2026-07-24T17:43:54Z</time>
      </trkpt>
      <trkpt lat="41.057946" lon="-104.559956">
        <ele>1782.7</ele>
        <time>2026-07-24T17:43:55Z</time>
      </trkpt>
      <trkpt lat="41.058023" lon="-104.560177">
        <ele>1782.7</ele>
        <time>2026-07-24T17:43:56Z</time>
      </trkpt>
      <trkpt lat="41.058112" lon="-104.560379">
        <ele>1782.6</ele>
        <time>2026-07-24T17:43:57Z</time>
      </trkpt>
      <trkpt lat="41.058220" lon="-104.560571">
        <ele>1782.6</ele>
        <time>2026-07-24T17:43:58Z</time>
      </trkpt>
      <trkpt lat="41.058344" lon="-104.560748">
        <ele>1782.6</ele>
        <time>2026-07-24T17:43:59Z</time>
      </trkpt>
      <trkpt lat="41.058485" lon="-104.560899">
        <ele>1782.7</ele>
        <time>2026-07-24T17:44:00Z</time>
      </trkpt>
      <trkpt lat="41.058646" lon="-104.561037">
        <ele>1782.6</ele>
        <time>2026-07-24T17:44:01Z</time>
      </trkpt>
      <trkpt lat="41.058819" lon="-104.561156">
        <ele>1782.5</ele>
        <time>2026-07-24T17:44:02Z</time>
      </trkpt>
      <trkpt lat="41.058996" lon="-104.561256">
        <ele>1782.6</ele>
        <time>2026-07-24T17:44:03Z</time>
      </trkpt>
      <trkpt lat="41.059180" lon="-104.561316">
        <ele>1782.5</ele>
        <time>2026-07-24T17:44:04Z</time>
      </trkpt>
      <trkpt lat="41.059473" lon="-104.561358">
        <ele>1782.5</ele>
        <time>2026-07-24T17:44:05Z</time>
      </trkpt>
      <trkpt lat="41.060552" lon="-104.561385">
        <ele>1782.2</ele>
        <time>2026-07-24T17:44:10Z</time>
      </trkpt>
      <trkpt lat="41.062905" lon="-104.561398">
        <ele>1778.6</ele>
        <time>2026-07-24T17:44:21Z</time>
      </trkpt>
      <trkpt lat="41.063111" lon="-104.561420">
        <ele>1778.8</ele>
        <time>2026-07-24T17:44:22Z</time>
      </trkpt>
      <trkpt lat="41.063360" lon="-104.561420">
        <ele>1778.7</ele>
        <time>2026-07-24T17:44:23Z</time>
      </trkpt>
      <trkpt lat="41.063569" lon="-104.561401">
        <ele>1778.4</ele>
        <time>2026-07-24T17:44:24Z</time>
      </trkpt>
      <trkpt lat="41.063737" lon="-104.561422">
        <ele>1778.0</ele>
        <time>2026-07-24T17:44:25Z</time>
      </trkpt>
      <trkpt lat="41.066410" lon="-104.561412">
        <ele>1775.8</ele>
        <time>2026-07-24T17:44:37Z</time>
      </trkpt>
      <trkpt lat="41.070114" lon="-104.561432">
        <ele>1780.7</ele>
        <time>2026-07-24T17:44:54Z</time>
      </trkpt>
      <trkpt lat="41.073414" lon="-104.561432">
        <ele>1777.8</ele>
        <time>2026-07-24T17:45:09Z</time>
      </trkpt>
      <trkpt lat="41.080983" lon="-104.561337">
        <ele>1773.4</ele>
        <time>2026-07-24T17:45:44Z</time>
      </trkpt>
      <trkpt lat="41.090487" lon="-104.561243">
        <ele>1772.3</ele>
        <time>2026-07-24T17:46:30Z</time>
      </trkpt>
      <trkpt lat="41.100259" lon="-104.561173">
        <ele>1778.7</ele>
        <time>2026-07-24T17:47:16Z</time>
      </trkpt>
      <trkpt lat="41.109808" lon="-104.561019">
        <ele>1757.6</ele>
        <time>2026-07-24T17:48:00Z</time>
      </trkpt>
      <trkpt lat="41.110978" lon="-104.560986">
        <ele>1755.6</ele>
        <time>2026-07-24T17:48:06Z</time>
      </trkpt>
      <trkpt lat="41.111173" lon="-104.560998">
        <ele>1754.8</ele>
        <time>2026-07-24T17:48:07Z</time>
      </trkpt>
      <trkpt lat="41.111360" lon="-104.561067">
        <ele>1753.7</ele>
        <time>2026-07-24T17:48:08Z</time>
      </trkpt>
      <trkpt lat="41.111542" lon="-104.561152">
        <ele>1752.8</ele>
        <time>2026-07-24T17:48:09Z</time>
      </trkpt>
      <trkpt lat="41.111719" lon="-104.561264">
        <ele>1752.0</ele>
        <time>2026-07-24T17:48:10Z</time>
      </trkpt>
      <trkpt lat="41.111884" lon="-104.561398">
        <ele>1751.2</ele>
        <time>2026-07-24T17:48:11Z</time>
      </trkpt>
      <trkpt lat="41.112039" lon="-104.561550">
        <ele>1750.6</ele>
        <time>2026-07-24T17:48:12Z</time>
      </trkpt>
      <trkpt lat="41.112182" lon="-104.561724">
        <ele>1750.2</ele>
        <time>2026-07-24T17:48:13Z</time>
      </trkpt>
      <trkpt lat="41.112301" lon="-104.561917">
        <ele>1750.0</ele>
        <time>2026-07-24T17:48:14Z</time>
      </trkpt>
      <trkpt lat="41.112407" lon="-104.562123">
        <ele>1749.7</ele>
        <time>2026-07-24T17:48:15Z</time>
      </trkpt>
      <trkpt lat="41.112499" lon="-104.562346">
        <ele>1749.5</ele>
        <time>2026-07-24T17:48:16Z</time>
      </trkpt>
      <trkpt lat="41.112593" lon="-104.562691">
        <ele>1749.3</ele>
        <time>2026-07-24T17:48:17Z</time>
      </trkpt>
      <trkpt lat="41.112641" lon="-104.562950">
        <ele>1749.2</ele>
        <time>2026-07-24T17:48:18Z</time>
      </trkpt>
      <trkpt lat="41.113086" lon="-104.566721">
        <ele>1752.0</ele>
        <time>2026-07-24T17:48:32Z</time>
      </trkpt>
      <trkpt lat="41.113112" lon="-104.567018">
        <ele>1752.7</ele>
        <time>2026-07-24T17:48:33Z</time>
      </trkpt>
      <trkpt lat="41.113265" lon="-104.568330">
        <ele>1754.8</ele>
        <time>2026-07-24T17:48:38Z</time>
      </trkpt>
      <trkpt lat="41.113376" lon="-104.569119">
        <ele>1756.3</ele>
        <time>2026-07-24T17:48:41Z</time>
      </trkpt>
      <trkpt lat="41.113521" lon="-104.569910">
        <ele>1757.0</ele>
        <time>2026-07-24T17:48:44Z</time>
      </trkpt>
      <trkpt lat="41.113580" lon="-104.570174">
        <ele>1757.1</ele>
        <time>2026-07-24T17:48:45Z</time>
      </trkpt>
      <trkpt lat="41.113702" lon="-104.570636">
        <ele>1757.1</ele>
        <time>2026-07-24T17:48:47Z</time>
      </trkpt>
      <trkpt lat="41.114950" lon="-104.574217">
        <ele>1754.4</ele>
        <time>2026-07-24T17:49:02Z</time>
      </trkpt>
      <trkpt lat="41.115018" lon="-104.574465">
        <ele>1755.1</ele>
        <time>2026-07-24T17:49:03Z</time>
      </trkpt>
      <trkpt lat="41.115431" lon="-104.575639">
        <ele>1757.6</ele>
        <time>2026-07-24T17:49:08Z</time>
      </trkpt>
      <trkpt lat="41.115528" lon="-104.575868">
        <ele>1757.9</ele>
        <time>2026-07-24T17:49:09Z</time>
      </trkpt>
      <trkpt lat="41.115610" lon="-104.576106">
        <ele>1758.3</ele>
        <time>2026-07-24T17:49:10Z</time>
      </trkpt>
      <trkpt lat="41.115679" lon="-104.576359">
        <ele>1758.6</ele>
        <time>2026-07-24T17:49:11Z</time>
      </trkpt>
      <trkpt lat="41.116007" lon="-104.577325">
        <ele>1759.0</ele>
        <time>2026-07-24T17:49:15Z</time>
      </trkpt>
      <trkpt lat="41.116151" lon="-104.577825">
        <ele>1759.0</ele>
        <time>2026-07-24T17:49:17Z</time>
      </trkpt>
      <trkpt lat="41.120116" lon="-104.593663">
        <ele>1761.2</ele>
        <time>2026-07-24T17:50:17Z</time>
      </trkpt>
      <trkpt lat="41.121076" lon="-104.597439">
        <ele>1761.5</ele>
        <time>2026-07-24T17:50:31Z</time>
      </trkpt>
      <trkpt lat="41.121266" lon="-104.598266">
        <ele>1761.8</ele>
        <time>2026-07-24T17:50:34Z</time>
      </trkpt>
      <trkpt lat="41.121703" lon="-104.601926">
        <ele>1767.1</ele>
        <time>2026-07-24T17:50:47Z</time>
      </trkpt>
      <trkpt lat="41.121751" lon="-104.602191">
        <ele>1767.5</ele>
        <time>2026-07-24T17:50:48Z</time>
      </trkpt>
      <trkpt lat="41.122305" lon="-104.606899">
        <ele>1767.4</ele>
        <time>2026-07-24T17:51:05Z</time>
      </trkpt>
      <trkpt lat="41.122323" lon="-104.607185">
        <ele>1767.4</ele>
        <time>2026-07-24T17:51:06Z</time>
      </trkpt>
      <trkpt lat="41.123594" lon="-104.617977">
        <ele>1777.7</ele>
        <time>2026-07-24T17:51:46Z</time>
      </trkpt>
      <trkpt lat="41.123650" lon="-104.618766">
        <ele>1778.0</ele>
        <time>2026-07-24T17:51:49Z</time>
      </trkpt>
      <trkpt lat="41.123654" lon="-104.619309">
        <ele>1776.9</ele>
        <time>2026-07-24T17:51:51Z</time>
      </trkpt>
      <trkpt lat="41.123581" lon="-104.620729">
        <ele>1773.8</ele>
        <time>2026-07-24T17:51:56Z</time>
      </trkpt>
      <trkpt lat="41.122329" lon="-104.639728">
        <ele>1784.2</ele>
        <time>2026-07-24T17:53:03Z</time>
      </trkpt>
      <trkpt lat="41.122306" lon="-104.640212">
        <ele>1784.4</ele>
        <time>2026-07-24T17:53:05Z</time>
      </trkpt>
      <trkpt lat="41.122309" lon="-104.640484">
        <ele>1784.5</ele>
        <time>2026-07-24T17:53:06Z</time>
      </trkpt>
      <trkpt lat="41.122256" lon="-104.641592">
        <ele>1782.9</ele>
        <time>2026-07-24T17:53:10Z</time>
      </trkpt>
      <trkpt lat="41.122241" lon="-104.642157">
        <ele>1783.1</ele>
        <time>2026-07-24T17:53:12Z</time>
      </trkpt>
      <trkpt lat="41.122243" lon="-104.643005">
        <ele>1784.0</ele>
        <time>2026-07-24T17:53:15Z</time>
      </trkpt>
      <trkpt lat="41.122329" lon="-104.646114">
        <ele>1787.2</ele>
        <time>2026-07-24T17:53:26Z</time>
      </trkpt>
      <trkpt lat="41.122543" lon="-104.652863">
        <ele>1792.6</ele>
        <time>2026-07-24T17:53:50Z</time>
      </trkpt>
      <trkpt lat="41.122646" lon="-104.656751">
        <ele>1790.4</ele>
        <time>2026-07-24T17:54:04Z</time>
      </trkpt>
      <trkpt lat="41.122817" lon="-104.662604">
        <ele>1793.7</ele>
        <time>2026-07-24T17:54:25Z</time>
      </trkpt>
      <trkpt lat="41.123122" lon="-104.675718">
        <ele>1793.2</ele>
        <time>2026-07-24T17:55:12Z</time>
      </trkpt>
      <trkpt lat="41.123217" lon="-104.679135">
        <ele>1795.1</ele>
        <time>2026-07-24T17:55:24Z</time>
      </trkpt>
      <trkpt lat="41.123438" lon="-104.688029">
        <ele>1800.8</ele>
        <time>2026-07-24T17:55:56Z</time>
      </trkpt>
      <trkpt lat="41.123587" lon="-104.693470">
        <ele>1804.3</ele>
        <time>2026-07-24T17:56:17Z</time>
      </trkpt>
      <trkpt lat="41.123606" lon="-104.694918">
        <ele>1804.8</ele>
        <time>2026-07-24T17:56:23Z</time>
      </trkpt>
      <trkpt lat="41.123592" lon="-104.695402">
        <ele>1804.7</ele>
        <time>2026-07-24T17:56:25Z</time>
      </trkpt>
      <trkpt lat="41.123549" lon="-104.695884">
        <ele>1804.9</ele>
        <time>2026-07-24T17:56:27Z</time>
      </trkpt>
      <trkpt lat="41.123496" lon="-104.696121">
        <ele>1805.1</ele>
        <time>2026-07-24T17:56:28Z</time>
      </trkpt>
      <trkpt lat="41.123418" lon="-104.696595">
        <ele>1805.3</ele>
        <time>2026-07-24T17:56:30Z</time>
      </trkpt>
      <trkpt lat="41.123405" lon="-104.696834">
        <ele>1805.5</ele>
        <time>2026-07-24T17:56:31Z</time>
      </trkpt>
      <trkpt lat="41.123373" lon="-104.697026">
        <ele>1805.8</ele>
        <time>2026-07-24T17:56:32Z</time>
      </trkpt>
      <trkpt lat="41.123302" lon="-104.697308">
        <ele>1806.3</ele>
        <time>2026-07-24T17:56:33Z</time>
      </trkpt>
      <trkpt lat="41.122637" lon="-104.701312">
        <ele>1807.1</ele>
        <time>2026-07-24T17:56:51Z</time>
      </trkpt>
      <trkpt lat="41.122541" lon="-104.702011">
        <ele>1805.9</ele>
        <time>2026-07-24T17:56:54Z</time>
      </trkpt>
      <trkpt lat="41.122527" lon="-104.702707">
        <ele>1805.4</ele>
        <time>2026-07-24T17:56:57Z</time>
      </trkpt>
      <trkpt lat="41.122541" lon="-104.702943">
        <ele>1805.1</ele>
        <time>2026-07-24T17:56:58Z</time>
      </trkpt>
      <trkpt lat="41.122570" lon="-104.703168">
        <ele>1805.0</ele>
        <time>2026-07-24T17:56:59Z</time>
      </trkpt>
      <trkpt lat="41.122615" lon="-104.703390">
        <ele>1804.9</ele>
        <time>2026-07-24T17:57:00Z</time>
      </trkpt>
      <trkpt lat="41.122771" lon="-104.703791">
        <ele>1804.3</ele>
        <time>2026-07-24T17:57:02Z</time>
      </trkpt>
      <trkpt lat="41.122865" lon="-104.703985">
        <ele>1804.2</ele>
        <time>2026-07-24T17:57:03Z</time>
      </trkpt>
      <trkpt lat="41.122967" lon="-104.704163">
        <ele>1804.1</ele>
        <time>2026-07-24T17:57:04Z</time>
      </trkpt>
      <trkpt lat="41.123080" lon="-104.704326">
        <ele>1803.8</ele>
        <time>2026-07-24T17:57:05Z</time>
      </trkpt>
      <trkpt lat="41.123203" lon="-104.704478">
        <ele>1803.6</ele>
        <time>2026-07-24T17:57:06Z</time>
      </trkpt>
      <trkpt lat="41.123470" lon="-104.704747">
        <ele>1803.1</ele>
        <time>2026-07-24T17:57:08Z</time>
      </trkpt>
      <trkpt lat="41.123612" lon="-104.704869">
        <ele>1802.9</ele>
        <time>2026-07-24T17:57:09Z</time>
      </trkpt>
      <trkpt lat="41.123920" lon="-104.705093">
        <ele>1802.6</ele>
        <time>2026-07-24T17:57:11Z</time>
      </trkpt>
      <trkpt lat="41.126870" lon="-104.707045">
        <ele>1802.6</ele>
        <time>2026-07-24T17:57:30Z</time>
      </trkpt>
      <trkpt lat="41.127172" lon="-104.707219">
        <ele>1802.5</ele>
        <time>2026-07-24T17:57:32Z</time>
      </trkpt>
      <trkpt lat="41.127355" lon="-104.707302">
        <ele>1802.3</ele>
        <time>2026-07-24T17:57:33Z</time>
      </trkpt>
      <trkpt lat="41.127483" lon="-104.707346">
        <ele>1802.1</ele>
        <time>2026-07-24T17:57:34Z</time>
      </trkpt>
      <trkpt lat="41.127805" lon="-104.707407">
        <ele>1802.0</ele>
        <time>2026-07-24T17:57:36Z</time>
      </trkpt>
      <trkpt lat="41.127970" lon="-104.707420">
        <ele>1801.8</ele>
        <time>2026-07-24T17:57:37Z</time>
      </trkpt>
      <trkpt lat="41.128136" lon="-104.707413">
        <ele>1801.7</ele>
        <time>2026-07-24T17:57:38Z</time>
      </trkpt>
      <trkpt lat="41.128301" lon="-104.707389">
        <ele>1801.6</ele>
        <time>2026-07-24T17:57:39Z</time>
      </trkpt>
      <trkpt lat="41.128467" lon="-104.707349">
        <ele>1801.6</ele>
        <time>2026-07-24T17:57:40Z</time>
      </trkpt>
      <trkpt lat="41.128628" lon="-104.707283">
        <ele>1801.3</ele>
        <time>2026-07-24T17:57:41Z</time>
      </trkpt>
      <trkpt lat="41.128788" lon="-104.707203">
        <ele>1801.2</ele>
        <time>2026-07-24T17:57:42Z</time>
      </trkpt>
      <trkpt lat="41.128943" lon="-104.707107">
        <ele>1800.9</ele>
        <time>2026-07-24T17:57:43Z</time>
      </trkpt>
      <trkpt lat="41.129092" lon="-104.706993">
        <ele>1800.7</ele>
        <time>2026-07-24T17:57:44Z</time>
      </trkpt>
      <trkpt lat="41.129239" lon="-104.706857">
        <ele>1800.5</ele>
        <time>2026-07-24T17:57:45Z</time>
      </trkpt>
      <trkpt lat="41.129378" lon="-104.706704">
        <ele>1800.5</ele>
        <time>2026-07-24T17:57:46Z</time>
      </trkpt>
      <trkpt lat="41.129642" lon="-104.706359">
        <ele>1800.5</ele>
        <time>2026-07-24T17:57:48Z</time>
      </trkpt>
      <trkpt lat="41.129913" lon="-104.705958">
        <ele>1800.8</ele>
        <time>2026-07-24T17:57:50Z</time>
      </trkpt>
      <trkpt lat="41.130636" lon="-104.704829">
        <ele>1804.3</ele>
        <time>2026-07-24T17:57:56Z</time>
      </trkpt>
      <trkpt lat="41.131113" lon="-104.704103">
        <ele>1806.4</ele>
        <time>2026-07-24T17:58:00Z</time>
      </trkpt>
      <trkpt lat="41.131360" lon="-104.703756">
        <ele>1807.3</ele>
        <time>2026-07-24T17:58:02Z</time>
      </trkpt>
      <trkpt lat="41.131764" lon="-104.703326">
        <ele>1808.4</ele>
        <time>2026-07-24T17:58:05Z</time>
      </trkpt>
      <trkpt lat="41.131903" lon="-104.703206">
        <ele>1808.9</ele>
        <time>2026-07-24T17:58:06Z</time>
      </trkpt>
      <trkpt lat="41.132049" lon="-104.703101">
        <ele>1809.1</ele>
        <time>2026-07-24T17:58:07Z</time>
      </trkpt>
      <trkpt lat="41.132367" lon="-104.702980">
        <ele>1809.2</ele>
        <time>2026-07-24T17:58:09Z</time>
      </trkpt>
      <trkpt lat="41.132524" lon="-104.702937">
        <ele>1809.2</ele>
        <time>2026-07-24T17:58:10Z</time>
      </trkpt>
      <trkpt lat="41.132684" lon="-104.702910">
        <ele>1809.0</ele>
        <time>2026-07-24T17:58:11Z</time>
      </trkpt>
      <trkpt lat="41.132843" lon="-104.702900">
        <ele>1808.7</ele>
        <time>2026-07-24T17:58:12Z</time>
      </trkpt>
      <trkpt lat="41.133007" lon="-104.702907">
        <ele>1808.7</ele>
        <time>2026-07-24T17:58:13Z</time>
      </trkpt>
      <trkpt lat="41.133165" lon="-104.702926">
        <ele>1808.6</ele>
        <time>2026-07-24T17:58:14Z</time>
      </trkpt>
      <trkpt lat="41.133327" lon="-104.702960">
        <ele>1808.2</ele>
        <time>2026-07-24T17:58:15Z</time>
      </trkpt>
      <trkpt lat="41.133481" lon="-104.703008">
        <ele>1807.9</ele>
        <time>2026-07-24T17:58:16Z</time>
      </trkpt>
      <trkpt lat="41.133630" lon="-104.703077">
        <ele>1807.7</ele>
        <time>2026-07-24T17:58:17Z</time>
      </trkpt>
      <trkpt lat="41.133773" lon="-104.703158">
        <ele>1807.6</ele>
        <time>2026-07-24T17:58:18Z</time>
      </trkpt>
      <trkpt lat="41.134060" lon="-104.703351">
        <ele>1807.2</ele>
        <time>2026-07-24T17:58:20Z</time>
      </trkpt>
      <trkpt lat="41.134198" lon="-104.703457">
        <ele>1807.1</ele>
        <time>2026-07-24T17:58:21Z</time>
      </trkpt>
      <trkpt lat="41.134490" lon="-104.703719">
        <ele>1806.8</ele>
        <time>2026-07-24T17:58:23Z</time>
      </trkpt>
      <trkpt lat="41.134982" lon="-104.704186">
        <ele>1806.6</ele>
        <time>2026-07-24T17:58:27Z</time>
      </trkpt>
      <trkpt lat="41.135664" lon="-104.704791">
        <ele>1807.1</ele>
        <time>2026-07-24T17:58:33Z</time>
      </trkpt>
      <trkpt lat="41.135758" lon="-104.704856">
        <ele>1807.7</ele>
        <time>2026-07-24T17:58:34Z</time>
      </trkpt>
      <trkpt lat="41.135998" lon="-104.705092">
        <ele>1808.2</ele>
        <time>2026-07-24T17:58:39Z</time>
      </trkpt>
      <trkpt lat="41.136044" lon="-104.705164">
        <ele>1808.3</ele>
        <time>2026-07-24T17:58:41Z</time>
      </trkpt>
      <trkpt lat="41.135974" lon="-104.705196">
        <ele>1808.0</ele>
        <time>2026-07-24T17:58:42Z</time>
      </trkpt>
      <trkpt lat="41.135689" lon="-104.705723">
        <ele>1806.0</ele>
        <time>2026-07-24T17:59:28Z</time>
      </trkpt>
      <trkpt lat="41.135759" lon="-104.705794">
        <ele>1805.0</ele>
        <time>2026-07-24T18:01:58Z</time>
      </trkpt>
      <trkpt lat="41.135697" lon="-104.705879">
        <ele>1809.1</ele>
        <time>2026-07-24T18:03:27Z</time>
      </trkpt>
      <trkpt lat="41.135608" lon="-104.705877">
        <ele>1809.2</ele>
        <time>2026-07-24T18:03:28Z</time>
      </trkpt>
      <trkpt lat="41.135341" lon="-104.706344">
        <ele>1809.1</ele>
        <time>2026-07-24T18:03:33Z</time>
      </trkpt>
      <trkpt lat="41.135093" lon="-104.706719">
        <ele>1809.4</ele>
        <time>2026-07-24T18:03:36Z</time>
      </trkpt>
      <trkpt lat="41.134453" lon="-104.707556">
        <ele>1810.0</ele>
        <time>2026-07-24T18:03:42Z</time>
      </trkpt>
      <trkpt lat="41.134346" lon="-104.707715">
        <ele>1809.9</ele>
        <time>2026-07-24T18:03:43Z</time>
      </trkpt>
      <trkpt lat="41.133979" lon="-104.708178">
        <ele>1809.8</ele>
        <time>2026-07-24T18:03:46Z</time>
      </trkpt>
      <trkpt lat="41.133739" lon="-104.708521">
        <ele>1809.6</ele>
        <time>2026-07-24T18:03:48Z</time>
      </trkpt>
      <trkpt lat="41.133622" lon="-104.708705">
        <ele>1809.5</ele>
        <time>2026-07-24T18:03:49Z</time>
      </trkpt>
      <trkpt lat="41.133397" lon="-104.709098">
        <ele>1809.0</ele>
        <time>2026-07-24T18:03:51Z</time>
      </trkpt>
      <trkpt lat="41.133293" lon="-104.709302">
        <ele>1808.9</ele>
        <time>2026-07-24T18:03:52Z</time>
      </trkpt>
      <trkpt lat="41.133192" lon="-104.709516">
        <ele>1808.7</ele>
        <time>2026-07-24T18:03:53Z</time>
      </trkpt>
      <trkpt lat="41.133020" lon="-104.709922">
        <ele>1808.2</ele>
        <time>2026-07-24T18:03:55Z</time>
      </trkpt>
      <trkpt lat="41.131892" lon="-104.712968">
        <ele>1806.1</ele>
        <time>2026-07-24T18:04:07Z</time>
      </trkpt>
      <trkpt lat="41.127183" lon="-104.726321">
        <ele>1810.6</ele>
        <time>2026-07-24T18:04:55Z</time>
      </trkpt>
      <trkpt lat="41.127001" lon="-104.726889">
        <ele>1811.0</ele>
        <time>2026-07-24T18:04:57Z</time>
      </trkpt>
      <trkpt lat="41.126635" lon="-104.728095">
        <ele>1812.2</ele>
        <time>2026-07-24T18:05:01Z</time>
      </trkpt>
      <trkpt lat="41.126180" lon="-104.729769">
        <ele>1815.6</ele>
        <time>2026-07-24T18:05:07Z</time>
      </trkpt>
      <trkpt lat="41.125891" lon="-104.730970">
        <ele>1818.2</ele>
        <time>2026-07-24T18:05:11Z</time>
      </trkpt>
      <trkpt lat="41.125536" lon="-104.732673">
        <ele>1822.4</ele>
        <time>2026-07-24T18:05:17Z</time>
      </trkpt>
      <trkpt lat="41.125291" lon="-104.734040">
        <ele>1825.5</ele>
        <time>2026-07-24T18:05:22Z</time>
      </trkpt>
      <trkpt lat="41.125071" lon="-104.735493">
        <ele>1828.3</ele>
        <time>2026-07-24T18:05:27Z</time>
      </trkpt>
      <trkpt lat="41.124885" lon="-104.736977">
        <ele>1829.3</ele>
        <time>2026-07-24T18:05:32Z</time>
      </trkpt>
      <trkpt lat="41.124772" lon="-104.738188">
        <ele>1829.9</ele>
        <time>2026-07-24T18:05:36Z</time>
      </trkpt>
      <trkpt lat="41.124661" lon="-104.739713">
        <ele>1830.7</ele>
        <time>2026-07-24T18:05:41Z</time>
      </trkpt>
      <trkpt lat="41.124600" lon="-104.740914">
        <ele>1831.4</ele>
        <time>2026-07-24T18:05:45Z</time>
      </trkpt>
      <trkpt lat="41.124572" lon="-104.741805">
        <ele>1831.8</ele>
        <time>2026-07-24T18:05:48Z</time>
      </trkpt>
      <trkpt lat="41.124539" lon="-104.743567">
        <ele>1833.1</ele>
        <time>2026-07-24T18:05:54Z</time>
      </trkpt>
      <trkpt lat="41.124377" lon="-104.755364">
        <ele>1829.5</ele>
        <time>2026-07-24T18:06:32Z</time>
      </trkpt>
      <trkpt lat="41.124174" lon="-104.767575">
        <ele>1834.7</ele>
        <time>2026-07-24T18:07:11Z</time>
      </trkpt>
      <trkpt lat="41.124132" lon="-104.769121">
        <ele>1835.7</ele>
        <time>2026-07-24T18:07:16Z</time>
      </trkpt>
      <trkpt lat="41.124088" lon="-104.769990">
        <ele>1836.0</ele>
        <time>2026-07-24T18:07:19Z</time>
      </trkpt>
      <trkpt lat="41.123958" lon="-104.771553">
        <ele>1835.8</ele>
        <time>2026-07-24T18:07:24Z</time>
      </trkpt>
      <trkpt lat="41.123792" lon="-104.773101">
        <ele>1836.1</ele>
        <time>2026-07-24T18:07:29Z</time>
      </trkpt>
      <trkpt lat="41.123583" lon="-104.774638">
        <ele>1835.9</ele>
        <time>2026-07-24T18:07:34Z</time>
      </trkpt>
      <trkpt lat="41.122735" lon="-104.780159">
        <ele>1836.7</ele>
        <time>2026-07-24T18:07:52Z</time>
      </trkpt>
      <trkpt lat="41.119005" lon="-104.805772">
        <ele>1868.8</ele>
        <time>2026-07-24T18:09:16Z</time>
      </trkpt>
      <trkpt lat="41.118295" lon="-104.810377">
        <ele>1871.6</ele>
        <time>2026-07-24T18:09:31Z</time>
      </trkpt>
      <trkpt lat="41.117743" lon="-104.814071">
        <ele>1870.5</ele>
        <time>2026-07-24T18:09:43Z</time>
      </trkpt>
      <trkpt lat="41.117518" lon="-104.815859">
        <ele>1869.7</ele>
        <time>2026-07-24T18:09:49Z</time>
      </trkpt>
      <trkpt lat="41.116716" lon="-104.821391">
        <ele>1868.6</ele>
        <time>2026-07-24T18:10:07Z</time>
      </trkpt>
      <trkpt lat="41.116596" lon="-104.822311">
        <ele>1868.1</ele>
        <time>2026-07-24T18:10:10Z</time>
      </trkpt>
      <trkpt lat="41.116507" lon="-104.823247">
        <ele>1867.7</ele>
        <time>2026-07-24T18:10:13Z</time>
      </trkpt>
      <trkpt lat="41.116452" lon="-104.824188">
        <ele>1867.3</ele>
        <time>2026-07-24T18:10:16Z</time>
      </trkpt>
      <trkpt lat="41.116433" lon="-104.825120">
        <ele>1867.1</ele>
        <time>2026-07-24T18:10:19Z</time>
      </trkpt>
      <trkpt lat="41.116429" lon="-104.826680">
        <ele>1867.2</ele>
        <time>2026-07-24T18:10:24Z</time>
      </trkpt>
      <trkpt lat="41.116457" lon="-104.836947">
        <ele>1868.5</ele>
        <time>2026-07-24T18:10:57Z</time>
      </trkpt>
      <trkpt lat="41.116441" lon="-104.837886">
        <ele>1867.7</ele>
        <time>2026-07-24T18:11:00Z</time>
      </trkpt>
      <trkpt lat="41.116394" lon="-104.838885">
        <ele>1866.9</ele>
        <time>2026-07-24T18:11:03Z</time>
      </trkpt>
      <trkpt lat="41.116285" lon="-104.840052">
        <ele>1866.7</ele>
        <time>2026-07-24T18:11:07Z</time>
      </trkpt>
      <trkpt lat="41.116212" lon="-104.840663">
        <ele>1866.2</ele>
        <time>2026-07-24T18:11:09Z</time>
      </trkpt>
      <trkpt lat="41.116075" lon="-104.841573">
        <ele>1865.9</ele>
        <time>2026-07-24T18:11:12Z</time>
      </trkpt>
      <trkpt lat="41.116003" lon="-104.841872">
        <ele>1865.8</ele>
        <time>2026-07-24T18:11:13Z</time>
      </trkpt>
      <trkpt lat="41.115945" lon="-104.842171">
        <ele>1866.4</ele>
        <time>2026-07-24T18:11:14Z</time>
      </trkpt>
      <trkpt lat="41.115416" lon="-104.844578">
        <ele>1870.2</ele>
        <time>2026-07-24T18:11:22Z</time>
      </trkpt>
      <trkpt lat="41.115364" lon="-104.844885">
        <ele>1870.3</ele>
        <time>2026-07-24T18:11:23Z</time>
      </trkpt>
      <trkpt lat="41.115288" lon="-104.845117">
        <ele>1870.3</ele>
        <time>2026-07-24T18:11:24Z</time>
      </trkpt>
      <trkpt lat="41.115211" lon="-104.845421">
        <ele>1870.3</ele>
        <time>2026-07-24T18:11:25Z</time>
      </trkpt>
      <trkpt lat="41.115145" lon="-104.845794">
        <ele>1870.4</ele>
        <time>2026-07-24T18:11:26Z</time>
      </trkpt>
      <trkpt lat="41.114550" lon="-104.848420">
        <ele>1870.2</ele>
        <time>2026-07-24T18:11:35Z</time>
      </trkpt>
      <trkpt lat="41.114126" lon="-104.850217">
        <ele>1871.0</ele>
        <time>2026-07-24T18:11:41Z</time>
      </trkpt>
      <trkpt lat="41.113525" lon="-104.852913">
        <ele>1872.9</ele>
        <time>2026-07-24T18:11:50Z</time>
      </trkpt>
      <trkpt lat="41.113405" lon="-104.853520">
        <ele>1873.8</ele>
        <time>2026-07-24T18:11:52Z</time>
      </trkpt>
      <trkpt lat="41.113319" lon="-104.854127">
        <ele>1875.0</ele>
        <time>2026-07-24T18:11:54Z</time>
      </trkpt>
      <trkpt lat="41.113290" lon="-104.854434">
        <ele>1875.7</ele>
        <time>2026-07-24T18:11:55Z</time>
      </trkpt>
      <trkpt lat="41.113265" lon="-104.855041">
        <ele>1877.3</ele>
        <time>2026-07-24T18:11:57Z</time>
      </trkpt>
      <trkpt lat="41.113268" lon="-104.855352">
        <ele>1877.9</ele>
        <time>2026-07-24T18:11:58Z</time>
      </trkpt>
      <trkpt lat="41.113307" lon="-104.855971">
        <ele>1879.7</ele>
        <time>2026-07-24T18:12:00Z</time>
      </trkpt>
      <trkpt lat="41.113342" lon="-104.856282">
        <ele>1880.7</ele>
        <time>2026-07-24T18:12:01Z</time>
      </trkpt>
      <trkpt lat="41.113445" lon="-104.856889">
        <ele>1882.6</ele>
        <time>2026-07-24T18:12:03Z</time>
      </trkpt>
      <trkpt lat="41.113511" lon="-104.857186">
        <ele>1883.4</ele>
        <time>2026-07-24T18:12:04Z</time>
      </trkpt>
      <trkpt lat="41.113677" lon="-104.857773">
        <ele>1885.3</ele>
        <time>2026-07-24T18:12:06Z</time>
      </trkpt>
      <trkpt lat="41.113879" lon="-104.858336">
        <ele>1886.8</ele>
        <time>2026-07-24T18:12:08Z</time>
      </trkpt>
      <trkpt lat="41.114100" lon="-104.858892">
        <ele>1887.9</ele>
        <time>2026-07-24T18:12:10Z</time>
      </trkpt>
      <trkpt lat="41.115122" lon="-104.861385">
        <ele>1889.4</ele>
        <time>2026-07-24T18:12:19Z</time>
      </trkpt>
      <trkpt lat="41.115300" lon="-104.861646">
        <ele>1889.1</ele>
        <time>2026-07-24T18:12:20Z</time>
      </trkpt>
      <trkpt lat="41.116200" lon="-104.863843">
        <ele>1886.7</ele>
        <time>2026-07-24T18:12:28Z</time>
      </trkpt>
      <trkpt lat="41.116382" lon="-104.864346">
        <ele>1886.6</ele>
        <time>2026-07-24T18:12:30Z</time>
      </trkpt>
      <trkpt lat="41.116494" lon="-104.864689">
        <ele>1886.6</ele>
        <time>2026-07-24T18:12:31Z</time>
      </trkpt>
      <trkpt lat="41.116718" lon="-104.865507">
        <ele>1886.3</ele>
        <time>2026-07-24T18:12:34Z</time>
      </trkpt>
      <trkpt lat="41.116848" lon="-104.866109">
        <ele>1886.2</ele>
        <time>2026-07-24T18:12:36Z</time>
      </trkpt>
      <trkpt lat="41.116951" lon="-104.866720">
        <ele>1886.3</ele>
        <time>2026-07-24T18:12:38Z</time>
      </trkpt>
      <trkpt lat="41.117021" lon="-104.867645">
        <ele>1886.9</ele>
        <time>2026-07-24T18:12:41Z</time>
      </trkpt>
      <trkpt lat="41.117047" lon="-104.868569">
        <ele>1888.0</ele>
        <time>2026-07-24T18:12:44Z</time>
      </trkpt>
      <trkpt lat="41.117033" lon="-104.873899">
        <ele>1898.0</ele>
        <time>2026-07-24T18:13:01Z</time>
      </trkpt>
      <trkpt lat="41.117043" lon="-104.874214">
        <ele>1898.5</ele>
        <time>2026-07-24T18:13:02Z</time>
      </trkpt>
      <trkpt lat="41.116997" lon="-104.878855">
        <ele>1909.2</ele>
        <time>2026-07-24T18:13:17Z</time>
      </trkpt>
      <trkpt lat="41.116955" lon="-104.887000">
        <ele>1923.8</ele>
        <time>2026-07-24T18:13:43Z</time>
      </trkpt>
      <trkpt lat="41.116928" lon="-104.895060">
        <ele>1926.7</ele>
        <time>2026-07-24T18:14:09Z</time>
      </trkpt>
      <trkpt lat="41.117040" lon="-104.895385">
        <ele>1926.8</ele>
        <time>2026-07-24T18:14:10Z</time>
      </trkpt>
      <trkpt lat="41.116976" lon="-104.896381">
        <ele>1927.0</ele>
        <time>2026-07-24T18:14:13Z</time>
      </trkpt>
      <trkpt lat="41.116936" lon="-104.897562">
        <ele>1926.9</ele>
        <time>2026-07-24T18:14:17Z</time>
      </trkpt>
      <trkpt lat="41.116905" lon="-104.897938">
        <ele>1927.0</ele>
        <time>2026-07-24T18:14:18Z</time>
      </trkpt>
      <trkpt lat="41.116875" lon="-104.902551">
        <ele>1931.1</ele>
        <time>2026-07-24T18:14:33Z</time>
      </trkpt>
      <trkpt lat="41.116869" lon="-104.905672">
        <ele>1935.2</ele>
        <time>2026-07-24T18:14:43Z</time>
      </trkpt>
      <trkpt lat="41.116854" lon="-104.906612">
        <ele>1936.4</ele>
        <time>2026-07-24T18:14:46Z</time>
      </trkpt>
      <trkpt lat="41.116804" lon="-104.907541">
        <ele>1937.5</ele>
        <time>2026-07-24T18:14:49Z</time>
      </trkpt>
      <trkpt lat="41.116718" lon="-104.908470">
        <ele>1939.1</ele>
        <time>2026-07-24T18:14:52Z</time>
      </trkpt>
      <trkpt lat="41.116560" lon="-104.909701">
        <ele>1940.8</ele>
        <time>2026-07-24T18:14:56Z</time>
      </trkpt>
      <trkpt lat="41.116418" lon="-104.910620">
        <ele>1941.8</ele>
        <time>2026-07-24T18:14:59Z</time>
      </trkpt>
      <trkpt lat="41.116115" lon="-104.912451">
        <ele>1943.1</ele>
        <time>2026-07-24T18:15:05Z</time>
      </trkpt>
      <trkpt lat="41.115166" lon="-104.917883">
        <ele>1948.9</ele>
        <time>2026-07-24T18:15:23Z</time>
      </trkpt>
      <trkpt lat="41.114616" lon="-104.921205">
        <ele>1953.4</ele>
        <time>2026-07-24T18:15:34Z</time>
      </trkpt>
      <trkpt lat="41.114480" lon="-104.922111">
        <ele>1954.3</ele>
        <time>2026-07-24T18:15:37Z</time>
      </trkpt>
      <trkpt lat="41.114400" lon="-104.922717">
        <ele>1954.7</ele>
        <time>2026-07-24T18:15:39Z</time>
      </trkpt>
      <trkpt lat="41.114128" lon="-104.925147">
        <ele>1955.6</ele>
        <time>2026-07-24T18:15:47Z</time>
      </trkpt>
      <trkpt lat="41.113265" lon="-104.933359">
        <ele>1958.0</ele>
        <time>2026-07-24T18:16:14Z</time>
      </trkpt>
      <trkpt lat="41.112430" lon="-104.941506">
        <ele>1961.0</ele>
        <time>2026-07-24T18:16:41Z</time>
      </trkpt>
      <trkpt lat="41.111186" lon="-104.953319">
        <ele>1977.1</ele>
        <time>2026-07-24T18:17:20Z</time>
      </trkpt>
      <trkpt lat="41.111017" lon="-104.955146">
        <ele>1979.0</ele>
        <time>2026-07-24T18:17:26Z</time>
      </trkpt>
      <trkpt lat="41.110205" lon="-104.967929">
        <ele>1992.2</ele>
        <time>2026-07-24T18:18:08Z</time>
      </trkpt>
      <trkpt lat="41.110055" lon="-104.969760">
        <ele>1995.4</ele>
        <time>2026-07-24T18:18:14Z</time>
      </trkpt>
      <trkpt lat="41.109881" lon="-104.971272">
        <ele>1997.8</ele>
        <time>2026-07-24T18:18:19Z</time>
      </trkpt>
      <trkpt lat="41.108641" lon="-104.981272">
        <ele>2008.3</ele>
        <time>2026-07-24T18:18:52Z</time>
      </trkpt>
      <trkpt lat="41.107630" lon="-104.989713">
        <ele>2019.1</ele>
        <time>2026-07-24T18:19:20Z</time>
      </trkpt>
      <trkpt lat="41.107514" lon="-104.990616">
        <ele>2020.3</ele>
        <time>2026-07-24T18:19:23Z</time>
      </trkpt>
      <trkpt lat="41.107421" lon="-104.991219">
        <ele>2021.3</ele>
        <time>2026-07-24T18:19:25Z</time>
      </trkpt>
      <trkpt lat="41.107259" lon="-104.992118">
        <ele>2022.5</ele>
        <time>2026-07-24T18:19:28Z</time>
      </trkpt>
      <trkpt lat="41.107133" lon="-104.992709">
        <ele>2023.7</ele>
        <time>2026-07-24T18:19:30Z</time>
      </trkpt>
      <trkpt lat="41.106841" lon="-104.993868">
        <ele>2026.1</ele>
        <time>2026-07-24T18:19:34Z</time>
      </trkpt>
      <trkpt lat="41.106441" lon="-104.995305">
        <ele>2028.4</ele>
        <time>2026-07-24T18:19:39Z</time>
      </trkpt>
      <trkpt lat="41.105679" lon="-104.997886">
        <ele>2033.1</ele>
        <time>2026-07-24T18:19:48Z</time>
      </trkpt>
      <trkpt lat="41.103796" lon="-105.004417">
        <ele>2045.3</ele>
        <time>2026-07-24T18:20:11Z</time>
      </trkpt>
      <trkpt lat="41.102737" lon="-105.008164">
        <ele>2052.2</ele>
        <time>2026-07-24T18:20:24Z</time>
      </trkpt>
      <trkpt lat="41.102105" lon="-105.010468">
        <ele>2054.6</ele>
        <time>2026-07-24T18:20:32Z</time>
      </trkpt>
      <trkpt lat="41.101892" lon="-105.011338">
        <ele>2055.6</ele>
        <time>2026-07-24T18:20:35Z</time>
      </trkpt>
      <trkpt lat="41.101768" lon="-105.011928">
        <ele>2056.1</ele>
        <time>2026-07-24T18:20:37Z</time>
      </trkpt>
      <trkpt lat="41.101610" lon="-105.012822">
        <ele>2056.8</ele>
        <time>2026-07-24T18:20:40Z</time>
      </trkpt>
      <trkpt lat="41.101485" lon="-105.013733">
        <ele>2057.5</ele>
        <time>2026-07-24T18:20:43Z</time>
      </trkpt>
      <trkpt lat="41.101388" lon="-105.014649">
        <ele>2057.7</ele>
        <time>2026-07-24T18:20:46Z</time>
      </trkpt>
      <trkpt lat="41.101319" lon="-105.015570">
        <ele>2058.4</ele>
        <time>2026-07-24T18:20:49Z</time>
      </trkpt>
      <trkpt lat="41.101281" lon="-105.016486">
        <ele>2059.2</ele>
        <time>2026-07-24T18:20:52Z</time>
      </trkpt>
      <trkpt lat="41.101277" lon="-105.017099">
        <ele>2059.7</ele>
        <time>2026-07-24T18:20:54Z</time>
      </trkpt>
      <trkpt lat="41.101296" lon="-105.017961">
        <ele>2060.1</ele>
        <time>2026-07-24T18:20:57Z</time>
      </trkpt>
      <trkpt lat="41.101347" lon="-105.018887">
        <ele>2060.2</ele>
        <time>2026-07-24T18:21:00Z</time>
      </trkpt>
      <trkpt lat="41.101428" lon="-105.019860">
        <ele>2061.4</ele>
        <time>2026-07-24T18:21:03Z</time>
      </trkpt>
      <trkpt lat="41.101496" lon="-105.020462">
        <ele>2062.3</ele>
        <time>2026-07-24T18:21:05Z</time>
      </trkpt>
      <trkpt lat="41.101572" lon="-105.021000">
        <ele>2063.4</ele>
        <time>2026-07-24T18:21:07Z</time>
      </trkpt>
      <trkpt lat="41.102774" lon="-105.028195">
        <ele>2077.7</ele>
        <time>2026-07-24T18:21:31Z</time>
      </trkpt>
      <trkpt lat="41.102897" lon="-105.028523">
        <ele>2078.0</ele>
        <time>2026-07-24T18:21:32Z</time>
      </trkpt>
      <trkpt lat="41.103396" lon="-105.031508">
        <ele>2080.8</ele>
        <time>2026-07-24T18:21:42Z</time>
      </trkpt>
      <trkpt lat="41.103484" lon="-105.032107">
        <ele>2081.2</ele>
        <time>2026-07-24T18:21:44Z</time>
      </trkpt>
      <trkpt lat="41.103560" lon="-105.032713">
        <ele>2081.7</ele>
        <time>2026-07-24T18:21:46Z</time>
      </trkpt>
      <trkpt lat="41.103618" lon="-105.033317">
        <ele>2082.2</ele>
        <time>2026-07-24T18:21:48Z</time>
      </trkpt>
      <trkpt lat="41.103665" lon="-105.033927">
        <ele>2082.8</ele>
        <time>2026-07-24T18:21:50Z</time>
      </trkpt>
      <trkpt lat="41.103715" lon="-105.035086">
        <ele>2083.7</ele>
        <time>2026-07-24T18:21:54Z</time>
      </trkpt>
      <trkpt lat="41.103720" lon="-105.036014">
        <ele>2084.4</ele>
        <time>2026-07-24T18:21:57Z</time>
      </trkpt>
      <trkpt lat="41.103696" lon="-105.036384">
        <ele>2084.6</ele>
        <time>2026-07-24T18:21:58Z</time>
      </trkpt>
      <trkpt lat="41.103664" lon="-105.037920">
        <ele>2085.8</ele>
        <time>2026-07-24T18:22:03Z</time>
      </trkpt>
      <trkpt lat="41.103675" lon="-105.038164">
        <ele>2086.1</ele>
        <time>2026-07-24T18:22:04Z</time>
      </trkpt>
      <trkpt lat="41.103527" lon="-105.042766">
        <ele>2093.1</ele>
        <time>2026-07-24T18:22:19Z</time>
      </trkpt>
      <trkpt lat="41.103493" lon="-105.043383">
        <ele>2094.1</ele>
        <time>2026-07-24T18:22:21Z</time>
      </trkpt>
      <trkpt lat="41.103417" lon="-105.044302">
        <ele>2095.5</ele>
        <time>2026-07-24T18:22:24Z</time>
      </trkpt>
      <trkpt lat="41.103310" lon="-105.045218">
        <ele>2097.0</ele>
        <time>2026-07-24T18:22:27Z</time>
      </trkpt>
      <trkpt lat="41.103228" lon="-105.045817">
        <ele>2097.8</ele>
        <time>2026-07-24T18:22:29Z</time>
      </trkpt>
      <trkpt lat="41.103166" lon="-105.046116">
        <ele>2098.2</ele>
        <time>2026-07-24T18:22:30Z</time>
      </trkpt>
      <trkpt lat="41.103138" lon="-105.046419">
        <ele>2098.6</ele>
        <time>2026-07-24T18:22:31Z</time>
      </trkpt>
      <trkpt lat="41.102045" lon="-105.053282">
        <ele>2110.4</ele>
        <time>2026-07-24T18:22:54Z</time>
      </trkpt>
      <trkpt lat="41.101348" lon="-105.057861">
        <ele>2117.7</ele>
        <time>2026-07-24T18:23:09Z</time>
      </trkpt>
      <trkpt lat="41.100747" lon="-105.061721">
        <ele>2122.3</ele>
        <time>2026-07-24T18:23:22Z</time>
      </trkpt>
      <trkpt lat="41.100402" lon="-105.064138">
        <ele>2124.1</ele>
        <time>2026-07-24T18:23:30Z</time>
      </trkpt>
      <trkpt lat="41.100299" lon="-105.065051">
        <ele>2124.8</ele>
        <time>2026-07-24T18:23:33Z</time>
      </trkpt>
      <trkpt lat="41.100223" lon="-105.065957">
        <ele>2125.3</ele>
        <time>2026-07-24T18:23:36Z</time>
      </trkpt>
      <trkpt lat="41.100191" lon="-105.066567">
        <ele>2125.6</ele>
        <time>2026-07-24T18:23:38Z</time>
      </trkpt>
      <trkpt lat="41.100174" lon="-105.067123">
        <ele>2125.8</ele>
        <time>2026-07-24T18:23:40Z</time>
      </trkpt>
      <trkpt lat="41.100167" lon="-105.068109">
        <ele>2126.3</ele>
        <time>2026-07-24T18:23:43Z</time>
      </trkpt>
      <trkpt lat="41.100280" lon="-105.078480">
        <ele>2144.0</ele>
        <time>2026-07-24T18:24:17Z</time>
      </trkpt>
      <trkpt lat="41.100264" lon="-105.079397">
        <ele>2145.6</ele>
        <time>2026-07-24T18:24:20Z</time>
      </trkpt>
      <trkpt lat="41.100219" lon="-105.080617">
        <ele>2147.8</ele>
        <time>2026-07-24T18:24:24Z</time>
      </trkpt>
      <trkpt lat="41.100153" lon="-105.081840">
        <ele>2149.7</ele>
        <time>2026-07-24T18:24:28Z</time>
      </trkpt>
      <trkpt lat="41.099854" lon="-105.086373">
        <ele>2156.5</ele>
        <time>2026-07-24T18:24:43Z</time>
      </trkpt>
      <trkpt lat="41.099422" lon="-105.093461">
        <ele>2167.2</ele>
        <time>2026-07-24T18:25:07Z</time>
      </trkpt>
      <trkpt lat="41.099378" lon="-105.094054">
        <ele>2168.4</ele>
        <time>2026-07-24T18:25:09Z</time>
      </trkpt>
      <trkpt lat="41.099289" lon="-105.094938">
        <ele>2170.2</ele>
        <time>2026-07-24T18:25:12Z</time>
      </trkpt>
      <trkpt lat="41.099175" lon="-105.095809">
        <ele>2172.0</ele>
        <time>2026-07-24T18:25:15Z</time>
      </trkpt>
      <trkpt lat="41.098973" lon="-105.096959">
        <ele>2174.5</ele>
        <time>2026-07-24T18:25:19Z</time>
      </trkpt>
      <trkpt lat="41.098867" lon="-105.097473">
        <ele>2175.4</ele>
        <time>2026-07-24T18:25:21Z</time>
      </trkpt>
      <trkpt lat="41.098649" lon="-105.098386">
        <ele>2176.0</ele>
        <time>2026-07-24T18:25:24Z</time>
      </trkpt>
      <trkpt lat="41.097895" lon="-105.101442">
        <ele>2174.4</ele>
        <time>2026-07-24T18:25:35Z</time>
      </trkpt>
      <trkpt lat="41.097767" lon="-105.102013">
        <ele>2174.0</ele>
        <time>2026-07-24T18:25:37Z</time>
      </trkpt>
      <trkpt lat="41.097654" lon="-105.102580">
        <ele>2173.6</ele>
        <time>2026-07-24T18:25:39Z</time>
      </trkpt>
      <trkpt lat="41.097549" lon="-105.103215">
        <ele>2173.3</ele>
        <time>2026-07-24T18:25:41Z</time>
      </trkpt>
      <trkpt lat="41.097445" lon="-105.104022">
        <ele>2172.8</ele>
        <time>2026-07-24T18:25:44Z</time>
      </trkpt>
      <trkpt lat="41.097357" lon="-105.104958">
        <ele>2172.3</ele>
        <time>2026-07-24T18:25:47Z</time>
      </trkpt>
      <trkpt lat="41.097321" lon="-105.105546">
        <ele>2171.9</ele>
        <time>2026-07-24T18:25:49Z</time>
      </trkpt>
      <trkpt lat="41.097306" lon="-105.106080">
        <ele>2171.6</ele>
        <time>2026-07-24T18:25:51Z</time>
      </trkpt>
      <trkpt lat="41.097306" lon="-105.106969">
        <ele>2171.4</ele>
        <time>2026-07-24T18:25:54Z</time>
      </trkpt>
      <trkpt lat="41.097324" lon="-105.107563">
        <ele>2171.4</ele>
        <time>2026-07-24T18:25:56Z</time>
      </trkpt>
      <trkpt lat="41.097375" lon="-105.108445">
        <ele>2171.2</ele>
        <time>2026-07-24T18:25:59Z</time>
      </trkpt>
      <trkpt lat="41.097431" lon="-105.109035">
        <ele>2171.1</ele>
        <time>2026-07-24T18:26:01Z</time>
      </trkpt>
      <trkpt lat="41.097501" lon="-105.109625">
        <ele>2170.9</ele>
        <time>2026-07-24T18:26:03Z</time>
      </trkpt>
      <trkpt lat="41.098205" lon="-105.114557">
        <ele>2177.8</ele>
        <time>2026-07-24T18:26:20Z</time>
      </trkpt>
      <trkpt lat="41.098491" lon="-105.116921">
        <ele>2180.4</ele>
        <time>2026-07-24T18:26:28Z</time>
      </trkpt>
      <trkpt lat="41.098634" lon="-105.118319">
        <ele>2182.3</ele>
        <time>2026-07-24T18:26:33Z</time>
      </trkpt>
      <trkpt lat="41.098757" lon="-105.119790">
        <ele>2183.6</ele>
        <time>2026-07-24T18:26:38Z</time>
      </trkpt>
      <trkpt lat="41.098882" lon="-105.122156">
        <ele>2187.5</ele>
        <time>2026-07-24T18:26:46Z</time>
      </trkpt>
      <trkpt lat="41.098924" lon="-105.123641">
        <ele>2190.1</ele>
        <time>2026-07-24T18:26:51Z</time>
      </trkpt>
      <trkpt lat="41.098942" lon="-105.125422">
        <ele>2193.5</ele>
        <time>2026-07-24T18:26:57Z</time>
      </trkpt>
      <trkpt lat="41.098913" lon="-105.127496">
        <ele>2197.3</ele>
        <time>2026-07-24T18:27:04Z</time>
      </trkpt>
      <trkpt lat="41.098736" lon="-105.133655">
        <ele>2205.2</ele>
        <time>2026-07-24T18:27:25Z</time>
      </trkpt>
      <trkpt lat="41.098727" lon="-105.134602">
        <ele>2205.9</ele>
        <time>2026-07-24T18:27:28Z</time>
      </trkpt>
      <trkpt lat="41.098736" lon="-105.135431">
        <ele>2206.9</ele>
        <time>2026-07-24T18:27:31Z</time>
      </trkpt>
      <trkpt lat="41.098792" lon="-105.137205">
        <ele>2210.0</ele>
        <time>2026-07-24T18:27:37Z</time>
      </trkpt>
      <trkpt lat="41.098882" lon="-105.138677">
        <ele>2212.6</ele>
        <time>2026-07-24T18:27:42Z</time>
      </trkpt>
      <trkpt lat="41.098987" lon="-105.139845">
        <ele>2214.7</ele>
        <time>2026-07-24T18:27:46Z</time>
      </trkpt>
      <trkpt lat="41.099207" lon="-105.141906">
        <ele>2219.0</ele>
        <time>2026-07-24T18:27:53Z</time>
      </trkpt>
      <trkpt lat="41.099936" lon="-105.148287">
        <ele>2232.9</ele>
        <time>2026-07-24T18:28:15Z</time>
      </trkpt>
      <trkpt lat="41.100035" lon="-105.149461">
        <ele>2235.4</ele>
        <time>2026-07-24T18:28:19Z</time>
      </trkpt>
      <trkpt lat="41.100067" lon="-105.150057">
        <ele>2236.7</ele>
        <time>2026-07-24T18:28:21Z</time>
      </trkpt>
      <trkpt lat="41.100083" lon="-105.150648">
        <ele>2237.7</ele>
        <time>2026-07-24T18:28:23Z</time>
      </trkpt>
      <trkpt lat="41.100085" lon="-105.151245">
        <ele>2238.7</ele>
        <time>2026-07-24T18:28:25Z</time>
      </trkpt>
      <trkpt lat="41.100063" lon="-105.152135">
        <ele>2240.3</ele>
        <time>2026-07-24T18:28:28Z</time>
      </trkpt>
      <trkpt lat="41.100010" lon="-105.153085">
        <ele>2242.0</ele>
        <time>2026-07-24T18:28:31Z</time>
      </trkpt>
      <trkpt lat="41.099965" lon="-105.153619">
        <ele>2242.4</ele>
        <time>2026-07-24T18:28:33Z</time>
      </trkpt>
      <trkpt lat="41.099904" lon="-105.154210">
        <ele>2242.4</ele>
        <time>2026-07-24T18:28:35Z</time>
      </trkpt>
      <trkpt lat="41.099785" lon="-105.155090">
        <ele>2242.3</ele>
        <time>2026-07-24T18:28:38Z</time>
      </trkpt>
      <trkpt lat="41.099690" lon="-105.155675">
        <ele>2241.9</ele>
        <time>2026-07-24T18:28:40Z</time>
      </trkpt>
      <trkpt lat="41.099472" lon="-105.156832">
        <ele>2240.8</ele>
        <time>2026-07-24T18:28:44Z</time>
      </trkpt>
      <trkpt lat="41.098809" lon="-105.159978">
        <ele>2238.6</ele>
        <time>2026-07-24T18:28:55Z</time>
      </trkpt>
      <trkpt lat="41.098461" lon="-105.161688">
        <ele>2237.2</ele>
        <time>2026-07-24T18:29:01Z</time>
      </trkpt>
      <trkpt lat="41.098260" lon="-105.162789">
        <ele>2235.9</ele>
        <time>2026-07-24T18:29:05Z</time>
      </trkpt>
      <trkpt lat="41.098117" lon="-105.163720">
        <ele>2235.0</ele>
        <time>2026-07-24T18:29:08Z</time>
      </trkpt>
      <trkpt lat="41.097972" lon="-105.164832">
        <ele>2233.9</ele>
        <time>2026-07-24T18:29:12Z</time>
      </trkpt>
      <trkpt lat="41.097882" lon="-105.165713">
        <ele>2233.3</ele>
        <time>2026-07-24T18:29:15Z</time>
      </trkpt>
      <trkpt lat="41.097674" lon="-105.168049">
        <ele>2234.9</ele>
        <time>2026-07-24T18:29:23Z</time>
      </trkpt>
      <trkpt lat="41.096943" lon="-105.176882">
        <ele>2264.9</ele>
        <time>2026-07-24T18:29:53Z</time>
      </trkpt>
      <trkpt lat="41.096837" lon="-105.178352">
        <ele>2270.0</ele>
        <time>2026-07-24T18:29:58Z</time>
      </trkpt>
      <trkpt lat="41.096724" lon="-105.180369">
        <ele>2275.1</ele>
        <time>2026-07-24T18:30:05Z</time>
      </trkpt>
      <trkpt lat="41.096340" lon="-105.189527">
        <ele>2288.4</ele>
        <time>2026-07-24T18:30:36Z</time>
      </trkpt>
      <trkpt lat="41.096283" lon="-105.190416">
        <ele>2289.5</ele>
        <time>2026-07-24T18:30:39Z</time>
      </trkpt>
      <trkpt lat="41.096182" lon="-105.191601">
        <ele>2290.5</ele>
        <time>2026-07-24T18:30:43Z</time>
      </trkpt>
      <trkpt lat="41.096092" lon="-105.192482">
        <ele>2291.1</ele>
        <time>2026-07-24T18:30:46Z</time>
      </trkpt>
      <trkpt lat="41.096021" lon="-105.193065">
        <ele>2291.5</ele>
        <time>2026-07-24T18:30:48Z</time>
      </trkpt>
      <trkpt lat="41.095453" lon="-105.197096">
        <ele>2292.2</ele>
        <time>2026-07-24T18:31:02Z</time>
      </trkpt>
      <trkpt lat="41.095344" lon="-105.198038">
        <ele>2292.3</ele>
        <time>2026-07-24T18:31:05Z</time>
      </trkpt>
      <trkpt lat="41.095308" lon="-105.198569">
        <ele>2292.4</ele>
        <time>2026-07-24T18:31:07Z</time>
      </trkpt>
      <trkpt lat="41.095288" lon="-105.199160">
        <ele>2292.5</ele>
        <time>2026-07-24T18:31:09Z</time>
      </trkpt>
      <trkpt lat="41.095290" lon="-105.199754">
        <ele>2292.5</ele>
        <time>2026-07-24T18:31:11Z</time>
      </trkpt>
      <trkpt lat="41.095316" lon="-105.200403">
        <ele>2292.6</ele>
        <time>2026-07-24T18:31:13Z</time>
      </trkpt>
      <trkpt lat="41.095382" lon="-105.201232">
        <ele>2292.7</ele>
        <time>2026-07-24T18:31:16Z</time>
      </trkpt>
      <trkpt lat="41.095450" lon="-105.201814">
        <ele>2293.1</ele>
        <time>2026-07-24T18:31:18Z</time>
      </trkpt>
      <trkpt lat="41.095597" lon="-105.202731">
        <ele>2294.1</ele>
        <time>2026-07-24T18:31:21Z</time>
      </trkpt>
      <trkpt lat="41.095699" lon="-105.203241">
        <ele>2295.0</ele>
        <time>2026-07-24T18:31:23Z</time>
      </trkpt>
      <trkpt lat="41.095840" lon="-105.203855">
        <ele>2296.2</ele>
        <time>2026-07-24T18:31:25Z</time>
      </trkpt>
      <trkpt lat="41.095993" lon="-105.204409">
        <ele>2297.4</ele>
        <time>2026-07-24T18:31:27Z</time>
      </trkpt>
      <trkpt lat="41.096059" lon="-105.204624">
        <ele>2298.0</ele>
        <time>2026-07-24T18:31:28Z</time>
      </trkpt>
      <trkpt lat="41.096349" lon="-105.205438">
        <ele>2299.9</ele>
        <time>2026-07-24T18:31:31Z</time>
      </trkpt>
      <trkpt lat="41.096671" lon="-105.206226">
        <ele>2301.9</ele>
        <time>2026-07-24T18:31:34Z</time>
      </trkpt>
      <trkpt lat="41.096903" lon="-105.206729">
        <ele>2303.5</ele>
        <time>2026-07-24T18:31:36Z</time>
      </trkpt>
      <trkpt lat="41.097103" lon="-105.206976">
        <ele>2304.3</ele>
        <time>2026-07-24T18:31:37Z</time>
      </trkpt>
      <trkpt lat="41.098229" lon="-105.209166">
        <ele>2311.0</ele>
        <time>2026-07-24T18:31:46Z</time>
      </trkpt>
      <trkpt lat="41.098599" lon="-105.209908">
        <ele>2312.7</ele>
        <time>2026-07-24T18:31:49Z</time>
      </trkpt>
      <trkpt lat="41.099196" lon="-105.211169">
        <ele>2314.9</ele>
        <time>2026-07-24T18:31:54Z</time>
      </trkpt>
      <trkpt lat="41.102855" lon="-105.219226">
        <ele>2320.8</ele>
        <time>2026-07-24T18:32:26Z</time>
      </trkpt>
      <trkpt lat="41.103287" lon="-105.220274">
        <ele>2323.6</ele>
        <time>2026-07-24T18:32:30Z</time>
      </trkpt>
      <trkpt lat="41.103484" lon="-105.220804">
        <ele>2325.2</ele>
        <time>2026-07-24T18:32:32Z</time>
      </trkpt>
      <trkpt lat="41.103671" lon="-105.221346">
        <ele>2326.8</ele>
        <time>2026-07-24T18:32:34Z</time>
      </trkpt>
      <trkpt lat="41.103928" lon="-105.222168">
        <ele>2329.0</ele>
        <time>2026-07-24T18:32:37Z</time>
      </trkpt>
      <trkpt lat="41.104079" lon="-105.222723">
        <ele>2330.6</ele>
        <time>2026-07-24T18:32:39Z</time>
      </trkpt>
      <trkpt lat="41.104220" lon="-105.223297">
        <ele>2332.1</ele>
        <time>2026-07-24T18:32:41Z</time>
      </trkpt>
      <trkpt lat="41.104412" lon="-105.224156">
        <ele>2334.1</ele>
        <time>2026-07-24T18:32:44Z</time>
      </trkpt>
      <trkpt lat="41.104523" lon="-105.224727">
        <ele>2335.4</ele>
        <time>2026-07-24T18:32:46Z</time>
      </trkpt>
      <trkpt lat="41.104666" lon="-105.225596">
        <ele>2337.4</ele>
        <time>2026-07-24T18:32:49Z</time>
      </trkpt>
      <trkpt lat="41.104706" lon="-105.225881">
        <ele>2338.1</ele>
        <time>2026-07-24T18:32:50Z</time>
      </trkpt>
      <trkpt lat="41.104828" lon="-105.227004">
        <ele>2340.8</ele>
        <time>2026-07-24T18:32:54Z</time>
      </trkpt>
      <trkpt lat="41.104911" lon="-105.228250">
        <ele>2343.2</ele>
        <time>2026-07-24T18:32:58Z</time>
      </trkpt>
      <trkpt lat="41.104934" lon="-105.228782">
        <ele>2344.6</ele>
        <time>2026-07-24T18:33:00Z</time>
      </trkpt>
      <trkpt lat="41.104948" lon="-105.229433">
        <ele>2345.2</ele>
        <time>2026-07-24T18:33:02Z</time>
      </trkpt>
      <trkpt lat="41.104926" lon="-105.229733">
        <ele>2345.4</ele>
        <time>2026-07-24T18:33:03Z</time>
      </trkpt>
      <trkpt lat="41.104911" lon="-105.231179">
        <ele>2345.9</ele>
        <time>2026-07-24T18:33:08Z</time>
      </trkpt>
      <trkpt lat="41.104914" lon="-105.232073">
        <ele>2346.0</ele>
        <time>2026-07-24T18:33:11Z</time>
      </trkpt>
      <trkpt lat="41.104935" lon="-105.232368">
        <ele>2346.1</ele>
        <time>2026-07-24T18:33:12Z</time>
      </trkpt>
      <trkpt lat="41.104927" lon="-105.237721">
        <ele>2343.6</ele>
        <time>2026-07-24T18:33:30Z</time>
      </trkpt>
      <trkpt lat="41.104933" lon="-105.238904">
        <ele>2342.7</ele>
        <time>2026-07-24T18:33:34Z</time>
      </trkpt>
      <trkpt lat="41.104986" lon="-105.240380">
        <ele>2342.0</ele>
        <time>2026-07-24T18:33:39Z</time>
      </trkpt>
      <trkpt lat="41.105067" lon="-105.241555">
        <ele>2342.8</ele>
        <time>2026-07-24T18:33:43Z</time>
      </trkpt>
      <trkpt lat="41.105254" lon="-105.243311">
        <ele>2344.1</ele>
        <time>2026-07-24T18:33:49Z</time>
      </trkpt>
      <trkpt lat="41.105421" lon="-105.244480">
        <ele>2345.0</ele>
        <time>2026-07-24T18:33:53Z</time>
      </trkpt>
      <trkpt lat="41.105625" lon="-105.245578">
        <ele>2345.6</ele>
        <time>2026-07-24T18:33:57Z</time>
      </trkpt>
      <trkpt lat="41.105810" lon="-105.246430">
        <ele>2346.0</ele>
        <time>2026-07-24T18:34:00Z</time>
      </trkpt>
      <trkpt lat="41.106028" lon="-105.247272">
        <ele>2346.3</ele>
        <time>2026-07-24T18:34:03Z</time>
      </trkpt>
      <trkpt lat="41.106264" lon="-105.248107">
        <ele>2346.7</ele>
        <time>2026-07-24T18:34:06Z</time>
      </trkpt>
      <trkpt lat="41.110588" lon="-105.262682">
        <ele>2359.5</ele>
        <time>2026-07-24T18:34:59Z</time>
      </trkpt>
      <trkpt lat="41.112621" lon="-105.269591">
        <ele>2371.6</ele>
        <time>2026-07-24T18:35:24Z</time>
      </trkpt>
      <trkpt lat="41.112875" lon="-105.270415">
        <ele>2372.4</ele>
        <time>2026-07-24T18:35:27Z</time>
      </trkpt>
      <trkpt lat="41.113153" lon="-105.271225">
        <ele>2372.9</ele>
        <time>2026-07-24T18:35:30Z</time>
      </trkpt>
      <trkpt lat="41.113566" lon="-105.272282">
        <ele>2373.1</ele>
        <time>2026-07-24T18:35:34Z</time>
      </trkpt>
      <trkpt lat="41.113906" lon="-105.273047">
        <ele>2373.3</ele>
        <time>2026-07-24T18:35:37Z</time>
      </trkpt>
      <trkpt lat="41.114269" lon="-105.273792">
        <ele>2373.7</ele>
        <time>2026-07-24T18:35:40Z</time>
      </trkpt>
      <trkpt lat="41.115499" lon="-105.276200">
        <ele>2375.3</ele>
        <time>2026-07-24T18:35:50Z</time>
      </trkpt>
      <trkpt lat="41.116765" lon="-105.278642">
        <ele>2377.7</ele>
        <time>2026-07-24T18:36:00Z</time>
      </trkpt>
      <trkpt lat="41.117755" lon="-105.280596">
        <ele>2381.7</ele>
        <time>2026-07-24T18:36:08Z</time>
      </trkpt>
      <trkpt lat="41.121025" lon="-105.286964">
        <ele>2393.7</ele>
        <time>2026-07-24T18:36:34Z</time>
      </trkpt>
      <trkpt lat="41.121504" lon="-105.287958">
        <ele>2395.3</ele>
        <time>2026-07-24T18:36:38Z</time>
      </trkpt>
      <trkpt lat="41.121933" lon="-105.288936">
        <ele>2397.0</ele>
        <time>2026-07-24T18:36:42Z</time>
      </trkpt>
      <trkpt lat="41.122142" lon="-105.289461">
        <ele>2397.9</ele>
        <time>2026-07-24T18:36:44Z</time>
      </trkpt>
      <trkpt lat="41.122442" lon="-105.290257">
        <ele>2399.3</ele>
        <time>2026-07-24T18:36:47Z</time>
      </trkpt>
      <trkpt lat="41.122632" lon="-105.290799">
        <ele>2400.1</ele>
        <time>2026-07-24T18:36:49Z</time>
      </trkpt>
      <trkpt lat="41.122896" lon="-105.291612">
        <ele>2401.6</ele>
        <time>2026-07-24T18:36:52Z</time>
      </trkpt>
      <trkpt lat="41.123157" lon="-105.292499">
        <ele>2403.2</ele>
        <time>2026-07-24T18:36:55Z</time>
      </trkpt>
      <trkpt lat="41.123294" lon="-105.293000">
        <ele>2404.3</ele>
        <time>2026-07-24T18:36:57Z</time>
      </trkpt>
      <trkpt lat="41.123507" lon="-105.293845">
        <ele>2405.8</ele>
        <time>2026-07-24T18:37:00Z</time>
      </trkpt>
      <trkpt lat="41.123696" lon="-105.294694">
        <ele>2407.2</ele>
        <time>2026-07-24T18:37:03Z</time>
      </trkpt>
      <trkpt lat="41.123919" lon="-105.295837">
        <ele>2408.7</ele>
        <time>2026-07-24T18:37:07Z</time>
      </trkpt>
      <trkpt lat="41.124014" lon="-105.296426">
        <ele>2409.2</ele>
        <time>2026-07-24T18:37:09Z</time>
      </trkpt>
      <trkpt lat="41.124214" lon="-105.297897">
        <ele>2410.0</ele>
        <time>2026-07-24T18:37:14Z</time>
      </trkpt>
      <trkpt lat="41.124689" lon="-105.302024">
        <ele>2412.8</ele>
        <time>2026-07-24T18:37:28Z</time>
      </trkpt>
      <trkpt lat="41.125402" lon="-105.307874">
        <ele>2417.5</ele>
        <time>2026-07-24T18:37:48Z</time>
      </trkpt>
      <trkpt lat="41.125466" lon="-105.308456">
        <ele>2418.0</ele>
        <time>2026-07-24T18:37:50Z</time>
      </trkpt>
      <trkpt lat="41.125564" lon="-105.309579">
        <ele>2418.7</ele>
        <time>2026-07-24T18:37:54Z</time>
      </trkpt>
      <trkpt lat="41.126308" lon="-105.320756">
        <ele>2427.7</ele>
        <time>2026-07-24T18:38:32Z</time>
      </trkpt>
      <trkpt lat="41.126541" lon="-105.324008">
        <ele>2432.2</ele>
        <time>2026-07-24T18:38:43Z</time>
      </trkpt>
      <trkpt lat="41.126645" lon="-105.325188">
        <ele>2434.0</ele>
        <time>2026-07-24T18:38:47Z</time>
      </trkpt>
      <trkpt lat="41.126770" lon="-105.326357">
        <ele>2436.0</ele>
        <time>2026-07-24T18:38:51Z</time>
      </trkpt>
      <trkpt lat="41.126966" lon="-105.327804">
        <ele>2438.5</ele>
        <time>2026-07-24T18:38:56Z</time>
      </trkpt>
      <trkpt lat="41.127297" lon="-105.329839">
        <ele>2441.6</ele>
        <time>2026-07-24T18:39:03Z</time>
      </trkpt>
      <trkpt lat="41.128094" lon="-105.334467">
        <ele>2443.8</ele>
        <time>2026-07-24T18:39:19Z</time>
      </trkpt>
      <trkpt lat="41.128261" lon="-105.335326">
        <ele>2444.1</ele>
        <time>2026-07-24T18:39:22Z</time>
      </trkpt>
      <trkpt lat="41.128389" lon="-105.335892">
        <ele>2444.3</ele>
        <time>2026-07-24T18:39:24Z</time>
      </trkpt>
      <trkpt lat="41.128681" lon="-105.337007">
        <ele>2444.6</ele>
        <time>2026-07-24T18:39:28Z</time>
      </trkpt>
      <trkpt lat="41.128844" lon="-105.337556">
        <ele>2444.8</ele>
        <time>2026-07-24T18:39:30Z</time>
      </trkpt>
      <trkpt lat="41.129205" lon="-105.338632">
        <ele>2445.2</ele>
        <time>2026-07-24T18:39:34Z</time>
      </trkpt>
      <trkpt lat="41.129487" lon="-105.339373">
        <ele>2445.6</ele>
        <time>2026-07-24T18:39:37Z</time>
      </trkpt>
      <trkpt lat="41.129702" lon="-105.339893">
        <ele>2445.8</ele>
        <time>2026-07-24T18:39:39Z</time>
      </trkpt>
      <trkpt lat="41.130047" lon="-105.340656">
        <ele>2446.2</ele>
        <time>2026-07-24T18:39:42Z</time>
      </trkpt>
      <trkpt lat="41.130291" lon="-105.341157">
        <ele>2446.7</ele>
        <time>2026-07-24T18:39:44Z</time>
      </trkpt>
      <trkpt lat="41.130540" lon="-105.341641">
        <ele>2447.4</ele>
        <time>2026-07-24T18:39:46Z</time>
      </trkpt>
      <trkpt lat="41.130934" lon="-105.342357">
        <ele>2448.6</ele>
        <time>2026-07-24T18:39:49Z</time>
      </trkpt>
      <trkpt lat="41.131211" lon="-105.342813">
        <ele>2449.6</ele>
        <time>2026-07-24T18:39:51Z</time>
      </trkpt>
      <trkpt lat="41.131502" lon="-105.343262">
        <ele>2450.6</ele>
        <time>2026-07-24T18:39:53Z</time>
      </trkpt>
      <trkpt lat="41.131986" lon="-105.343965">
        <ele>2452.2</ele>
        <time>2026-07-24T18:39:56Z</time>
      </trkpt>
      <trkpt lat="41.132427" lon="-105.344559">
        <ele>2453.7</ele>
        <time>2026-07-24T18:39:59Z</time>
      </trkpt>
      <trkpt lat="41.135344" lon="-105.348263">
        <ele>2464.5</ele>
        <time>2026-07-24T18:40:17Z</time>
      </trkpt>
      <trkpt lat="41.138708" lon="-105.352561">
        <ele>2470.3</ele>
        <time>2026-07-24T18:40:38Z</time>
      </trkpt>
      <trkpt lat="41.139822" lon="-105.354008">
        <ele>2472.2</ele>
        <time>2026-07-24T18:40:45Z</time>
      </trkpt>
      <trkpt lat="41.140272" lon="-105.354662">
        <ele>2473.8</ele>
        <time>2026-07-24T18:40:48Z</time>
      </trkpt>
      <trkpt lat="41.140558" lon="-105.355113">
        <ele>2475.1</ele>
        <time>2026-07-24T18:40:50Z</time>
      </trkpt>
      <trkpt lat="41.140836" lon="-105.355579">
        <ele>2476.4</ele>
        <time>2026-07-24T18:40:52Z</time>
      </trkpt>
      <trkpt lat="41.141237" lon="-105.356293">
        <ele>2478.4</ele>
        <time>2026-07-24T18:40:55Z</time>
      </trkpt>
      <trkpt lat="41.141614" lon="-105.357030">
        <ele>2480.4</ele>
        <time>2026-07-24T18:40:58Z</time>
      </trkpt>
      <trkpt lat="41.141850" lon="-105.357530">
        <ele>2481.6</ele>
        <time>2026-07-24T18:41:00Z</time>
      </trkpt>
      <trkpt lat="41.142183" lon="-105.358304">
        <ele>2483.4</ele>
        <time>2026-07-24T18:41:03Z</time>
      </trkpt>
      <trkpt lat="41.142392" lon="-105.358830">
        <ele>2484.7</ele>
        <time>2026-07-24T18:41:05Z</time>
      </trkpt>
      <trkpt lat="41.142476" lon="-105.359105">
        <ele>2485.3</ele>
        <time>2026-07-24T18:41:06Z</time>
      </trkpt>
      <trkpt lat="41.142664" lon="-105.359639">
        <ele>2486.6</ele>
        <time>2026-07-24T18:41:08Z</time>
      </trkpt>
      <trkpt lat="41.142838" lon="-105.360187">
        <ele>2487.9</ele>
        <time>2026-07-24T18:41:10Z</time>
      </trkpt>
      <trkpt lat="41.143080" lon="-105.361011">
        <ele>2489.8</ele>
        <time>2026-07-24T18:41:13Z</time>
      </trkpt>
      <trkpt lat="41.143225" lon="-105.361573">
        <ele>2491.3</ele>
        <time>2026-07-24T18:41:15Z</time>
      </trkpt>
      <trkpt lat="41.143269" lon="-105.361818">
        <ele>2492.1</ele>
        <time>2026-07-24T18:41:16Z</time>
      </trkpt>
      <trkpt lat="41.143418" lon="-105.362448">
        <ele>2493.7</ele>
        <time>2026-07-24T18:41:18Z</time>
      </trkpt>
      <trkpt lat="41.143537" lon="-105.363024">
        <ele>2495.2</ele>
        <time>2026-07-24T18:41:20Z</time>
      </trkpt>
      <trkpt lat="41.143692" lon="-105.363894">
        <ele>2497.3</ele>
        <time>2026-07-24T18:41:23Z</time>
      </trkpt>
      <trkpt lat="41.143818" lon="-105.364768">
        <ele>2499.0</ele>
        <time>2026-07-24T18:41:26Z</time>
      </trkpt>
      <trkpt lat="41.143906" lon="-105.365589">
        <ele>2500.6</ele>
        <time>2026-07-24T18:41:29Z</time>
      </trkpt>
      <trkpt lat="41.143982" lon="-105.366479">
        <ele>2502.1</ele>
        <time>2026-07-24T18:41:32Z</time>
      </trkpt>
      <trkpt lat="41.144032" lon="-105.367372">
        <ele>2503.5</ele>
        <time>2026-07-24T18:41:35Z</time>
      </trkpt>
      <trkpt lat="41.144165" lon="-105.370339">
        <ele>2508.3</ele>
        <time>2026-07-24T18:41:45Z</time>
      </trkpt>
      <trkpt lat="41.144223" lon="-105.371287">
        <ele>2509.6</ele>
        <time>2026-07-24T18:41:48Z</time>
      </trkpt>
      <trkpt lat="41.144267" lon="-105.371811">
        <ele>2510.5</ele>
        <time>2026-07-24T18:41:50Z</time>
      </trkpt>
      <trkpt lat="41.144398" lon="-105.372980">
        <ele>2512.1</ele>
        <time>2026-07-24T18:41:54Z</time>
      </trkpt>
      <trkpt lat="41.144527" lon="-105.373853">
        <ele>2512.8</ele>
        <time>2026-07-24T18:41:57Z</time>
      </trkpt>
      <trkpt lat="41.144687" lon="-105.374724">
        <ele>2514.1</ele>
        <time>2026-07-24T18:42:00Z</time>
      </trkpt>
      <trkpt lat="41.144873" lon="-105.375577">
        <ele>2515.4</ele>
        <time>2026-07-24T18:42:03Z</time>
      </trkpt>
      <trkpt lat="41.145168" lon="-105.376696">
        <ele>2516.8</ele>
        <time>2026-07-24T18:42:07Z</time>
      </trkpt>
      <trkpt lat="41.146521" lon="-105.381387">
        <ele>2525.7</ele>
        <time>2026-07-24T18:42:24Z</time>
      </trkpt>
      <trkpt lat="41.146940" lon="-105.382760">
        <ele>2528.5</ele>
        <time>2026-07-24T18:42:29Z</time>
      </trkpt>
      <trkpt lat="41.147217" lon="-105.383570">
        <ele>2529.9</ele>
        <time>2026-07-24T18:42:32Z</time>
      </trkpt>
      <trkpt lat="41.147418" lon="-105.384103">
        <ele>2530.5</ele>
        <time>2026-07-24T18:42:34Z</time>
      </trkpt>
      <trkpt lat="41.147630" lon="-105.384618">
        <ele>2530.7</ele>
        <time>2026-07-24T18:42:36Z</time>
      </trkpt>
      <trkpt lat="41.148086" lon="-105.385648">
        <ele>2531.0</ele>
        <time>2026-07-24T18:42:40Z</time>
      </trkpt>
      <trkpt lat="41.148329" lon="-105.386146">
        <ele>2531.1</ele>
        <time>2026-07-24T18:42:42Z</time>
      </trkpt>
      <trkpt lat="41.149700" lon="-105.388790">
        <ele>2531.9</ele>
        <time>2026-07-24T18:42:53Z</time>
      </trkpt>
      <trkpt lat="41.151602" lon="-105.392449">
        <ele>2538.0</ele>
        <time>2026-07-24T18:43:08Z</time>
      </trkpt>
      <trkpt lat="41.153644" lon="-105.396348">
        <ele>2549.3</ele>
        <time>2026-07-24T18:43:24Z</time>
      </trkpt>
      <trkpt lat="41.154166" lon="-105.397309">
        <ele>2551.7</ele>
        <time>2026-07-24T18:43:28Z</time>
      </trkpt>
      <trkpt lat="41.154706" lon="-105.398252">
        <ele>2553.8</ele>
        <time>2026-07-24T18:43:32Z</time>
      </trkpt>
      <trkpt lat="41.155406" lon="-105.399400">
        <ele>2556.0</ele>
        <time>2026-07-24T18:43:37Z</time>
      </trkpt>
      <trkpt lat="41.155817" lon="-105.400033">
        <ele>2557.2</ele>
        <time>2026-07-24T18:43:40Z</time>
      </trkpt>
      <trkpt lat="41.156573" lon="-105.401130">
        <ele>2559.0</ele>
        <time>2026-07-24T18:43:45Z</time>
      </trkpt>
      <trkpt lat="41.157518" lon="-105.402412">
        <ele>2560.3</ele>
        <time>2026-07-24T18:43:51Z</time>
      </trkpt>
      <trkpt lat="41.158003" lon="-105.403037">
        <ele>2560.8</ele>
        <time>2026-07-24T18:43:54Z</time>
      </trkpt>
      <trkpt lat="41.158334" lon="-105.403442">
        <ele>2561.1</ele>
        <time>2026-07-24T18:43:56Z</time>
      </trkpt>
      <trkpt lat="41.158671" lon="-105.403836">
        <ele>2561.5</ele>
        <time>2026-07-24T18:43:58Z</time>
      </trkpt>
      <trkpt lat="41.159183" lon="-105.404408">
        <ele>2561.9</ele>
        <time>2026-07-24T18:44:01Z</time>
      </trkpt>
      <trkpt lat="41.159881" lon="-105.405153">
        <ele>2562.5</ele>
        <time>2026-07-24T18:44:05Z</time>
      </trkpt>
      <trkpt lat="41.160409" lon="-105.405699">
        <ele>2563.0</ele>
        <time>2026-07-24T18:44:08Z</time>
      </trkpt>
      <trkpt lat="41.160950" lon="-105.406227">
        <ele>2563.5</ele>
        <time>2026-07-24T18:44:11Z</time>
      </trkpt>
      <trkpt lat="41.161462" lon="-105.406707">
        <ele>2563.9</ele>
        <time>2026-07-24T18:44:14Z</time>
      </trkpt>
      <trkpt lat="41.162056" lon="-105.407246">
        <ele>2564.6</ele>
        <time>2026-07-24T18:44:17Z</time>
      </trkpt>
      <trkpt lat="41.162619" lon="-105.407733">
        <ele>2565.3</ele>
        <time>2026-07-24T18:44:20Z</time>
      </trkpt>
      <trkpt lat="41.163184" lon="-105.408198">
        <ele>2566.1</ele>
        <time>2026-07-24T18:44:23Z</time>
      </trkpt>
      <trkpt lat="41.163758" lon="-105.408652">
        <ele>2567.1</ele>
        <time>2026-07-24T18:44:26Z</time>
      </trkpt>
      <trkpt lat="41.164541" lon="-105.409231">
        <ele>2568.6</ele>
        <time>2026-07-24T18:44:30Z</time>
      </trkpt>
      <trkpt lat="41.166470" lon="-105.410616">
        <ele>2572.0</ele>
        <time>2026-07-24T18:44:40Z</time>
      </trkpt>
      <trkpt lat="41.167268" lon="-105.411166">
        <ele>2572.8</ele>
        <time>2026-07-24T18:44:44Z</time>
      </trkpt>
      <trkpt lat="41.168655" lon="-105.412156">
        <ele>2572.7</ele>
        <time>2026-07-24T18:44:51Z</time>
      </trkpt>
      <trkpt lat="41.175352" lon="-105.416967">
        <ele>2576.2</ele>
        <time>2026-07-24T18:45:25Z</time>
      </trkpt>
      <trkpt lat="41.177475" lon="-105.418504">
        <ele>2577.8</ele>
        <time>2026-07-24T18:45:36Z</time>
      </trkpt>
      <trkpt lat="41.179062" lon="-105.419628">
        <ele>2579.6</ele>
        <time>2026-07-24T18:45:44Z</time>
      </trkpt>
      <trkpt lat="41.179464" lon="-105.419891">
        <ele>2579.9</ele>
        <time>2026-07-24T18:45:46Z</time>
      </trkpt>
      <trkpt lat="41.179875" lon="-105.420140">
        <ele>2580.3</ele>
        <time>2026-07-24T18:45:48Z</time>
      </trkpt>
      <trkpt lat="41.180540" lon="-105.420496">
        <ele>2580.7</ele>
        <time>2026-07-24T18:45:51Z</time>
      </trkpt>
      <trkpt lat="41.181131" lon="-105.420773">
        <ele>2580.9</ele>
        <time>2026-07-24T18:45:54Z</time>
      </trkpt>
      <trkpt lat="41.181560" lon="-105.420954">
        <ele>2581.0</ele>
        <time>2026-07-24T18:45:56Z</time>
      </trkpt>
      <trkpt lat="41.182207" lon="-105.421195">
        <ele>2581.1</ele>
        <time>2026-07-24T18:45:59Z</time>
      </trkpt>
      <trkpt lat="41.182644" lon="-105.421332">
        <ele>2581.3</ele>
        <time>2026-07-24T18:46:01Z</time>
      </trkpt>
      <trkpt lat="41.183084" lon="-105.421448">
        <ele>2581.7</ele>
        <time>2026-07-24T18:46:03Z</time>
      </trkpt>
      <trkpt lat="41.183741" lon="-105.421604">
        <ele>2582.8</ele>
        <time>2026-07-24T18:46:06Z</time>
      </trkpt>
      <trkpt lat="41.185503" lon="-105.421986">
        <ele>2587.7</ele>
        <time>2026-07-24T18:46:14Z</time>
      </trkpt>
      <trkpt lat="41.186387" lon="-105.422187">
        <ele>2590.8</ele>
        <time>2026-07-24T18:46:18Z</time>
      </trkpt>
      <trkpt lat="41.186827" lon="-105.422304">
        <ele>2592.3</ele>
        <time>2026-07-24T18:46:20Z</time>
      </trkpt>
      <trkpt lat="41.187481" lon="-105.422520">
        <ele>2594.4</ele>
        <time>2026-07-24T18:46:23Z</time>
      </trkpt>
      <trkpt lat="41.187913" lon="-105.422693">
        <ele>2595.8</ele>
        <time>2026-07-24T18:46:25Z</time>
      </trkpt>
      <trkpt lat="41.188299" lon="-105.422866">
        <ele>2597.1</ele>
        <time>2026-07-24T18:46:27Z</time>
      </trkpt>
      <trkpt lat="41.188553" lon="-105.422992">
        <ele>2597.6</ele>
        <time>2026-07-24T18:46:28Z</time>
      </trkpt>
      <trkpt lat="41.188969" lon="-105.423219">
        <ele>2598.5</ele>
        <time>2026-07-24T18:46:30Z</time>
      </trkpt>
      <trkpt lat="41.189378" lon="-105.423464">
        <ele>2599.1</ele>
        <time>2026-07-24T18:46:32Z</time>
      </trkpt>
      <trkpt lat="41.189980" lon="-105.423859">
        <ele>2599.9</ele>
        <time>2026-07-24T18:46:35Z</time>
      </trkpt>
      <trkpt lat="41.190338" lon="-105.424122">
        <ele>2600.3</ele>
        <time>2026-07-24T18:46:37Z</time>
      </trkpt>
      <trkpt lat="41.190723" lon="-105.424426">
        <ele>2600.6</ele>
        <time>2026-07-24T18:46:39Z</time>
      </trkpt>
      <trkpt lat="41.191098" lon="-105.424758">
        <ele>2600.7</ele>
        <time>2026-07-24T18:46:41Z</time>
      </trkpt>
      <trkpt lat="41.191649" lon="-105.425279">
        <ele>2600.9</ele>
        <time>2026-07-24T18:46:44Z</time>
      </trkpt>
      <trkpt lat="41.192733" lon="-105.426333">
        <ele>2601.5</ele>
        <time>2026-07-24T18:46:50Z</time>
      </trkpt>
      <trkpt lat="41.197116" lon="-105.430445">
        <ele>2608.2</ele>
        <time>2026-07-24T18:47:14Z</time>
      </trkpt>
      <trkpt lat="41.201128" lon="-105.434164">
        <ele>2623.0</ele>
        <time>2026-07-24T18:47:36Z</time>
      </trkpt>
      <trkpt lat="41.204430" lon="-105.437249">
        <ele>2627.6</ele>
        <time>2026-07-24T18:47:54Z</time>
      </trkpt>
      <trkpt lat="41.205356" lon="-105.438091">
        <ele>2628.5</ele>
        <time>2026-07-24T18:47:59Z</time>
      </trkpt>
      <trkpt lat="41.205547" lon="-105.438256">
        <ele>2628.7</ele>
        <time>2026-07-24T18:48:00Z</time>
      </trkpt>
      <trkpt lat="41.205930" lon="-105.438563">
        <ele>2629.0</ele>
        <time>2026-07-24T18:48:02Z</time>
      </trkpt>
      <trkpt lat="41.206322" lon="-105.438848">
        <ele>2629.3</ele>
        <time>2026-07-24T18:48:04Z</time>
      </trkpt>
      <trkpt lat="41.207282" lon="-105.439496">
        <ele>2629.7</ele>
        <time>2026-07-24T18:48:09Z</time>
      </trkpt>
      <trkpt lat="41.208503" lon="-105.440266">
        <ele>2629.4</ele>
        <time>2026-07-24T18:48:15Z</time>
      </trkpt>
      <trkpt lat="41.209162" lon="-105.440639">
        <ele>2629.1</ele>
        <time>2026-07-24T18:48:18Z</time>
      </trkpt>
      <trkpt lat="41.209544" lon="-105.440823">
        <ele>2629.0</ele>
        <time>2026-07-24T18:48:20Z</time>
      </trkpt>
      <trkpt lat="41.209799" lon="-105.440926">
        <ele>2629.0</ele>
        <time>2026-07-24T18:48:21Z</time>
      </trkpt>
      <trkpt lat="41.210189" lon="-105.441056">
        <ele>2628.9</ele>
        <time>2026-07-24T18:48:23Z</time>
      </trkpt>
      <trkpt lat="41.210628" lon="-105.441161">
        <ele>2629.0</ele>
        <time>2026-07-24T18:48:25Z</time>
      </trkpt>
      <trkpt lat="41.210852" lon="-105.441195">
        <ele>2629.1</ele>
        <time>2026-07-24T18:48:26Z</time>
      </trkpt>
      <trkpt lat="41.211300" lon="-105.441233">
        <ele>2629.0</ele>
        <time>2026-07-24T18:48:28Z</time>
      </trkpt>
      <trkpt lat="41.211523" lon="-105.441239">
        <ele>2628.9</ele>
        <time>2026-07-24T18:48:29Z</time>
      </trkpt>
      <trkpt lat="41.211748" lon="-105.441231">
        <ele>2628.8</ele>
        <time>2026-07-24T18:48:30Z</time>
      </trkpt>
      <trkpt lat="41.212199" lon="-105.441179">
        <ele>2628.6</ele>
        <time>2026-07-24T18:48:32Z</time>
      </trkpt>
      <trkpt lat="41.212643" lon="-105.441087">
        <ele>2628.6</ele>
        <time>2026-07-24T18:48:34Z</time>
      </trkpt>
      <trkpt lat="41.213081" lon="-105.440965">
        <ele>2628.6</ele>
        <time>2026-07-24T18:48:36Z</time>
      </trkpt>
      <trkpt lat="41.214828" lon="-105.440364">
        <ele>2628.2</ele>
        <time>2026-07-24T18:48:44Z</time>
      </trkpt>
      <trkpt lat="41.218742" lon="-105.438976">
        <ele>2625.0</ele>
        <time>2026-07-24T18:49:02Z</time>
      </trkpt>
      <trkpt lat="41.220221" lon="-105.438462">
        <ele>2623.5</ele>
        <time>2026-07-24T18:49:09Z</time>
      </trkpt>
      <trkpt lat="41.220875" lon="-105.438252">
        <ele>2623.3</ele>
        <time>2026-07-24T18:49:12Z</time>
      </trkpt>
      <trkpt lat="41.221312" lon="-105.438127">
        <ele>2623.4</ele>
        <time>2026-07-24T18:49:14Z</time>
      </trkpt>
      <trkpt lat="41.221753" lon="-105.438026">
        <ele>2623.7</ele>
        <time>2026-07-24T18:49:16Z</time>
      </trkpt>
      <trkpt lat="41.221975" lon="-105.437988">
        <ele>2623.8</ele>
        <time>2026-07-24T18:49:17Z</time>
      </trkpt>
      <trkpt lat="41.222425" lon="-105.437938">
        <ele>2624.1</ele>
        <time>2026-07-24T18:49:19Z</time>
      </trkpt>
      <trkpt lat="41.222649" lon="-105.437929">
        <ele>2624.2</ele>
        <time>2026-07-24T18:49:20Z</time>
      </trkpt>
      <trkpt lat="41.223102" lon="-105.437939">
        <ele>2624.5</ele>
        <time>2026-07-24T18:49:22Z</time>
      </trkpt>
      <trkpt lat="41.223548" lon="-105.437980">
        <ele>2624.6</ele>
        <time>2026-07-24T18:49:24Z</time>
      </trkpt>
      <trkpt lat="41.224218" lon="-105.438101">
        <ele>2624.4</ele>
        <time>2026-07-24T18:49:27Z</time>
      </trkpt>
      <trkpt lat="41.225325" lon="-105.438380">
        <ele>2623.5</ele>
        <time>2026-07-24T18:49:32Z</time>
      </trkpt>
      <trkpt lat="41.225990" lon="-105.438560">
        <ele>2623.0</ele>
        <time>2026-07-24T18:49:35Z</time>
      </trkpt>
      <trkpt lat="41.226656" lon="-105.438704">
        <ele>2622.4</ele>
        <time>2026-07-24T18:49:38Z</time>
      </trkpt>
      <trkpt lat="41.227102" lon="-105.438773">
        <ele>2622.0</ele>
        <time>2026-07-24T18:49:40Z</time>
      </trkpt>
      <trkpt lat="41.227325" lon="-105.438794">
        <ele>2621.9</ele>
        <time>2026-07-24T18:49:41Z</time>
      </trkpt>
      <trkpt lat="41.227774" lon="-105.438802">
        <ele>2622.2</ele>
        <time>2026-07-24T18:49:43Z</time>
      </trkpt>
      <trkpt lat="41.227998" lon="-105.438790">
        <ele>2622.5</ele>
        <time>2026-07-24T18:49:44Z</time>
      </trkpt>
      <trkpt lat="41.228439" lon="-105.438730">
        <ele>2623.3</ele>
        <time>2026-07-24T18:49:46Z</time>
      </trkpt>
      <trkpt lat="41.228877" lon="-105.438624">
        <ele>2624.3</ele>
        <time>2026-07-24T18:49:48Z</time>
      </trkpt>
      <trkpt lat="41.229304" lon="-105.438480">
        <ele>2625.5</ele>
        <time>2026-07-24T18:49:50Z</time>
      </trkpt>
      <trkpt lat="41.229730" lon="-105.438296">
        <ele>2627.0</ele>
        <time>2026-07-24T18:49:52Z</time>
      </trkpt>
      <trkpt lat="41.230356" lon="-105.437967">
        <ele>2629.6</ele>
        <time>2026-07-24T18:49:55Z</time>
      </trkpt>
      <trkpt lat="41.231553" lon="-105.437274">
        <ele>2634.2</ele>
        <time>2026-07-24T18:50:01Z</time>
      </trkpt>
      <trkpt lat="41.232179" lon="-105.436956">
        <ele>2636.3</ele>
        <time>2026-07-24T18:50:04Z</time>
      </trkpt>
      <trkpt lat="41.232391" lon="-105.436864">
        <ele>2636.9</ele>
        <time>2026-07-24T18:50:05Z</time>
      </trkpt>
      <trkpt lat="41.232607" lon="-105.436785">
        <ele>2637.5</ele>
        <time>2026-07-24T18:50:06Z</time>
      </trkpt>
      <trkpt lat="41.232829" lon="-105.436717">
        <ele>2638.0</ele>
        <time>2026-07-24T18:50:07Z</time>
      </trkpt>
      <trkpt lat="41.233272" lon="-105.436622">
        <ele>2639.1</ele>
        <time>2026-07-24T18:50:09Z</time>
      </trkpt>
      <trkpt lat="41.233721" lon="-105.436566">
        <ele>2640.3</ele>
        <time>2026-07-24T18:50:11Z</time>
      </trkpt>
      <trkpt lat="41.234216" lon="-105.436550">
        <ele>2641.4</ele>
        <time>2026-07-24T18:50:13Z</time>
      </trkpt>
      <trkpt lat="41.234619" lon="-105.436577">
        <ele>2642.4</ele>
        <time>2026-07-24T18:50:15Z</time>
      </trkpt>
      <trkpt lat="41.234846" lon="-105.436609">
        <ele>2642.6</ele>
        <time>2026-07-24T18:50:16Z</time>
      </trkpt>
      <trkpt lat="41.235515" lon="-105.436728">
        <ele>2643.2</ele>
        <time>2026-07-24T18:50:19Z</time>
      </trkpt>
      <trkpt lat="41.236850" lon="-105.437016">
        <ele>2643.9</ele>
        <time>2026-07-24T18:50:25Z</time>
      </trkpt>
      <trkpt lat="41.238184" lon="-105.437291">
        <ele>2643.6</ele>
        <time>2026-07-24T18:50:31Z</time>
      </trkpt>
      <trkpt lat="41.238844" lon="-105.437450">
        <ele>2643.2</ele>
        <time>2026-07-24T18:50:34Z</time>
      </trkpt>
      <trkpt lat="41.239067" lon="-105.437514">
        <ele>2643.0</ele>
        <time>2026-07-24T18:50:35Z</time>
      </trkpt>
      <trkpt lat="41.239502" lon="-105.437657">
        <ele>2642.4</ele>
        <time>2026-07-24T18:50:37Z</time>
      </trkpt>
      <trkpt lat="41.239938" lon="-105.437814">
        <ele>2641.7</ele>
        <time>2026-07-24T18:50:39Z</time>
      </trkpt>
      <trkpt lat="41.241012" lon="-105.438263">
        <ele>2639.2</ele>
        <time>2026-07-24T18:50:44Z</time>
      </trkpt>
      <trkpt lat="41.241855" lon="-105.438703">
        <ele>2636.4</ele>
        <time>2026-07-24T18:50:48Z</time>
      </trkpt>
      <trkpt lat="41.242430" lon="-105.439040">
        <ele>2633.4</ele>
        <time>2026-07-24T18:50:51Z</time>
      </trkpt>
      <trkpt lat="41.243889" lon="-105.439990">
        <ele>2627.0</ele>
        <time>2026-07-24T18:50:58Z</time>
      </trkpt>
      <trkpt lat="41.247088" lon="-105.442019">
        <ele>2616.6</ele>
        <time>2026-07-24T18:51:14Z</time>
      </trkpt>
      <trkpt lat="41.252780" lon="-105.445600">
        <ele>2594.0</ele>
        <time>2026-07-24T18:51:42Z</time>
      </trkpt>
      <trkpt lat="41.253339" lon="-105.445988">
        <ele>2591.5</ele>
        <time>2026-07-24T18:51:45Z</time>
      </trkpt>
      <trkpt lat="41.253727" lon="-105.446297">
        <ele>2589.8</ele>
        <time>2026-07-24T18:51:47Z</time>
      </trkpt>
      <trkpt lat="41.254106" lon="-105.446635">
        <ele>2587.9</ele>
        <time>2026-07-24T18:51:49Z</time>
      </trkpt>
      <trkpt lat="41.254467" lon="-105.446992">
        <ele>2585.9</ele>
        <time>2026-07-24T18:51:51Z</time>
      </trkpt>
      <trkpt lat="41.254811" lon="-105.447376">
        <ele>2583.6</ele>
        <time>2026-07-24T18:51:53Z</time>
      </trkpt>
      <trkpt lat="41.255303" lon="-105.447989">
        <ele>2580.2</ele>
        <time>2026-07-24T18:51:56Z</time>
      </trkpt>
      <trkpt lat="41.255611" lon="-105.448431">
        <ele>2577.7</ele>
        <time>2026-07-24T18:51:58Z</time>
      </trkpt>
      <trkpt lat="41.255774" lon="-105.448716">
        <ele>2576.4</ele>
        <time>2026-07-24T18:51:59Z</time>
      </trkpt>
      <trkpt lat="41.256176" lon="-105.449368">
        <ele>2572.6</ele>
        <time>2026-07-24T18:52:02Z</time>
      </trkpt>
      <trkpt lat="41.256329" lon="-105.449588">
        <ele>2571.3</ele>
        <time>2026-07-24T18:52:03Z</time>
      </trkpt>
      <trkpt lat="41.257750" lon="-105.451964">
        <ele>2558.7</ele>
        <time>2026-07-24T18:52:13Z</time>
      </trkpt>
      <trkpt lat="41.260412" lon="-105.456315">
        <ele>2535.7</ele>
        <time>2026-07-24T18:52:31Z</time>
      </trkpt>
      <trkpt lat="41.260843" lon="-105.457081">
        <ele>2531.8</ele>
        <time>2026-07-24T18:52:34Z</time>
      </trkpt>
      <trkpt lat="41.261109" lon="-105.457609">
        <ele>2529.4</ele>
        <time>2026-07-24T18:52:36Z</time>
      </trkpt>
      <trkpt lat="41.261359" lon="-105.458156">
        <ele>2526.9</ele>
        <time>2026-07-24T18:52:38Z</time>
      </trkpt>
      <trkpt lat="41.261566" lon="-105.458665">
        <ele>2524.3</ele>
        <time>2026-07-24T18:52:40Z</time>
      </trkpt>
      <trkpt lat="41.261778" lon="-105.459247">
        <ele>2521.5</ele>
        <time>2026-07-24T18:52:42Z</time>
      </trkpt>
      <trkpt lat="41.261892" lon="-105.459591">
        <ele>2520.2</ele>
        <time>2026-07-24T18:52:43Z</time>
      </trkpt>
      <trkpt lat="41.262153" lon="-105.460481">
        <ele>2516.2</ele>
        <time>2026-07-24T18:52:46Z</time>
      </trkpt>
      <trkpt lat="41.262536" lon="-105.461940">
        <ele>2509.3</ele>
        <time>2026-07-24T18:52:51Z</time>
      </trkpt>
      <trkpt lat="41.262714" lon="-105.462538">
        <ele>2506.6</ele>
        <time>2026-07-24T18:52:53Z</time>
      </trkpt>
      <trkpt lat="41.262813" lon="-105.462826">
        <ele>2505.3</ele>
        <time>2026-07-24T18:52:54Z</time>
      </trkpt>
      <trkpt lat="41.262945" lon="-105.463169">
        <ele>2504.0</ele>
        <time>2026-07-24T18:52:55Z</time>
      </trkpt>
      <trkpt lat="41.263198" lon="-105.463712">
        <ele>2501.5</ele>
        <time>2026-07-24T18:52:57Z</time>
      </trkpt>
      <trkpt lat="41.263452" lon="-105.464170">
        <ele>2499.2</ele>
        <time>2026-07-24T18:52:59Z</time>
      </trkpt>
      <trkpt lat="41.264499" lon="-105.465884">
        <ele>2491.7</ele>
        <time>2026-07-24T18:53:06Z</time>
      </trkpt>
      <trkpt lat="41.264789" lon="-105.466378">
        <ele>2489.6</ele>
        <time>2026-07-24T18:53:08Z</time>
      </trkpt>
      <trkpt lat="41.264924" lon="-105.466627">
        <ele>2488.6</ele>
        <time>2026-07-24T18:53:09Z</time>
      </trkpt>
      <trkpt lat="41.265171" lon="-105.467154">
        <ele>2486.7</ele>
        <time>2026-07-24T18:53:11Z</time>
      </trkpt>
      <trkpt lat="41.265373" lon="-105.467701">
        <ele>2484.6</ele>
        <time>2026-07-24T18:53:13Z</time>
      </trkpt>
      <trkpt lat="41.265458" lon="-105.467987">
        <ele>2483.4</ele>
        <time>2026-07-24T18:53:14Z</time>
      </trkpt>
      <trkpt lat="41.265597" lon="-105.468576">
        <ele>2481.2</ele>
        <time>2026-07-24T18:53:16Z</time>
      </trkpt>
      <trkpt lat="41.265650" lon="-105.468876">
        <ele>2480.1</ele>
        <time>2026-07-24T18:53:17Z</time>
      </trkpt>
      <trkpt lat="41.265691" lon="-105.469180">
        <ele>2479.0</ele>
        <time>2026-07-24T18:53:18Z</time>
      </trkpt>
      <trkpt lat="41.265721" lon="-105.469485">
        <ele>2477.5</ele>
        <time>2026-07-24T18:53:19Z</time>
      </trkpt>
      <trkpt lat="41.265725" lon="-105.469793">
        <ele>2476.0</ele>
        <time>2026-07-24T18:53:20Z</time>
      </trkpt>
      <trkpt lat="41.265778" lon="-105.471026">
        <ele>2470.5</ele>
        <time>2026-07-24T18:53:24Z</time>
      </trkpt>
      <trkpt lat="41.265804" lon="-105.471338">
        <ele>2469.0</ele>
        <time>2026-07-24T18:53:25Z</time>
      </trkpt>
      <trkpt lat="41.265823" lon="-105.471959">
        <ele>2466.3</ele>
        <time>2026-07-24T18:53:27Z</time>
      </trkpt>
      <trkpt lat="41.265857" lon="-105.472576">
        <ele>2463.8</ele>
        <time>2026-07-24T18:53:29Z</time>
      </trkpt>
      <trkpt lat="41.265915" lon="-105.473201">
        <ele>2461.0</ele>
        <time>2026-07-24T18:53:31Z</time>
      </trkpt>
      <trkpt lat="41.265960" lon="-105.473512">
        <ele>2459.6</ele>
        <time>2026-07-24T18:53:32Z</time>
      </trkpt>
      <trkpt lat="41.266085" lon="-105.474121">
        <ele>2456.6</ele>
        <time>2026-07-24T18:53:34Z</time>
      </trkpt>
      <trkpt lat="41.266241" lon="-105.474654">
        <ele>2453.7</ele>
        <time>2026-07-24T18:53:36Z</time>
      </trkpt>
      <trkpt lat="41.266344" lon="-105.474940">
        <ele>2452.4</ele>
        <time>2026-07-24T18:53:37Z</time>
      </trkpt>
      <trkpt lat="41.266484" lon="-105.475270">
        <ele>2450.9</ele>
        <time>2026-07-24T18:53:38Z</time>
      </trkpt>
      <trkpt lat="41.266727" lon="-105.475742">
        <ele>2447.7</ele>
        <time>2026-07-24T18:53:40Z</time>
      </trkpt>
      <trkpt lat="41.266876" lon="-105.475990">
        <ele>2446.2</ele>
        <time>2026-07-24T18:53:41Z</time>
      </trkpt>
      <trkpt lat="41.267034" lon="-105.476228">
        <ele>2444.9</ele>
        <time>2026-07-24T18:53:42Z</time>
      </trkpt>
      <trkpt lat="41.267403" lon="-105.476711">
        <ele>2442.1</ele>
        <time>2026-07-24T18:53:44Z</time>
      </trkpt>
      <trkpt lat="41.269877" lon="-105.479606">
        <ele>2423.0</ele>
        <time>2026-07-24T18:53:58Z</time>
      </trkpt>
      <trkpt lat="41.270808" lon="-105.480677">
        <ele>2416.4</ele>
        <time>2026-07-24T18:54:03Z</time>
      </trkpt>
      <trkpt lat="41.271166" lon="-105.481129">
        <ele>2414.0</ele>
        <time>2026-07-24T18:54:05Z</time>
      </trkpt>
      <trkpt lat="41.271502" lon="-105.481617">
        <ele>2411.4</ele>
        <time>2026-07-24T18:54:07Z</time>
      </trkpt>
      <trkpt lat="41.271655" lon="-105.481874">
        <ele>2410.1</ele>
        <time>2026-07-24T18:54:08Z</time>
      </trkpt>
      <trkpt lat="41.271799" lon="-105.482143">
        <ele>2408.9</ele>
        <time>2026-07-24T18:54:09Z</time>
      </trkpt>
      <trkpt lat="41.271932" lon="-105.482420">
        <ele>2407.7</ele>
        <time>2026-07-24T18:54:10Z</time>
      </trkpt>
      <trkpt lat="41.272052" lon="-105.482705">
        <ele>2406.4</ele>
        <time>2026-07-24T18:54:11Z</time>
      </trkpt>
      <trkpt lat="41.272161" lon="-105.483005">
        <ele>2404.9</ele>
        <time>2026-07-24T18:54:12Z</time>
      </trkpt>
      <trkpt lat="41.272256" lon="-105.483309">
        <ele>2403.6</ele>
        <time>2026-07-24T18:54:13Z</time>
      </trkpt>
      <trkpt lat="41.272337" lon="-105.483617">
        <ele>2402.2</ele>
        <time>2026-07-24T18:54:14Z</time>
      </trkpt>
      <trkpt lat="41.272435" lon="-105.484258">
        <ele>2399.2</ele>
        <time>2026-07-24T18:54:16Z</time>
      </trkpt>
      <trkpt lat="41.272473" lon="-105.484580">
        <ele>2397.8</ele>
        <time>2026-07-24T18:54:17Z</time>
      </trkpt>
      <trkpt lat="41.272510" lon="-105.485221">
        <ele>2394.8</ele>
        <time>2026-07-24T18:54:19Z</time>
      </trkpt>
      <trkpt lat="41.272507" lon="-105.485545">
        <ele>2393.3</ele>
        <time>2026-07-24T18:54:20Z</time>
      </trkpt>
      <trkpt lat="41.272476" lon="-105.486240">
        <ele>2390.0</ele>
        <time>2026-07-24T18:54:22Z</time>
      </trkpt>
      <trkpt lat="41.272448" lon="-105.486561">
        <ele>2388.4</ele>
        <time>2026-07-24T18:54:23Z</time>
      </trkpt>
      <trkpt lat="41.272393" lon="-105.486877">
        <ele>2386.7</ele>
        <time>2026-07-24T18:54:24Z</time>
      </trkpt>
      <trkpt lat="41.272083" lon="-105.489050">
        <ele>2376.1</ele>
        <time>2026-07-24T18:54:31Z</time>
      </trkpt>
      <trkpt lat="41.272053" lon="-105.489382">
        <ele>2374.6</ele>
        <time>2026-07-24T18:54:32Z</time>
      </trkpt>
      <trkpt lat="41.271918" lon="-105.490358">
        <ele>2370.1</ele>
        <time>2026-07-24T18:54:35Z</time>
      </trkpt>
      <trkpt lat="41.271858" lon="-105.491011">
        <ele>2367.6</ele>
        <time>2026-07-24T18:54:37Z</time>
      </trkpt>
      <trkpt lat="41.271839" lon="-105.491343">
        <ele>2366.3</ele>
        <time>2026-07-24T18:54:38Z</time>
      </trkpt>
      <trkpt lat="41.271823" lon="-105.491997">
        <ele>2364.2</ele>
        <time>2026-07-24T18:54:40Z</time>
      </trkpt>
      <trkpt lat="41.271825" lon="-105.492385">
        <ele>2363.3</ele>
        <time>2026-07-24T18:54:41Z</time>
      </trkpt>
      <trkpt lat="41.271945" lon="-105.496332">
        <ele>2353.2</ele>
        <time>2026-07-24T18:54:54Z</time>
      </trkpt>
      <trkpt lat="41.272001" lon="-105.497778">
        <ele>2350.4</ele>
        <time>2026-07-24T18:54:59Z</time>
      </trkpt>
      <trkpt lat="41.272037" lon="-105.498348">
        <ele>2349.4</ele>
        <time>2026-07-24T18:55:01Z</time>
      </trkpt>
      <trkpt lat="41.272137" lon="-105.499188">
        <ele>2348.0</ele>
        <time>2026-07-24T18:55:04Z</time>
      </trkpt>
      <trkpt lat="41.272234" lon="-105.499743">
        <ele>2347.2</ele>
        <time>2026-07-24T18:55:06Z</time>
      </trkpt>
      <trkpt lat="41.272353" lon="-105.500291">
        <ele>2346.5</ele>
        <time>2026-07-24T18:55:08Z</time>
      </trkpt>
      <trkpt lat="41.272494" lon="-105.500836">
        <ele>2345.4</ele>
        <time>2026-07-24T18:55:10Z</time>
      </trkpt>
      <trkpt lat="41.272661" lon="-105.501370">
        <ele>2344.3</ele>
        <time>2026-07-24T18:55:12Z</time>
      </trkpt>
      <trkpt lat="41.272848" lon="-105.501899">
        <ele>2343.0</ele>
        <time>2026-07-24T18:55:14Z</time>
      </trkpt>
      <trkpt lat="41.272952" lon="-105.502159">
        <ele>2342.3</ele>
        <time>2026-07-24T18:55:15Z</time>
      </trkpt>
      <trkpt lat="41.274953" lon="-105.506836">
        <ele>2326.3</ele>
        <time>2026-07-24T18:55:33Z</time>
      </trkpt>
      <trkpt lat="41.277018" lon="-105.511717">
        <ele>2314.8</ele>
        <time>2026-07-24T18:55:52Z</time>
      </trkpt>
      <trkpt lat="41.277368" lon="-105.512480">
        <ele>2313.2</ele>
        <time>2026-07-24T18:55:55Z</time>
      </trkpt>
      <trkpt lat="41.277622" lon="-105.512971">
        <ele>2312.3</ele>
        <time>2026-07-24T18:55:57Z</time>
      </trkpt>
      <trkpt lat="41.277892" lon="-105.513445">
        <ele>2311.3</ele>
        <time>2026-07-24T18:55:59Z</time>
      </trkpt>
      <trkpt lat="41.278180" lon="-105.513908">
        <ele>2310.1</ele>
        <time>2026-07-24T18:56:01Z</time>
      </trkpt>
      <trkpt lat="41.278636" lon="-105.514569">
        <ele>2308.1</ele>
        <time>2026-07-24T18:56:04Z</time>
      </trkpt>
      <trkpt lat="41.278959" lon="-105.514991">
        <ele>2306.6</ele>
        <time>2026-07-24T18:56:06Z</time>
      </trkpt>
      <trkpt lat="41.279296" lon="-105.515391">
        <ele>2304.9</ele>
        <time>2026-07-24T18:56:08Z</time>
      </trkpt>
      <trkpt lat="41.279646" lon="-105.515770">
        <ele>2303.3</ele>
        <time>2026-07-24T18:56:10Z</time>
      </trkpt>
      <trkpt lat="41.280005" lon="-105.516128">
        <ele>2301.6</ele>
        <time>2026-07-24T18:56:12Z</time>
      </trkpt>
      <trkpt lat="41.282728" lon="-105.518663">
        <ele>2292.2</ele>
        <time>2026-07-24T18:56:27Z</time>
      </trkpt>
      <trkpt lat="41.288233" lon="-105.523838">
        <ele>2278.6</ele>
        <time>2026-07-24T18:56:57Z</time>
      </trkpt>
      <trkpt lat="41.288960" lon="-105.524540">
        <ele>2276.8</ele>
        <time>2026-07-24T18:57:01Z</time>
      </trkpt>
      <trkpt lat="41.289486" lon="-105.525092">
        <ele>2275.7</ele>
        <time>2026-07-24T18:57:04Z</time>
      </trkpt>
      <trkpt lat="41.289623" lon="-105.525251">
        <ele>2275.3</ele>
        <time>2026-07-24T18:57:05Z</time>
      </trkpt>
      <trkpt lat="41.289946" lon="-105.525665">
        <ele>2274.5</ele>
        <time>2026-07-24T18:57:07Z</time>
      </trkpt>
      <trkpt lat="41.290245" lon="-105.526114">
        <ele>2273.7</ele>
        <time>2026-07-24T18:57:09Z</time>
      </trkpt>
      <trkpt lat="41.290382" lon="-105.526351">
        <ele>2273.3</ele>
        <time>2026-07-24T18:57:10Z</time>
      </trkpt>
      <trkpt lat="41.290607" lon="-105.526866">
        <ele>2272.4</ele>
        <time>2026-07-24T18:57:12Z</time>
      </trkpt>
      <trkpt lat="41.290810" lon="-105.527394">
        <ele>2271.5</ele>
        <time>2026-07-24T18:57:14Z</time>
      </trkpt>
      <trkpt lat="41.290980" lon="-105.527943">
        <ele>2270.6</ele>
        <time>2026-07-24T18:57:16Z</time>
      </trkpt>
      <trkpt lat="41.291112" lon="-105.528505">
        <ele>2269.5</ele>
        <time>2026-07-24T18:57:18Z</time>
      </trkpt>
      <trkpt lat="41.291221" lon="-105.529135">
        <ele>2268.6</ele>
        <time>2026-07-24T18:57:20Z</time>
      </trkpt>
      <trkpt lat="41.291285" lon="-105.529775">
        <ele>2268.0</ele>
        <time>2026-07-24T18:57:22Z</time>
      </trkpt>
      <trkpt lat="41.291313" lon="-105.530597">
        <ele>2266.6</ele>
        <time>2026-07-24T18:57:25Z</time>
      </trkpt>
      <trkpt lat="41.291318" lon="-105.533887">
        <ele>2260.8</ele>
        <time>2026-07-24T18:57:36Z</time>
      </trkpt>
      <trkpt lat="41.291301" lon="-105.534230">
        <ele>2260.4</ele>
        <time>2026-07-24T18:57:37Z</time>
      </trkpt>
      <trkpt lat="41.291292" lon="-105.541309">
        <ele>2248.5</ele>
        <time>2026-07-24T18:58:01Z</time>
      </trkpt>
      <trkpt lat="41.291300" lon="-105.564191">
        <ele>2218.2</ele>
        <time>2026-07-24T18:59:18Z</time>
      </trkpt>
      <trkpt lat="41.291307" lon="-105.565084">
        <ele>2217.2</ele>
        <time>2026-07-24T18:59:21Z</time>
      </trkpt>
      <trkpt lat="41.291330" lon="-105.565974">
        <ele>2216.0</ele>
        <time>2026-07-24T18:59:24Z</time>
      </trkpt>
      <trkpt lat="41.291356" lon="-105.566568">
        <ele>2215.2</ele>
        <time>2026-07-24T18:59:26Z</time>
      </trkpt>
      <trkpt lat="41.291426" lon="-105.567756">
        <ele>2213.5</ele>
        <time>2026-07-24T18:59:30Z</time>
      </trkpt>
      <trkpt lat="41.291520" lon="-105.568949">
        <ele>2211.6</ele>
        <time>2026-07-24T18:59:34Z</time>
      </trkpt>
      <trkpt lat="41.291708" lon="-105.570707">
        <ele>2209.6</ele>
        <time>2026-07-24T18:59:40Z</time>
      </trkpt>
      <trkpt lat="41.291821" lon="-105.571590">
        <ele>2209.0</ele>
        <time>2026-07-24T18:59:43Z</time>
      </trkpt>
      <trkpt lat="41.291907" lon="-105.572173">
        <ele>2208.7</ele>
        <time>2026-07-24T18:59:45Z</time>
      </trkpt>
      <trkpt lat="41.292153" lon="-105.573627">
        <ele>2207.5</ele>
        <time>2026-07-24T18:59:50Z</time>
      </trkpt>
      <trkpt lat="41.292486" lon="-105.575304">
        <ele>2206.4</ele>
        <time>2026-07-24T18:59:56Z</time>
      </trkpt>
      <trkpt lat="41.292744" lon="-105.576448">
        <ele>2205.7</ele>
        <time>2026-07-24T19:00:00Z</time>
      </trkpt>
      <trkpt lat="41.292955" lon="-105.577298">
        <ele>2205.0</ele>
        <time>2026-07-24T19:00:03Z</time>
      </trkpt>
      <trkpt lat="41.293551" lon="-105.579537">
        <ele>2203.4</ele>
        <time>2026-07-24T19:00:11Z</time>
      </trkpt>
      <trkpt lat="41.296452" lon="-105.590203">
        <ele>2195.6</ele>
        <time>2026-07-24T19:00:49Z</time>
      </trkpt>
      <trkpt lat="41.296937" lon="-105.592116">
        <ele>2196.7</ele>
        <time>2026-07-24T19:00:56Z</time>
      </trkpt>
      <trkpt lat="41.297768" lon="-105.595197">
        <ele>2198.7</ele>
        <time>2026-07-24T19:01:07Z</time>
      </trkpt>
      <trkpt lat="41.298406" lon="-105.597428">
        <ele>2198.6</ele>
        <time>2026-07-24T19:01:15Z</time>
      </trkpt>
      <trkpt lat="41.301556" lon="-105.609129">
        <ele>2189.0</ele>
        <time>2026-07-24T19:01:57Z</time>
      </trkpt>
      <trkpt lat="41.301720" lon="-105.609685">
        <ele>2188.9</ele>
        <time>2026-07-24T19:01:59Z</time>
      </trkpt>
      <trkpt lat="41.301903" lon="-105.610226">
        <ele>2188.7</ele>
        <time>2026-07-24T19:02:01Z</time>
      </trkpt>
      <trkpt lat="41.302007" lon="-105.610490">
        <ele>2188.8</ele>
        <time>2026-07-24T19:02:02Z</time>
      </trkpt>
      <trkpt lat="41.302235" lon="-105.610993">
        <ele>2188.8</ele>
        <time>2026-07-24T19:02:04Z</time>
      </trkpt>
      <trkpt lat="41.302364" lon="-105.611237">
        <ele>2188.8</ele>
        <time>2026-07-24T19:02:05Z</time>
      </trkpt>
      <trkpt lat="41.302647" lon="-105.611700">
        <ele>2189.0</ele>
        <time>2026-07-24T19:02:07Z</time>
      </trkpt>
      <trkpt lat="41.302800" lon="-105.611917">
        <ele>2189.0</ele>
        <time>2026-07-24T19:02:08Z</time>
      </trkpt>
      <trkpt lat="41.303127" lon="-105.612324">
        <ele>2189.1</ele>
        <time>2026-07-24T19:02:10Z</time>
      </trkpt>
      <trkpt lat="41.303482" lon="-105.612697">
        <ele>2189.3</ele>
        <time>2026-07-24T19:02:12Z</time>
      </trkpt>
      <trkpt lat="41.303855" lon="-105.613025">
        <ele>2189.4</ele>
        <time>2026-07-24T19:02:14Z</time>
      </trkpt>
      <trkpt lat="41.304052" lon="-105.613169">
        <ele>2189.4</ele>
        <time>2026-07-24T19:02:15Z</time>
      </trkpt>
      <trkpt lat="41.304463" lon="-105.613425">
        <ele>2189.2</ele>
        <time>2026-07-24T19:02:17Z</time>
      </trkpt>
      <trkpt lat="41.304884" lon="-105.613639">
        <ele>2189.2</ele>
        <time>2026-07-24T19:02:19Z</time>
      </trkpt>
      <trkpt lat="41.305106" lon="-105.613695">
        <ele>2189.1</ele>
        <time>2026-07-24T19:02:20Z</time>
      </trkpt>
      <trkpt lat="41.305369" lon="-105.613747">
        <ele>2189.2</ele>
        <time>2026-07-24T19:02:21Z</time>
      </trkpt>
      <trkpt lat="41.305587" lon="-105.613812">
        <ele>2189.4</ele>
        <time>2026-07-24T19:02:22Z</time>
      </trkpt>
      <trkpt lat="41.305807" lon="-105.613864">
        <ele>2189.6</ele>
        <time>2026-07-24T19:02:23Z</time>
      </trkpt>
      <trkpt lat="41.306203" lon="-105.613932">
        <ele>2190.3</ele>
        <time>2026-07-24T19:02:25Z</time>
      </trkpt>
      <trkpt lat="41.306915" lon="-105.614002">
        <ele>2191.2</ele>
        <time>2026-07-24T19:02:28Z</time>
      </trkpt>
      <trkpt lat="41.307092" lon="-105.613995">
        <ele>2191.6</ele>
        <time>2026-07-24T19:02:29Z</time>
      </trkpt>
      <trkpt lat="41.308444" lon="-105.614103">
        <ele>2192.9</ele>
        <time>2026-07-24T19:02:35Z</time>
      </trkpt>
      <trkpt lat="41.308702" lon="-105.614087">
        <ele>2193.0</ele>
        <time>2026-07-24T19:02:36Z</time>
      </trkpt>
      <trkpt lat="41.314277" lon="-105.614549">
        <ele>2189.1</ele>
        <time>2026-07-24T19:03:01Z</time>
      </trkpt>
      <trkpt lat="41.315617" lon="-105.614670">
        <ele>2192.2</ele>
        <time>2026-07-24T19:03:07Z</time>
      </trkpt>
      <trkpt lat="41.317827" lon="-105.614845">
        <ele>2194.9</ele>
        <time>2026-07-24T19:03:17Z</time>
      </trkpt>
      <trkpt lat="41.328978" lon="-105.615801">
        <ele>2187.1</ele>
        <time>2026-07-24T19:04:07Z</time>
      </trkpt>
      <trkpt lat="41.336374" lon="-105.616455">
        <ele>2191.3</ele>
        <time>2026-07-24T19:04:40Z</time>
      </trkpt>
      <trkpt lat="41.337044" lon="-105.616563">
        <ele>2191.6</ele>
        <time>2026-07-24T19:04:43Z</time>
      </trkpt>
      <trkpt lat="41.337487" lon="-105.616670">
        <ele>2191.7</ele>
        <time>2026-07-24T19:04:45Z</time>
      </trkpt>
      <trkpt lat="41.337704" lon="-105.616738">
        <ele>2192.0</ele>
        <time>2026-07-24T19:04:46Z</time>
      </trkpt>
      <trkpt lat="41.338135" lon="-105.616909">
        <ele>2192.0</ele>
        <time>2026-07-24T19:04:48Z</time>
      </trkpt>
      <trkpt lat="41.338747" lon="-105.617276">
        <ele>2192.0</ele>
        <time>2026-07-24T19:04:51Z</time>
      </trkpt>
      <trkpt lat="41.339136" lon="-105.617559">
        <ele>2192.2</ele>
        <time>2026-07-24T19:04:53Z</time>
      </trkpt>
      <trkpt lat="41.339716" lon="-105.618076">
        <ele>2192.3</ele>
        <time>2026-07-24T19:04:56Z</time>
      </trkpt>
      <trkpt lat="41.340071" lon="-105.618434">
        <ele>2192.4</ele>
        <time>2026-07-24T19:04:58Z</time>
      </trkpt>
      <trkpt lat="41.340544" lon="-105.619067">
        <ele>2192.4</ele>
        <time>2026-07-24T19:05:01Z</time>
      </trkpt>
      <trkpt lat="41.340837" lon="-105.619509">
        <ele>2192.6</ele>
        <time>2026-07-24T19:05:03Z</time>
      </trkpt>
      <trkpt lat="41.341078" lon="-105.619933">
        <ele>2193.0</ele>
        <time>2026-07-24T19:05:05Z</time>
      </trkpt>
      <trkpt lat="41.341332" lon="-105.620418">
        <ele>2192.9</ele>
        <time>2026-07-24T19:05:07Z</time>
      </trkpt>
      <trkpt lat="41.341804" lon="-105.621433">
        <ele>2192.3</ele>
        <time>2026-07-24T19:05:11Z</time>
      </trkpt>
      <trkpt lat="41.342612" lon="-105.623214">
        <ele>2192.4</ele>
        <time>2026-07-24T19:05:18Z</time>
      </trkpt>
      <trkpt lat="41.342726" lon="-105.623524">
        <ele>2192.4</ele>
        <time>2026-07-24T19:05:19Z</time>
      </trkpt>
      <trkpt lat="41.343299" lon="-105.624803">
        <ele>2192.9</ele>
        <time>2026-07-24T19:05:24Z</time>
      </trkpt>
      <trkpt lat="41.349646" lon="-105.638820">
        <ele>2210.2</ele>
        <time>2026-07-24T19:06:19Z</time>
      </trkpt>
      <trkpt lat="41.349865" lon="-105.639340">
        <ele>2210.9</ele>
        <time>2026-07-24T19:06:21Z</time>
      </trkpt>
      <trkpt lat="41.350169" lon="-105.640136">
        <ele>2211.7</ele>
        <time>2026-07-24T19:06:24Z</time>
      </trkpt>
      <trkpt lat="41.350331" lon="-105.640628">
        <ele>2212.2</ele>
        <time>2026-07-24T19:06:26Z</time>
      </trkpt>
      <trkpt lat="41.350564" lon="-105.641467">
        <ele>2213.1</ele>
        <time>2026-07-24T19:06:29Z</time>
      </trkpt>
      <trkpt lat="41.350697" lon="-105.642042">
        <ele>2213.4</ele>
        <time>2026-07-24T19:06:31Z</time>
      </trkpt>
      <trkpt lat="41.350880" lon="-105.643209">
        <ele>2214.0</ele>
        <time>2026-07-24T19:06:35Z</time>
      </trkpt>
      <trkpt lat="41.350952" lon="-105.643793">
        <ele>2214.2</ele>
        <time>2026-07-24T19:06:37Z</time>
      </trkpt>
      <trkpt lat="41.351007" lon="-105.644378">
        <ele>2214.5</ele>
        <time>2026-07-24T19:06:39Z</time>
      </trkpt>
      <trkpt lat="41.351040" lon="-105.644962">
        <ele>2214.9</ele>
        <time>2026-07-24T19:06:41Z</time>
      </trkpt>
      <trkpt lat="41.351056" lon="-105.645552">
        <ele>2215.3</ele>
        <time>2026-07-24T19:06:43Z</time>
      </trkpt>
      <trkpt lat="41.351014" lon="-105.655961">
        <ele>2221.4</ele>
        <time>2026-07-24T19:07:18Z</time>
      </trkpt>
      <trkpt lat="41.350995" lon="-105.666612">
        <ele>2226.2</ele>
        <time>2026-07-24T19:07:54Z</time>
      </trkpt>
      <trkpt lat="41.350964" lon="-105.674668">
        <ele>2232.2</ele>
        <time>2026-07-24T19:08:21Z</time>
      </trkpt>
      <trkpt lat="41.350954" lon="-105.681791">
        <ele>2231.2</ele>
        <time>2026-07-24T19:08:45Z</time>
      </trkpt>
      <trkpt lat="41.350920" lon="-105.694536">
        <ele>2236.4</ele>
        <time>2026-07-24T19:09:28Z</time>
      </trkpt>
      <trkpt lat="41.350911" lon="-105.695422">
        <ele>2238.0</ele>
        <time>2026-07-24T19:09:31Z</time>
      </trkpt>
      <trkpt lat="41.350865" lon="-105.696308">
        <ele>2239.5</ele>
        <time>2026-07-24T19:09:34Z</time>
      </trkpt>
      <trkpt lat="41.350837" lon="-105.696608">
        <ele>2240.0</ele>
        <time>2026-07-24T19:09:35Z</time>
      </trkpt>
      <trkpt lat="41.350766" lon="-105.697198">
        <ele>2241.0</ele>
        <time>2026-07-24T19:09:37Z</time>
      </trkpt>
      <trkpt lat="41.350676" lon="-105.697778">
        <ele>2242.2</ele>
        <time>2026-07-24T19:09:39Z</time>
      </trkpt>
      <trkpt lat="41.349920" lon="-105.700827">
        <ele>2246.6</ele>
        <time>2026-07-24T19:09:50Z</time>
      </trkpt>
      <trkpt lat="41.349868" lon="-105.701116">
        <ele>2247.0</ele>
        <time>2026-07-24T19:09:51Z</time>
      </trkpt>
      <trkpt lat="41.349753" lon="-105.701407">
        <ele>2247.3</ele>
        <time>2026-07-24T19:09:52Z</time>
      </trkpt>
      <trkpt lat="41.349585" lon="-105.702263">
        <ele>2248.0</ele>
        <time>2026-07-24T19:09:55Z</time>
      </trkpt>
      <trkpt lat="41.349541" lon="-105.702560">
        <ele>2248.3</ele>
        <time>2026-07-24T19:09:56Z</time>
      </trkpt>
      <trkpt lat="41.349473" lon="-105.703150">
        <ele>2248.7</ele>
        <time>2026-07-24T19:09:58Z</time>
      </trkpt>
      <trkpt lat="41.349432" lon="-105.703742">
        <ele>2249.0</ele>
        <time>2026-07-24T19:10:00Z</time>
      </trkpt>
      <trkpt lat="41.349415" lon="-105.704334">
        <ele>2249.1</ele>
        <time>2026-07-24T19:10:02Z</time>
      </trkpt>
      <trkpt lat="41.349422" lon="-105.704931">
        <ele>2248.8</ele>
        <time>2026-07-24T19:10:04Z</time>
      </trkpt>
      <trkpt lat="41.349454" lon="-105.705527">
        <ele>2248.4</ele>
        <time>2026-07-24T19:10:06Z</time>
      </trkpt>
      <trkpt lat="41.349486" lon="-105.705883">
        <ele>2248.3</ele>
        <time>2026-07-24T19:10:07Z</time>
      </trkpt>
      <trkpt lat="41.349550" lon="-105.706411">
        <ele>2248.1</ele>
        <time>2026-07-24T19:10:09Z</time>
      </trkpt>
      <trkpt lat="41.349732" lon="-105.707591">
        <ele>2247.5</ele>
        <time>2026-07-24T19:10:13Z</time>
      </trkpt>
      <trkpt lat="41.350244" lon="-105.711110">
        <ele>2241.5</ele>
        <time>2026-07-24T19:10:25Z</time>
      </trkpt>
      <trkpt lat="41.351284" lon="-105.718093">
        <ele>2219.9</ele>
        <time>2026-07-24T19:10:49Z</time>
      </trkpt>
      <trkpt lat="41.354764" lon="-105.742336">
        <ele>2207.2</ele>
        <time>2026-07-24T19:12:12Z</time>
      </trkpt>
      <trkpt lat="41.354985" lon="-105.743801">
        <ele>2205.1</ele>
        <time>2026-07-24T19:12:17Z</time>
      </trkpt>
      <trkpt lat="41.355135" lon="-105.744674">
        <ele>2203.6</ele>
        <time>2026-07-24T19:12:20Z</time>
      </trkpt>
      <trkpt lat="41.355308" lon="-105.745537">
        <ele>2202.2</ele>
        <time>2026-07-24T19:12:23Z</time>
      </trkpt>
      <trkpt lat="41.355441" lon="-105.746107">
        <ele>2201.0</ele>
        <time>2026-07-24T19:12:25Z</time>
      </trkpt>
      <trkpt lat="41.355586" lon="-105.746670">
        <ele>2200.1</ele>
        <time>2026-07-24T19:12:27Z</time>
      </trkpt>
      <trkpt lat="41.357686" lon="-105.754465">
        <ele>2191.1</ele>
        <time>2026-07-24T19:12:55Z</time>
      </trkpt>
      <trkpt lat="41.362943" lon="-105.774090">
        <ele>2183.5</ele>
        <time>2026-07-24T19:14:05Z</time>
      </trkpt>
      <trkpt lat="41.363192" lon="-105.774923">
        <ele>2183.1</ele>
        <time>2026-07-24T19:14:08Z</time>
      </trkpt>
      <trkpt lat="41.363371" lon="-105.775468">
        <ele>2182.9</ele>
        <time>2026-07-24T19:14:10Z</time>
      </trkpt>
      <trkpt lat="41.363563" lon="-105.776007">
        <ele>2183.0</ele>
        <time>2026-07-24T19:14:12Z</time>
      </trkpt>
      <trkpt lat="41.363767" lon="-105.776538">
        <ele>2182.8</ele>
        <time>2026-07-24T19:14:14Z</time>
      </trkpt>
      <trkpt lat="41.363982" lon="-105.777060">
        <ele>2182.7</ele>
        <time>2026-07-24T19:14:16Z</time>
      </trkpt>
      <trkpt lat="41.364330" lon="-105.777830">
        <ele>2182.7</ele>
        <time>2026-07-24T19:14:19Z</time>
      </trkpt>
      <trkpt lat="41.365070" lon="-105.779326">
        <ele>2182.7</ele>
        <time>2026-07-24T19:14:25Z</time>
      </trkpt>
      <trkpt lat="41.370163" lon="-105.789390">
        <ele>2194.8</ele>
        <time>2026-07-24T19:15:06Z</time>
      </trkpt>
      <trkpt lat="41.380343" lon="-105.809645">
        <ele>2197.5</ele>
        <time>2026-07-24T19:16:28Z</time>
      </trkpt>
      <trkpt lat="41.380835" lon="-105.810578">
        <ele>2197.5</ele>
        <time>2026-07-24T19:16:32Z</time>
      </trkpt>
      <trkpt lat="41.381108" lon="-105.811055">
        <ele>2197.4</ele>
        <time>2026-07-24T19:16:34Z</time>
      </trkpt>
      <trkpt lat="41.381392" lon="-105.811517">
        <ele>2197.2</ele>
        <time>2026-07-24T19:16:36Z</time>
      </trkpt>
      <trkpt lat="41.381716" lon="-105.812013">
        <ele>2196.9</ele>
        <time>2026-07-24T19:16:38Z</time>
      </trkpt>
      <trkpt lat="41.382148" lon="-105.812625">
        <ele>2196.4</ele>
        <time>2026-07-24T19:16:41Z</time>
      </trkpt>
      <trkpt lat="41.382465" lon="-105.813044">
        <ele>2196.1</ele>
        <time>2026-07-24T19:16:43Z</time>
      </trkpt>
      <trkpt lat="41.382957" lon="-105.813652">
        <ele>2195.3</ele>
        <time>2026-07-24T19:16:46Z</time>
      </trkpt>
      <trkpt lat="41.383467" lon="-105.814233">
        <ele>2194.9</ele>
        <time>2026-07-24T19:16:49Z</time>
      </trkpt>
      <trkpt lat="41.383819" lon="-105.814602">
        <ele>2194.7</ele>
        <time>2026-07-24T19:16:51Z</time>
      </trkpt>
      <trkpt lat="41.384359" lon="-105.815131">
        <ele>2194.5</ele>
        <time>2026-07-24T19:16:54Z</time>
      </trkpt>
      <trkpt lat="41.384727" lon="-105.815467">
        <ele>2194.4</ele>
        <time>2026-07-24T19:16:56Z</time>
      </trkpt>
      <trkpt lat="41.390588" lon="-105.820354">
        <ele>2194.3</ele>
        <time>2026-07-24T19:17:27Z</time>
      </trkpt>
      <trkpt lat="41.395897" lon="-105.824818">
        <ele>2199.5</ele>
        <time>2026-07-24T19:17:55Z</time>
      </trkpt>
      <trkpt lat="41.398361" lon="-105.826912">
        <ele>2193.9</ele>
        <time>2026-07-24T19:18:08Z</time>
      </trkpt>
      <trkpt lat="41.403059" lon="-105.830849">
        <ele>2194.1</ele>
        <time>2026-07-24T19:18:33Z</time>
      </trkpt>
      <trkpt lat="41.407411" lon="-105.834533">
        <ele>2195.6</ele>
        <time>2026-07-24T19:18:56Z</time>
      </trkpt>
      <trkpt lat="41.407936" lon="-105.835001">
        <ele>2195.5</ele>
        <time>2026-07-24T19:18:59Z</time>
      </trkpt>
      <trkpt lat="41.408475" lon="-105.835548">
        <ele>2195.3</ele>
        <time>2026-07-24T19:19:02Z</time>
      </trkpt>
      <trkpt lat="41.408997" lon="-105.836118">
        <ele>2194.9</ele>
        <time>2026-07-24T19:19:05Z</time>
      </trkpt>
      <trkpt lat="41.409332" lon="-105.836510">
        <ele>2194.7</ele>
        <time>2026-07-24T19:19:07Z</time>
      </trkpt>
      <trkpt lat="41.409820" lon="-105.837127">
        <ele>2194.4</ele>
        <time>2026-07-24T19:19:10Z</time>
      </trkpt>
      <trkpt lat="41.410288" lon="-105.837787">
        <ele>2194.2</ele>
        <time>2026-07-24T19:19:13Z</time>
      </trkpt>
      <trkpt lat="41.410760" lon="-105.838497">
        <ele>2194.2</ele>
        <time>2026-07-24T19:19:16Z</time>
      </trkpt>
      <trkpt lat="41.411017" lon="-105.838910">
        <ele>2194.2</ele>
        <time>2026-07-24T19:19:18Z</time>
      </trkpt>
      <trkpt lat="41.411424" lon="-105.839617">
        <ele>2194.3</ele>
        <time>2026-07-24T19:19:21Z</time>
      </trkpt>
      <trkpt lat="41.411541" lon="-105.839871">
        <ele>2194.4</ele>
        <time>2026-07-24T19:19:22Z</time>
      </trkpt>
      <trkpt lat="41.411913" lon="-105.840610">
        <ele>2194.4</ele>
        <time>2026-07-24T19:19:25Z</time>
      </trkpt>
      <trkpt lat="41.412260" lon="-105.841376">
        <ele>2194.6</ele>
        <time>2026-07-24T19:19:28Z</time>
      </trkpt>
      <trkpt lat="41.412370" lon="-105.841634">
        <ele>2194.6</ele>
        <time>2026-07-24T19:19:29Z</time>
      </trkpt>
      <trkpt lat="41.412471" lon="-105.841935">
        <ele>2194.7</ele>
        <time>2026-07-24T19:19:30Z</time>
      </trkpt>
      <trkpt lat="41.414614" lon="-105.847156">
        <ele>2198.6</ele>
        <time>2026-07-24T19:19:50Z</time>
      </trkpt>
      <trkpt lat="41.418253" lon="-105.855974">
        <ele>2204.8</ele>
        <time>2026-07-24T19:20:24Z</time>
      </trkpt>
      <trkpt lat="41.422006" lon="-105.865106">
        <ele>2207.8</ele>
        <time>2026-07-24T19:20:59Z</time>
      </trkpt>
      <trkpt lat="41.422611" lon="-105.866646">
        <ele>2208.4</ele>
        <time>2026-07-24T19:21:05Z</time>
      </trkpt>
      <trkpt lat="41.423142" lon="-105.867956">
        <ele>2208.6</ele>
        <time>2026-07-24T19:21:10Z</time>
      </trkpt>
      <trkpt lat="41.423701" lon="-105.869250">
        <ele>2208.8</ele>
        <time>2026-07-24T19:21:15Z</time>
      </trkpt>
      <trkpt lat="41.424788" lon="-105.871856">
        <ele>2209.6</ele>
        <time>2026-07-24T19:21:25Z</time>
      </trkpt>
      <trkpt lat="41.426184" lon="-105.875264">
        <ele>2210.3</ele>
        <time>2026-07-24T19:21:38Z</time>
      </trkpt>
      <trkpt lat="41.432197" lon="-105.889835">
        <ele>2219.6</ele>
        <time>2026-07-24T19:22:34Z</time>
      </trkpt>
      <trkpt lat="41.432409" lon="-105.890366">
        <ele>2220.0</ele>
        <time>2026-07-24T19:22:36Z</time>
      </trkpt>
      <trkpt lat="41.432708" lon="-105.891168">
        <ele>2220.3</ele>
        <time>2026-07-24T19:22:39Z</time>
      </trkpt>
      <trkpt lat="41.432894" lon="-105.891707">
        <ele>2220.4</ele>
        <time>2026-07-24T19:22:41Z</time>
      </trkpt>
      <trkpt lat="41.433071" lon="-105.892257">
        <ele>2220.5</ele>
        <time>2026-07-24T19:22:43Z</time>
      </trkpt>
      <trkpt lat="41.433305" lon="-105.893091">
        <ele>2220.8</ele>
        <time>2026-07-24T19:22:46Z</time>
      </trkpt>
      <trkpt lat="41.433444" lon="-105.893661">
        <ele>2221.0</ele>
        <time>2026-07-24T19:22:48Z</time>
      </trkpt>
      <trkpt lat="41.433493" lon="-105.893951">
        <ele>2221.1</ele>
        <time>2026-07-24T19:22:49Z</time>
      </trkpt>
      <trkpt lat="41.433667" lon="-105.894814">
        <ele>2221.5</ele>
        <time>2026-07-24T19:22:52Z</time>
      </trkpt>
      <trkpt lat="41.433766" lon="-105.895392">
        <ele>2221.8</ele>
        <time>2026-07-24T19:22:54Z</time>
      </trkpt>
      <trkpt lat="41.434031" lon="-105.897159">
        <ele>2222.3</ele>
        <time>2026-07-24T19:23:00Z</time>
      </trkpt>
      <trkpt lat="41.434053" lon="-105.897429">
        <ele>2222.3</ele>
        <time>2026-07-24T19:23:01Z</time>
      </trkpt>
      <trkpt lat="41.434260" lon="-105.898886">
        <ele>2223.1</ele>
        <time>2026-07-24T19:23:06Z</time>
      </trkpt>
      <trkpt lat="41.441523" lon="-105.948137">
        <ele>2238.3</ele>
        <time>2026-07-24T19:25:55Z</time>
      </trkpt>
      <trkpt lat="41.441800" lon="-105.950228">
        <ele>2240.6</ele>
        <time>2026-07-24T19:26:02Z</time>
      </trkpt>
      <trkpt lat="41.442075" lon="-105.952150">
        <ele>2242.9</ele>
        <time>2026-07-24T19:26:08Z</time>
      </trkpt>
      <trkpt lat="41.442235" lon="-105.953117">
        <ele>2243.8</ele>
        <time>2026-07-24T19:26:11Z</time>
      </trkpt>
      <trkpt lat="41.442429" lon="-105.954077">
        <ele>2244.7</ele>
        <time>2026-07-24T19:26:14Z</time>
      </trkpt>
      <trkpt lat="41.442708" lon="-105.955346">
        <ele>2245.8</ele>
        <time>2026-07-24T19:26:18Z</time>
      </trkpt>
      <trkpt lat="41.443157" lon="-105.957207">
        <ele>2247.1</ele>
        <time>2026-07-24T19:26:24Z</time>
      </trkpt>
      <trkpt lat="41.443740" lon="-105.959851">
        <ele>2249.1</ele>
        <time>2026-07-24T19:26:33Z</time>
      </trkpt>
      <trkpt lat="41.444133" lon="-105.961561">
        <ele>2250.2</ele>
        <time>2026-07-24T19:26:39Z</time>
      </trkpt>
      <trkpt lat="41.444338" lon="-105.962354">
        <ele>2250.6</ele>
        <time>2026-07-24T19:26:42Z</time>
      </trkpt>
      <trkpt lat="41.444593" lon="-105.963178">
        <ele>2251.1</ele>
        <time>2026-07-24T19:26:45Z</time>
      </trkpt>
      <trkpt lat="41.444790" lon="-105.963717">
        <ele>2251.7</ele>
        <time>2026-07-24T19:26:47Z</time>
      </trkpt>
      <trkpt lat="41.445026" lon="-105.964292">
        <ele>2252.1</ele>
        <time>2026-07-24T19:26:49Z</time>
      </trkpt>
      <trkpt lat="41.445353" lon="-105.964998">
        <ele>2252.9</ele>
        <time>2026-07-24T19:26:52Z</time>
      </trkpt>
      <trkpt lat="41.445606" lon="-105.965487">
        <ele>2253.4</ele>
        <time>2026-07-24T19:26:54Z</time>
      </trkpt>
      <trkpt lat="41.445880" lon="-105.965964">
        <ele>2253.8</ele>
        <time>2026-07-24T19:26:56Z</time>
      </trkpt>
      <trkpt lat="41.446312" lon="-105.966644">
        <ele>2254.6</ele>
        <time>2026-07-24T19:26:59Z</time>
      </trkpt>
      <trkpt lat="41.446774" lon="-105.967281">
        <ele>2255.3</ele>
        <time>2026-07-24T19:27:02Z</time>
      </trkpt>
      <trkpt lat="41.447108" lon="-105.967680">
        <ele>2255.9</ele>
        <time>2026-07-24T19:27:04Z</time>
      </trkpt>
      <trkpt lat="41.447631" lon="-105.968248">
        <ele>2256.7</ele>
        <time>2026-07-24T19:27:07Z</time>
      </trkpt>
      <trkpt lat="41.447986" lon="-105.968609">
        <ele>2257.3</ele>
        <time>2026-07-24T19:27:09Z</time>
      </trkpt>
      <trkpt lat="41.448171" lon="-105.968783">
        <ele>2257.4</ele>
        <time>2026-07-24T19:27:10Z</time>
      </trkpt>
      <trkpt lat="41.448391" lon="-105.968920">
        <ele>2257.7</ele>
        <time>2026-07-24T19:27:11Z</time>
      </trkpt>
      <trkpt lat="41.452375" lon="-105.972805">
        <ele>2261.0</ele>
        <time>2026-07-24T19:27:33Z</time>
      </trkpt>
      <trkpt lat="41.456123" lon="-105.976493">
        <ele>2265.7</ele>
        <time>2026-07-24T19:27:54Z</time>
      </trkpt>
      <trkpt lat="41.460812" lon="-105.981083">
        <ele>2287.3</ele>
        <time>2026-07-24T19:28:20Z</time>
      </trkpt>
      <trkpt lat="41.461347" lon="-105.981629">
        <ele>2289.9</ele>
        <time>2026-07-24T19:28:23Z</time>
      </trkpt>
      <trkpt lat="41.461691" lon="-105.982014">
        <ele>2291.4</ele>
        <time>2026-07-24T19:28:25Z</time>
      </trkpt>
      <trkpt lat="41.461989" lon="-105.982377">
        <ele>2293.0</ele>
        <time>2026-07-24T19:28:27Z</time>
      </trkpt>
      <trkpt lat="41.462471" lon="-105.983005">
        <ele>2295.4</ele>
        <time>2026-07-24T19:28:30Z</time>
      </trkpt>
      <trkpt lat="41.462774" lon="-105.983440">
        <ele>2296.9</ele>
        <time>2026-07-24T19:28:32Z</time>
      </trkpt>
      <trkpt lat="41.463064" lon="-105.983891">
        <ele>2298.3</ele>
        <time>2026-07-24T19:28:34Z</time>
      </trkpt>
      <trkpt lat="41.463481" lon="-105.984594">
        <ele>2300.6</ele>
        <time>2026-07-24T19:28:37Z</time>
      </trkpt>
      <trkpt lat="41.463627" lon="-105.984896">
        <ele>2301.3</ele>
        <time>2026-07-24T19:28:38Z</time>
      </trkpt>
      <trkpt lat="41.463862" lon="-105.985332">
        <ele>2302.8</ele>
        <time>2026-07-24T19:28:40Z</time>
      </trkpt>
      <trkpt lat="41.464005" lon="-105.985562">
        <ele>2303.5</ele>
        <time>2026-07-24T19:28:41Z</time>
      </trkpt>
      <trkpt lat="41.469515" lon="-105.996034">
        <ele>2324.9</ele>
        <time>2026-07-24T19:29:24Z</time>
      </trkpt>
      <trkpt lat="41.470901" lon="-105.998693">
        <ele>2330.6</ele>
        <time>2026-07-24T19:29:35Z</time>
      </trkpt>
      <trkpt lat="41.477212" lon="-106.010606">
        <ele>2317.7</ele>
        <time>2026-07-24T19:30:24Z</time>
      </trkpt>
      <trkpt lat="41.481230" lon="-106.018153">
        <ele>2322.8</ele>
        <time>2026-07-24T19:30:55Z</time>
      </trkpt>
      <trkpt lat="41.490998" lon="-106.036562">
        <ele>2348.3</ele>
        <time>2026-07-24T19:32:11Z</time>
      </trkpt>
      <trkpt lat="41.492186" lon="-106.038741">
        <ele>2353.6</ele>
        <time>2026-07-24T19:32:20Z</time>
      </trkpt>
      <trkpt lat="41.493798" lon="-106.041607">
        <ele>2360.2</ele>
        <time>2026-07-24T19:32:32Z</time>
      </trkpt>
      <trkpt lat="41.494744" lon="-106.043271">
        <ele>2363.4</ele>
        <time>2026-07-24T19:32:39Z</time>
      </trkpt>
      <trkpt lat="41.495157" lon="-106.043979">
        <ele>2364.2</ele>
        <time>2026-07-24T19:32:42Z</time>
      </trkpt>
      <trkpt lat="41.495588" lon="-106.044664">
        <ele>2364.4</ele>
        <time>2026-07-24T19:32:45Z</time>
      </trkpt>
      <trkpt lat="41.496044" lon="-106.045328">
        <ele>2364.2</ele>
        <time>2026-07-24T19:32:48Z</time>
      </trkpt>
      <trkpt lat="41.496526" lon="-106.045964">
        <ele>2363.9</ele>
        <time>2026-07-24T19:32:51Z</time>
      </trkpt>
      <trkpt lat="41.497023" lon="-106.046570">
        <ele>2363.2</ele>
        <time>2026-07-24T19:32:54Z</time>
      </trkpt>
      <trkpt lat="41.497723" lon="-106.047331">
        <ele>2361.6</ele>
        <time>2026-07-24T19:32:58Z</time>
      </trkpt>
      <trkpt lat="41.498046" lon="-106.047655">
        <ele>2360.5</ele>
        <time>2026-07-24T19:33:00Z</time>
      </trkpt>
      <trkpt lat="41.498412" lon="-106.047999">
        <ele>2359.2</ele>
        <time>2026-07-24T19:33:02Z</time>
      </trkpt>
      <trkpt lat="41.498787" lon="-106.048333">
        <ele>2357.8</ele>
        <time>2026-07-24T19:33:04Z</time>
      </trkpt>
      <trkpt lat="41.499168" lon="-106.048647">
        <ele>2356.1</ele>
        <time>2026-07-24T19:33:06Z</time>
      </trkpt>
      <trkpt lat="41.499594" lon="-106.048981">
        <ele>2354.6</ele>
        <time>2026-07-24T19:33:08Z</time>
      </trkpt>
      <trkpt lat="41.500147" lon="-106.049379">
        <ele>2352.5</ele>
        <time>2026-07-24T19:33:11Z</time>
      </trkpt>
      <trkpt lat="41.500545" lon="-106.049641">
        <ele>2351.1</ele>
        <time>2026-07-24T19:33:13Z</time>
      </trkpt>
      <trkpt lat="41.500957" lon="-106.049892">
        <ele>2349.4</ele>
        <time>2026-07-24T19:33:15Z</time>
      </trkpt>
      <trkpt lat="41.501785" lon="-106.050359">
        <ele>2346.5</ele>
        <time>2026-07-24T19:33:19Z</time>
      </trkpt>
      <trkpt lat="41.503648" lon="-106.051383">
        <ele>2340.0</ele>
        <time>2026-07-24T19:33:28Z</time>
      </trkpt>
      <trkpt lat="41.505110" lon="-106.052170">
        <ele>2335.1</ele>
        <time>2026-07-24T19:33:35Z</time>
      </trkpt>
      <trkpt lat="41.505532" lon="-106.052378">
        <ele>2333.5</ele>
        <time>2026-07-24T19:33:37Z</time>
      </trkpt>
      <trkpt lat="41.505962" lon="-106.052567">
        <ele>2331.9</ele>
        <time>2026-07-24T19:33:39Z</time>
      </trkpt>
      <trkpt lat="41.506394" lon="-106.052736">
        <ele>2330.3</ele>
        <time>2026-07-24T19:33:41Z</time>
      </trkpt>
      <trkpt lat="41.507047" lon="-106.052958">
        <ele>2328.3</ele>
        <time>2026-07-24T19:33:44Z</time>
      </trkpt>
      <trkpt lat="41.507710" lon="-106.053149">
        <ele>2326.3</ele>
        <time>2026-07-24T19:33:47Z</time>
      </trkpt>
      <trkpt lat="41.508595" lon="-106.053367">
        <ele>2323.6</ele>
        <time>2026-07-24T19:33:51Z</time>
      </trkpt>
      <trkpt lat="41.512302" lon="-106.054231">
        <ele>2318.6</ele>
        <time>2026-07-24T19:34:08Z</time>
      </trkpt>
      <trkpt lat="41.519380" lon="-106.055923">
        <ele>2313.8</ele>
        <time>2026-07-24T19:34:40Z</time>
      </trkpt>
      <trkpt lat="41.519820" lon="-106.056041">
        <ele>2313.2</ele>
        <time>2026-07-24T19:34:42Z</time>
      </trkpt>
      <trkpt lat="41.520259" lon="-106.056178">
        <ele>2312.7</ele>
        <time>2026-07-24T19:34:44Z</time>
      </trkpt>
      <trkpt lat="41.520694" lon="-106.056348">
        <ele>2312.1</ele>
        <time>2026-07-24T19:34:46Z</time>
      </trkpt>
      <trkpt lat="41.520906" lon="-106.056444">
        <ele>2311.8</ele>
        <time>2026-07-24T19:34:47Z</time>
      </trkpt>
      <trkpt lat="41.521330" lon="-106.056652">
        <ele>2311.1</ele>
        <time>2026-07-24T19:34:49Z</time>
      </trkpt>
      <trkpt lat="41.521742" lon="-106.056884">
        <ele>2310.3</ele>
        <time>2026-07-24T19:34:51Z</time>
      </trkpt>
      <trkpt lat="41.522351" lon="-106.057274">
        <ele>2309.2</ele>
        <time>2026-07-24T19:34:54Z</time>
      </trkpt>
      <trkpt lat="41.522704" lon="-106.057533">
        <ele>2308.6</ele>
        <time>2026-07-24T19:34:56Z</time>
      </trkpt>
      <trkpt lat="41.523271" lon="-106.058011">
        <ele>2308.4</ele>
        <time>2026-07-24T19:34:59Z</time>
      </trkpt>
      <trkpt lat="41.523816" lon="-106.058534">
        <ele>2309.0</ele>
        <time>2026-07-24T19:35:02Z</time>
      </trkpt>
      <trkpt lat="41.524165" lon="-106.058903">
        <ele>2310.2</ele>
        <time>2026-07-24T19:35:04Z</time>
      </trkpt>
      <trkpt lat="41.524501" lon="-106.059298">
        <ele>2311.7</ele>
        <time>2026-07-24T19:35:06Z</time>
      </trkpt>
      <trkpt lat="41.524652" lon="-106.059515">
        <ele>2312.5</ele>
        <time>2026-07-24T19:35:07Z</time>
      </trkpt>
      <trkpt lat="41.524963" lon="-106.059929">
        <ele>2314.3</ele>
        <time>2026-07-24T19:35:09Z</time>
      </trkpt>
      <trkpt lat="41.525410" lon="-106.060597">
        <ele>2316.8</ele>
        <time>2026-07-24T19:35:12Z</time>
      </trkpt>
      <trkpt lat="41.525829" lon="-106.061306">
        <ele>2319.2</ele>
        <time>2026-07-24T19:35:15Z</time>
      </trkpt>
      <trkpt lat="41.526206" lon="-106.062036">
        <ele>2321.8</ele>
        <time>2026-07-24T19:35:18Z</time>
      </trkpt>
      <trkpt lat="41.526551" lon="-106.062799">
        <ele>2324.6</ele>
        <time>2026-07-24T19:35:21Z</time>
      </trkpt>
      <trkpt lat="41.526979" lon="-106.063865">
        <ele>2327.7</ele>
        <time>2026-07-24T19:35:25Z</time>
      </trkpt>
      <trkpt lat="41.527601" lon="-106.065455">
        <ele>2333.7</ele>
        <time>2026-07-24T19:35:31Z</time>
      </trkpt>
      <trkpt lat="41.527818" lon="-106.065982">
        <ele>2336.0</ele>
        <time>2026-07-24T19:35:33Z</time>
      </trkpt>
      <trkpt lat="41.528051" lon="-106.066502">
        <ele>2338.6</ele>
        <time>2026-07-24T19:35:35Z</time>
      </trkpt>
      <trkpt lat="41.528185" lon="-106.066744">
        <ele>2340.1</ele>
        <time>2026-07-24T19:35:36Z</time>
      </trkpt>
      <trkpt lat="41.528431" lon="-106.067245">
        <ele>2342.7</ele>
        <time>2026-07-24T19:35:38Z</time>
      </trkpt>
      <trkpt lat="41.528698" lon="-106.067735">
        <ele>2344.5</ele>
        <time>2026-07-24T19:35:40Z</time>
      </trkpt>
      <trkpt lat="41.529122" lon="-106.068430">
        <ele>2347.0</ele>
        <time>2026-07-24T19:35:43Z</time>
      </trkpt>
      <trkpt lat="41.529393" lon="-106.068828">
        <ele>2348.6</ele>
        <time>2026-07-24T19:35:45Z</time>
      </trkpt>
      <trkpt lat="41.529707" lon="-106.069251">
        <ele>2350.2</ele>
        <time>2026-07-24T19:35:47Z</time>
      </trkpt>
      <trkpt lat="41.529904" lon="-106.069499">
        <ele>2351.1</ele>
        <time>2026-07-24T19:35:48Z</time>
      </trkpt>
      <trkpt lat="41.530206" lon="-106.069852">
        <ele>2352.6</ele>
        <time>2026-07-24T19:35:50Z</time>
      </trkpt>
      <trkpt lat="41.530554" lon="-106.070232">
        <ele>2354.1</ele>
        <time>2026-07-24T19:35:52Z</time>
      </trkpt>
      <trkpt lat="41.533033" lon="-106.072780">
        <ele>2364.3</ele>
        <time>2026-07-24T19:36:06Z</time>
      </trkpt>
      <trkpt lat="41.538395" lon="-106.078204">
        <ele>2367.1</ele>
        <time>2026-07-24T19:36:36Z</time>
      </trkpt>
      <trkpt lat="41.541918" lon="-106.081799">
        <ele>2359.0</ele>
        <time>2026-07-24T19:36:56Z</time>
      </trkpt>
      <trkpt lat="41.544567" lon="-106.084561">
        <ele>2353.2</ele>
        <time>2026-07-24T19:37:11Z</time>
      </trkpt>
      <trkpt lat="41.548135" lon="-106.088220">
        <ele>2344.0</ele>
        <time>2026-07-24T19:37:31Z</time>
      </trkpt>
      <trkpt lat="41.550100" lon="-106.090217">
        <ele>2336.9</ele>
        <time>2026-07-24T19:37:42Z</time>
      </trkpt>
      <trkpt lat="41.550451" lon="-106.090586">
        <ele>2335.6</ele>
        <time>2026-07-24T19:37:44Z</time>
      </trkpt>
      <trkpt lat="41.550795" lon="-106.090967">
        <ele>2334.3</ele>
        <time>2026-07-24T19:37:46Z</time>
      </trkpt>
      <trkpt lat="41.551267" lon="-106.091524">
        <ele>2332.1</ele>
        <time>2026-07-24T19:37:49Z</time>
      </trkpt>
      <trkpt lat="41.551591" lon="-106.091941">
        <ele>2330.7</ele>
        <time>2026-07-24T19:37:51Z</time>
      </trkpt>
      <trkpt lat="41.552065" lon="-106.092583">
        <ele>2328.6</ele>
        <time>2026-07-24T19:37:54Z</time>
      </trkpt>
      <trkpt lat="41.552217" lon="-106.092801">
        <ele>2327.9</ele>
        <time>2026-07-24T19:37:55Z</time>
      </trkpt>
      <trkpt lat="41.552508" lon="-106.093251">
        <ele>2326.3</ele>
        <time>2026-07-24T19:37:57Z</time>
      </trkpt>
      <trkpt lat="41.552794" lon="-106.093720">
        <ele>2324.9</ele>
        <time>2026-07-24T19:37:59Z</time>
      </trkpt>
      <trkpt lat="41.553067" lon="-106.094199">
        <ele>2323.4</ele>
        <time>2026-07-24T19:38:01Z</time>
      </trkpt>
      <trkpt lat="41.553729" lon="-106.095408">
        <ele>2320.6</ele>
        <time>2026-07-24T19:38:06Z</time>
      </trkpt>
      <trkpt lat="41.554370" lon="-106.096608">
        <ele>2320.0</ele>
        <time>2026-07-24T19:38:11Z</time>
      </trkpt>
      <trkpt lat="41.555789" lon="-106.099311">
        <ele>2320.9</ele>
        <time>2026-07-24T19:38:22Z</time>
      </trkpt>
      <trkpt lat="41.559915" lon="-106.107041">
        <ele>2330.5</ele>
        <time>2026-07-24T19:38:54Z</time>
      </trkpt>
      <trkpt lat="41.560397" lon="-106.108057">
        <ele>2333.1</ele>
        <time>2026-07-24T19:38:58Z</time>
      </trkpt>
      <trkpt lat="41.560750" lon="-106.108888">
        <ele>2334.9</ele>
        <time>2026-07-24T19:39:01Z</time>
      </trkpt>
      <trkpt lat="41.561034" lon="-106.109626">
        <ele>2336.5</ele>
        <time>2026-07-24T19:39:04Z</time>
      </trkpt>
      <trkpt lat="41.561244" lon="-106.110220">
        <ele>2337.3</ele>
        <time>2026-07-24T19:39:06Z</time>
      </trkpt>
      <trkpt lat="41.561488" lon="-106.110989">
        <ele>2338.7</ele>
        <time>2026-07-24T19:39:09Z</time>
      </trkpt>
      <trkpt lat="41.561866" lon="-106.112410">
        <ele>2340.2</ele>
        <time>2026-07-24T19:39:14Z</time>
      </trkpt>
      <trkpt lat="41.562144" lon="-106.113858">
        <ele>2341.1</ele>
        <time>2026-07-24T19:39:19Z</time>
      </trkpt>
      <trkpt lat="41.562237" lon="-106.114438">
        <ele>2341.1</ele>
        <time>2026-07-24T19:39:21Z</time>
      </trkpt>
      <trkpt lat="41.562485" lon="-106.116220">
        <ele>2340.5</ele>
        <time>2026-07-24T19:39:27Z</time>
      </trkpt>
      <trkpt lat="41.562541" lon="-106.116523">
        <ele>2340.3</ele>
        <time>2026-07-24T19:39:28Z</time>
      </trkpt>
      <trkpt lat="41.562794" lon="-106.118526">
        <ele>2338.9</ele>
        <time>2026-07-24T19:39:35Z</time>
      </trkpt>
      <trkpt lat="41.564763" lon="-106.133161">
        <ele>2342.4</ele>
        <time>2026-07-24T19:40:25Z</time>
      </trkpt>
      <trkpt lat="41.565164" lon="-106.136102">
        <ele>2348.5</ele>
        <time>2026-07-24T19:40:35Z</time>
      </trkpt>
      <trkpt lat="41.565349" lon="-106.137278">
        <ele>2350.5</ele>
        <time>2026-07-24T19:40:39Z</time>
      </trkpt>
      <trkpt lat="41.565520" lon="-106.138143">
        <ele>2352.2</ele>
        <time>2026-07-24T19:40:42Z</time>
      </trkpt>
      <trkpt lat="41.565713" lon="-106.138997">
        <ele>2353.8</ele>
        <time>2026-07-24T19:40:45Z</time>
      </trkpt>
      <trkpt lat="41.565933" lon="-106.139839">
        <ele>2355.5</ele>
        <time>2026-07-24T19:40:48Z</time>
      </trkpt>
      <trkpt lat="41.566098" lon="-106.140396">
        <ele>2356.6</ele>
        <time>2026-07-24T19:40:50Z</time>
      </trkpt>
      <trkpt lat="41.566369" lon="-106.141214">
        <ele>2358.3</ele>
        <time>2026-07-24T19:40:53Z</time>
      </trkpt>
      <trkpt lat="41.566662" lon="-106.142015">
        <ele>2360.0</ele>
        <time>2026-07-24T19:40:56Z</time>
      </trkpt>
      <trkpt lat="41.566983" lon="-106.142802">
        <ele>2362.1</ele>
        <time>2026-07-24T19:40:59Z</time>
      </trkpt>
      <trkpt lat="41.567331" lon="-106.143570">
        <ele>2363.7</ele>
        <time>2026-07-24T19:41:02Z</time>
      </trkpt>
      <trkpt lat="41.567711" lon="-106.144313">
        <ele>2364.8</ele>
        <time>2026-07-24T19:41:05Z</time>
      </trkpt>
      <trkpt lat="41.567978" lon="-106.144800">
        <ele>2365.4</ele>
        <time>2026-07-24T19:41:07Z</time>
      </trkpt>
      <trkpt lat="41.569074" lon="-106.146682">
        <ele>2367.3</ele>
        <time>2026-07-24T19:41:15Z</time>
      </trkpt>
      <trkpt lat="41.573621" lon="-106.154415">
        <ele>2373.9</ele>
        <time>2026-07-24T19:41:48Z</time>
      </trkpt>
      <trkpt lat="41.575830" lon="-106.158208">
        <ele>2368.2</ele>
        <time>2026-07-24T19:42:04Z</time>
      </trkpt>
      <trkpt lat="41.582798" lon="-106.170186">
        <ele>2367.2</ele>
        <time>2026-07-24T19:42:55Z</time>
      </trkpt>
      <trkpt lat="41.588936" lon="-106.180760">
        <ele>2375.1</ele>
        <time>2026-07-24T19:43:40Z</time>
      </trkpt>
      <trkpt lat="41.589475" lon="-106.181721">
        <ele>2376.0</ele>
        <time>2026-07-24T19:43:44Z</time>
      </trkpt>
      <trkpt lat="41.590242" lon="-106.183206">
        <ele>2376.2</ele>
        <time>2026-07-24T19:43:50Z</time>
      </trkpt>
      <trkpt lat="41.590725" lon="-106.184212">
        <ele>2375.6</ele>
        <time>2026-07-24T19:43:54Z</time>
      </trkpt>
      <trkpt lat="41.592355" lon="-106.187800">
        <ele>2368.6</ele>
        <time>2026-07-24T19:44:08Z</time>
      </trkpt>
      <trkpt lat="41.596907" lon="-106.197657">
        <ele>2344.3</ele>
        <time>2026-07-24T19:44:47Z</time>
      </trkpt>
      <trkpt lat="41.597240" lon="-106.198430">
        <ele>2344.3</ele>
        <time>2026-07-24T19:44:50Z</time>
      </trkpt>
      <trkpt lat="41.597437" lon="-106.198961">
        <ele>2344.5</ele>
        <time>2026-07-24T19:44:52Z</time>
      </trkpt>
      <trkpt lat="41.597619" lon="-106.199510">
        <ele>2345.0</ele>
        <time>2026-07-24T19:44:54Z</time>
      </trkpt>
      <trkpt lat="41.597700" lon="-106.199787">
        <ele>2345.2</ele>
        <time>2026-07-24T19:44:55Z</time>
      </trkpt>
      <trkpt lat="41.597843" lon="-106.200356">
        <ele>2345.6</ele>
        <time>2026-07-24T19:44:57Z</time>
      </trkpt>
      <trkpt lat="41.598021" lon="-106.201524">
        <ele>2346.6</ele>
        <time>2026-07-24T19:45:01Z</time>
      </trkpt>
      <trkpt lat="41.598077" lon="-106.202117">
        <ele>2347.1</ele>
        <time>2026-07-24T19:45:03Z</time>
      </trkpt>
      <trkpt lat="41.598122" lon="-106.203009">
        <ele>2347.9</ele>
        <time>2026-07-24T19:45:06Z</time>
      </trkpt>
      <trkpt lat="41.598135" lon="-106.203942">
        <ele>2348.7</ele>
        <time>2026-07-24T19:45:09Z</time>
      </trkpt>
      <trkpt lat="41.598099" lon="-106.208349">
        <ele>2355.1</ele>
        <time>2026-07-24T19:45:24Z</time>
      </trkpt>
      <trkpt lat="41.598083" lon="-106.213716">
        <ele>2372.0</ele>
        <time>2026-07-24T19:45:42Z</time>
      </trkpt>
      <trkpt lat="41.598090" lon="-106.215515">
        <ele>2377.5</ele>
        <time>2026-07-24T19:45:48Z</time>
      </trkpt>
      <trkpt lat="41.598110" lon="-106.216109">
        <ele>2379.3</ele>
        <time>2026-07-24T19:45:50Z</time>
      </trkpt>
      <trkpt lat="41.598150" lon="-106.216705">
        <ele>2380.9</ele>
        <time>2026-07-24T19:45:52Z</time>
      </trkpt>
      <trkpt lat="41.598214" lon="-106.217294">
        <ele>2382.6</ele>
        <time>2026-07-24T19:45:54Z</time>
      </trkpt>
      <trkpt lat="41.598308" lon="-106.217875">
        <ele>2384.3</ele>
        <time>2026-07-24T19:45:56Z</time>
      </trkpt>
      <trkpt lat="41.598427" lon="-106.218445">
        <ele>2386.0</ele>
        <time>2026-07-24T19:45:58Z</time>
      </trkpt>
      <trkpt lat="41.598572" lon="-106.219012">
        <ele>2387.9</ele>
        <time>2026-07-24T19:46:00Z</time>
      </trkpt>
      <trkpt lat="41.598740" lon="-106.219563">
        <ele>2389.7</ele>
        <time>2026-07-24T19:46:02Z</time>
      </trkpt>
      <trkpt lat="41.599014" lon="-106.220313">
        <ele>2392.5</ele>
        <time>2026-07-24T19:46:05Z</time>
      </trkpt>
      <trkpt lat="41.599237" lon="-106.220828">
        <ele>2394.3</ele>
        <time>2026-07-24T19:46:07Z</time>
      </trkpt>
      <trkpt lat="41.599491" lon="-106.221327">
        <ele>2395.7</ele>
        <time>2026-07-24T19:46:09Z</time>
      </trkpt>
      <trkpt lat="41.599911" lon="-106.222040">
        <ele>2397.2</ele>
        <time>2026-07-24T19:46:12Z</time>
      </trkpt>
      <trkpt lat="41.600211" lon="-106.222487">
        <ele>2398.2</ele>
        <time>2026-07-24T19:46:14Z</time>
      </trkpt>
      <trkpt lat="41.600720" lon="-106.223086">
        <ele>2399.1</ele>
        <time>2026-07-24T19:46:17Z</time>
      </trkpt>
      <trkpt lat="41.600929" lon="-106.223313">
        <ele>2399.2</ele>
        <time>2026-07-24T19:46:18Z</time>
      </trkpt>
      <trkpt lat="41.601289" lon="-106.223671">
        <ele>2399.5</ele>
        <time>2026-07-24T19:46:20Z</time>
      </trkpt>
      <trkpt lat="41.601628" lon="-106.223971">
        <ele>2399.6</ele>
        <time>2026-07-24T19:46:22Z</time>
      </trkpt>
      <trkpt lat="41.601812" lon="-106.224150">
        <ele>2399.7</ele>
        <time>2026-07-24T19:46:23Z</time>
      </trkpt>
      <trkpt lat="41.602071" lon="-106.224277">
        <ele>2399.6</ele>
        <time>2026-07-24T19:46:24Z</time>
      </trkpt>
      <trkpt lat="41.609905" lon="-106.230632">
        <ele>2371.4</ele>
        <time>2026-07-24T19:47:05Z</time>
      </trkpt>
      <trkpt lat="41.614898" lon="-106.234696">
        <ele>2354.3</ele>
        <time>2026-07-24T19:47:31Z</time>
      </trkpt>
      <trkpt lat="41.617552" lon="-106.236875">
        <ele>2354.0</ele>
        <time>2026-07-24T19:47:45Z</time>
      </trkpt>
      <trkpt lat="41.617925" lon="-106.237203">
        <ele>2354.9</ele>
        <time>2026-07-24T19:47:47Z</time>
      </trkpt>
      <trkpt lat="41.618293" lon="-106.237550">
        <ele>2355.8</ele>
        <time>2026-07-24T19:47:49Z</time>
      </trkpt>
      <trkpt lat="41.618830" lon="-106.238101">
        <ele>2357.2</ele>
        <time>2026-07-24T19:47:52Z</time>
      </trkpt>
      <trkpt lat="41.619341" lon="-106.238682">
        <ele>2358.6</ele>
        <time>2026-07-24T19:47:55Z</time>
      </trkpt>
      <trkpt lat="41.619638" lon="-106.239050">
        <ele>2359.4</ele>
        <time>2026-07-24T19:47:57Z</time>
      </trkpt>
      <trkpt lat="41.619961" lon="-106.239473">
        <ele>2360.2</ele>
        <time>2026-07-24T19:47:59Z</time>
      </trkpt>
      <trkpt lat="41.620427" lon="-106.240124">
        <ele>2361.6</ele>
        <time>2026-07-24T19:48:02Z</time>
      </trkpt>
      <trkpt lat="41.620721" lon="-106.240573">
        <ele>2362.7</ele>
        <time>2026-07-24T19:48:04Z</time>
      </trkpt>
      <trkpt lat="41.621144" lon="-106.241271">
        <ele>2363.8</ele>
        <time>2026-07-24T19:48:07Z</time>
      </trkpt>
      <trkpt lat="41.621293" lon="-106.241572">
        <ele>2364.1</ele>
        <time>2026-07-24T19:48:08Z</time>
      </trkpt>
      <trkpt lat="41.621528" lon="-106.242008">
        <ele>2364.6</ele>
        <time>2026-07-24T19:48:10Z</time>
      </trkpt>
      <trkpt lat="41.621895" lon="-106.242764">
        <ele>2364.7</ele>
        <time>2026-07-24T19:48:13Z</time>
      </trkpt>
      <trkpt lat="41.622127" lon="-106.243278">
        <ele>2364.6</ele>
        <time>2026-07-24T19:48:15Z</time>
      </trkpt>
      <trkpt lat="41.622448" lon="-106.244065">
        <ele>2364.6</ele>
        <time>2026-07-24T19:48:18Z</time>
      </trkpt>
      <trkpt lat="41.622544" lon="-106.244359">
        <ele>2364.6</ele>
        <time>2026-07-24T19:48:19Z</time>
      </trkpt>
      <trkpt lat="41.622836" lon="-106.245171">
        <ele>2364.7</ele>
        <time>2026-07-24T19:48:22Z</time>
      </trkpt>
      <trkpt lat="41.623016" lon="-106.245722">
        <ele>2364.5</ele>
        <time>2026-07-24T19:48:24Z</time>
      </trkpt>
      <trkpt lat="41.623261" lon="-106.246560">
        <ele>2364.4</ele>
        <time>2026-07-24T19:48:27Z</time>
      </trkpt>
      <trkpt lat="41.623405" lon="-106.247126">
        <ele>2364.3</ele>
        <time>2026-07-24T19:48:29Z</time>
      </trkpt>
      <trkpt lat="41.623535" lon="-106.247700">
        <ele>2364.0</ele>
        <time>2026-07-24T19:48:31Z</time>
      </trkpt>
      <trkpt lat="41.623712" lon="-106.248568">
        <ele>2363.6</ele>
        <time>2026-07-24T19:48:34Z</time>
      </trkpt>
      <trkpt lat="41.624305" lon="-106.251763">
        <ele>2362.2</ele>
        <time>2026-07-24T19:48:45Z</time>
      </trkpt>
      <trkpt lat="41.627990" lon="-106.270735">
        <ele>2364.3</ele>
        <time>2026-07-24T19:49:51Z</time>
      </trkpt>
      <trkpt lat="41.628165" lon="-106.271599">
        <ele>2362.1</ele>
        <time>2026-07-24T19:49:54Z</time>
      </trkpt>
      <trkpt lat="41.628294" lon="-106.272171">
        <ele>2360.9</ele>
        <time>2026-07-24T19:49:56Z</time>
      </trkpt>
      <trkpt lat="41.628509" lon="-106.273016">
        <ele>2359.4</ele>
        <time>2026-07-24T19:49:59Z</time>
      </trkpt>
      <trkpt lat="41.628668" lon="-106.273576">
        <ele>2358.6</ele>
        <time>2026-07-24T19:50:01Z</time>
      </trkpt>
      <trkpt lat="41.628839" lon="-106.274124">
        <ele>2358.1</ele>
        <time>2026-07-24T19:50:03Z</time>
      </trkpt>
      <trkpt lat="41.629122" lon="-106.274936">
        <ele>2357.4</ele>
        <time>2026-07-24T19:50:06Z</time>
      </trkpt>
      <trkpt lat="41.629430" lon="-106.275731">
        <ele>2356.8</ele>
        <time>2026-07-24T19:50:09Z</time>
      </trkpt>
      <trkpt lat="41.629651" lon="-106.276250">
        <ele>2356.6</ele>
        <time>2026-07-24T19:50:11Z</time>
      </trkpt>
      <trkpt lat="41.630002" lon="-106.277016">
        <ele>2356.3</ele>
        <time>2026-07-24T19:50:14Z</time>
      </trkpt>
      <trkpt lat="41.630250" lon="-106.277519">
        <ele>2356.2</ele>
        <time>2026-07-24T19:50:16Z</time>
      </trkpt>
      <trkpt lat="41.630640" lon="-106.278243">
        <ele>2356.6</ele>
        <time>2026-07-24T19:50:19Z</time>
      </trkpt>
      <trkpt lat="41.630916" lon="-106.278714">
        <ele>2357.1</ele>
        <time>2026-07-24T19:50:21Z</time>
      </trkpt>
      <trkpt lat="41.631477" lon="-106.279620">
        <ele>2358.7</ele>
        <time>2026-07-24T19:50:25Z</time>
      </trkpt>
      <trkpt lat="41.633531" lon="-106.282808">
        <ele>2361.9</ele>
        <time>2026-07-24T19:50:39Z</time>
      </trkpt>
      <trkpt lat="41.635716" lon="-106.286167">
        <ele>2357.0</ele>
        <time>2026-07-24T19:50:54Z</time>
      </trkpt>
      <trkpt lat="41.637912" lon="-106.289583">
        <ele>2344.5</ele>
        <time>2026-07-24T19:51:09Z</time>
      </trkpt>
      <trkpt lat="41.638336" lon="-106.290281">
        <ele>2341.5</ele>
        <time>2026-07-24T19:51:12Z</time>
      </trkpt>
      <trkpt lat="41.638731" lon="-106.291014">
        <ele>2338.5</ele>
        <time>2026-07-24T19:51:15Z</time>
      </trkpt>
      <trkpt lat="41.638976" lon="-106.291516">
        <ele>2336.5</ele>
        <time>2026-07-24T19:51:17Z</time>
      </trkpt>
      <trkpt lat="41.639208" lon="-106.292033">
        <ele>2334.4</ele>
        <time>2026-07-24T19:51:19Z</time>
      </trkpt>
      <trkpt lat="41.639428" lon="-106.292562">
        <ele>2332.4</ele>
        <time>2026-07-24T19:51:21Z</time>
      </trkpt>
      <trkpt lat="41.639634" lon="-106.293107">
        <ele>2330.3</ele>
        <time>2026-07-24T19:51:23Z</time>
      </trkpt>
      <trkpt lat="41.639821" lon="-106.293655">
        <ele>2328.1</ele>
        <time>2026-07-24T19:51:25Z</time>
      </trkpt>
      <trkpt lat="41.639997" lon="-106.294224">
        <ele>2325.8</ele>
        <time>2026-07-24T19:51:27Z</time>
      </trkpt>
      <trkpt lat="41.640277" lon="-106.295371">
        <ele>2321.2</ele>
        <time>2026-07-24T19:51:31Z</time>
      </trkpt>
      <trkpt lat="41.640401" lon="-106.295955">
        <ele>2319.0</ele>
        <time>2026-07-24T19:51:33Z</time>
      </trkpt>
      <trkpt lat="41.640706" lon="-106.297679">
        <ele>2312.1</ele>
        <time>2026-07-24T19:51:39Z</time>
      </trkpt>
      <trkpt lat="41.640774" lon="-106.297979">
        <ele>2310.9</ele>
        <time>2026-07-24T19:51:40Z</time>
      </trkpt>
      <trkpt lat="41.641304" lon="-106.301274">
        <ele>2299.3</ele>
        <time>2026-07-24T19:51:51Z</time>
      </trkpt>
      <trkpt lat="41.643302" lon="-106.313122">
        <ele>2303.4</ele>
        <time>2026-07-24T19:52:32Z</time>
      </trkpt>
      <trkpt lat="41.643834" lon="-106.316185">
        <ele>2307.4</ele>
        <time>2026-07-24T19:52:43Z</time>
      </trkpt>
      <trkpt lat="41.643993" lon="-106.316942">
        <ele>2308.4</ele>
        <time>2026-07-24T19:52:46Z</time>
      </trkpt>
      <trkpt lat="41.644195" lon="-106.317775">
        <ele>2309.5</ele>
        <time>2026-07-24T19:52:49Z</time>
      </trkpt>
      <trkpt lat="41.644455" lon="-106.318703">
        <ele>2310.5</ele>
        <time>2026-07-24T19:52:52Z</time>
      </trkpt>
      <trkpt lat="41.644737" lon="-106.319575">
        <ele>2311.5</ele>
        <time>2026-07-24T19:52:55Z</time>
      </trkpt>
      <trkpt lat="41.645032" lon="-106.320384">
        <ele>2312.7</ele>
        <time>2026-07-24T19:52:58Z</time>
      </trkpt>
      <trkpt lat="41.645255" lon="-106.320949">
        <ele>2313.6</ele>
        <time>2026-07-24T19:53:00Z</time>
      </trkpt>
      <trkpt lat="41.645490" lon="-106.321497">
        <ele>2314.5</ele>
        <time>2026-07-24T19:53:02Z</time>
      </trkpt>
      <trkpt lat="41.645731" lon="-106.322026">
        <ele>2315.4</ele>
        <time>2026-07-24T19:53:04Z</time>
      </trkpt>
      <trkpt lat="41.646226" lon="-106.323065">
        <ele>2317.4</ele>
        <time>2026-07-24T19:53:08Z</time>
      </trkpt>
      <trkpt lat="41.650791" lon="-106.332412">
        <ele>2319.1</ele>
        <time>2026-07-24T19:53:45Z</time>
      </trkpt>
      <trkpt lat="41.653907" lon="-106.338848">
        <ele>2295.0</ele>
        <time>2026-07-24T19:54:10Z</time>
      </trkpt>
      <trkpt lat="41.656772" lon="-106.344794">
        <ele>2273.8</ele>
        <time>2026-07-24T19:54:34Z</time>
      </trkpt>
      <trkpt lat="41.658240" lon="-106.347800">
        <ele>2272.0</ele>
        <time>2026-07-24T19:54:46Z</time>
      </trkpt>
      <trkpt lat="41.667329" lon="-106.366555">
        <ele>2307.1</ele>
        <time>2026-07-24T19:56:01Z</time>
      </trkpt>
      <trkpt lat="41.667679" lon="-106.367259">
        <ele>2309.2</ele>
        <time>2026-07-24T19:56:04Z</time>
      </trkpt>
      <trkpt lat="41.668075" lon="-106.367980">
        <ele>2310.5</ele>
        <time>2026-07-24T19:56:07Z</time>
      </trkpt>
      <trkpt lat="41.668349" lon="-106.368438">
        <ele>2311.1</ele>
        <time>2026-07-24T19:56:09Z</time>
      </trkpt>
      <trkpt lat="41.668818" lon="-106.369144">
        <ele>2311.5</ele>
        <time>2026-07-24T19:56:12Z</time>
      </trkpt>
      <trkpt lat="41.669288" lon="-106.369774">
        <ele>2311.5</ele>
        <time>2026-07-24T19:56:15Z</time>
      </trkpt>
      <trkpt lat="41.669754" lon="-106.370342">
        <ele>2311.2</ele>
        <time>2026-07-24T19:56:18Z</time>
      </trkpt>
      <trkpt lat="41.670100" lon="-106.370727">
        <ele>2310.8</ele>
        <time>2026-07-24T19:56:20Z</time>
      </trkpt>
      <trkpt lat="41.670640" lon="-106.371270">
        <ele>2309.5</ele>
        <time>2026-07-24T19:56:23Z</time>
      </trkpt>
      <trkpt lat="41.671012" lon="-106.371610">
        <ele>2308.2</ele>
        <time>2026-07-24T19:56:25Z</time>
      </trkpt>
      <trkpt lat="41.671588" lon="-106.372084">
        <ele>2305.7</ele>
        <time>2026-07-24T19:56:28Z</time>
      </trkpt>
      <trkpt lat="41.671984" lon="-106.372376">
        <ele>2303.9</ele>
        <time>2026-07-24T19:56:30Z</time>
      </trkpt>
      <trkpt lat="41.672384" lon="-106.372648">
        <ele>2302.2</ele>
        <time>2026-07-24T19:56:32Z</time>
      </trkpt>
      <trkpt lat="41.672786" lon="-106.372904">
        <ele>2300.3</ele>
        <time>2026-07-24T19:56:34Z</time>
      </trkpt>
      <trkpt lat="41.673204" lon="-106.373138">
        <ele>2298.4</ele>
        <time>2026-07-24T19:56:36Z</time>
      </trkpt>
      <trkpt lat="41.673625" lon="-106.373348">
        <ele>2296.7</ele>
        <time>2026-07-24T19:56:38Z</time>
      </trkpt>
      <trkpt lat="41.674051" lon="-106.373537">
        <ele>2294.8</ele>
        <time>2026-07-24T19:56:40Z</time>
      </trkpt>
      <trkpt lat="41.674482" lon="-106.373708">
        <ele>2293.1</ele>
        <time>2026-07-24T19:56:42Z</time>
      </trkpt>
      <trkpt lat="41.674916" lon="-106.373858">
        <ele>2291.2</ele>
        <time>2026-07-24T19:56:44Z</time>
      </trkpt>
      <trkpt lat="41.675794" lon="-106.374100">
        <ele>2287.5</ele>
        <time>2026-07-24T19:56:48Z</time>
      </trkpt>
      <trkpt lat="41.678188" lon="-106.374697">
        <ele>2277.9</ele>
        <time>2026-07-24T19:56:59Z</time>
      </trkpt>
      <trkpt lat="41.678843" lon="-106.374902">
        <ele>2275.4</ele>
        <time>2026-07-24T19:57:02Z</time>
      </trkpt>
      <trkpt lat="41.679280" lon="-106.375055">
        <ele>2273.8</ele>
        <time>2026-07-24T19:57:04Z</time>
      </trkpt>
      <trkpt lat="41.679710" lon="-106.375226">
        <ele>2272.0</ele>
        <time>2026-07-24T19:57:06Z</time>
      </trkpt>
      <trkpt lat="41.680175" lon="-106.375438">
        <ele>2270.4</ele>
        <time>2026-07-24T19:57:08Z</time>
      </trkpt>
      <trkpt lat="41.680753" lon="-106.375731">
        <ele>2267.8</ele>
        <time>2026-07-24T19:57:11Z</time>
      </trkpt>
      <trkpt lat="41.681158" lon="-106.375954">
        <ele>2266.1</ele>
        <time>2026-07-24T19:57:13Z</time>
      </trkpt>
      <trkpt lat="41.681745" lon="-106.376321">
        <ele>2263.6</ele>
        <time>2026-07-24T19:57:16Z</time>
      </trkpt>
      <trkpt lat="41.682128" lon="-106.376581">
        <ele>2262.0</ele>
        <time>2026-07-24T19:57:18Z</time>
      </trkpt>
      <trkpt lat="41.682539" lon="-106.376879">
        <ele>2260.3</ele>
        <time>2026-07-24T19:57:20Z</time>
      </trkpt>
      <trkpt lat="41.684774" lon="-106.378553">
        <ele>2249.7</ele>
        <time>2026-07-24T19:57:32Z</time>
      </trkpt>
      <trkpt lat="41.685965" lon="-106.379391">
        <ele>2244.0</ele>
        <time>2026-07-24T19:57:38Z</time>
      </trkpt>
      <trkpt lat="41.686971" lon="-106.380066">
        <ele>2239.6</ele>
        <time>2026-07-24T19:57:43Z</time>
      </trkpt>
      <trkpt lat="41.687777" lon="-106.380593">
        <ele>2236.2</ele>
        <time>2026-07-24T19:57:47Z</time>
      </trkpt>
      <trkpt lat="41.689416" lon="-106.381579">
        <ele>2228.7</ele>
        <time>2026-07-24T19:57:55Z</time>
      </trkpt>
      <trkpt lat="41.693082" lon="-106.383693">
        <ele>2218.3</ele>
        <time>2026-07-24T19:58:13Z</time>
      </trkpt>
      <trkpt lat="41.694733" lon="-106.384630">
        <ele>2214.8</ele>
        <time>2026-07-24T19:58:21Z</time>
      </trkpt>
      <trkpt lat="41.695141" lon="-106.384876">
        <ele>2213.8</ele>
        <time>2026-07-24T19:58:23Z</time>
      </trkpt>
      <trkpt lat="41.695742" lon="-106.385281">
        <ele>2212.4</ele>
        <time>2026-07-24T19:58:26Z</time>
      </trkpt>
      <trkpt lat="41.696133" lon="-106.385577">
        <ele>2211.6</ele>
        <time>2026-07-24T19:58:28Z</time>
      </trkpt>
      <trkpt lat="41.696519" lon="-106.385890">
        <ele>2210.8</ele>
        <time>2026-07-24T19:58:30Z</time>
      </trkpt>
      <trkpt lat="41.697077" lon="-106.386392">
        <ele>2209.1</ele>
        <time>2026-07-24T19:58:33Z</time>
      </trkpt>
      <trkpt lat="41.697437" lon="-106.386743">
        <ele>2208.0</ele>
        <time>2026-07-24T19:58:35Z</time>
      </trkpt>
      <trkpt lat="41.697790" lon="-106.387127">
        <ele>2206.9</ele>
        <time>2026-07-24T19:58:37Z</time>
      </trkpt>
      <trkpt lat="41.698130" lon="-106.387517">
        <ele>2205.8</ele>
        <time>2026-07-24T19:58:39Z</time>
      </trkpt>
      <trkpt lat="41.698619" lon="-106.388137">
        <ele>2204.3</ele>
        <time>2026-07-24T19:58:42Z</time>
      </trkpt>
      <trkpt lat="41.699085" lon="-106.388784">
        <ele>2203.2</ele>
        <time>2026-07-24T19:58:45Z</time>
      </trkpt>
      <trkpt lat="41.699645" lon="-106.389717">
        <ele>2202.0</ele>
        <time>2026-07-24T19:58:49Z</time>
      </trkpt>
      <trkpt lat="41.700041" lon="-106.390436">
        <ele>2201.2</ele>
        <time>2026-07-24T19:58:52Z</time>
      </trkpt>
      <trkpt lat="41.700384" lon="-106.391135">
        <ele>2200.6</ele>
        <time>2026-07-24T19:58:55Z</time>
      </trkpt>
      <trkpt lat="41.700840" lon="-106.392211">
        <ele>2199.7</ele>
        <time>2026-07-24T19:58:59Z</time>
      </trkpt>
      <trkpt lat="41.701067" lon="-106.392795">
        <ele>2199.3</ele>
        <time>2026-07-24T19:59:01Z</time>
      </trkpt>
      <trkpt lat="41.702190" lon="-106.395983">
        <ele>2198.2</ele>
        <time>2026-07-24T19:59:13Z</time>
      </trkpt>
      <trkpt lat="41.704310" lon="-106.401928">
        <ele>2202.9</ele>
        <time>2026-07-24T19:59:35Z</time>
      </trkpt>
      <trkpt lat="41.704797" lon="-106.403270">
        <ele>2203.9</ele>
        <time>2026-07-24T19:59:40Z</time>
      </trkpt>
      <trkpt lat="41.704977" lon="-106.403819">
        <ele>2204.3</ele>
        <time>2026-07-24T19:59:42Z</time>
      </trkpt>
      <trkpt lat="41.705145" lon="-106.404378">
        <ele>2204.7</ele>
        <time>2026-07-24T19:59:44Z</time>
      </trkpt>
      <trkpt lat="41.705293" lon="-106.404940">
        <ele>2205.1</ele>
        <time>2026-07-24T19:59:46Z</time>
      </trkpt>
      <trkpt lat="41.705491" lon="-106.405793">
        <ele>2206.0</ele>
        <time>2026-07-24T19:59:49Z</time>
      </trkpt>
      <trkpt lat="41.705604" lon="-106.406372">
        <ele>2206.6</ele>
        <time>2026-07-24T19:59:51Z</time>
      </trkpt>
      <trkpt lat="41.705703" lon="-106.406958">
        <ele>2207.1</ele>
        <time>2026-07-24T19:59:53Z</time>
      </trkpt>
      <trkpt lat="41.705832" lon="-106.408141">
        <ele>2208.5</ele>
        <time>2026-07-24T19:59:57Z</time>
      </trkpt>
      <trkpt lat="41.705875" lon="-106.408680">
        <ele>2209.2</ele>
        <time>2026-07-24T19:59:59Z</time>
      </trkpt>
      <trkpt lat="41.705957" lon="-106.410469">
        <ele>2209.9</ele>
        <time>2026-07-24T20:00:05Z</time>
      </trkpt>
      <trkpt lat="41.705955" lon="-106.410801">
        <ele>2210.1</ele>
        <time>2026-07-24T20:00:06Z</time>
      </trkpt>
      <trkpt lat="41.706008" lon="-106.412290">
        <ele>2211.6</ele>
        <time>2026-07-24T20:00:11Z</time>
      </trkpt>
      <trkpt lat="41.706036" lon="-106.413483">
        <ele>2213.1</ele>
        <time>2026-07-24T20:00:15Z</time>
      </trkpt>
      <trkpt lat="41.706292" lon="-106.420053">
        <ele>2221.6</ele>
        <time>2026-07-24T20:00:37Z</time>
      </trkpt>
      <trkpt lat="41.706348" lon="-106.421256">
        <ele>2223.0</ele>
        <time>2026-07-24T20:00:41Z</time>
      </trkpt>
      <trkpt lat="41.706388" lon="-106.421851">
        <ele>2223.6</ele>
        <time>2026-07-24T20:00:43Z</time>
      </trkpt>
      <trkpt lat="41.706444" lon="-106.422447">
        <ele>2224.2</ele>
        <time>2026-07-24T20:00:45Z</time>
      </trkpt>
      <trkpt lat="41.706521" lon="-106.423034">
        <ele>2225.0</ele>
        <time>2026-07-24T20:00:47Z</time>
      </trkpt>
      <trkpt lat="41.706668" lon="-106.423912">
        <ele>2225.9</ele>
        <time>2026-07-24T20:00:50Z</time>
      </trkpt>
      <trkpt lat="41.706774" lon="-106.424434">
        <ele>2226.3</ele>
        <time>2026-07-24T20:00:52Z</time>
      </trkpt>
      <trkpt lat="41.706980" lon="-106.425294">
        <ele>2226.9</ele>
        <time>2026-07-24T20:00:55Z</time>
      </trkpt>
      <trkpt lat="41.707231" lon="-106.426184">
        <ele>2227.4</ele>
        <time>2026-07-24T20:00:58Z</time>
      </trkpt>
      <trkpt lat="41.707482" lon="-106.426950">
        <ele>2228.1</ele>
        <time>2026-07-24T20:01:01Z</time>
      </trkpt>
      <trkpt lat="41.707705" lon="-106.427537">
        <ele>2228.5</ele>
        <time>2026-07-24T20:01:03Z</time>
      </trkpt>
      <trkpt lat="41.707898" lon="-106.428009">
        <ele>2228.9</ele>
        <time>2026-07-24T20:01:05Z</time>
      </trkpt>
      <trkpt lat="41.708148" lon="-106.428577">
        <ele>2229.3</ele>
        <time>2026-07-24T20:01:07Z</time>
      </trkpt>
      <trkpt lat="41.708489" lon="-106.429283">
        <ele>2229.5</ele>
        <time>2026-07-24T20:01:10Z</time>
      </trkpt>
      <trkpt lat="41.708681" lon="-106.429514">
        <ele>2229.4</ele>
        <time>2026-07-24T20:01:11Z</time>
      </trkpt>
      <trkpt lat="41.709091" lon="-106.430233">
        <ele>2229.1</ele>
        <time>2026-07-24T20:01:14Z</time>
      </trkpt>
      <trkpt lat="41.709523" lon="-106.430918">
        <ele>2228.6</ele>
        <time>2026-07-24T20:01:17Z</time>
      </trkpt>
      <trkpt lat="41.711014" lon="-106.433146">
        <ele>2226.7</ele>
        <time>2026-07-24T20:01:27Z</time>
      </trkpt>
      <trkpt lat="41.713267" lon="-106.436470">
        <ele>2226.7</ele>
        <time>2026-07-24T20:01:42Z</time>
      </trkpt>
      <trkpt lat="41.714315" lon="-106.438052">
        <ele>2227.5</ele>
        <time>2026-07-24T20:01:49Z</time>
      </trkpt>
      <trkpt lat="41.714893" lon="-106.438977">
        <ele>2227.8</ele>
        <time>2026-07-24T20:01:53Z</time>
      </trkpt>
      <trkpt lat="41.715982" lon="-106.440807">
        <ele>2228.7</ele>
        <time>2026-07-24T20:02:01Z</time>
      </trkpt>
      <trkpt lat="41.716526" lon="-106.441764">
        <ele>2228.7</ele>
        <time>2026-07-24T20:02:05Z</time>
      </trkpt>
      <trkpt lat="41.717317" lon="-106.443217">
        <ele>2228.7</ele>
        <time>2026-07-24T20:02:11Z</time>
      </trkpt>
      <trkpt lat="41.718088" lon="-106.444678">
        <ele>2229.1</ele>
        <time>2026-07-24T20:02:17Z</time>
      </trkpt>
      <trkpt lat="41.718587" lon="-106.445673">
        <ele>2229.8</ele>
        <time>2026-07-24T20:02:21Z</time>
      </trkpt>
      <trkpt lat="41.719438" lon="-106.447431">
        <ele>2230.9</ele>
        <time>2026-07-24T20:02:28Z</time>
      </trkpt>
      <trkpt lat="41.720022" lon="-106.448707">
        <ele>2231.9</ele>
        <time>2026-07-24T20:02:33Z</time>
      </trkpt>
      <trkpt lat="41.720924" lon="-106.450779">
        <ele>2233.7</ele>
        <time>2026-07-24T20:02:41Z</time>
      </trkpt>
      <trkpt lat="41.721566" lon="-106.452353">
        <ele>2234.7</ele>
        <time>2026-07-24T20:02:47Z</time>
      </trkpt>
      <trkpt lat="41.722276" lon="-106.454169">
        <ele>2235.7</ele>
        <time>2026-07-24T20:02:54Z</time>
      </trkpt>
      <trkpt lat="41.723781" lon="-106.458186">
        <ele>2235.9</ele>
        <time>2026-07-24T20:03:09Z</time>
      </trkpt>
      <trkpt lat="41.733787" lon="-106.484560">
        <ele>2252.4</ele>
        <time>2026-07-24T20:04:48Z</time>
      </trkpt>
      <trkpt lat="41.734195" lon="-106.485562">
        <ele>2252.8</ele>
        <time>2026-07-24T20:04:52Z</time>
      </trkpt>
      <trkpt lat="41.734452" lon="-106.486126">
        <ele>2253.1</ele>
        <time>2026-07-24T20:04:54Z</time>
      </trkpt>
      <trkpt lat="41.734803" lon="-106.486818">
        <ele>2253.1</ele>
        <time>2026-07-24T20:04:57Z</time>
      </trkpt>
      <trkpt lat="41.735074" lon="-106.487301">
        <ele>2252.8</ele>
        <time>2026-07-24T20:04:59Z</time>
      </trkpt>
      <trkpt lat="41.735386" lon="-106.487813">
        <ele>2252.4</ele>
        <time>2026-07-24T20:05:01Z</time>
      </trkpt>
      <trkpt lat="41.735805" lon="-106.488437">
        <ele>2251.3</ele>
        <time>2026-07-24T20:05:04Z</time>
      </trkpt>
      <trkpt lat="41.736282" lon="-106.489076">
        <ele>2250.3</ele>
        <time>2026-07-24T20:05:07Z</time>
      </trkpt>
      <trkpt lat="41.736784" lon="-106.489681">
        <ele>2249.7</ele>
        <time>2026-07-24T20:05:10Z</time>
      </trkpt>
      <trkpt lat="41.737306" lon="-106.490249">
        <ele>2249.2</ele>
        <time>2026-07-24T20:05:13Z</time>
      </trkpt>
      <trkpt lat="41.737845" lon="-106.490774">
        <ele>2249.1</ele>
        <time>2026-07-24T20:05:16Z</time>
      </trkpt>
      <trkpt lat="41.738220" lon="-106.491100">
        <ele>2249.1</ele>
        <time>2026-07-24T20:05:18Z</time>
      </trkpt>
      <trkpt lat="41.738598" lon="-106.491407">
        <ele>2249.3</ele>
        <time>2026-07-24T20:05:20Z</time>
      </trkpt>
      <trkpt lat="41.739193" lon="-106.491836">
        <ele>2250.0</ele>
        <time>2026-07-24T20:05:23Z</time>
      </trkpt>
      <trkpt lat="41.739599" lon="-106.492094">
        <ele>2250.6</ele>
        <time>2026-07-24T20:05:25Z</time>
      </trkpt>
      <trkpt lat="41.740433" lon="-106.492575">
        <ele>2251.4</ele>
        <time>2026-07-24T20:05:29Z</time>
      </trkpt>
      <trkpt lat="41.741685" lon="-106.493262">
        <ele>2251.5</ele>
        <time>2026-07-24T20:05:35Z</time>
      </trkpt>
      <trkpt lat="41.742098" lon="-106.493506">
        <ele>2251.4</ele>
        <time>2026-07-24T20:05:37Z</time>
      </trkpt>
      <trkpt lat="41.742502" lon="-106.493765">
        <ele>2251.0</ele>
        <time>2026-07-24T20:05:39Z</time>
      </trkpt>
      <trkpt lat="41.743061" lon="-106.494174">
        <ele>2250.2</ele>
        <time>2026-07-24T20:05:42Z</time>
      </trkpt>
      <trkpt lat="41.743485" lon="-106.494518">
        <ele>2249.3</ele>
        <time>2026-07-24T20:05:44Z</time>
      </trkpt>
      <trkpt lat="41.744004" lon="-106.494982">
        <ele>2247.5</ele>
        <time>2026-07-24T20:05:47Z</time>
      </trkpt>
      <trkpt lat="41.744368" lon="-106.495342">
        <ele>2246.2</ele>
        <time>2026-07-24T20:05:49Z</time>
      </trkpt>
      <trkpt lat="41.744887" lon="-106.495915">
        <ele>2244.4</ele>
        <time>2026-07-24T20:05:52Z</time>
      </trkpt>
      <trkpt lat="41.745385" lon="-106.496523">
        <ele>2242.9</ele>
        <time>2026-07-24T20:05:55Z</time>
      </trkpt>
      <trkpt lat="41.745856" lon="-106.497155">
        <ele>2242.3</ele>
        <time>2026-07-24T20:05:58Z</time>
      </trkpt>
      <trkpt lat="41.746155" lon="-106.497602">
        <ele>2242.1</ele>
        <time>2026-07-24T20:06:00Z</time>
      </trkpt>
      <trkpt lat="41.746443" lon="-106.498067">
        <ele>2242.0</ele>
        <time>2026-07-24T20:06:02Z</time>
      </trkpt>
      <trkpt lat="41.746878" lon="-106.498824">
        <ele>2242.2</ele>
        <time>2026-07-24T20:06:05Z</time>
      </trkpt>
      <trkpt lat="41.750198" lon="-106.505142">
        <ele>2254.2</ele>
        <time>2026-07-24T20:06:31Z</time>
      </trkpt>
      <trkpt lat="41.752249" lon="-106.508983">
        <ele>2268.4</ele>
        <time>2026-07-24T20:06:47Z</time>
      </trkpt>
      <trkpt lat="41.752891" lon="-106.510212">
        <ele>2272.9</ele>
        <time>2026-07-24T20:06:52Z</time>
      </trkpt>
      <trkpt lat="41.753290" lon="-106.511007">
        <ele>2275.1</ele>
        <time>2026-07-24T20:06:55Z</time>
      </trkpt>
      <trkpt lat="41.753501" lon="-106.511472">
        <ele>2276.3</ele>
        <time>2026-07-24T20:06:57Z</time>
      </trkpt>
      <trkpt lat="41.753740" lon="-106.512053">
        <ele>2277.3</ele>
        <time>2026-07-24T20:06:59Z</time>
      </trkpt>
      <trkpt lat="41.753965" lon="-106.512835">
        <ele>2278.6</ele>
        <time>2026-07-24T20:07:02Z</time>
      </trkpt>
      <trkpt lat="41.754094" lon="-106.513401">
        <ele>2279.3</ele>
        <time>2026-07-24T20:07:04Z</time>
      </trkpt>
      <trkpt lat="41.754146" lon="-106.513684">
        <ele>2279.5</ele>
        <time>2026-07-24T20:07:05Z</time>
      </trkpt>
      <trkpt lat="41.754231" lon="-106.514278">
        <ele>2280.1</ele>
        <time>2026-07-24T20:07:07Z</time>
      </trkpt>
      <trkpt lat="41.754294" lon="-106.514911">
        <ele>2280.1</ele>
        <time>2026-07-24T20:07:09Z</time>
      </trkpt>
      <trkpt lat="41.754306" lon="-106.515510">
        <ele>2280.3</ele>
        <time>2026-07-24T20:07:11Z</time>
      </trkpt>
      <trkpt lat="41.754292" lon="-106.516102">
        <ele>2280.1</ele>
        <time>2026-07-24T20:07:13Z</time>
      </trkpt>
      <trkpt lat="41.754241" lon="-106.516696">
        <ele>2279.6</ele>
        <time>2026-07-24T20:07:15Z</time>
      </trkpt>
      <trkpt lat="41.754166" lon="-106.517290">
        <ele>2278.8</ele>
        <time>2026-07-24T20:07:17Z</time>
      </trkpt>
      <trkpt lat="41.754061" lon="-106.517869">
        <ele>2278.1</ele>
        <time>2026-07-24T20:07:19Z</time>
      </trkpt>
      <trkpt lat="41.753926" lon="-106.518430">
        <ele>2277.3</ele>
        <time>2026-07-24T20:07:21Z</time>
      </trkpt>
      <trkpt lat="41.753834" lon="-106.518760">
        <ele>2276.9</ele>
        <time>2026-07-24T20:07:22Z</time>
      </trkpt>
      <trkpt lat="41.753557" lon="-106.519566">
        <ele>2275.1</ele>
        <time>2026-07-24T20:07:25Z</time>
      </trkpt>
      <trkpt lat="41.753451" lon="-106.519831">
        <ele>2274.4</ele>
        <time>2026-07-24T20:07:26Z</time>
      </trkpt>
      <trkpt lat="41.753222" lon="-106.520345">
        <ele>2273.0</ele>
        <time>2026-07-24T20:07:28Z</time>
      </trkpt>
      <trkpt lat="41.751883" lon="-106.523145">
        <ele>2262.5</ele>
        <time>2026-07-24T20:07:39Z</time>
      </trkpt>
      <trkpt lat="41.751791" lon="-106.523353">
        <ele>2261.4</ele>
        <time>2026-07-24T20:07:40Z</time>
      </trkpt>
      <trkpt lat="41.751690" lon="-106.523624">
        <ele>2260.3</ele>
        <time>2026-07-24T20:07:41Z</time>
      </trkpt>
      <trkpt lat="41.751362" lon="-106.524414">
        <ele>2257.4</ele>
        <time>2026-07-24T20:07:44Z</time>
      </trkpt>
      <trkpt lat="41.751061" lon="-106.525223">
        <ele>2255.4</ele>
        <time>2026-07-24T20:07:47Z</time>
      </trkpt>
      <trkpt lat="41.750702" lon="-106.526327">
        <ele>2252.0</ele>
        <time>2026-07-24T20:07:51Z</time>
      </trkpt>
      <trkpt lat="41.750463" lon="-106.527169">
        <ele>2249.5</ele>
        <time>2026-07-24T20:07:54Z</time>
      </trkpt>
      <trkpt lat="41.750251" lon="-106.528026">
        <ele>2247.2</ele>
        <time>2026-07-24T20:07:57Z</time>
      </trkpt>
      <trkpt lat="41.750127" lon="-106.528604">
        <ele>2245.7</ele>
        <time>2026-07-24T20:07:59Z</time>
      </trkpt>
      <trkpt lat="41.750017" lon="-106.529177">
        <ele>2244.3</ele>
        <time>2026-07-24T20:08:01Z</time>
      </trkpt>
      <trkpt lat="41.749919" lon="-106.529765">
        <ele>2243.1</ele>
        <time>2026-07-24T20:08:03Z</time>
      </trkpt>
      <trkpt lat="41.749393" lon="-106.533302">
        <ele>2235.0</ele>
        <time>2026-07-24T20:08:15Z</time>
      </trkpt>
      <trkpt lat="41.748719" lon="-106.537958">
        <ele>2225.9</ele>
        <time>2026-07-24T20:08:31Z</time>
      </trkpt>
      <trkpt lat="41.748581" lon="-106.538835">
        <ele>2225.0</ele>
        <time>2026-07-24T20:08:34Z</time>
      </trkpt>
      <trkpt lat="41.748418" lon="-106.539706">
        <ele>2224.1</ele>
        <time>2026-07-24T20:08:37Z</time>
      </trkpt>
      <trkpt lat="41.748299" lon="-106.540282">
        <ele>2223.6</ele>
        <time>2026-07-24T20:08:39Z</time>
      </trkpt>
      <trkpt lat="41.748165" lon="-106.540854">
        <ele>2223.3</ele>
        <time>2026-07-24T20:08:41Z</time>
      </trkpt>
      <trkpt lat="41.747581" lon="-106.543121">
        <ele>2222.6</ele>
        <time>2026-07-24T20:08:49Z</time>
      </trkpt>
      <trkpt lat="41.747155" lon="-106.544822">
        <ele>2222.5</ele>
        <time>2026-07-24T20:08:55Z</time>
      </trkpt>
      <trkpt lat="41.744351" lon="-106.556167">
        <ele>2217.1</ele>
        <time>2026-07-24T20:09:35Z</time>
      </trkpt>
      <trkpt lat="41.743010" lon="-106.561551">
        <ele>2215.1</ele>
        <time>2026-07-24T20:09:54Z</time>
      </trkpt>
      <trkpt lat="41.741682" lon="-106.566952">
        <ele>2221.2</ele>
        <time>2026-07-24T20:10:13Z</time>
      </trkpt>
      <trkpt lat="41.741363" lon="-106.568394">
        <ele>2220.0</ele>
        <time>2026-07-24T20:10:18Z</time>
      </trkpt>
      <trkpt lat="41.740999" lon="-106.570432">
        <ele>2217.5</ele>
        <time>2026-07-24T20:10:25Z</time>
      </trkpt>
      <trkpt lat="41.738554" lon="-106.584950">
        <ele>2192.5</ele>
        <time>2026-07-24T20:11:15Z</time>
      </trkpt>
      <trkpt lat="41.737856" lon="-106.589048">
        <ele>2185.8</ele>
        <time>2026-07-24T20:11:29Z</time>
      </trkpt>
      <trkpt lat="41.737333" lon="-106.591919">
        <ele>2187.5</ele>
        <time>2026-07-24T20:11:39Z</time>
      </trkpt>
      <trkpt lat="41.736688" lon="-106.595733">
        <ele>2190.9</ele>
        <time>2026-07-24T20:11:52Z</time>
      </trkpt>
      <trkpt lat="41.736572" lon="-106.596622">
        <ele>2190.7</ele>
        <time>2026-07-24T20:11:55Z</time>
      </trkpt>
      <trkpt lat="41.736488" lon="-106.597510">
        <ele>2190.0</ele>
        <time>2026-07-24T20:11:58Z</time>
      </trkpt>
      <trkpt lat="41.736431" lon="-106.598399">
        <ele>2189.0</ele>
        <time>2026-07-24T20:12:01Z</time>
      </trkpt>
      <trkpt lat="41.736397" lon="-106.599588">
        <ele>2187.6</ele>
        <time>2026-07-24T20:12:05Z</time>
      </trkpt>
      <trkpt lat="41.736415" lon="-106.600729">
        <ele>2185.9</ele>
        <time>2026-07-24T20:12:09Z</time>
      </trkpt>
      <trkpt lat="41.736445" lon="-106.601384">
        <ele>2185.2</ele>
        <time>2026-07-24T20:12:11Z</time>
      </trkpt>
      <trkpt lat="41.736534" lon="-106.602512">
        <ele>2183.7</ele>
        <time>2026-07-24T20:12:15Z</time>
      </trkpt>
      <trkpt lat="41.736608" lon="-106.603168">
        <ele>2183.0</ele>
        <time>2026-07-24T20:12:17Z</time>
      </trkpt>
      <trkpt lat="41.736654" lon="-106.603396">
        <ele>2182.6</ele>
        <time>2026-07-24T20:12:18Z</time>
      </trkpt>
      <trkpt lat="41.736793" lon="-106.604275">
        <ele>2181.8</ele>
        <time>2026-07-24T20:12:21Z</time>
      </trkpt>
      <trkpt lat="41.737023" lon="-106.605425">
        <ele>2181.4</ele>
        <time>2026-07-24T20:12:25Z</time>
      </trkpt>
      <trkpt lat="41.737119" lon="-106.605745">
        <ele>2181.6</ele>
        <time>2026-07-24T20:12:26Z</time>
      </trkpt>
      <trkpt lat="41.737312" lon="-106.606589">
        <ele>2182.6</ele>
        <time>2026-07-24T20:12:29Z</time>
      </trkpt>
      <trkpt lat="41.737529" lon="-106.607731">
        <ele>2184.6</ele>
        <time>2026-07-24T20:12:33Z</time>
      </trkpt>
      <trkpt lat="41.737607" lon="-106.608002">
        <ele>2185.1</ele>
        <time>2026-07-24T20:12:34Z</time>
      </trkpt>
      <trkpt lat="41.738944" lon="-106.613952">
        <ele>2201.5</ele>
        <time>2026-07-24T20:12:55Z</time>
      </trkpt>
      <trkpt lat="41.739482" lon="-106.624756">
        <ele>2222.5</ele>
        <time>2026-07-24T20:13:31Z</time>
      </trkpt>
      <trkpt lat="41.738884" lon="-106.627730">
        <ele>2221.8</ele>
        <time>2026-07-24T20:13:41Z</time>
      </trkpt>
      <trkpt lat="41.735220" lon="-106.641781">
        <ele>2242.5</ele>
        <time>2026-07-24T20:14:31Z</time>
      </trkpt>
      <trkpt lat="41.734392" lon="-106.644897">
        <ele>2244.6</ele>
        <time>2026-07-24T20:14:42Z</time>
      </trkpt>
      <trkpt lat="41.733503" lon="-106.648303">
        <ele>2241.8</ele>
        <time>2026-07-24T20:14:54Z</time>
      </trkpt>
      <trkpt lat="41.731724" lon="-106.655941">
        <ele>2219.4</ele>
        <time>2026-07-24T20:15:21Z</time>
      </trkpt>
      <trkpt lat="41.731687" lon="-106.656232">
        <ele>2218.4</ele>
        <time>2026-07-24T20:15:22Z</time>
      </trkpt>
      <trkpt lat="41.731363" lon="-106.663956">
        <ele>2191.5</ele>
        <time>2026-07-24T20:15:48Z</time>
      </trkpt>
      <trkpt lat="41.731323" lon="-106.665450">
        <ele>2186.7</ele>
        <time>2026-07-24T20:15:53Z</time>
      </trkpt>
      <trkpt lat="41.731200" lon="-106.671152">
        <ele>2170.4</ele>
        <time>2026-07-24T20:16:12Z</time>
      </trkpt>
      <trkpt lat="41.730553" lon="-106.698607">
        <ele>2107.9</ele>
        <time>2026-07-24T20:17:44Z</time>
      </trkpt>
      <trkpt lat="41.730556" lon="-106.699803">
        <ele>2107.0</ele>
        <time>2026-07-24T20:17:48Z</time>
      </trkpt>
      <trkpt lat="41.730598" lon="-106.700690">
        <ele>2106.1</ele>
        <time>2026-07-24T20:17:51Z</time>
      </trkpt>
      <trkpt lat="41.730691" lon="-106.701862">
        <ele>2105.3</ele>
        <time>2026-07-24T20:17:55Z</time>
      </trkpt>
      <trkpt lat="41.730869" lon="-106.703323">
        <ele>2103.2</ele>
        <time>2026-07-24T20:18:00Z</time>
      </trkpt>
      <trkpt lat="41.735873" lon="-106.741564">
        <ele>2055.6</ele>
        <time>2026-07-24T20:20:10Z</time>
      </trkpt>
      <trkpt lat="41.736053" lon="-106.742496">
        <ele>2055.0</ele>
        <time>2026-07-24T20:20:13Z</time>
      </trkpt>
      <trkpt lat="41.736283" lon="-106.743966">
        <ele>2053.7</ele>
        <time>2026-07-24T20:20:18Z</time>
      </trkpt>
      <trkpt lat="41.736432" lon="-106.744778">
        <ele>2053.0</ele>
        <time>2026-07-24T20:20:21Z</time>
      </trkpt>
      <trkpt lat="41.736493" lon="-106.745065">
        <ele>2052.7</ele>
        <time>2026-07-24T20:20:22Z</time>
      </trkpt>
      <trkpt lat="41.736695" lon="-106.745918">
        <ele>2052.0</ele>
        <time>2026-07-24T20:20:25Z</time>
      </trkpt>
      <trkpt lat="41.737004" lon="-106.747051">
        <ele>2051.3</ele>
        <time>2026-07-24T20:20:29Z</time>
      </trkpt>
      <trkpt lat="41.739242" lon="-106.754870">
        <ele>2047.9</ele>
        <time>2026-07-24T20:20:57Z</time>
      </trkpt>
      <trkpt lat="41.739576" lon="-106.755998">
        <ele>2048.5</ele>
        <time>2026-07-24T20:21:01Z</time>
      </trkpt>
      <trkpt lat="41.741663" lon="-106.763215">
        <ele>2049.9</ele>
        <time>2026-07-24T20:21:27Z</time>
      </trkpt>
      <trkpt lat="41.742702" lon="-106.766866">
        <ele>2049.1</ele>
        <time>2026-07-24T20:21:40Z</time>
      </trkpt>
      <trkpt lat="41.742932" lon="-106.767712">
        <ele>2048.9</ele>
        <time>2026-07-24T20:21:43Z</time>
      </trkpt>
      <trkpt lat="41.743062" lon="-106.768284">
        <ele>2048.7</ele>
        <time>2026-07-24T20:21:45Z</time>
      </trkpt>
      <trkpt lat="41.743170" lon="-106.768869">
        <ele>2048.3</ele>
        <time>2026-07-24T20:21:47Z</time>
      </trkpt>
      <trkpt lat="41.743259" lon="-106.769454">
        <ele>2048.2</ele>
        <time>2026-07-24T20:21:49Z</time>
      </trkpt>
      <trkpt lat="41.743326" lon="-106.770043">
        <ele>2048.0</ele>
        <time>2026-07-24T20:21:51Z</time>
      </trkpt>
      <trkpt lat="41.743372" lon="-106.770637">
        <ele>2047.6</ele>
        <time>2026-07-24T20:21:53Z</time>
      </trkpt>
      <trkpt lat="41.743389" lon="-106.771245">
        <ele>2047.2</ele>
        <time>2026-07-24T20:21:55Z</time>
      </trkpt>
      <trkpt lat="41.743346" lon="-106.771543">
        <ele>2046.9</ele>
        <time>2026-07-24T20:21:56Z</time>
      </trkpt>
      <trkpt lat="41.743297" lon="-106.773346">
        <ele>2045.1</ele>
        <time>2026-07-24T20:22:02Z</time>
      </trkpt>
      <trkpt lat="41.743225" lon="-106.775374">
        <ele>2043.2</ele>
        <time>2026-07-24T20:22:09Z</time>
      </trkpt>
      <trkpt lat="41.743226" lon="-106.775681">
        <ele>2042.8</ele>
        <time>2026-07-24T20:22:10Z</time>
      </trkpt>
      <trkpt lat="41.743151" lon="-106.777190">
        <ele>2041.2</ele>
        <time>2026-07-24T20:22:15Z</time>
      </trkpt>
      <trkpt lat="41.742996" lon="-106.781075">
        <ele>2039.3</ele>
        <time>2026-07-24T20:22:28Z</time>
      </trkpt>
      <trkpt lat="41.742732" lon="-106.788254">
        <ele>2041.9</ele>
        <time>2026-07-24T20:22:52Z</time>
      </trkpt>
      <trkpt lat="41.741792" lon="-106.814472">
        <ele>2044.2</ele>
        <time>2026-07-24T20:24:20Z</time>
      </trkpt>
      <trkpt lat="41.741666" lon="-106.817759">
        <ele>2048.6</ele>
        <time>2026-07-24T20:24:31Z</time>
      </trkpt>
      <trkpt lat="41.741610" lon="-106.819560">
        <ele>2051.9</ele>
        <time>2026-07-24T20:24:37Z</time>
      </trkpt>
      <trkpt lat="41.741445" lon="-106.824039">
        <ele>2061.3</ele>
        <time>2026-07-24T20:24:52Z</time>
      </trkpt>
      <trkpt lat="41.741423" lon="-106.824878">
        <ele>2063.0</ele>
        <time>2026-07-24T20:24:55Z</time>
      </trkpt>
      <trkpt lat="41.741419" lon="-106.825481">
        <ele>2064.2</ele>
        <time>2026-07-24T20:24:57Z</time>
      </trkpt>
      <trkpt lat="41.741444" lon="-106.826673">
        <ele>2067.0</ele>
        <time>2026-07-24T20:25:01Z</time>
      </trkpt>
      <trkpt lat="41.741675" lon="-106.832652">
        <ele>2078.7</ele>
        <time>2026-07-24T20:25:21Z</time>
      </trkpt>
      <trkpt lat="41.741745" lon="-106.835383">
        <ele>2079.8</ele>
        <time>2026-07-24T20:25:30Z</time>
      </trkpt>
      <trkpt lat="41.741880" lon="-106.839196">
        <ele>2082.7</ele>
        <time>2026-07-24T20:25:42Z</time>
      </trkpt>
      <trkpt lat="41.741924" lon="-106.840164">
        <ele>2083.9</ele>
        <time>2026-07-24T20:25:45Z</time>
      </trkpt>
      <trkpt lat="41.741996" lon="-106.841391">
        <ele>2084.6</ele>
        <time>2026-07-24T20:25:49Z</time>
      </trkpt>
      <trkpt lat="41.742278" lon="-106.848188">
        <ele>2086.7</ele>
        <time>2026-07-24T20:26:11Z</time>
      </trkpt>
      <trkpt lat="41.742663" lon="-106.859428">
        <ele>2069.4</ele>
        <time>2026-07-24T20:26:47Z</time>
      </trkpt>
      <trkpt lat="41.743965" lon="-106.895324">
        <ele>2044.5</ele>
        <time>2026-07-24T20:28:41Z</time>
      </trkpt>
      <trkpt lat="41.744851" lon="-106.920031">
        <ele>2025.0</ele>
        <time>2026-07-24T20:29:57Z</time>
      </trkpt>
      <trkpt lat="41.744942" lon="-106.921662">
        <ele>2023.0</ele>
        <time>2026-07-24T20:30:02Z</time>
      </trkpt>
      <trkpt lat="41.745053" lon="-106.922963">
        <ele>2021.3</ele>
        <time>2026-07-24T20:30:06Z</time>
      </trkpt>
      <trkpt lat="41.745227" lon="-106.924587">
        <ele>2019.0</ele>
        <time>2026-07-24T20:30:11Z</time>
      </trkpt>
      <trkpt lat="41.745456" lon="-106.926196">
        <ele>2016.5</ele>
        <time>2026-07-24T20:30:16Z</time>
      </trkpt>
      <trkpt lat="41.745612" lon="-106.927153">
        <ele>2015.4</ele>
        <time>2026-07-24T20:30:19Z</time>
      </trkpt>
      <trkpt lat="41.745784" lon="-106.928097">
        <ele>2014.7</ele>
        <time>2026-07-24T20:30:22Z</time>
      </trkpt>
      <trkpt lat="41.745976" lon="-106.929041">
        <ele>2014.1</ele>
        <time>2026-07-24T20:30:25Z</time>
      </trkpt>
      <trkpt lat="41.746101" lon="-106.929606">
        <ele>2013.7</ele>
        <time>2026-07-24T20:30:27Z</time>
      </trkpt>
      <trkpt lat="41.746244" lon="-106.930230">
        <ele>2013.4</ele>
        <time>2026-07-24T20:30:29Z</time>
      </trkpt>
      <trkpt lat="41.746475" lon="-106.931162">
        <ele>2012.9</ele>
        <time>2026-07-24T20:30:32Z</time>
      </trkpt>
      <trkpt lat="41.747287" lon="-106.934248">
        <ele>2011.7</ele>
        <time>2026-07-24T20:30:42Z</time>
      </trkpt>
      <trkpt lat="41.749697" lon="-106.943195">
        <ele>1992.2</ele>
        <time>2026-07-24T20:31:11Z</time>
      </trkpt>
      <trkpt lat="41.750503" lon="-106.946266">
        <ele>1989.5</ele>
        <time>2026-07-24T20:31:21Z</time>
      </trkpt>
      <trkpt lat="41.754202" lon="-106.960056">
        <ele>1999.1</ele>
        <time>2026-07-24T20:32:06Z</time>
      </trkpt>
      <trkpt lat="41.754413" lon="-106.960926">
        <ele>1999.4</ele>
        <time>2026-07-24T20:32:09Z</time>
      </trkpt>
      <trkpt lat="41.754632" lon="-106.961936">
        <ele>1999.7</ele>
        <time>2026-07-24T20:32:12Z</time>
      </trkpt>
      <trkpt lat="41.754817" lon="-106.962883">
        <ele>1999.9</ele>
        <time>2026-07-24T20:32:15Z</time>
      </trkpt>
      <trkpt lat="41.755110" lon="-106.964467">
        <ele>2000.4</ele>
        <time>2026-07-24T20:32:20Z</time>
      </trkpt>
      <trkpt lat="41.755856" lon="-106.968847">
        <ele>2006.0</ele>
        <time>2026-07-24T20:32:34Z</time>
      </trkpt>
      <trkpt lat="41.758011" lon="-106.981272">
        <ele>2009.9</ele>
        <time>2026-07-24T20:33:13Z</time>
      </trkpt>
      <trkpt lat="41.762370" lon="-107.006280">
        <ele>1997.4</ele>
        <time>2026-07-24T20:34:32Z</time>
      </trkpt>
      <trkpt lat="41.764401" lon="-107.018005">
        <ele>1988.6</ele>
        <time>2026-07-24T20:35:09Z</time>
      </trkpt>
      <trkpt lat="41.765072" lon="-107.021816">
        <ele>1987.6</ele>
        <time>2026-07-24T20:35:21Z</time>
      </trkpt>
      <trkpt lat="41.768433" lon="-107.041149">
        <ele>1982.0</ele>
        <time>2026-07-24T20:36:22Z</time>
      </trkpt>
      <trkpt lat="41.769354" lon="-107.046550">
        <ele>1988.5</ele>
        <time>2026-07-24T20:36:39Z</time>
      </trkpt>
      <trkpt lat="41.770695" lon="-107.054194">
        <ele>1998.0</ele>
        <time>2026-07-24T20:37:03Z</time>
      </trkpt>
      <trkpt lat="41.773384" lon="-107.069707">
        <ele>2005.5</ele>
        <time>2026-07-24T20:37:52Z</time>
      </trkpt>
      <trkpt lat="41.773432" lon="-107.070023">
        <ele>2005.6</ele>
        <time>2026-07-24T20:37:53Z</time>
      </trkpt>
      <trkpt lat="41.773546" lon="-107.070937">
        <ele>2006.0</ele>
        <time>2026-07-24T20:37:56Z</time>
      </trkpt>
      <trkpt lat="41.773632" lon="-107.071911">
        <ele>2006.2</ele>
        <time>2026-07-24T20:37:59Z</time>
      </trkpt>
      <trkpt lat="41.773671" lon="-107.072565">
        <ele>2006.6</ele>
        <time>2026-07-24T20:38:01Z</time>
      </trkpt>
      <trkpt lat="41.773703" lon="-107.073544">
        <ele>2006.9</ele>
        <time>2026-07-24T20:38:04Z</time>
      </trkpt>
      <trkpt lat="41.773703" lon="-107.074197">
        <ele>2007.1</ele>
        <time>2026-07-24T20:38:06Z</time>
      </trkpt>
      <trkpt lat="41.773687" lon="-107.074850">
        <ele>2007.4</ele>
        <time>2026-07-24T20:38:08Z</time>
      </trkpt>
      <trkpt lat="41.773656" lon="-107.075170">
        <ele>2007.5</ele>
        <time>2026-07-24T20:38:09Z</time>
      </trkpt>
      <trkpt lat="41.773637" lon="-107.075499">
        <ele>2007.6</ele>
        <time>2026-07-24T20:38:10Z</time>
      </trkpt>
      <trkpt lat="41.773635" lon="-107.075828">
        <ele>2007.8</ele>
        <time>2026-07-24T20:38:11Z</time>
      </trkpt>
      <trkpt lat="41.773549" lon="-107.076861">
        <ele>2007.8</ele>
        <time>2026-07-24T20:38:14Z</time>
      </trkpt>
      <trkpt lat="41.773479" lon="-107.077177">
        <ele>2007.9</ele>
        <time>2026-07-24T20:38:15Z</time>
      </trkpt>
      <trkpt lat="41.773394" lon="-107.077815">
        <ele>2008.0</ele>
        <time>2026-07-24T20:38:17Z</time>
      </trkpt>
      <trkpt lat="41.773304" lon="-107.078387">
        <ele>2008.2</ele>
        <time>2026-07-24T20:38:19Z</time>
      </trkpt>
      <trkpt lat="41.773124" lon="-107.079331">
        <ele>2008.8</ele>
        <time>2026-07-24T20:38:22Z</time>
      </trkpt>
      <trkpt lat="41.772291" lon="-107.083101">
        <ele>2012.3</ele>
        <time>2026-07-24T20:38:34Z</time>
      </trkpt>
      <trkpt lat="41.772097" lon="-107.084047">
        <ele>2013.6</ele>
        <time>2026-07-24T20:38:37Z</time>
      </trkpt>
      <trkpt lat="41.771935" lon="-107.085000">
        <ele>2015.3</ele>
        <time>2026-07-24T20:38:40Z</time>
      </trkpt>
      <trkpt lat="41.771825" lon="-107.085967">
        <ele>2016.8</ele>
        <time>2026-07-24T20:38:43Z</time>
      </trkpt>
      <trkpt lat="41.771764" lon="-107.086940">
        <ele>2018.7</ele>
        <time>2026-07-24T20:38:46Z</time>
      </trkpt>
      <trkpt lat="41.771749" lon="-107.087854">
        <ele>2020.4</ele>
        <time>2026-07-24T20:38:49Z</time>
      </trkpt>
      <trkpt lat="41.771770" lon="-107.088513">
        <ele>2021.4</ele>
        <time>2026-07-24T20:38:51Z</time>
      </trkpt>
      <trkpt lat="41.771854" lon="-107.089493">
        <ele>2022.2</ele>
        <time>2026-07-24T20:38:54Z</time>
      </trkpt>
      <trkpt lat="41.771984" lon="-107.090461">
        <ele>2022.4</ele>
        <time>2026-07-24T20:38:57Z</time>
      </trkpt>
      <trkpt lat="41.772820" lon="-107.095583">
        <ele>2021.2</ele>
        <time>2026-07-24T20:39:13Z</time>
      </trkpt>
      <trkpt lat="41.773109" lon="-107.097233">
        <ele>2021.2</ele>
        <time>2026-07-24T20:39:18Z</time>
      </trkpt>
      <trkpt lat="41.773269" lon="-107.098221">
        <ele>2021.2</ele>
        <time>2026-07-24T20:39:21Z</time>
      </trkpt>
      <trkpt lat="41.773539" lon="-107.100157">
        <ele>2021.2</ele>
        <time>2026-07-24T20:39:27Z</time>
      </trkpt>
      <trkpt lat="41.773644" lon="-107.101133">
        <ele>2021.4</ele>
        <time>2026-07-24T20:39:30Z</time>
      </trkpt>
      <trkpt lat="41.773699" lon="-107.101782">
        <ele>2021.7</ele>
        <time>2026-07-24T20:39:32Z</time>
      </trkpt>
      <trkpt lat="41.773801" lon="-107.103416">
        <ele>2022.2</ele>
        <time>2026-07-24T20:39:37Z</time>
      </trkpt>
      <trkpt lat="41.773856" lon="-107.105046">
        <ele>2022.7</ele>
        <time>2026-07-24T20:39:42Z</time>
      </trkpt>
      <trkpt lat="41.773877" lon="-107.108588">
        <ele>2022.6</ele>
        <time>2026-07-24T20:39:53Z</time>
      </trkpt>
      <trkpt lat="41.773929" lon="-107.113840">
        <ele>2020.8</ele>
        <time>2026-07-24T20:40:09Z</time>
      </trkpt>
      <trkpt lat="41.773949" lon="-107.114496">
        <ele>2020.1</ele>
        <time>2026-07-24T20:40:11Z</time>
      </trkpt>
      <trkpt lat="41.773969" lon="-107.114825">
        <ele>2019.7</ele>
        <time>2026-07-24T20:40:12Z</time>
      </trkpt>
      <trkpt lat="41.774032" lon="-107.115472">
        <ele>2019.1</ele>
        <time>2026-07-24T20:40:14Z</time>
      </trkpt>
      <trkpt lat="41.774080" lon="-107.115796">
        <ele>2018.7</ele>
        <time>2026-07-24T20:40:15Z</time>
      </trkpt>
      <trkpt lat="41.774206" lon="-107.116427">
        <ele>2018.3</ele>
        <time>2026-07-24T20:40:17Z</time>
      </trkpt>
      <trkpt lat="41.774367" lon="-107.117032">
        <ele>2018.1</ele>
        <time>2026-07-24T20:40:19Z</time>
      </trkpt>
      <trkpt lat="41.774564" lon="-107.117626">
        <ele>2018.5</ele>
        <time>2026-07-24T20:40:21Z</time>
      </trkpt>
      <trkpt lat="41.774676" lon="-107.117915">
        <ele>2018.8</ele>
        <time>2026-07-24T20:40:22Z</time>
      </trkpt>
      <trkpt lat="41.774924" lon="-107.118477">
        <ele>2019.7</ele>
        <time>2026-07-24T20:40:24Z</time>
      </trkpt>
      <trkpt lat="41.775062" lon="-107.118745">
        <ele>2020.3</ele>
        <time>2026-07-24T20:40:25Z</time>
      </trkpt>
      <trkpt lat="41.775359" lon="-107.119269">
        <ele>2021.2</ele>
        <time>2026-07-24T20:40:27Z</time>
      </trkpt>
      <trkpt lat="41.775525" lon="-107.119502">
        <ele>2021.7</ele>
        <time>2026-07-24T20:40:28Z</time>
      </trkpt>
      <trkpt lat="41.775729" lon="-107.119737">
        <ele>2022.3</ele>
        <time>2026-07-24T20:40:29Z</time>
      </trkpt>
      <trkpt lat="41.776854" lon="-107.121387">
        <ele>2024.1</ele>
        <time>2026-07-24T20:40:36Z</time>
      </trkpt>
      <trkpt lat="41.779920" lon="-107.125740">
        <ele>2021.3</ele>
        <time>2026-07-24T20:40:54Z</time>
      </trkpt>
      <trkpt lat="41.780204" lon="-107.126179">
        <ele>2020.2</ele>
        <time>2026-07-24T20:40:56Z</time>
      </trkpt>
      <trkpt lat="41.780506" lon="-107.126702">
        <ele>2019.1</ele>
        <time>2026-07-24T20:40:58Z</time>
      </trkpt>
      <trkpt lat="41.780773" lon="-107.127249">
        <ele>2018.0</ele>
        <time>2026-07-24T20:41:00Z</time>
      </trkpt>
      <trkpt lat="41.780918" lon="-107.127590">
        <ele>2017.5</ele>
        <time>2026-07-24T20:41:01Z</time>
      </trkpt>
      <trkpt lat="41.781115" lon="-107.128118">
        <ele>2016.5</ele>
        <time>2026-07-24T20:41:03Z</time>
      </trkpt>
      <trkpt lat="41.781212" lon="-107.128418">
        <ele>2016.0</ele>
        <time>2026-07-24T20:41:04Z</time>
      </trkpt>
      <trkpt lat="41.781353" lon="-107.129041">
        <ele>2014.8</ele>
        <time>2026-07-24T20:41:06Z</time>
      </trkpt>
      <trkpt lat="41.781471" lon="-107.129667">
        <ele>2013.7</ele>
        <time>2026-07-24T20:41:08Z</time>
      </trkpt>
      <trkpt lat="41.781556" lon="-107.130312">
        <ele>2012.4</ele>
        <time>2026-07-24T20:41:10Z</time>
      </trkpt>
      <trkpt lat="41.781616" lon="-107.130960">
        <ele>2011.1</ele>
        <time>2026-07-24T20:41:12Z</time>
      </trkpt>
      <trkpt lat="41.782163" lon="-107.138354">
        <ele>2022.5</ele>
        <time>2026-07-24T20:41:35Z</time>
      </trkpt>
      <trkpt lat="41.782197" lon="-107.138681">
        <ele>2023.3</ele>
        <time>2026-07-24T20:41:36Z</time>
      </trkpt>
      <trkpt lat="41.782674" lon="-107.145544">
        <ele>2034.2</ele>
        <time>2026-07-24T20:41:57Z</time>
      </trkpt>
      <trkpt lat="41.783054" lon="-107.150755">
        <ele>2030.9</ele>
        <time>2026-07-24T20:42:13Z</time>
      </trkpt>
      <trkpt lat="41.783446" lon="-107.155934">
        <ele>2026.1</ele>
        <time>2026-07-24T20:42:29Z</time>
      </trkpt>
      <trkpt lat="41.784387" lon="-107.168905">
        <ele>2033.0</ele>
        <time>2026-07-24T20:43:09Z</time>
      </trkpt>
      <trkpt lat="41.784537" lon="-107.170855">
        <ele>2033.4</ele>
        <time>2026-07-24T20:43:15Z</time>
      </trkpt>
      <trkpt lat="41.784627" lon="-107.171832">
        <ele>2033.6</ele>
        <time>2026-07-24T20:43:18Z</time>
      </trkpt>
      <trkpt lat="41.784816" lon="-107.173445">
        <ele>2033.7</ele>
        <time>2026-07-24T20:43:23Z</time>
      </trkpt>
      <trkpt lat="41.784955" lon="-107.174408">
        <ele>2033.8</ele>
        <time>2026-07-24T20:43:26Z</time>
      </trkpt>
      <trkpt lat="41.785219" lon="-107.176000">
        <ele>2033.9</ele>
        <time>2026-07-24T20:43:31Z</time>
      </trkpt>
      <trkpt lat="41.785450" lon="-107.177202">
        <ele>2034.1</ele>
        <time>2026-07-24T20:43:35Z</time>
      </trkpt>
      <trkpt lat="41.786791" lon="-107.183493">
        <ele>2037.4</ele>
        <time>2026-07-24T20:43:55Z</time>
      </trkpt>
      <trkpt lat="41.787973" lon="-107.189159">
        <ele>2039.9</ele>
        <time>2026-07-24T20:44:13Z</time>
      </trkpt>
      <trkpt lat="41.788495" lon="-107.191586">
        <ele>2040.8</ele>
        <time>2026-07-24T20:44:21Z</time>
      </trkpt>
      <trkpt lat="41.788699" lon="-107.192450">
        <ele>2041.1</ele>
        <time>2026-07-24T20:44:24Z</time>
      </trkpt>
      <trkpt lat="41.789514" lon="-107.195636">
        <ele>2044.3</ele>
        <time>2026-07-24T20:44:37Z</time>
      </trkpt>
      <trkpt lat="41.789710" lon="-107.196541">
        <ele>2044.9</ele>
        <time>2026-07-24T20:44:41Z</time>
      </trkpt>
      <trkpt lat="41.790500" lon="-107.201057">
        <ele>2047.3</ele>
        <time>2026-07-24T20:45:03Z</time>
      </trkpt>
      <trkpt lat="41.791042" lon="-107.203655">
        <ele>2048.4</ele>
        <time>2026-07-24T20:45:16Z</time>
      </trkpt>
      <trkpt lat="41.791064" lon="-107.203854">
        <ele>2048.3</ele>
        <time>2026-07-24T20:45:17Z</time>
      </trkpt>
      <trkpt lat="41.791124" lon="-107.204034">
        <ele>2048.4</ele>
        <time>2026-07-24T20:45:18Z</time>
      </trkpt>
      <trkpt lat="41.791323" lon="-107.204953">
        <ele>2048.6</ele>
        <time>2026-07-24T20:45:23Z</time>
      </trkpt>
      <trkpt lat="41.791993" lon="-107.208202">
        <ele>2045.3</ele>
        <time>2026-07-24T20:45:40Z</time>
      </trkpt>
      <trkpt lat="41.792676" lon="-107.211369">
        <ele>2043.6</ele>
        <time>2026-07-24T20:45:57Z</time>
      </trkpt>
      <trkpt lat="41.792743" lon="-107.211729">
        <ele>2043.7</ele>
        <time>2026-07-24T20:45:59Z</time>
      </trkpt>
      <trkpt lat="41.792808" lon="-107.212267">
        <ele>2044.0</ele>
        <time>2026-07-24T20:46:02Z</time>
      </trkpt>
      <trkpt lat="41.792816" lon="-107.212983">
        <ele>2044.5</ele>
        <time>2026-07-24T20:46:06Z</time>
      </trkpt>
      <trkpt lat="41.792798" lon="-107.213538">
        <ele>2044.9</ele>
        <time>2026-07-24T20:46:09Z</time>
      </trkpt>
      <trkpt lat="41.792736" lon="-107.214118">
        <ele>2045.0</ele>
        <time>2026-07-24T20:46:12Z</time>
      </trkpt>
      <trkpt lat="41.792639" lon="-107.214682">
        <ele>2044.9</ele>
        <time>2026-07-24T20:46:15Z</time>
      </trkpt>
      <trkpt lat="41.792554" lon="-107.215059">
        <ele>2045.1</ele>
        <time>2026-07-24T20:46:17Z</time>
      </trkpt>
      <trkpt lat="41.792452" lon="-107.215430">
        <ele>2045.2</ele>
        <time>2026-07-24T20:46:19Z</time>
      </trkpt>
      <trkpt lat="41.792336" lon="-107.215796">
        <ele>2045.0</ele>
        <time>2026-07-24T20:46:21Z</time>
      </trkpt>
      <trkpt lat="41.792334" lon="-107.216010">
        <ele>2045.0</ele>
        <time>2026-07-24T20:46:22Z</time>
      </trkpt>
      <trkpt lat="41.792068" lon="-107.216737">
        <ele>2045.2</ele>
        <time>2026-07-24T20:46:26Z</time>
      </trkpt>
      <trkpt lat="41.791959" lon="-107.216849">
        <ele>2045.2</ele>
        <time>2026-07-24T20:46:27Z</time>
      </trkpt>
      <trkpt lat="41.791165" lon="-107.219070">
        <ele>2049.8</ele>
        <time>2026-07-24T20:46:39Z</time>
      </trkpt>
      <trkpt lat="41.791036" lon="-107.219456">
        <ele>2051.0</ele>
        <time>2026-07-24T20:46:41Z</time>
      </trkpt>
      <trkpt lat="41.790936" lon="-107.219816">
        <ele>2052.2</ele>
        <time>2026-07-24T20:46:43Z</time>
      </trkpt>
      <trkpt lat="41.790850" lon="-107.220193">
        <ele>2053.4</ele>
        <time>2026-07-24T20:46:45Z</time>
      </trkpt>
      <trkpt lat="41.790782" lon="-107.220562">
        <ele>2054.7</ele>
        <time>2026-07-24T20:46:47Z</time>
      </trkpt>
      <trkpt lat="41.790693" lon="-107.221240">
        <ele>2056.2</ele>
        <time>2026-07-24T20:46:51Z</time>
      </trkpt>
      <trkpt lat="41.790666" lon="-107.221722">
        <ele>2057.0</ele>
        <time>2026-07-24T20:46:54Z</time>
      </trkpt>
      <trkpt lat="41.790665" lon="-107.222236">
        <ele>2058.0</ele>
        <time>2026-07-24T20:46:58Z</time>
      </trkpt>
      <trkpt lat="41.790674" lon="-107.222370">
        <ele>2058.1</ele>
        <time>2026-07-24T20:47:00Z</time>
      </trkpt>
      <trkpt lat="41.790687" lon="-107.222420">
        <ele>2058.2</ele>
        <time>2026-07-24T20:47:01Z</time>
      </trkpt>
      <trkpt lat="41.790710" lon="-107.222457">
        <ele>2058.2</ele>
        <time>2026-07-24T20:47:02Z</time>
      </trkpt>
      <trkpt lat="41.790735" lon="-107.222397">
        <ele>2058.3</ele>
        <time>2026-07-24T20:47:03Z</time>
      </trkpt>
      <trkpt lat="41.790814" lon="-107.222400">
        <ele>2058.4</ele>
        <time>2026-07-24T20:47:06Z</time>
      </trkpt>
      <trkpt lat="41.790909" lon="-107.222601">
        <ele>2058.4</ele>
        <time>2026-07-24T20:47:07Z</time>
      </trkpt>
      <trkpt lat="41.790839" lon="-107.222603">
        <ele>2058.4</ele>
        <time>2026-07-24T20:47:08Z</time>
      </trkpt>
      <trkpt lat="41.790880" lon="-107.222670">
        <ele>2058.5</ele>
        <time>2026-07-24T20:47:09Z</time>
      </trkpt>
      <trkpt lat="41.790915" lon="-107.222687">
        <ele>2058.0</ele>
        <time>2026-07-24T20:47:10Z</time>
      </trkpt>
      <trkpt lat="41.790928" lon="-107.222755">
        <ele>2058.0</ele>
        <time>2026-07-24T20:47:19Z</time>
      </trkpt>
      <trkpt lat="41.790913" lon="-107.222788">
        <ele>2058.0</ele>
        <time>2026-07-24T20:47:21Z</time>
      </trkpt>
      <trkpt lat="41.790915" lon="-107.222918">
        <ele>2056.0</ele>
        <time>2026-07-24T20:47:28Z</time>
      </trkpt>
      <trkpt lat="41.790914" lon="-107.222857">
        <ele>2056.0</ele>
        <time>2026-07-24T20:47:59Z</time>
      </trkpt>
      <trkpt lat="41.790978" lon="-107.222740">
        <ele>2042.0</ele>
        <time>2026-07-24T20:50:52Z</time>
      </trkpt>
      <trkpt lat="41.790945" lon="-107.222729">
        <ele>2050.0</ele>
        <time>2026-07-24T20:54:22Z</time>
      </trkpt>
      <trkpt lat="41.790957" lon="-107.222853">
        <ele>2054.0</ele>
        <time>2026-07-24T20:55:20Z</time>
      </trkpt>
      <trkpt lat="41.790945" lon="-107.222783">
        <ele>2056.0</ele>
        <time>2026-07-24T20:55:24Z</time>
      </trkpt>
      <trkpt lat="41.790899" lon="-107.222705">
        <ele>2056.0</ele>
        <time>2026-07-24T20:55:28Z</time>
      </trkpt>
      <trkpt lat="41.790793" lon="-107.222607">
        <ele>2056.0</ele>
        <time>2026-07-24T20:55:42Z</time>
      </trkpt>
      <trkpt lat="41.790764" lon="-107.222593">
        <ele>2058.0</ele>
        <time>2026-07-24T20:55:46Z</time>
      </trkpt>
      <trkpt lat="41.790725" lon="-107.222600">
        <ele>2058.1</ele>
        <time>2026-07-24T20:55:48Z</time>
      </trkpt>
      <trkpt lat="41.790703" lon="-107.222630">
        <ele>2058.1</ele>
        <time>2026-07-24T20:55:49Z</time>
      </trkpt>
      <trkpt lat="41.790690" lon="-107.222738">
        <ele>2058.2</ele>
        <time>2026-07-24T20:55:51Z</time>
      </trkpt>
      <trkpt lat="41.790741" lon="-107.223746">
        <ele>2059.4</ele>
        <time>2026-07-24T20:56:00Z</time>
      </trkpt>
      <trkpt lat="41.790786" lon="-107.225227">
        <ele>2061.2</ele>
        <time>2026-07-24T20:56:10Z</time>
      </trkpt>
      <trkpt lat="41.790761" lon="-107.225385">
        <ele>2061.4</ele>
        <time>2026-07-24T20:56:11Z</time>
      </trkpt>
      <trkpt lat="41.790729" lon="-107.226007">
        <ele>2062.1</ele>
        <time>2026-07-24T20:56:15Z</time>
      </trkpt>
      <trkpt lat="41.790690" lon="-107.226488">
        <ele>2062.7</ele>
        <time>2026-07-24T20:56:18Z</time>
      </trkpt>
      <trkpt lat="41.790655" lon="-107.226813">
        <ele>2063.0</ele>
        <time>2026-07-24T20:56:20Z</time>
      </trkpt>
      <trkpt lat="41.790582" lon="-107.227307">
        <ele>2063.2</ele>
        <time>2026-07-24T20:56:23Z</time>
      </trkpt>
      <trkpt lat="41.790612" lon="-107.227487">
        <ele>2063.3</ele>
        <time>2026-07-24T20:56:24Z</time>
      </trkpt>
      <trkpt lat="41.790515" lon="-107.227608">
        <ele>2063.3</ele>
        <time>2026-07-24T20:56:25Z</time>
      </trkpt>
      <trkpt lat="41.790389" lon="-107.228250">
        <ele>2063.5</ele>
        <time>2026-07-24T20:56:29Z</time>
      </trkpt>
      <trkpt lat="41.789507" lon="-107.232118">
        <ele>2061.1</ele>
        <time>2026-07-24T20:56:54Z</time>
      </trkpt>
      <trkpt lat="41.789138" lon="-107.233779">
        <ele>2062.3</ele>
        <time>2026-07-24T20:57:05Z</time>
      </trkpt>
      <trkpt lat="41.788922" lon="-107.234671">
        <ele>2063.7</ele>
        <time>2026-07-24T20:57:11Z</time>
      </trkpt>
      <trkpt lat="41.788283" lon="-107.237531">
        <ele>2066.2</ele>
        <time>2026-07-24T20:57:38Z</time>
      </trkpt>
      <trkpt lat="41.788260" lon="-107.237700">
        <ele>2066.2</ele>
        <time>2026-07-24T20:57:41Z</time>
      </trkpt>
      <trkpt lat="41.788319" lon="-107.237735">
        <ele>2066.4</ele>
        <time>2026-07-24T20:57:42Z</time>
      </trkpt>
      <trkpt lat="41.789666" lon="-107.238273">
        <ele>2072.0</ele>
        <time>2026-07-24T20:57:57Z</time>
      </trkpt>
      <trkpt lat="41.789758" lon="-107.238332">
        <ele>2072.4</ele>
        <time>2026-07-24T20:57:58Z</time>
      </trkpt>
      <trkpt lat="41.790910" lon="-107.238756">
        <ele>2075.0</ele>
        <time>2026-07-24T20:58:09Z</time>
      </trkpt>
      <trkpt lat="41.791978" lon="-107.239205">
        <ele>2078.3</ele>
        <time>2026-07-24T20:58:18Z</time>
      </trkpt>
      <trkpt lat="41.794079" lon="-107.240032">
        <ele>2079.1</ele>
        <time>2026-07-24T20:58:34Z</time>
      </trkpt>
      <trkpt lat="41.794524" lon="-107.240176">
        <ele>2079.7</ele>
        <time>2026-07-24T20:58:37Z</time>
      </trkpt>
      <trkpt lat="41.794820" lon="-107.240254">
        <ele>2080.8</ele>
        <time>2026-07-24T20:58:39Z</time>
      </trkpt>
      <trkpt lat="41.795119" lon="-107.240317">
        <ele>2082.1</ele>
        <time>2026-07-24T20:58:41Z</time>
      </trkpt>
      <trkpt lat="41.795567" lon="-107.240376">
        <ele>2084.2</ele>
        <time>2026-07-24T20:58:44Z</time>
      </trkpt>
      <trkpt lat="41.796012" lon="-107.240400">
        <ele>2086.3</ele>
        <time>2026-07-24T20:58:47Z</time>
      </trkpt>
      <trkpt lat="41.797261" lon="-107.240424">
        <ele>2091.7</ele>
        <time>2026-07-24T20:58:56Z</time>
      </trkpt>
      <trkpt lat="41.798734" lon="-107.240427">
        <ele>2093.2</ele>
        <time>2026-07-24T20:59:06Z</time>
      </trkpt>
      <trkpt lat="41.799032" lon="-107.240400">
        <ele>2093.3</ele>
        <time>2026-07-24T20:59:08Z</time>
      </trkpt>
      <trkpt lat="41.799182" lon="-107.240369">
        <ele>2093.0</ele>
        <time>2026-07-24T20:59:09Z</time>
      </trkpt>
      <trkpt lat="41.799329" lon="-107.240326">
        <ele>2092.8</ele>
        <time>2026-07-24T20:59:10Z</time>
      </trkpt>
      <trkpt lat="41.799622" lon="-107.240206">
        <ele>2092.6</ele>
        <time>2026-07-24T20:59:12Z</time>
      </trkpt>
      <trkpt lat="41.799920" lon="-107.240049">
        <ele>2092.3</ele>
        <time>2026-07-24T20:59:14Z</time>
      </trkpt>
      <trkpt lat="41.800070" lon="-107.239954">
        <ele>2092.2</ele>
        <time>2026-07-24T20:59:15Z</time>
      </trkpt>
      <trkpt lat="41.800360" lon="-107.239730">
        <ele>2092.4</ele>
        <time>2026-07-24T20:59:17Z</time>
      </trkpt>
      <trkpt lat="41.800501" lon="-107.239597">
        <ele>2092.4</ele>
        <time>2026-07-24T20:59:18Z</time>
      </trkpt>
      <trkpt lat="41.800633" lon="-107.239455">
        <ele>2092.5</ele>
        <time>2026-07-24T20:59:19Z</time>
      </trkpt>
      <trkpt lat="41.800886" lon="-107.239141">
        <ele>2092.5</ele>
        <time>2026-07-24T20:59:21Z</time>
      </trkpt>
      <trkpt lat="41.801232" lon="-107.238611">
        <ele>2092.3</ele>
        <time>2026-07-24T20:59:24Z</time>
      </trkpt>
      <trkpt lat="41.801426" lon="-107.238354">
        <ele>2092.3</ele>
        <time>2026-07-24T20:59:25Z</time>
      </trkpt>
      <trkpt lat="41.802218" lon="-107.237063">
        <ele>2092.8</ele>
        <time>2026-07-24T20:59:32Z</time>
      </trkpt>
      <trkpt lat="41.803013" lon="-107.235830">
        <ele>2093.7</ele>
        <time>2026-07-24T20:59:39Z</time>
      </trkpt>
      <trkpt lat="41.803107" lon="-107.235646">
        <ele>2093.9</ele>
        <time>2026-07-24T20:59:40Z</time>
      </trkpt>
      <trkpt lat="41.803320" lon="-107.235301">
        <ele>2094.2</ele>
        <time>2026-07-24T20:59:42Z</time>
      </trkpt>
      <trkpt lat="41.803544" lon="-107.234954">
        <ele>2094.4</ele>
        <time>2026-07-24T20:59:44Z</time>
      </trkpt>
      <trkpt lat="41.803674" lon="-107.234786">
        <ele>2094.5</ele>
        <time>2026-07-24T20:59:45Z</time>
      </trkpt>
      <trkpt lat="41.804523" lon="-107.233458">
        <ele>2094.3</ele>
        <time>2026-07-24T20:59:52Z</time>
      </trkpt>
      <trkpt lat="41.804862" lon="-107.232914">
        <ele>2094.4</ele>
        <time>2026-07-24T20:59:55Z</time>
      </trkpt>
      <trkpt lat="41.804954" lon="-107.232690">
        <ele>2094.3</ele>
        <time>2026-07-24T20:59:56Z</time>
      </trkpt>
      <trkpt lat="41.805575" lon="-107.231750">
        <ele>2093.2</ele>
        <time>2026-07-24T21:00:01Z</time>
      </trkpt>
      <trkpt lat="41.805969" lon="-107.231214">
        <ele>2092.4</ele>
        <time>2026-07-24T21:00:04Z</time>
      </trkpt>
      <trkpt lat="41.806115" lon="-107.231055">
        <ele>2092.1</ele>
        <time>2026-07-24T21:00:05Z</time>
      </trkpt>
      <trkpt lat="41.806384" lon="-107.230714">
        <ele>2091.4</ele>
        <time>2026-07-24T21:00:07Z</time>
      </trkpt>
      <trkpt lat="41.806661" lon="-107.230384">
        <ele>2090.7</ele>
        <time>2026-07-24T21:00:09Z</time>
      </trkpt>
      <trkpt lat="41.806946" lon="-107.230066">
        <ele>2090.0</ele>
        <time>2026-07-24T21:00:11Z</time>
      </trkpt>
      <trkpt lat="41.807240" lon="-107.229757">
        <ele>2089.4</ele>
        <time>2026-07-24T21:00:13Z</time>
      </trkpt>
      <trkpt lat="41.807698" lon="-107.229312">
        <ele>2088.7</ele>
        <time>2026-07-24T21:00:16Z</time>
      </trkpt>
      <trkpt lat="41.808176" lon="-107.228891">
        <ele>2087.8</ele>
        <time>2026-07-24T21:00:19Z</time>
      </trkpt>
      <trkpt lat="41.808677" lon="-107.228491">
        <ele>2087.1</ele>
        <time>2026-07-24T21:00:22Z</time>
      </trkpt>
      <trkpt lat="41.809198" lon="-107.228119">
        <ele>2086.5</ele>
        <time>2026-07-24T21:00:25Z</time>
      </trkpt>
      <trkpt lat="41.809741" lon="-107.227775">
        <ele>2086.1</ele>
        <time>2026-07-24T21:00:28Z</time>
      </trkpt>
      <trkpt lat="41.810306" lon="-107.227458">
        <ele>2085.8</ele>
        <time>2026-07-24T21:00:31Z</time>
      </trkpt>
      <trkpt lat="41.810892" lon="-107.227189">
        <ele>2085.9</ele>
        <time>2026-07-24T21:00:34Z</time>
      </trkpt>
      <trkpt lat="41.811292" lon="-107.227027">
        <ele>2086.4</ele>
        <time>2026-07-24T21:00:36Z</time>
      </trkpt>
      <trkpt lat="41.811695" lon="-107.226881">
        <ele>2087.2</ele>
        <time>2026-07-24T21:00:38Z</time>
      </trkpt>
      <trkpt lat="41.812313" lon="-107.226695">
        <ele>2088.9</ele>
        <time>2026-07-24T21:00:41Z</time>
      </trkpt>
      <trkpt lat="41.812731" lon="-107.226594">
        <ele>2089.8</ele>
        <time>2026-07-24T21:00:43Z</time>
      </trkpt>
      <trkpt lat="41.813330" lon="-107.226481">
        <ele>2091.2</ele>
        <time>2026-07-24T21:00:46Z</time>
      </trkpt>
      <trkpt lat="41.813661" lon="-107.226520">
        <ele>2091.8</ele>
        <time>2026-07-24T21:00:47Z</time>
      </trkpt>
      <trkpt lat="41.814048" lon="-107.226469">
        <ele>2092.7</ele>
        <time>2026-07-24T21:00:49Z</time>
      </trkpt>
      <trkpt lat="41.814483" lon="-107.226431">
        <ele>2094.0</ele>
        <time>2026-07-24T21:00:51Z</time>
      </trkpt>
      <trkpt lat="41.814742" lon="-107.226421">
        <ele>2094.5</ele>
        <time>2026-07-24T21:00:52Z</time>
      </trkpt>
      <trkpt lat="41.815131" lon="-107.226425">
        <ele>2095.2</ele>
        <time>2026-07-24T21:00:54Z</time>
      </trkpt>
      <trkpt lat="41.815779" lon="-107.226465">
        <ele>2096.6</ele>
        <time>2026-07-24T21:00:57Z</time>
      </trkpt>
      <trkpt lat="41.816422" lon="-107.226527">
        <ele>2097.8</ele>
        <time>2026-07-24T21:01:00Z</time>
      </trkpt>
      <trkpt lat="41.816843" lon="-107.226600">
        <ele>2098.6</ele>
        <time>2026-07-24T21:01:02Z</time>
      </trkpt>
      <trkpt lat="41.817470" lon="-107.226753">
        <ele>2099.1</ele>
        <time>2026-07-24T21:01:05Z</time>
      </trkpt>
      <trkpt lat="41.818087" lon="-107.226947">
        <ele>2099.2</ele>
        <time>2026-07-24T21:01:08Z</time>
      </trkpt>
      <trkpt lat="41.818500" lon="-107.227102">
        <ele>2099.3</ele>
        <time>2026-07-24T21:01:10Z</time>
      </trkpt>
      <trkpt lat="41.818717" lon="-107.227268">
        <ele>2099.3</ele>
        <time>2026-07-24T21:01:11Z</time>
      </trkpt>
      <trkpt lat="41.819333" lon="-107.227553">
        <ele>2099.1</ele>
        <time>2026-07-24T21:01:14Z</time>
      </trkpt>
      <trkpt lat="41.819940" lon="-107.227884">
        <ele>2099.0</ele>
        <time>2026-07-24T21:01:17Z</time>
      </trkpt>
      <trkpt lat="41.820342" lon="-107.228131">
        <ele>2099.0</ele>
        <time>2026-07-24T21:01:19Z</time>
      </trkpt>
      <trkpt lat="41.820740" lon="-107.228393">
        <ele>2098.9</ele>
        <time>2026-07-24T21:01:21Z</time>
      </trkpt>
      <trkpt lat="41.821136" lon="-107.228669">
        <ele>2098.8</ele>
        <time>2026-07-24T21:01:23Z</time>
      </trkpt>
      <trkpt lat="41.824283" lon="-107.231049">
        <ele>2100.7</ele>
        <time>2026-07-24T21:01:39Z</time>
      </trkpt>
      <trkpt lat="41.832545" lon="-107.237192">
        <ele>2117.2</ele>
        <time>2026-07-24T21:02:23Z</time>
      </trkpt>
      <trkpt lat="41.832744" lon="-107.237406">
        <ele>2117.3</ele>
        <time>2026-07-24T21:02:24Z</time>
      </trkpt>
      <trkpt lat="41.834792" lon="-107.238912">
        <ele>2120.1</ele>
        <time>2026-07-24T21:02:35Z</time>
      </trkpt>
      <trkpt lat="41.836751" lon="-107.240386">
        <ele>2123.3</ele>
        <time>2026-07-24T21:02:45Z</time>
      </trkpt>
      <trkpt lat="41.848423" lon="-107.249039">
        <ele>2138.3</ele>
        <time>2026-07-24T21:03:44Z</time>
      </trkpt>
      <trkpt lat="41.859580" lon="-107.257359">
        <ele>2135.0</ele>
        <time>2026-07-24T21:04:41Z</time>
      </trkpt>
      <trkpt lat="41.862940" lon="-107.259843">
        <ele>2137.3</ele>
        <time>2026-07-24T21:04:58Z</time>
      </trkpt>
      <trkpt lat="41.870405" lon="-107.265397">
        <ele>2147.9</ele>
        <time>2026-07-24T21:05:36Z</time>
      </trkpt>
      <trkpt lat="41.871780" lon="-107.266430">
        <ele>2151.3</ele>
        <time>2026-07-24T21:05:43Z</time>
      </trkpt>
      <trkpt lat="41.872761" lon="-107.267183">
        <ele>2152.9</ele>
        <time>2026-07-24T21:05:48Z</time>
      </trkpt>
      <trkpt lat="41.875320" lon="-107.269249">
        <ele>2156.8</ele>
        <time>2026-07-24T21:06:01Z</time>
      </trkpt>
      <trkpt lat="41.879901" lon="-107.272994">
        <ele>2164.4</ele>
        <time>2026-07-24T21:06:25Z</time>
      </trkpt>
      <trkpt lat="41.883920" lon="-107.276261">
        <ele>2169.2</ele>
        <time>2026-07-24T21:06:46Z</time>
      </trkpt>
      <trkpt lat="41.884118" lon="-107.276481">
        <ele>2169.4</ele>
        <time>2026-07-24T21:06:47Z</time>
      </trkpt>
      <trkpt lat="41.887583" lon="-107.279308">
        <ele>2174.8</ele>
        <time>2026-07-24T21:07:05Z</time>
      </trkpt>
      <trkpt lat="41.887785" lon="-107.279447">
        <ele>2175.1</ele>
        <time>2026-07-24T21:07:06Z</time>
      </trkpt>
      <trkpt lat="41.892183" lon="-107.283030">
        <ele>2183.0</ele>
        <time>2026-07-24T21:07:29Z</time>
      </trkpt>
      <trkpt lat="41.892368" lon="-107.283206">
        <ele>2183.5</ele>
        <time>2026-07-24T21:07:30Z</time>
      </trkpt>
      <trkpt lat="41.893330" lon="-107.283992">
        <ele>2186.1</ele>
        <time>2026-07-24T21:07:35Z</time>
      </trkpt>
      <trkpt lat="41.893532" lon="-107.284131">
        <ele>2186.7</ele>
        <time>2026-07-24T21:07:36Z</time>
      </trkpt>
      <trkpt lat="41.894108" lon="-107.284597">
        <ele>2188.3</ele>
        <time>2026-07-24T21:07:39Z</time>
      </trkpt>
      <trkpt lat="41.897190" lon="-107.287114">
        <ele>2195.7</ele>
        <time>2026-07-24T21:07:55Z</time>
      </trkpt>
      <trkpt lat="41.897376" lon="-107.287290">
        <ele>2195.9</ele>
        <time>2026-07-24T21:07:56Z</time>
      </trkpt>
      <trkpt lat="41.898148" lon="-107.287919">
        <ele>2196.3</ele>
        <time>2026-07-24T21:08:00Z</time>
      </trkpt>
      <trkpt lat="41.898347" lon="-107.288056">
        <ele>2196.5</ele>
        <time>2026-07-24T21:08:01Z</time>
      </trkpt>
      <trkpt lat="41.900809" lon="-107.290057">
        <ele>2199.4</ele>
        <time>2026-07-24T21:08:14Z</time>
      </trkpt>
      <trkpt lat="41.900991" lon="-107.290232">
        <ele>2199.9</ele>
        <time>2026-07-24T21:08:15Z</time>
      </trkpt>
      <trkpt lat="41.908907" lon="-107.296669">
        <ele>2204.1</ele>
        <time>2026-07-24T21:08:56Z</time>
      </trkpt>
      <trkpt lat="41.909147" lon="-107.296879">
        <ele>2203.7</ele>
        <time>2026-07-24T21:08:57Z</time>
      </trkpt>
      <trkpt lat="41.921988" lon="-107.307350">
        <ele>2193.7</ele>
        <time>2026-07-24T21:10:04Z</time>
      </trkpt>
      <trkpt lat="41.922597" lon="-107.307873">
        <ele>2193.9</ele>
        <time>2026-07-24T21:10:07Z</time>
      </trkpt>
      <trkpt lat="41.923124" lon="-107.308344">
        <ele>2194.0</ele>
        <time>2026-07-24T21:10:10Z</time>
      </trkpt>
      <trkpt lat="41.923679" lon="-107.308864">
        <ele>2194.1</ele>
        <time>2026-07-24T21:10:13Z</time>
      </trkpt>
      <trkpt lat="41.924410" lon="-107.309584">
        <ele>2194.3</ele>
        <time>2026-07-24T21:10:17Z</time>
      </trkpt>
      <trkpt lat="41.924606" lon="-107.309823">
        <ele>2194.5</ele>
        <time>2026-07-24T21:10:18Z</time>
      </trkpt>
      <trkpt lat="41.925314" lon="-107.310575">
        <ele>2194.4</ele>
        <time>2026-07-24T21:10:22Z</time>
      </trkpt>
      <trkpt lat="41.925830" lon="-107.311154">
        <ele>2194.1</ele>
        <time>2026-07-24T21:10:25Z</time>
      </trkpt>
      <trkpt lat="41.926342" lon="-107.311753">
        <ele>2193.6</ele>
        <time>2026-07-24T21:10:28Z</time>
      </trkpt>
      <trkpt lat="41.926841" lon="-107.312366">
        <ele>2193.3</ele>
        <time>2026-07-24T21:10:31Z</time>
      </trkpt>
      <trkpt lat="41.927329" lon="-107.312995">
        <ele>2193.2</ele>
        <time>2026-07-24T21:10:34Z</time>
      </trkpt>
      <trkpt lat="41.927806" lon="-107.313638">
        <ele>2193.0</ele>
        <time>2026-07-24T21:10:37Z</time>
      </trkpt>
      <trkpt lat="41.928429" lon="-107.314521">
        <ele>2192.9</ele>
        <time>2026-07-24T21:10:41Z</time>
      </trkpt>
      <trkpt lat="41.929328" lon="-107.315876">
        <ele>2192.9</ele>
        <time>2026-07-24T21:10:47Z</time>
      </trkpt>
      <trkpt lat="41.929459" lon="-107.316160">
        <ele>2192.9</ele>
        <time>2026-07-24T21:10:48Z</time>
      </trkpt>
      <trkpt lat="41.931363" lon="-107.319093">
        <ele>2191.9</ele>
        <time>2026-07-24T21:11:01Z</time>
      </trkpt>
      <trkpt lat="41.935681" lon="-107.325685">
        <ele>2179.9</ele>
        <time>2026-07-24T21:11:30Z</time>
      </trkpt>
      <trkpt lat="41.936435" lon="-107.326813">
        <ele>2176.9</ele>
        <time>2026-07-24T21:11:35Z</time>
      </trkpt>
      <trkpt lat="41.936907" lon="-107.327469">
        <ele>2175.0</ele>
        <time>2026-07-24T21:11:38Z</time>
      </trkpt>
      <trkpt lat="41.937565" lon="-107.328297">
        <ele>2172.5</ele>
        <time>2026-07-24T21:11:42Z</time>
      </trkpt>
      <trkpt lat="41.937906" lon="-107.328690">
        <ele>2171.0</ele>
        <time>2026-07-24T21:11:44Z</time>
      </trkpt>
      <trkpt lat="41.938436" lon="-107.329255">
        <ele>2169.4</ele>
        <time>2026-07-24T21:11:47Z</time>
      </trkpt>
      <trkpt lat="41.938945" lon="-107.329751">
        <ele>2168.1</ele>
        <time>2026-07-24T21:11:50Z</time>
      </trkpt>
      <trkpt lat="41.939139" lon="-107.329901">
        <ele>2167.8</ele>
        <time>2026-07-24T21:11:51Z</time>
      </trkpt>
      <trkpt lat="41.939702" lon="-107.330394">
        <ele>2167.0</ele>
        <time>2026-07-24T21:11:54Z</time>
      </trkpt>
      <trkpt lat="41.941219" lon="-107.331693">
        <ele>2165.7</ele>
        <time>2026-07-24T21:12:02Z</time>
      </trkpt>
      <trkpt lat="41.941446" lon="-107.331911">
        <ele>2165.5</ele>
        <time>2026-07-24T21:12:03Z</time>
      </trkpt>
      <trkpt lat="41.942401" lon="-107.332722">
        <ele>2164.2</ele>
        <time>2026-07-24T21:12:08Z</time>
      </trkpt>
      <trkpt lat="41.944108" lon="-107.334213">
        <ele>2160.1</ele>
        <time>2026-07-24T21:12:17Z</time>
      </trkpt>
      <trkpt lat="41.946193" lon="-107.336011">
        <ele>2155.6</ele>
        <time>2026-07-24T21:12:28Z</time>
      </trkpt>
      <trkpt lat="41.963126" lon="-107.350530">
        <ele>2099.8</ele>
        <time>2026-07-24T21:13:57Z</time>
      </trkpt>
      <trkpt lat="41.965392" lon="-107.352485">
        <ele>2089.0</ele>
        <time>2026-07-24T21:14:09Z</time>
      </trkpt>
      <trkpt lat="41.966914" lon="-107.353778">
        <ele>2081.8</ele>
        <time>2026-07-24T21:14:17Z</time>
      </trkpt>
      <trkpt lat="41.967311" lon="-107.354083">
        <ele>2079.5</ele>
        <time>2026-07-24T21:14:19Z</time>
      </trkpt>
      <trkpt lat="41.967511" lon="-107.354225">
        <ele>2078.3</ele>
        <time>2026-07-24T21:14:20Z</time>
      </trkpt>
      <trkpt lat="41.968086" lon="-107.354591">
        <ele>2073.9</ele>
        <time>2026-07-24T21:14:23Z</time>
      </trkpt>
      <trkpt lat="41.968511" lon="-107.354825">
        <ele>2070.5</ele>
        <time>2026-07-24T21:14:25Z</time>
      </trkpt>
      <trkpt lat="41.968730" lon="-107.354935">
        <ele>2068.7</ele>
        <time>2026-07-24T21:14:26Z</time>
      </trkpt>
      <trkpt lat="41.969400" lon="-107.355187">
        <ele>2063.7</ele>
        <time>2026-07-24T21:14:29Z</time>
      </trkpt>
      <trkpt lat="41.969860" lon="-107.355339">
        <ele>2060.4</ele>
        <time>2026-07-24T21:14:31Z</time>
      </trkpt>
      <trkpt lat="41.970136" lon="-107.355417">
        <ele>2058.7</ele>
        <time>2026-07-24T21:14:32Z</time>
      </trkpt>
      <trkpt lat="41.970801" lon="-107.355557">
        <ele>2053.4</ele>
        <time>2026-07-24T21:14:35Z</time>
      </trkpt>
      <trkpt lat="41.975289" lon="-107.356299">
        <ele>2025.5</ele>
        <time>2026-07-24T21:14:53Z</time>
      </trkpt>
      <trkpt lat="41.975648" lon="-107.356371">
        <ele>2024.7</ele>
        <time>2026-07-24T21:14:54Z</time>
      </trkpt>
      <trkpt lat="41.976863" lon="-107.356569">
        <ele>2021.0</ele>
        <time>2026-07-24T21:14:59Z</time>
      </trkpt>
      <trkpt lat="41.978955" lon="-107.356930">
        <ele>2017.0</ele>
        <time>2026-07-24T21:15:08Z</time>
      </trkpt>
      <trkpt lat="41.979906" lon="-107.357118">
        <ele>2015.3</ele>
        <time>2026-07-24T21:15:12Z</time>
      </trkpt>
      <trkpt lat="41.980620" lon="-107.357276">
        <ele>2014.1</ele>
        <time>2026-07-24T21:15:15Z</time>
      </trkpt>
      <trkpt lat="41.981566" lon="-107.357504">
        <ele>2012.3</ele>
        <time>2026-07-24T21:15:19Z</time>
      </trkpt>
      <trkpt lat="41.982697" lon="-107.357802">
        <ele>2010.0</ele>
        <time>2026-07-24T21:15:24Z</time>
      </trkpt>
      <trkpt lat="41.984104" lon="-107.358214">
        <ele>2006.9</ele>
        <time>2026-07-24T21:15:30Z</time>
      </trkpt>
      <trkpt lat="41.984811" lon="-107.358442">
        <ele>2005.4</ele>
        <time>2026-07-24T21:15:33Z</time>
      </trkpt>
      <trkpt lat="41.985557" lon="-107.358698">
        <ele>2003.8</ele>
        <time>2026-07-24T21:15:36Z</time>
      </trkpt>
      <trkpt lat="41.986205" lon="-107.358926">
        <ele>2002.2</ele>
        <time>2026-07-24T21:15:39Z</time>
      </trkpt>
      <trkpt lat="41.986902" lon="-107.359186">
        <ele>2000.5</ele>
        <time>2026-07-24T21:15:42Z</time>
      </trkpt>
      <trkpt lat="41.988283" lon="-107.359732">
        <ele>1997.0</ele>
        <time>2026-07-24T21:15:48Z</time>
      </trkpt>
      <trkpt lat="41.991720" lon="-107.361121">
        <ele>1994.6</ele>
        <time>2026-07-24T21:16:03Z</time>
      </trkpt>
      <trkpt lat="41.997239" lon="-107.363322">
        <ele>1993.9</ele>
        <time>2026-07-24T21:16:27Z</time>
      </trkpt>
      <trkpt lat="41.997447" lon="-107.363462">
        <ele>1993.9</ele>
        <time>2026-07-24T21:16:28Z</time>
      </trkpt>
      <trkpt lat="41.999796" lon="-107.364405">
        <ele>1993.3</ele>
        <time>2026-07-24T21:16:38Z</time>
      </trkpt>
      <trkpt lat="42.021313" lon="-107.372983">
        <ele>1992.3</ele>
        <time>2026-07-24T21:18:12Z</time>
      </trkpt>
      <trkpt lat="42.021555" lon="-107.373121">
        <ele>1992.3</ele>
        <time>2026-07-24T21:18:13Z</time>
      </trkpt>
      <trkpt lat="42.026159" lon="-107.374959">
        <ele>1992.3</ele>
        <time>2026-07-24T21:18:33Z</time>
      </trkpt>
      <trkpt lat="42.026620" lon="-107.375133">
        <ele>1992.3</ele>
        <time>2026-07-24T21:18:35Z</time>
      </trkpt>
      <trkpt lat="42.027313" lon="-107.375378">
        <ele>1992.2</ele>
        <time>2026-07-24T21:18:38Z</time>
      </trkpt>
      <trkpt lat="42.028005" lon="-107.375649">
        <ele>1992.1</ele>
        <time>2026-07-24T21:18:41Z</time>
      </trkpt>
      <trkpt lat="42.042212" lon="-107.381326">
        <ele>1991.2</ele>
        <time>2026-07-24T21:19:43Z</time>
      </trkpt>
      <trkpt lat="42.043585" lon="-107.381895">
        <ele>1991.3</ele>
        <time>2026-07-24T21:19:49Z</time>
      </trkpt>
      <trkpt lat="42.043870" lon="-107.382049">
        <ele>1991.3</ele>
        <time>2026-07-24T21:19:50Z</time>
      </trkpt>
      <trkpt lat="42.044100" lon="-107.382146">
        <ele>1991.2</ele>
        <time>2026-07-24T21:19:51Z</time>
      </trkpt>
      <trkpt lat="42.057387" lon="-107.387455">
        <ele>1990.7</ele>
        <time>2026-07-24T21:20:49Z</time>
      </trkpt>
      <trkpt lat="42.060145" lon="-107.388568">
        <ele>1990.7</ele>
        <time>2026-07-24T21:21:01Z</time>
      </trkpt>
      <trkpt lat="42.069521" lon="-107.392303">
        <ele>1990.3</ele>
        <time>2026-07-24T21:21:42Z</time>
      </trkpt>
      <trkpt lat="42.069795" lon="-107.392460">
        <ele>1990.2</ele>
        <time>2026-07-24T21:21:43Z</time>
      </trkpt>
      <trkpt lat="42.080321" lon="-107.396684">
        <ele>1988.4</ele>
        <time>2026-07-24T21:22:29Z</time>
      </trkpt>
      <trkpt lat="42.080775" lon="-107.396888">
        <ele>1988.5</ele>
        <time>2026-07-24T21:22:31Z</time>
      </trkpt>
      <trkpt lat="42.081457" lon="-107.397211">
        <ele>1988.7</ele>
        <time>2026-07-24T21:22:34Z</time>
      </trkpt>
      <trkpt lat="42.082352" lon="-107.397672">
        <ele>1989.1</ele>
        <time>2026-07-24T21:22:38Z</time>
      </trkpt>
      <trkpt lat="42.082797" lon="-107.397922">
        <ele>1989.3</ele>
        <time>2026-07-24T21:22:40Z</time>
      </trkpt>
      <trkpt lat="42.083455" lon="-107.398314">
        <ele>1989.4</ele>
        <time>2026-07-24T21:22:43Z</time>
      </trkpt>
      <trkpt lat="42.084543" lon="-107.399003">
        <ele>1989.7</ele>
        <time>2026-07-24T21:22:48Z</time>
      </trkpt>
      <trkpt lat="42.085393" lon="-107.399594">
        <ele>1989.7</ele>
        <time>2026-07-24T21:22:52Z</time>
      </trkpt>
      <trkpt lat="42.088086" lon="-107.401558">
        <ele>1990.1</ele>
        <time>2026-07-24T21:23:05Z</time>
      </trkpt>
      <trkpt lat="42.090201" lon="-107.403086">
        <ele>1990.2</ele>
        <time>2026-07-24T21:23:15Z</time>
      </trkpt>
      <trkpt lat="42.090455" lon="-107.403323">
        <ele>1989.9</ele>
        <time>2026-07-24T21:23:16Z</time>
      </trkpt>
      <trkpt lat="42.093629" lon="-107.405616">
        <ele>1985.8</ele>
        <time>2026-07-24T21:23:31Z</time>
      </trkpt>
      <trkpt lat="42.094677" lon="-107.406388">
        <ele>1986.0</ele>
        <time>2026-07-24T21:23:36Z</time>
      </trkpt>
      <trkpt lat="42.095740" lon="-107.407144">
        <ele>1985.9</ele>
        <time>2026-07-24T21:23:41Z</time>
      </trkpt>
      <trkpt lat="42.101401" lon="-107.411232">
        <ele>1988.9</ele>
        <time>2026-07-24T21:24:08Z</time>
      </trkpt>
      <trkpt lat="42.105411" lon="-107.414143">
        <ele>1990.3</ele>
        <time>2026-07-24T21:24:27Z</time>
      </trkpt>
      <trkpt lat="42.111916" lon="-107.418838">
        <ele>1993.4</ele>
        <time>2026-07-24T21:24:58Z</time>
      </trkpt>
      <trkpt lat="42.112171" lon="-107.419017">
        <ele>1993.6</ele>
        <time>2026-07-24T21:24:59Z</time>
      </trkpt>
      <trkpt lat="42.112780" lon="-107.419414">
        <ele>1993.8</ele>
        <time>2026-07-24T21:25:02Z</time>
      </trkpt>
      <trkpt lat="42.113266" lon="-107.419696">
        <ele>1993.7</ele>
        <time>2026-07-24T21:25:04Z</time>
      </trkpt>
      <trkpt lat="42.113668" lon="-107.419910">
        <ele>1993.5</ele>
        <time>2026-07-24T21:25:06Z</time>
      </trkpt>
      <trkpt lat="42.114120" lon="-107.420134">
        <ele>1993.4</ele>
        <time>2026-07-24T21:25:08Z</time>
      </trkpt>
      <trkpt lat="42.114346" lon="-107.420235">
        <ele>1993.4</ele>
        <time>2026-07-24T21:25:09Z</time>
      </trkpt>
      <trkpt lat="42.115036" lon="-107.420512">
        <ele>1993.2</ele>
        <time>2026-07-24T21:25:12Z</time>
      </trkpt>
      <trkpt lat="42.115733" lon="-107.420755">
        <ele>1992.9</ele>
        <time>2026-07-24T21:25:15Z</time>
      </trkpt>
      <trkpt lat="42.117131" lon="-107.421197">
        <ele>1993.0</ele>
        <time>2026-07-24T21:25:21Z</time>
      </trkpt>
      <trkpt lat="42.117367" lon="-107.421247">
        <ele>1993.0</ele>
        <time>2026-07-24T21:25:22Z</time>
      </trkpt>
      <trkpt lat="42.117602" lon="-107.421319">
        <ele>1993.1</ele>
        <time>2026-07-24T21:25:23Z</time>
      </trkpt>
      <trkpt lat="42.117833" lon="-107.421393">
        <ele>1993.2</ele>
        <time>2026-07-24T21:25:24Z</time>
      </trkpt>
      <trkpt lat="42.118064" lon="-107.421491">
        <ele>1993.3</ele>
        <time>2026-07-24T21:25:25Z</time>
      </trkpt>
      <trkpt lat="42.120864" lon="-107.422375">
        <ele>1994.8</ele>
        <time>2026-07-24T21:25:37Z</time>
      </trkpt>
      <trkpt lat="42.121099" lon="-107.422427">
        <ele>1994.9</ele>
        <time>2026-07-24T21:25:38Z</time>
      </trkpt>
      <trkpt lat="42.121330" lon="-107.422524">
        <ele>1995.0</ele>
        <time>2026-07-24T21:25:39Z</time>
      </trkpt>
      <trkpt lat="42.128756" lon="-107.424861">
        <ele>1995.5</ele>
        <time>2026-07-24T21:26:11Z</time>
      </trkpt>
      <trkpt lat="42.132497" lon="-107.426054">
        <ele>1994.1</ele>
        <time>2026-07-24T21:26:27Z</time>
      </trkpt>
      <trkpt lat="42.132965" lon="-107.426194">
        <ele>1993.9</ele>
        <time>2026-07-24T21:26:29Z</time>
      </trkpt>
      <trkpt lat="42.133670" lon="-107.426389">
        <ele>1993.5</ele>
        <time>2026-07-24T21:26:32Z</time>
      </trkpt>
      <trkpt lat="42.135025" lon="-107.426806">
        <ele>1993.5</ele>
        <time>2026-07-24T21:26:38Z</time>
      </trkpt>
      <trkpt lat="42.141563" lon="-107.428884">
        <ele>1996.8</ele>
        <time>2026-07-24T21:27:06Z</time>
      </trkpt>
      <trkpt lat="42.146743" lon="-107.430510">
        <ele>1995.1</ele>
        <time>2026-07-24T21:27:28Z</time>
      </trkpt>
      <trkpt lat="42.147720" lon="-107.430844">
        <ele>1995.9</ele>
        <time>2026-07-24T21:27:32Z</time>
      </trkpt>
      <trkpt lat="42.149539" lon="-107.431438">
        <ele>1997.2</ele>
        <time>2026-07-24T21:27:40Z</time>
      </trkpt>
      <trkpt lat="42.166068" lon="-107.436647">
        <ele>2002.8</ele>
        <time>2026-07-24T21:28:51Z</time>
      </trkpt>
      <trkpt lat="42.166771" lon="-107.436878">
        <ele>2003.9</ele>
        <time>2026-07-24T21:28:54Z</time>
      </trkpt>
      <trkpt lat="42.167234" lon="-107.437044">
        <ele>2004.4</ele>
        <time>2026-07-24T21:28:56Z</time>
      </trkpt>
      <trkpt lat="42.167925" lon="-107.437331">
        <ele>2005.1</ele>
        <time>2026-07-24T21:28:59Z</time>
      </trkpt>
      <trkpt lat="42.168213" lon="-107.437512">
        <ele>2005.3</ele>
        <time>2026-07-24T21:29:00Z</time>
      </trkpt>
      <trkpt lat="42.168664" lon="-107.437740">
        <ele>2005.6</ele>
        <time>2026-07-24T21:29:02Z</time>
      </trkpt>
      <trkpt lat="42.169107" lon="-107.437986">
        <ele>2005.9</ele>
        <time>2026-07-24T21:29:04Z</time>
      </trkpt>
      <trkpt lat="42.169547" lon="-107.438252">
        <ele>2006.0</ele>
        <time>2026-07-24T21:29:06Z</time>
      </trkpt>
      <trkpt lat="42.170191" lon="-107.438686">
        <ele>2006.1</ele>
        <time>2026-07-24T21:29:09Z</time>
      </trkpt>
      <trkpt lat="42.170610" lon="-107.438998">
        <ele>2006.1</ele>
        <time>2026-07-24T21:29:11Z</time>
      </trkpt>
      <trkpt lat="42.171187" lon="-107.439455">
        <ele>2006.2</ele>
        <time>2026-07-24T21:29:14Z</time>
      </trkpt>
      <trkpt lat="42.173442" lon="-107.441298">
        <ele>2007.2</ele>
        <time>2026-07-24T21:29:25Z</time>
      </trkpt>
      <trkpt lat="42.176113" lon="-107.443461">
        <ele>2008.2</ele>
        <time>2026-07-24T21:29:38Z</time>
      </trkpt>
      <trkpt lat="42.178380" lon="-107.445278">
        <ele>2009.3</ele>
        <time>2026-07-24T21:29:49Z</time>
      </trkpt>
      <trkpt lat="42.180392" lon="-107.446914">
        <ele>2010.4</ele>
        <time>2026-07-24T21:29:59Z</time>
      </trkpt>
      <trkpt lat="42.183349" lon="-107.449283">
        <ele>2010.8</ele>
        <time>2026-07-24T21:30:14Z</time>
      </trkpt>
      <trkpt lat="42.185137" lon="-107.450735">
        <ele>2008.8</ele>
        <time>2026-07-24T21:30:23Z</time>
      </trkpt>
      <trkpt lat="42.194053" lon="-107.457922">
        <ele>2009.0</ele>
        <time>2026-07-24T21:31:08Z</time>
      </trkpt>
      <trkpt lat="42.194896" lon="-107.458573">
        <ele>2009.5</ele>
        <time>2026-07-24T21:31:12Z</time>
      </trkpt>
      <trkpt lat="42.195304" lon="-107.458873">
        <ele>2009.9</ele>
        <time>2026-07-24T21:31:14Z</time>
      </trkpt>
      <trkpt lat="42.195878" lon="-107.459276">
        <ele>2010.4</ele>
        <time>2026-07-24T21:31:17Z</time>
      </trkpt>
      <trkpt lat="42.196502" lon="-107.459689">
        <ele>2010.8</ele>
        <time>2026-07-24T21:31:20Z</time>
      </trkpt>
      <trkpt lat="42.206071" lon="-107.465912">
        <ele>2015.5</ele>
        <time>2026-07-24T21:32:06Z</time>
      </trkpt>
      <trkpt lat="42.206369" lon="-107.466142">
        <ele>2015.6</ele>
        <time>2026-07-24T21:32:07Z</time>
      </trkpt>
      <trkpt lat="42.206956" lon="-107.466526">
        <ele>2016.0</ele>
        <time>2026-07-24T21:32:10Z</time>
      </trkpt>
      <trkpt lat="42.210928" lon="-107.469094">
        <ele>2017.7</ele>
        <time>2026-07-24T21:32:29Z</time>
      </trkpt>
      <trkpt lat="42.216938" lon="-107.473012">
        <ele>2021.1</ele>
        <time>2026-07-24T21:32:58Z</time>
      </trkpt>
      <trkpt lat="42.217817" lon="-107.473573">
        <ele>2021.7</ele>
        <time>2026-07-24T21:33:02Z</time>
      </trkpt>
      <trkpt lat="42.218410" lon="-107.473922">
        <ele>2022.1</ele>
        <time>2026-07-24T21:33:05Z</time>
      </trkpt>
      <trkpt lat="42.218889" lon="-107.474165">
        <ele>2022.5</ele>
        <time>2026-07-24T21:33:07Z</time>
      </trkpt>
      <trkpt lat="42.219287" lon="-107.474335">
        <ele>2023.0</ele>
        <time>2026-07-24T21:33:09Z</time>
      </trkpt>
      <trkpt lat="42.219741" lon="-107.474457">
        <ele>2023.5</ele>
        <time>2026-07-24T21:33:11Z</time>
      </trkpt>
      <trkpt lat="42.220422" lon="-107.474576">
        <ele>2024.2</ele>
        <time>2026-07-24T21:33:14Z</time>
      </trkpt>
      <trkpt lat="42.220655" lon="-107.474603">
        <ele>2024.6</ele>
        <time>2026-07-24T21:33:15Z</time>
      </trkpt>
      <trkpt lat="42.221116" lon="-107.474635">
        <ele>2025.3</ele>
        <time>2026-07-24T21:33:17Z</time>
      </trkpt>
      <trkpt lat="42.221573" lon="-107.474622">
        <ele>2026.0</ele>
        <time>2026-07-24T21:33:19Z</time>
      </trkpt>
      <trkpt lat="42.222078" lon="-107.474577">
        <ele>2026.4</ele>
        <time>2026-07-24T21:33:21Z</time>
      </trkpt>
      <trkpt lat="42.222301" lon="-107.474540">
        <ele>2026.5</ele>
        <time>2026-07-24T21:33:22Z</time>
      </trkpt>
      <trkpt lat="42.222725" lon="-107.474446">
        <ele>2026.7</ele>
        <time>2026-07-24T21:33:24Z</time>
      </trkpt>
      <trkpt lat="42.222951" lon="-107.474382">
        <ele>2026.7</ele>
        <time>2026-07-24T21:33:25Z</time>
      </trkpt>
      <trkpt lat="42.223398" lon="-107.474229">
        <ele>2026.7</ele>
        <time>2026-07-24T21:33:27Z</time>
      </trkpt>
      <trkpt lat="42.223838" lon="-107.474040">
        <ele>2026.8</ele>
        <time>2026-07-24T21:33:29Z</time>
      </trkpt>
      <trkpt lat="42.224269" lon="-107.473820">
        <ele>2026.9</ele>
        <time>2026-07-24T21:33:31Z</time>
      </trkpt>
      <trkpt lat="42.225123" lon="-107.473336">
        <ele>2027.0</ele>
        <time>2026-07-24T21:33:35Z</time>
      </trkpt>
      <trkpt lat="42.232357" lon="-107.469167">
        <ele>2033.5</ele>
        <time>2026-07-24T21:34:09Z</time>
      </trkpt>
      <trkpt lat="42.233220" lon="-107.468665">
        <ele>2034.3</ele>
        <time>2026-07-24T21:34:13Z</time>
      </trkpt>
      <trkpt lat="42.234065" lon="-107.468159">
        <ele>2035.6</ele>
        <time>2026-07-24T21:34:17Z</time>
      </trkpt>
      <trkpt lat="42.234277" lon="-107.468037">
        <ele>2036.1</ele>
        <time>2026-07-24T21:34:18Z</time>
      </trkpt>
      <trkpt lat="42.234496" lon="-107.467936">
        <ele>2036.7</ele>
        <time>2026-07-24T21:34:19Z</time>
      </trkpt>
      <trkpt lat="42.238112" lon="-107.465855">
        <ele>2051.4</ele>
        <time>2026-07-24T21:34:36Z</time>
      </trkpt>
      <trkpt lat="42.242776" lon="-107.463148">
        <ele>2057.3</ele>
        <time>2026-07-24T21:34:58Z</time>
      </trkpt>
      <trkpt lat="42.242986" lon="-107.463018">
        <ele>2057.2</ele>
        <time>2026-07-24T21:34:59Z</time>
      </trkpt>
      <trkpt lat="42.243608" lon="-107.462601">
        <ele>2057.1</ele>
        <time>2026-07-24T21:35:02Z</time>
      </trkpt>
      <trkpt lat="42.243844" lon="-107.462399">
        <ele>2057.1</ele>
        <time>2026-07-24T21:35:03Z</time>
      </trkpt>
      <trkpt lat="42.244449" lon="-107.461929">
        <ele>2056.8</ele>
        <time>2026-07-24T21:35:06Z</time>
      </trkpt>
      <trkpt lat="42.244846" lon="-107.461593">
        <ele>2056.6</ele>
        <time>2026-07-24T21:35:08Z</time>
      </trkpt>
      <trkpt lat="42.246013" lon="-107.460579">
        <ele>2056.0</ele>
        <time>2026-07-24T21:35:14Z</time>
      </trkpt>
      <trkpt lat="42.248340" lon="-107.458532">
        <ele>2055.0</ele>
        <time>2026-07-24T21:35:26Z</time>
      </trkpt>
      <trkpt lat="42.248909" lon="-107.457995">
        <ele>2054.8</ele>
        <time>2026-07-24T21:35:29Z</time>
      </trkpt>
      <trkpt lat="42.249275" lon="-107.457610">
        <ele>2054.6</ele>
        <time>2026-07-24T21:35:31Z</time>
      </trkpt>
      <trkpt lat="42.249433" lon="-107.457385">
        <ele>2054.6</ele>
        <time>2026-07-24T21:35:32Z</time>
      </trkpt>
      <trkpt lat="42.249768" lon="-107.456953">
        <ele>2054.6</ele>
        <time>2026-07-24T21:35:34Z</time>
      </trkpt>
      <trkpt lat="42.250078" lon="-107.456487">
        <ele>2054.6</ele>
        <time>2026-07-24T21:35:36Z</time>
      </trkpt>
      <trkpt lat="42.250370" lon="-107.456009">
        <ele>2054.5</ele>
        <time>2026-07-24T21:35:38Z</time>
      </trkpt>
      <trkpt lat="42.250764" lon="-107.455241">
        <ele>2053.9</ele>
        <time>2026-07-24T21:35:41Z</time>
      </trkpt>
      <trkpt lat="42.253181" lon="-107.449933">
        <ele>2050.5</ele>
        <time>2026-07-24T21:36:01Z</time>
      </trkpt>
      <trkpt lat="42.253560" lon="-107.449159">
        <ele>2050.5</ele>
        <time>2026-07-24T21:36:04Z</time>
      </trkpt>
      <trkpt lat="42.253705" lon="-107.448917">
        <ele>2050.5</ele>
        <time>2026-07-24T21:36:05Z</time>
      </trkpt>
      <trkpt lat="42.253983" lon="-107.448416">
        <ele>2050.4</ele>
        <time>2026-07-24T21:36:07Z</time>
      </trkpt>
      <trkpt lat="42.254129" lon="-107.448176">
        <ele>2050.3</ele>
        <time>2026-07-24T21:36:08Z</time>
      </trkpt>
      <trkpt lat="42.254438" lon="-107.447710">
        <ele>2050.0</ele>
        <time>2026-07-24T21:36:10Z</time>
      </trkpt>
      <trkpt lat="42.254602" lon="-107.447484">
        <ele>2049.7</ele>
        <time>2026-07-24T21:36:11Z</time>
      </trkpt>
      <trkpt lat="42.254940" lon="-107.447056">
        <ele>2049.1</ele>
        <time>2026-07-24T21:36:13Z</time>
      </trkpt>
      <trkpt lat="42.255297" lon="-107.446656">
        <ele>2048.3</ele>
        <time>2026-07-24T21:36:15Z</time>
      </trkpt>
      <trkpt lat="42.255674" lon="-107.446283">
        <ele>2047.4</ele>
        <time>2026-07-24T21:36:17Z</time>
      </trkpt>
      <trkpt lat="42.255914" lon="-107.446105">
        <ele>2046.9</ele>
        <time>2026-07-24T21:36:18Z</time>
      </trkpt>
      <trkpt lat="42.256309" lon="-107.445778">
        <ele>2045.8</ele>
        <time>2026-07-24T21:36:20Z</time>
      </trkpt>
      <trkpt lat="42.256721" lon="-107.445490">
        <ele>2044.6</ele>
        <time>2026-07-24T21:36:22Z</time>
      </trkpt>
      <trkpt lat="42.257146" lon="-107.445237">
        <ele>2043.4</ele>
        <time>2026-07-24T21:36:24Z</time>
      </trkpt>
      <trkpt lat="42.257577" lon="-107.445017">
        <ele>2042.3</ele>
        <time>2026-07-24T21:36:26Z</time>
      </trkpt>
      <trkpt lat="42.258018" lon="-107.444821">
        <ele>2041.2</ele>
        <time>2026-07-24T21:36:28Z</time>
      </trkpt>
      <trkpt lat="42.258457" lon="-107.444651">
        <ele>2040.0</ele>
        <time>2026-07-24T21:36:30Z</time>
      </trkpt>
      <trkpt lat="42.260427" lon="-107.443931">
        <ele>2035.3</ele>
        <time>2026-07-24T21:36:39Z</time>
      </trkpt>
      <trkpt lat="42.263326" lon="-107.442842">
        <ele>2029.4</ele>
        <time>2026-07-24T21:36:52Z</time>
      </trkpt>
      <trkpt lat="42.263776" lon="-107.442688">
        <ele>2028.3</ele>
        <time>2026-07-24T21:36:54Z</time>
      </trkpt>
      <trkpt lat="42.264001" lon="-107.442620">
        <ele>2027.6</ele>
        <time>2026-07-24T21:36:55Z</time>
      </trkpt>
      <trkpt lat="42.264317" lon="-107.442628">
        <ele>2027.0</ele>
        <time>2026-07-24T21:36:56Z</time>
      </trkpt>
      <trkpt lat="42.264540" lon="-107.442576">
        <ele>2026.3</ele>
        <time>2026-07-24T21:36:57Z</time>
      </trkpt>
      <trkpt lat="42.265004" lon="-107.442499">
        <ele>2024.9</ele>
        <time>2026-07-24T21:36:59Z</time>
      </trkpt>
      <trkpt lat="42.265468" lon="-107.442461">
        <ele>2023.5</ele>
        <time>2026-07-24T21:37:01Z</time>
      </trkpt>
      <trkpt lat="42.265928" lon="-107.442462">
        <ele>2022.4</ele>
        <time>2026-07-24T21:37:03Z</time>
      </trkpt>
      <trkpt lat="42.266392" lon="-107.442502">
        <ele>2021.1</ele>
        <time>2026-07-24T21:37:05Z</time>
      </trkpt>
      <trkpt lat="42.266852" lon="-107.442580">
        <ele>2019.8</ele>
        <time>2026-07-24T21:37:07Z</time>
      </trkpt>
      <trkpt lat="42.267079" lon="-107.442632">
        <ele>2019.3</ele>
        <time>2026-07-24T21:37:08Z</time>
      </trkpt>
      <trkpt lat="42.267534" lon="-107.442759">
        <ele>2018.0</ele>
        <time>2026-07-24T21:37:10Z</time>
      </trkpt>
      <trkpt lat="42.267781" lon="-107.442918">
        <ele>2017.2</ele>
        <time>2026-07-24T21:37:11Z</time>
      </trkpt>
      <trkpt lat="42.268225" lon="-107.443098">
        <ele>2015.7</ele>
        <time>2026-07-24T21:37:13Z</time>
      </trkpt>
      <trkpt lat="42.268442" lon="-107.443203">
        <ele>2014.9</ele>
        <time>2026-07-24T21:37:14Z</time>
      </trkpt>
      <trkpt lat="42.268872" lon="-107.443440">
        <ele>2013.4</ele>
        <time>2026-07-24T21:37:16Z</time>
      </trkpt>
      <trkpt lat="42.269291" lon="-107.443707">
        <ele>2012.1</ele>
        <time>2026-07-24T21:37:18Z</time>
      </trkpt>
      <trkpt lat="42.269699" lon="-107.444007">
        <ele>2010.5</ele>
        <time>2026-07-24T21:37:20Z</time>
      </trkpt>
      <trkpt lat="42.269887" lon="-107.444187">
        <ele>2009.6</ele>
        <time>2026-07-24T21:37:21Z</time>
      </trkpt>
      <trkpt lat="42.270084" lon="-107.444356">
        <ele>2008.5</ele>
        <time>2026-07-24T21:37:22Z</time>
      </trkpt>
      <trkpt lat="42.270286" lon="-107.444506">
        <ele>2007.4</ele>
        <time>2026-07-24T21:37:23Z</time>
      </trkpt>
      <trkpt lat="42.270485" lon="-107.444769">
        <ele>2006.4</ele>
        <time>2026-07-24T21:37:24Z</time>
      </trkpt>
      <trkpt lat="42.271443" lon="-107.445622">
        <ele>2002.2</ele>
        <time>2026-07-24T21:37:29Z</time>
      </trkpt>
      <trkpt lat="42.275075" lon="-107.448818">
        <ele>2005.9</ele>
        <time>2026-07-24T21:37:48Z</time>
      </trkpt>
      <trkpt lat="42.278601" lon="-107.451868">
        <ele>2004.0</ele>
        <time>2026-07-24T21:38:06Z</time>
      </trkpt>
      <trkpt lat="42.281135" lon="-107.454082">
        <ele>1995.3</ele>
        <time>2026-07-24T21:38:19Z</time>
      </trkpt>
      <trkpt lat="42.281535" lon="-107.454400">
        <ele>1993.8</ele>
        <time>2026-07-24T21:38:21Z</time>
      </trkpt>
      <trkpt lat="42.281938" lon="-107.454701">
        <ele>1992.5</ele>
        <time>2026-07-24T21:38:23Z</time>
      </trkpt>
      <trkpt lat="42.282349" lon="-107.454982">
        <ele>1991.1</ele>
        <time>2026-07-24T21:38:25Z</time>
      </trkpt>
      <trkpt lat="42.282977" lon="-107.455370">
        <ele>1989.5</ele>
        <time>2026-07-24T21:38:28Z</time>
      </trkpt>
      <trkpt lat="42.283616" lon="-107.455723">
        <ele>1988.4</ele>
        <time>2026-07-24T21:38:31Z</time>
      </trkpt>
      <trkpt lat="42.283838" lon="-107.455810">
        <ele>1988.0</ele>
        <time>2026-07-24T21:38:32Z</time>
      </trkpt>
      <trkpt lat="42.284496" lon="-107.456105">
        <ele>1986.9</ele>
        <time>2026-07-24T21:38:35Z</time>
      </trkpt>
      <trkpt lat="42.284941" lon="-107.456280">
        <ele>1986.1</ele>
        <time>2026-07-24T21:38:37Z</time>
      </trkpt>
      <trkpt lat="42.285567" lon="-107.456497">
        <ele>1984.9</ele>
        <time>2026-07-24T21:38:40Z</time>
      </trkpt>
      <trkpt lat="42.286566" lon="-107.456776">
        <ele>1983.3</ele>
        <time>2026-07-24T21:38:44Z</time>
      </trkpt>
      <trkpt lat="42.292023" lon="-107.458156">
        <ele>1977.7</ele>
        <time>2026-07-24T21:39:08Z</time>
      </trkpt>
      <trkpt lat="42.292250" lon="-107.458215">
        <ele>1977.6</ele>
        <time>2026-07-24T21:39:09Z</time>
      </trkpt>
      <trkpt lat="42.292476" lon="-107.458301">
        <ele>1977.5</ele>
        <time>2026-07-24T21:39:10Z</time>
      </trkpt>
      <trkpt lat="42.293617" lon="-107.458579">
        <ele>1977.1</ele>
        <time>2026-07-24T21:39:15Z</time>
      </trkpt>
      <trkpt lat="42.294985" lon="-107.458933">
        <ele>1976.7</ele>
        <time>2026-07-24T21:39:21Z</time>
      </trkpt>
      <trkpt lat="42.295215" lon="-107.458968">
        <ele>1976.6</ele>
        <time>2026-07-24T21:39:22Z</time>
      </trkpt>
      <trkpt lat="42.295442" lon="-107.459024">
        <ele>1976.5</ele>
        <time>2026-07-24T21:39:23Z</time>
      </trkpt>
      <trkpt lat="42.295669" lon="-107.459105">
        <ele>1976.4</ele>
        <time>2026-07-24T21:39:24Z</time>
      </trkpt>
      <trkpt lat="42.295895" lon="-107.459163">
        <ele>1976.3</ele>
        <time>2026-07-24T21:39:25Z</time>
      </trkpt>
      <trkpt lat="42.296128" lon="-107.459198">
        <ele>1976.2</ele>
        <time>2026-07-24T21:39:26Z</time>
      </trkpt>
      <trkpt lat="42.296355" lon="-107.459254">
        <ele>1976.1</ele>
        <time>2026-07-24T21:39:27Z</time>
      </trkpt>
      <trkpt lat="42.296536" lon="-107.459322">
        <ele>1976.1</ele>
        <time>2026-07-24T21:39:28Z</time>
      </trkpt>
      <trkpt lat="42.303605" lon="-107.461104">
        <ele>1970.9</ele>
        <time>2026-07-24T21:39:59Z</time>
      </trkpt>
      <trkpt lat="42.312649" lon="-107.463400">
        <ele>1963.8</ele>
        <time>2026-07-24T21:40:39Z</time>
      </trkpt>
      <trkpt lat="42.312882" lon="-107.463436">
        <ele>1964.3</ele>
        <time>2026-07-24T21:40:40Z</time>
      </trkpt>
      <trkpt lat="42.313106" lon="-107.463516">
        <ele>1964.9</ele>
        <time>2026-07-24T21:40:41Z</time>
      </trkpt>
      <trkpt lat="42.324353" lon="-107.466347">
        <ele>1958.2</ele>
        <time>2026-07-24T21:41:30Z</time>
      </trkpt>
      <trkpt lat="42.325036" lon="-107.466494">
        <ele>1956.4</ele>
        <time>2026-07-24T21:41:33Z</time>
      </trkpt>
      <trkpt lat="42.325266" lon="-107.466509">
        <ele>1956.0</ele>
        <time>2026-07-24T21:41:34Z</time>
      </trkpt>
      <trkpt lat="42.331955" lon="-107.467374">
        <ele>1956.3</ele>
        <time>2026-07-24T21:42:03Z</time>
      </trkpt>
      <trkpt lat="42.332233" lon="-107.467432">
        <ele>1956.0</ele>
        <time>2026-07-24T21:42:04Z</time>
      </trkpt>
      <trkpt lat="42.332649" lon="-107.467485">
        <ele>1955.2</ele>
        <time>2026-07-24T21:42:06Z</time>
      </trkpt>
      <trkpt lat="42.333341" lon="-107.467572">
        <ele>1954.0</ele>
        <time>2026-07-24T21:42:09Z</time>
      </trkpt>
      <trkpt lat="42.334034" lon="-107.467635">
        <ele>1952.6</ele>
        <time>2026-07-24T21:42:12Z</time>
      </trkpt>
      <trkpt lat="42.334268" lon="-107.467625">
        <ele>1951.9</ele>
        <time>2026-07-24T21:42:13Z</time>
      </trkpt>
      <trkpt lat="42.335196" lon="-107.467624">
        <ele>1949.9</ele>
        <time>2026-07-24T21:42:17Z</time>
      </trkpt>
      <trkpt lat="42.335838" lon="-107.467580">
        <ele>1948.5</ele>
        <time>2026-07-24T21:42:20Z</time>
      </trkpt>
      <trkpt lat="42.336347" lon="-107.467518">
        <ele>1947.6</ele>
        <time>2026-07-24T21:42:22Z</time>
      </trkpt>
      <trkpt lat="42.336760" lon="-107.467453">
        <ele>1946.7</ele>
        <time>2026-07-24T21:42:24Z</time>
      </trkpt>
      <trkpt lat="42.337313" lon="-107.467340">
        <ele>1945.7</ele>
        <time>2026-07-24T21:42:26Z</time>
      </trkpt>
      <trkpt lat="42.337998" lon="-107.467163">
        <ele>1944.2</ele>
        <time>2026-07-24T21:42:29Z</time>
      </trkpt>
      <trkpt lat="42.338446" lon="-107.467026">
        <ele>1943.3</ele>
        <time>2026-07-24T21:42:31Z</time>
      </trkpt>
      <trkpt lat="42.338894" lon="-107.466871">
        <ele>1942.3</ele>
        <time>2026-07-24T21:42:33Z</time>
      </trkpt>
      <trkpt lat="42.339338" lon="-107.466694">
        <ele>1941.4</ele>
        <time>2026-07-24T21:42:35Z</time>
      </trkpt>
      <trkpt lat="42.339775" lon="-107.466503">
        <ele>1940.3</ele>
        <time>2026-07-24T21:42:37Z</time>
      </trkpt>
      <trkpt lat="42.340209" lon="-107.466290">
        <ele>1939.3</ele>
        <time>2026-07-24T21:42:39Z</time>
      </trkpt>
      <trkpt lat="42.340641" lon="-107.466063">
        <ele>1938.3</ele>
        <time>2026-07-24T21:42:41Z</time>
      </trkpt>
      <trkpt lat="42.341067" lon="-107.465821">
        <ele>1937.4</ele>
        <time>2026-07-24T21:42:43Z</time>
      </trkpt>
      <trkpt lat="42.341485" lon="-107.465564">
        <ele>1936.7</ele>
        <time>2026-07-24T21:42:45Z</time>
      </trkpt>
      <trkpt lat="42.341897" lon="-107.465288">
        <ele>1936.0</ele>
        <time>2026-07-24T21:42:47Z</time>
      </trkpt>
      <trkpt lat="42.349215" lon="-107.459943">
        <ele>1931.4</ele>
        <time>2026-07-24T21:43:23Z</time>
      </trkpt>
      <trkpt lat="42.349429" lon="-107.459813">
        <ele>1931.6</ele>
        <time>2026-07-24T21:43:24Z</time>
      </trkpt>
      <trkpt lat="42.350082" lon="-107.459328">
        <ele>1931.2</ele>
        <time>2026-07-24T21:43:27Z</time>
      </trkpt>
      <trkpt lat="42.350237" lon="-107.459185">
        <ele>1931.1</ele>
        <time>2026-07-24T21:43:28Z</time>
      </trkpt>
      <trkpt lat="42.350637" lon="-107.458867">
        <ele>1930.9</ele>
        <time>2026-07-24T21:43:30Z</time>
      </trkpt>
      <trkpt lat="42.351068" lon="-107.458498">
        <ele>1930.7</ele>
        <time>2026-07-24T21:43:32Z</time>
      </trkpt>
      <trkpt lat="42.351609" lon="-107.458009">
        <ele>1929.9</ele>
        <time>2026-07-24T21:43:35Z</time>
      </trkpt>
      <trkpt lat="42.352180" lon="-107.457468">
        <ele>1928.6</ele>
        <time>2026-07-24T21:43:38Z</time>
      </trkpt>
      <trkpt lat="42.352731" lon="-107.456901">
        <ele>1926.8</ele>
        <time>2026-07-24T21:43:41Z</time>
      </trkpt>
      <trkpt lat="42.353812" lon="-107.455717">
        <ele>1922.4</ele>
        <time>2026-07-24T21:43:47Z</time>
      </trkpt>
      <trkpt lat="42.354032" lon="-107.455497">
        <ele>1921.8</ele>
        <time>2026-07-24T21:43:48Z</time>
      </trkpt>
      <trkpt lat="42.355998" lon="-107.453340">
        <ele>1919.1</ele>
        <time>2026-07-24T21:43:59Z</time>
      </trkpt>
      <trkpt lat="42.356352" lon="-107.452941">
        <ele>1919.0</ele>
        <time>2026-07-24T21:44:01Z</time>
      </trkpt>
      <trkpt lat="42.356519" lon="-107.452719">
        <ele>1918.9</ele>
        <time>2026-07-24T21:44:02Z</time>
      </trkpt>
      <trkpt lat="42.357037" lon="-107.452096">
        <ele>1918.7</ele>
        <time>2026-07-24T21:44:05Z</time>
      </trkpt>
      <trkpt lat="42.357528" lon="-107.451481">
        <ele>1918.5</ele>
        <time>2026-07-24T21:44:08Z</time>
      </trkpt>
      <trkpt lat="42.358156" lon="-107.450654">
        <ele>1918.3</ele>
        <time>2026-07-24T21:44:12Z</time>
      </trkpt>
      <trkpt lat="42.358612" lon="-107.450021">
        <ele>1918.1</ele>
        <time>2026-07-24T21:44:15Z</time>
      </trkpt>
      <trkpt lat="42.358785" lon="-107.449840">
        <ele>1918.0</ele>
        <time>2026-07-24T21:44:16Z</time>
      </trkpt>
      <trkpt lat="42.358934" lon="-107.449630">
        <ele>1918.0</ele>
        <time>2026-07-24T21:44:17Z</time>
      </trkpt>
      <trkpt lat="42.359064" lon="-107.449394">
        <ele>1917.9</ele>
        <time>2026-07-24T21:44:18Z</time>
      </trkpt>
      <trkpt lat="42.360050" lon="-107.448004">
        <ele>1917.6</ele>
        <time>2026-07-24T21:44:25Z</time>
      </trkpt>
      <trkpt lat="42.360204" lon="-107.447813">
        <ele>1917.5</ele>
        <time>2026-07-24T21:44:26Z</time>
      </trkpt>
      <trkpt lat="42.360763" lon="-107.446996">
        <ele>1917.5</ele>
        <time>2026-07-24T21:44:30Z</time>
      </trkpt>
      <trkpt lat="42.361718" lon="-107.445639">
        <ele>1916.5</ele>
        <time>2026-07-24T21:44:37Z</time>
      </trkpt>
      <trkpt lat="42.361831" lon="-107.445437">
        <ele>1916.3</ele>
        <time>2026-07-24T21:44:38Z</time>
      </trkpt>
      <trkpt lat="42.362782" lon="-107.443969">
        <ele>1915.1</ele>
        <time>2026-07-24T21:44:48Z</time>
      </trkpt>
      <trkpt lat="42.363000" lon="-107.444060">
        <ele>1915.0</ele>
        <time>2026-07-24T21:44:50Z</time>
      </trkpt>
      <trkpt lat="42.363063" lon="-107.444158">
        <ele>1914.8</ele>
        <time>2026-07-24T21:44:51Z</time>
      </trkpt>
      <trkpt lat="42.363153" lon="-107.444233">
        <ele>1914.7</ele>
        <time>2026-07-24T21:44:52Z</time>
      </trkpt>
      <trkpt lat="42.363338" lon="-107.444461">
        <ele>1914.0</ele>
        <time>2026-07-24T21:44:54Z</time>
      </trkpt>
      <trkpt lat="42.363572" lon="-107.444669">
        <ele>1913.1</ele>
        <time>2026-07-24T21:44:56Z</time>
      </trkpt>
      <trkpt lat="42.370245" lon="-107.449979">
        <ele>1918.9</ele>
        <time>2026-07-24T21:45:32Z</time>
      </trkpt>
      <trkpt lat="42.370637" lon="-107.450302">
        <ele>1921.4</ele>
        <time>2026-07-24T21:45:34Z</time>
      </trkpt>
      <trkpt lat="42.371018" lon="-107.450641">
        <ele>1923.6</ele>
        <time>2026-07-24T21:45:36Z</time>
      </trkpt>
      <trkpt lat="42.371391" lon="-107.450991">
        <ele>1925.8</ele>
        <time>2026-07-24T21:45:38Z</time>
      </trkpt>
      <trkpt lat="42.371939" lon="-107.451550">
        <ele>1928.5</ele>
        <time>2026-07-24T21:45:41Z</time>
      </trkpt>
      <trkpt lat="42.372473" lon="-107.452136">
        <ele>1930.9</ele>
        <time>2026-07-24T21:45:44Z</time>
      </trkpt>
      <trkpt lat="42.374027" lon="-107.453949">
        <ele>1934.8</ele>
        <time>2026-07-24T21:45:53Z</time>
      </trkpt>
      <trkpt lat="42.377793" lon="-107.458274">
        <ele>1934.7</ele>
        <time>2026-07-24T21:46:15Z</time>
      </trkpt>
      <trkpt lat="42.378183" lon="-107.458697">
        <ele>1934.9</ele>
        <time>2026-07-24T21:46:17Z</time>
      </trkpt>
      <trkpt lat="42.378548" lon="-107.459054">
        <ele>1935.1</ele>
        <time>2026-07-24T21:46:19Z</time>
      </trkpt>
      <trkpt lat="42.378906" lon="-107.459322">
        <ele>1935.2</ele>
        <time>2026-07-24T21:46:21Z</time>
      </trkpt>
      <trkpt lat="42.379308" lon="-107.459607">
        <ele>1935.3</ele>
        <time>2026-07-24T21:46:23Z</time>
      </trkpt>
      <trkpt lat="42.379721" lon="-107.459859">
        <ele>1935.4</ele>
        <time>2026-07-24T21:46:25Z</time>
      </trkpt>
      <trkpt lat="42.386661" lon="-107.463627">
        <ele>1937.9</ele>
        <time>2026-07-24T21:46:58Z</time>
      </trkpt>
      <trkpt lat="42.386865" lon="-107.463763">
        <ele>1938.3</ele>
        <time>2026-07-24T21:46:59Z</time>
      </trkpt>
      <trkpt lat="42.388124" lon="-107.464440">
        <ele>1940.4</ele>
        <time>2026-07-24T21:47:05Z</time>
      </trkpt>
      <trkpt lat="42.388538" lon="-107.464696">
        <ele>1941.0</ele>
        <time>2026-07-24T21:47:07Z</time>
      </trkpt>
      <trkpt lat="42.388904" lon="-107.464953">
        <ele>1941.3</ele>
        <time>2026-07-24T21:47:09Z</time>
      </trkpt>
      <trkpt lat="42.389295" lon="-107.465270">
        <ele>1941.5</ele>
        <time>2026-07-24T21:47:11Z</time>
      </trkpt>
      <trkpt lat="42.389523" lon="-107.465475">
        <ele>1941.6</ele>
        <time>2026-07-24T21:47:12Z</time>
      </trkpt>
      <trkpt lat="42.389855" lon="-107.465795">
        <ele>1941.7</ele>
        <time>2026-07-24T21:47:14Z</time>
      </trkpt>
      <trkpt lat="42.390210" lon="-107.466175">
        <ele>1941.9</ele>
        <time>2026-07-24T21:47:16Z</time>
      </trkpt>
      <trkpt lat="42.390412" lon="-107.466418">
        <ele>1941.8</ele>
        <time>2026-07-24T21:47:17Z</time>
      </trkpt>
      <trkpt lat="42.390705" lon="-107.466800">
        <ele>1942.1</ele>
        <time>2026-07-24T21:47:19Z</time>
      </trkpt>
      <trkpt lat="42.394345" lon="-107.471816">
        <ele>1956.2</ele>
        <time>2026-07-24T21:47:42Z</time>
      </trkpt>
      <trkpt lat="42.395310" lon="-107.473122">
        <ele>1959.3</ele>
        <time>2026-07-24T21:47:48Z</time>
      </trkpt>
      <trkpt lat="42.395466" lon="-107.473343">
        <ele>1959.6</ele>
        <time>2026-07-24T21:47:49Z</time>
      </trkpt>
      <trkpt lat="42.395770" lon="-107.473810">
        <ele>1960.1</ele>
        <time>2026-07-24T21:47:51Z</time>
      </trkpt>
      <trkpt lat="42.396190" lon="-107.474531">
        <ele>1960.2</ele>
        <time>2026-07-24T21:47:54Z</time>
      </trkpt>
      <trkpt lat="42.396455" lon="-107.475032">
        <ele>1960.1</ele>
        <time>2026-07-24T21:47:56Z</time>
      </trkpt>
      <trkpt lat="42.401721" lon="-107.485293">
        <ele>1954.0</ele>
        <time>2026-07-24T21:48:37Z</time>
      </trkpt>
      <trkpt lat="42.405076" lon="-107.491766">
        <ele>1967.6</ele>
        <time>2026-07-24T21:49:03Z</time>
      </trkpt>
      <trkpt lat="42.405344" lon="-107.492255">
        <ele>1968.6</ele>
        <time>2026-07-24T21:49:05Z</time>
      </trkpt>
      <trkpt lat="42.405487" lon="-107.492493">
        <ele>1969.0</ele>
        <time>2026-07-24T21:49:06Z</time>
      </trkpt>
      <trkpt lat="42.405956" lon="-107.493146">
        <ele>1971.2</ele>
        <time>2026-07-24T21:49:09Z</time>
      </trkpt>
      <trkpt lat="42.406449" lon="-107.493741">
        <ele>1973.9</ele>
        <time>2026-07-24T21:49:12Z</time>
      </trkpt>
      <trkpt lat="42.406986" lon="-107.494288">
        <ele>1976.4</ele>
        <time>2026-07-24T21:49:15Z</time>
      </trkpt>
      <trkpt lat="42.412921" lon="-107.500000">
        <ele>1977.3</ele>
        <time>2026-07-24T21:49:47Z</time>
      </trkpt>
      <trkpt lat="42.413096" lon="-107.500197">
        <ele>1976.6</ele>
        <time>2026-07-24T21:49:48Z</time>
      </trkpt>
      <trkpt lat="42.416752" lon="-107.503712">
        <ele>1966.5</ele>
        <time>2026-07-24T21:50:08Z</time>
      </trkpt>
      <trkpt lat="42.417295" lon="-107.504264">
        <ele>1964.4</ele>
        <time>2026-07-24T21:50:11Z</time>
      </trkpt>
      <trkpt lat="42.417822" lon="-107.504836">
        <ele>1962.3</ele>
        <time>2026-07-24T21:50:14Z</time>
      </trkpt>
      <trkpt lat="42.418343" lon="-107.505431">
        <ele>1959.6</ele>
        <time>2026-07-24T21:50:17Z</time>
      </trkpt>
      <trkpt lat="42.422451" lon="-107.510246">
        <ele>1951.9</ele>
        <time>2026-07-24T21:50:41Z</time>
      </trkpt>
      <trkpt lat="42.423837" lon="-107.511849">
        <ele>1952.2</ele>
        <time>2026-07-24T21:50:49Z</time>
      </trkpt>
      <trkpt lat="42.434252" lon="-107.523996">
        <ele>1943.6</ele>
        <time>2026-07-24T21:51:50Z</time>
      </trkpt>
      <trkpt lat="42.434464" lon="-107.524226">
        <ele>1943.4</ele>
        <time>2026-07-24T21:51:51Z</time>
      </trkpt>
      <trkpt lat="42.435541" lon="-107.525333">
        <ele>1941.8</ele>
        <time>2026-07-24T21:51:57Z</time>
      </trkpt>
      <trkpt lat="42.436038" lon="-107.525872">
        <ele>1940.6</ele>
        <time>2026-07-24T21:52:00Z</time>
      </trkpt>
      <trkpt lat="42.436556" lon="-107.526474">
        <ele>1939.1</ele>
        <time>2026-07-24T21:52:03Z</time>
      </trkpt>
      <trkpt lat="42.437754" lon="-107.527907">
        <ele>1934.1</ele>
        <time>2026-07-24T21:52:10Z</time>
      </trkpt>
      <trkpt lat="42.441003" lon="-107.531690">
        <ele>1926.7</ele>
        <time>2026-07-24T21:52:29Z</time>
      </trkpt>
      <trkpt lat="42.446154" lon="-107.537714">
        <ele>1919.2</ele>
        <time>2026-07-24T21:52:59Z</time>
      </trkpt>
      <trkpt lat="42.449725" lon="-107.541860">
        <ele>1914.6</ele>
        <time>2026-07-24T21:53:20Z</time>
      </trkpt>
      <trkpt lat="42.450091" lon="-107.542316">
        <ele>1914.6</ele>
        <time>2026-07-24T21:53:22Z</time>
      </trkpt>
      <trkpt lat="42.450373" lon="-107.542706">
        <ele>1914.8</ele>
        <time>2026-07-24T21:53:24Z</time>
      </trkpt>
      <trkpt lat="42.450669" lon="-107.543164">
        <ele>1915.3</ele>
        <time>2026-07-24T21:53:26Z</time>
      </trkpt>
      <trkpt lat="42.450949" lon="-107.543640">
        <ele>1915.9</ele>
        <time>2026-07-24T21:53:28Z</time>
      </trkpt>
      <trkpt lat="42.451205" lon="-107.544140">
        <ele>1916.3</ele>
        <time>2026-07-24T21:53:30Z</time>
      </trkpt>
      <trkpt lat="42.451436" lon="-107.544678">
        <ele>1917.0</ele>
        <time>2026-07-24T21:53:32Z</time>
      </trkpt>
      <trkpt lat="42.451648" lon="-107.545220">
        <ele>1917.6</ele>
        <time>2026-07-24T21:53:34Z</time>
      </trkpt>
      <trkpt lat="42.451839" lon="-107.545788">
        <ele>1918.3</ele>
        <time>2026-07-24T21:53:36Z</time>
      </trkpt>
      <trkpt lat="42.451911" lon="-107.546079">
        <ele>1918.6</ele>
        <time>2026-07-24T21:53:37Z</time>
      </trkpt>
      <trkpt lat="42.452165" lon="-107.546937">
        <ele>1919.0</ele>
        <time>2026-07-24T21:53:40Z</time>
      </trkpt>
      <trkpt lat="42.452263" lon="-107.547214">
        <ele>1919.1</ele>
        <time>2026-07-24T21:53:41Z</time>
      </trkpt>
      <trkpt lat="42.452596" lon="-107.548377">
        <ele>1918.2</ele>
        <time>2026-07-24T21:53:45Z</time>
      </trkpt>
      <trkpt lat="42.453526" lon="-107.551522">
        <ele>1908.4</ele>
        <time>2026-07-24T21:53:56Z</time>
      </trkpt>
      <trkpt lat="42.456325" lon="-107.560923">
        <ele>1903.8</ele>
        <time>2026-07-24T21:54:29Z</time>
      </trkpt>
      <trkpt lat="42.465630" lon="-107.591721">
        <ele>1892.1</ele>
        <time>2026-07-24T21:56:18Z</time>
      </trkpt>
      <trkpt lat="42.465806" lon="-107.592288">
        <ele>1891.8</ele>
        <time>2026-07-24T21:56:20Z</time>
      </trkpt>
      <trkpt lat="42.466005" lon="-107.592848">
        <ele>1891.4</ele>
        <time>2026-07-24T21:56:22Z</time>
      </trkpt>
      <trkpt lat="42.466261" lon="-107.593353">
        <ele>1890.7</ele>
        <time>2026-07-24T21:56:24Z</time>
      </trkpt>
      <trkpt lat="42.466682" lon="-107.594074">
        <ele>1889.8</ele>
        <time>2026-07-24T21:56:27Z</time>
      </trkpt>
      <trkpt lat="42.469996" lon="-107.599026">
        <ele>1891.1</ele>
        <time>2026-07-24T21:56:49Z</time>
      </trkpt>
      <trkpt lat="42.470174" lon="-107.599312">
        <ele>1891.1</ele>
        <time>2026-07-24T21:56:50Z</time>
      </trkpt>
      <trkpt lat="42.470306" lon="-107.599565">
        <ele>1891.1</ele>
        <time>2026-07-24T21:56:51Z</time>
      </trkpt>
      <trkpt lat="42.470725" lon="-107.600296">
        <ele>1891.1</ele>
        <time>2026-07-24T21:56:54Z</time>
      </trkpt>
      <trkpt lat="42.470983" lon="-107.600793">
        <ele>1891.2</ele>
        <time>2026-07-24T21:56:56Z</time>
      </trkpt>
      <trkpt lat="42.472335" lon="-107.603551">
        <ele>1891.8</ele>
        <time>2026-07-24T21:57:07Z</time>
      </trkpt>
      <trkpt lat="42.472475" lon="-107.603794">
        <ele>1891.6</ele>
        <time>2026-07-24T21:57:08Z</time>
      </trkpt>
      <trkpt lat="42.472587" lon="-107.604062">
        <ele>1891.5</ele>
        <time>2026-07-24T21:57:09Z</time>
      </trkpt>
      <trkpt lat="42.472841" lon="-107.604572">
        <ele>1891.0</ele>
        <time>2026-07-24T21:57:11Z</time>
      </trkpt>
      <trkpt lat="42.473096" lon="-107.605077">
        <ele>1890.8</ele>
        <time>2026-07-24T21:57:13Z</time>
      </trkpt>
      <trkpt lat="42.473236" lon="-107.605313">
        <ele>1890.6</ele>
        <time>2026-07-24T21:57:14Z</time>
      </trkpt>
      <trkpt lat="42.474125" lon="-107.607093">
        <ele>1890.1</ele>
        <time>2026-07-24T21:57:21Z</time>
      </trkpt>
      <trkpt lat="42.474239" lon="-107.607360">
        <ele>1890.1</ele>
        <time>2026-07-24T21:57:22Z</time>
      </trkpt>
      <trkpt lat="42.477410" lon="-107.613672">
        <ele>1892.5</ele>
        <time>2026-07-24T21:57:47Z</time>
      </trkpt>
      <trkpt lat="42.477763" lon="-107.614458">
        <ele>1893.6</ele>
        <time>2026-07-24T21:57:50Z</time>
      </trkpt>
      <trkpt lat="42.478072" lon="-107.615274">
        <ele>1894.8</ele>
        <time>2026-07-24T21:57:53Z</time>
      </trkpt>
      <trkpt lat="42.478239" lon="-107.615775">
        <ele>1895.6</ele>
        <time>2026-07-24T21:57:55Z</time>
      </trkpt>
      <trkpt lat="42.478497" lon="-107.616630">
        <ele>1896.5</ele>
        <time>2026-07-24T21:57:58Z</time>
      </trkpt>
      <trkpt lat="42.479072" lon="-107.618639">
        <ele>1897.9</ele>
        <time>2026-07-24T21:58:05Z</time>
      </trkpt>
      <trkpt lat="42.479303" lon="-107.619509">
        <ele>1898.0</ele>
        <time>2026-07-24T21:58:08Z</time>
      </trkpt>
      <trkpt lat="42.479497" lon="-107.620399">
        <ele>1897.8</ele>
        <time>2026-07-24T21:58:11Z</time>
      </trkpt>
      <trkpt lat="42.480568" lon="-107.626030">
        <ele>1892.0</ele>
        <time>2026-07-24T21:58:30Z</time>
      </trkpt>
      <trkpt lat="42.480706" lon="-107.626930">
        <ele>1892.3</ele>
        <time>2026-07-24T21:58:33Z</time>
      </trkpt>
      <trkpt lat="42.481555" lon="-107.634212">
        <ele>1897.5</ele>
        <time>2026-07-24T21:58:57Z</time>
      </trkpt>
      <trkpt lat="42.482631" lon="-107.643221">
        <ele>1893.6</ele>
        <time>2026-07-24T21:59:27Z</time>
      </trkpt>
      <trkpt lat="42.483246" lon="-107.648291">
        <ele>1896.7</ele>
        <time>2026-07-24T21:59:44Z</time>
      </trkpt>
      <trkpt lat="42.483351" lon="-107.649264">
        <ele>1897.1</ele>
        <time>2026-07-24T21:59:47Z</time>
      </trkpt>
      <trkpt lat="42.483421" lon="-107.650119">
        <ele>1897.3</ele>
        <time>2026-07-24T21:59:50Z</time>
      </trkpt>
      <trkpt lat="42.483458" lon="-107.650796">
        <ele>1897.6</ele>
        <time>2026-07-24T21:59:52Z</time>
      </trkpt>
      <trkpt lat="42.483692" lon="-107.657157">
        <ele>1899.4</ele>
        <time>2026-07-24T22:00:13Z</time>
      </trkpt>
      <trkpt lat="42.484089" lon="-107.667192">
        <ele>1908.6</ele>
        <time>2026-07-24T22:00:46Z</time>
      </trkpt>
      <trkpt lat="42.485946" lon="-107.698900">
        <ele>1925.5</ele>
        <time>2026-07-24T22:02:30Z</time>
      </trkpt>
      <trkpt lat="42.486227" lon="-107.703730">
        <ele>1925.7</ele>
        <time>2026-07-24T22:02:46Z</time>
      </trkpt>
      <trkpt lat="42.486429" lon="-107.707400">
        <ele>1925.2</ele>
        <time>2026-07-24T22:02:58Z</time>
      </trkpt>
      <trkpt lat="42.486723" lon="-107.714447">
        <ele>1915.9</ele>
        <time>2026-07-24T22:03:21Z</time>
      </trkpt>
      <trkpt lat="42.487379" lon="-107.729687">
        <ele>1915.5</ele>
        <time>2026-07-24T22:04:11Z</time>
      </trkpt>
      <trkpt lat="42.488017" lon="-107.744908">
        <ele>1919.8</ele>
        <time>2026-07-24T22:05:01Z</time>
      </trkpt>
      <trkpt lat="42.490447" lon="-107.803452">
        <ele>1929.6</ele>
        <time>2026-07-24T22:08:13Z</time>
      </trkpt>
      <trkpt lat="42.490486" lon="-107.804064">
        <ele>1929.6</ele>
        <time>2026-07-24T22:08:15Z</time>
      </trkpt>
      <trkpt lat="42.490577" lon="-107.804979">
        <ele>1929.5</ele>
        <time>2026-07-24T22:08:18Z</time>
      </trkpt>
      <trkpt lat="42.490719" lon="-107.805877">
        <ele>1929.6</ele>
        <time>2026-07-24T22:08:21Z</time>
      </trkpt>
      <trkpt lat="42.491384" lon="-107.809373">
        <ele>1929.9</ele>
        <time>2026-07-24T22:08:33Z</time>
      </trkpt>
      <trkpt lat="42.494984" lon="-107.827960">
        <ele>1931.7</ele>
        <time>2026-07-24T22:09:42Z</time>
      </trkpt>
      <trkpt lat="42.498467" lon="-107.846217">
        <ele>1938.2</ele>
        <time>2026-07-24T22:10:50Z</time>
      </trkpt>
      <trkpt lat="42.506836" lon="-107.889952">
        <ele>1942.9</ele>
        <time>2026-07-24T22:13:20Z</time>
      </trkpt>
      <trkpt lat="42.509298" lon="-107.902763">
        <ele>1949.2</ele>
        <time>2026-07-24T22:14:04Z</time>
      </trkpt>
      <trkpt lat="42.509461" lon="-107.903707">
        <ele>1948.4</ele>
        <time>2026-07-24T22:14:07Z</time>
      </trkpt>
      <trkpt lat="42.509578" lon="-107.904542">
        <ele>1947.5</ele>
        <time>2026-07-24T22:14:10Z</time>
      </trkpt>
      <trkpt lat="42.510314" lon="-107.911455">
        <ele>1937.8</ele>
        <time>2026-07-24T22:14:33Z</time>
      </trkpt>
      <trkpt lat="42.511193" lon="-107.919491">
        <ele>1942.9</ele>
        <time>2026-07-24T22:15:00Z</time>
      </trkpt>
      <trkpt lat="42.511731" lon="-107.924301">
        <ele>1947.0</ele>
        <time>2026-07-24T22:15:16Z</time>
      </trkpt>
      <trkpt lat="42.512845" lon="-107.934510">
        <ele>1957.4</ele>
        <time>2026-07-24T22:15:50Z</time>
      </trkpt>
      <trkpt lat="42.513091" lon="-107.936844">
        <ele>1958.3</ele>
        <time>2026-07-24T22:15:58Z</time>
      </trkpt>
      <trkpt lat="42.513195" lon="-107.938112">
        <ele>1958.7</ele>
        <time>2026-07-24T22:16:02Z</time>
      </trkpt>
      <trkpt lat="42.517290" lon="-108.007915">
        <ele>1963.9</ele>
        <time>2026-07-24T22:19:54Z</time>
      </trkpt>
      <trkpt lat="42.517359" lon="-108.008819">
        <ele>1963.1</ele>
        <time>2026-07-24T22:19:57Z</time>
      </trkpt>
      <trkpt lat="42.517454" lon="-108.009712">
        <ele>1962.5</ele>
        <time>2026-07-24T22:20:00Z</time>
      </trkpt>
      <trkpt lat="42.517633" lon="-108.010893">
        <ele>1962.4</ele>
        <time>2026-07-24T22:20:04Z</time>
      </trkpt>
      <trkpt lat="42.517796" lon="-108.011774">
        <ele>1962.6</ele>
        <time>2026-07-24T22:20:07Z</time>
      </trkpt>
      <trkpt lat="42.518364" lon="-108.014391">
        <ele>1964.0</ele>
        <time>2026-07-24T22:20:16Z</time>
      </trkpt>
      <trkpt lat="42.518712" lon="-108.016145">
        <ele>1964.9</ele>
        <time>2026-07-24T22:20:22Z</time>
      </trkpt>
      <trkpt lat="42.520226" lon="-108.024618">
        <ele>1975.5</ele>
        <time>2026-07-24T22:20:51Z</time>
      </trkpt>
      <trkpt lat="42.525016" lon="-108.051600">
        <ele>2001.5</ele>
        <time>2026-07-24T22:22:23Z</time>
      </trkpt>
      <trkpt lat="42.525195" lon="-108.052482">
        <ele>2002.8</ele>
        <time>2026-07-24T22:22:26Z</time>
      </trkpt>
      <trkpt lat="42.525335" lon="-108.053057">
        <ele>2002.6</ele>
        <time>2026-07-24T22:22:28Z</time>
      </trkpt>
      <trkpt lat="42.529328" lon="-108.068135">
        <ele>2004.4</ele>
        <time>2026-07-24T22:23:21Z</time>
      </trkpt>
      <trkpt lat="42.540540" lon="-108.110816">
        <ele>1998.5</ele>
        <time>2026-07-24T22:25:51Z</time>
      </trkpt>
      <trkpt lat="42.540988" lon="-108.112508">
        <ele>2002.3</ele>
        <time>2026-07-24T22:25:57Z</time>
      </trkpt>
      <trkpt lat="42.541462" lon="-108.114202">
        <ele>2008.6</ele>
        <time>2026-07-24T22:26:03Z</time>
      </trkpt>
      <trkpt lat="42.542658" lon="-108.118774">
        <ele>2027.1</ele>
        <time>2026-07-24T22:26:19Z</time>
      </trkpt>
      <trkpt lat="42.543495" lon="-108.121916">
        <ele>2038.6</ele>
        <time>2026-07-24T22:26:30Z</time>
      </trkpt>
      <trkpt lat="42.543638" lon="-108.122493">
        <ele>2040.2</ele>
        <time>2026-07-24T22:26:32Z</time>
      </trkpt>
      <trkpt lat="42.543831" lon="-108.123363">
        <ele>2042.5</ele>
        <time>2026-07-24T22:26:35Z</time>
      </trkpt>
      <trkpt lat="42.544004" lon="-108.124243">
        <ele>2044.3</ele>
        <time>2026-07-24T22:26:38Z</time>
      </trkpt>
      <trkpt lat="42.544144" lon="-108.125077">
        <ele>2045.6</ele>
        <time>2026-07-24T22:26:41Z</time>
      </trkpt>
      <trkpt lat="42.544307" lon="-108.126269">
        <ele>2046.7</ele>
        <time>2026-07-24T22:26:45Z</time>
      </trkpt>
      <trkpt lat="42.544377" lon="-108.126934">
        <ele>2047.2</ele>
        <time>2026-07-24T22:26:47Z</time>
      </trkpt>
      <trkpt lat="42.544447" lon="-108.127776">
        <ele>2047.3</ele>
        <time>2026-07-24T22:26:50Z</time>
      </trkpt>
      <trkpt lat="42.544502" lon="-108.128684">
        <ele>2047.1</ele>
        <time>2026-07-24T22:26:53Z</time>
      </trkpt>
      <trkpt lat="42.544528" lon="-108.129293">
        <ele>2046.9</ele>
        <time>2026-07-24T22:26:55Z</time>
      </trkpt>
      <trkpt lat="42.544546" lon="-108.130204">
        <ele>2046.2</ele>
        <time>2026-07-24T22:26:58Z</time>
      </trkpt>
      <trkpt lat="42.544545" lon="-108.130808">
        <ele>2045.6</ele>
        <time>2026-07-24T22:27:00Z</time>
      </trkpt>
      <trkpt lat="42.544523" lon="-108.131114">
        <ele>2045.2</ele>
        <time>2026-07-24T22:27:01Z</time>
      </trkpt>
      <trkpt lat="42.544471" lon="-108.132325">
        <ele>2044.4</ele>
        <time>2026-07-24T22:27:05Z</time>
      </trkpt>
      <trkpt lat="42.544432" lon="-108.132922">
        <ele>2044.1</ele>
        <time>2026-07-24T22:27:07Z</time>
      </trkpt>
      <trkpt lat="42.544425" lon="-108.133225">
        <ele>2044.0</ele>
        <time>2026-07-24T22:27:08Z</time>
      </trkpt>
      <trkpt lat="42.544354" lon="-108.133821">
        <ele>2043.7</ele>
        <time>2026-07-24T22:27:10Z</time>
      </trkpt>
      <trkpt lat="42.544298" lon="-108.134147">
        <ele>2043.5</ele>
        <time>2026-07-24T22:27:11Z</time>
      </trkpt>
      <trkpt lat="42.544091" lon="-108.136255">
        <ele>2041.6</ele>
        <time>2026-07-24T22:27:18Z</time>
      </trkpt>
      <trkpt lat="42.543776" lon="-108.139878">
        <ele>2035.2</ele>
        <time>2026-07-24T22:27:30Z</time>
      </trkpt>
      <trkpt lat="42.541235" lon="-108.170184">
        <ele>2012.1</ele>
        <time>2026-07-24T22:29:11Z</time>
      </trkpt>
      <trkpt lat="42.541063" lon="-108.172298">
        <ele>2011.6</ele>
        <time>2026-07-24T22:29:18Z</time>
      </trkpt>
      <trkpt lat="42.540965" lon="-108.173752">
        <ele>2011.3</ele>
        <time>2026-07-24T22:29:23Z</time>
      </trkpt>
      <trkpt lat="42.540947" lon="-108.174363">
        <ele>2011.1</ele>
        <time>2026-07-24T22:29:25Z</time>
      </trkpt>
      <trkpt lat="42.540947" lon="-108.175035">
        <ele>2010.7</ele>
        <time>2026-07-24T22:29:27Z</time>
      </trkpt>
      <trkpt lat="42.540963" lon="-108.175582">
        <ele>2010.2</ele>
        <time>2026-07-24T22:29:29Z</time>
      </trkpt>
      <trkpt lat="42.541000" lon="-108.176192">
        <ele>2009.5</ele>
        <time>2026-07-24T22:29:31Z</time>
      </trkpt>
      <trkpt lat="42.541168" lon="-108.177380">
        <ele>2007.8</ele>
        <time>2026-07-24T22:29:35Z</time>
      </trkpt>
      <trkpt lat="42.541672" lon="-108.180409">
        <ele>2003.9</ele>
        <time>2026-07-24T22:29:45Z</time>
      </trkpt>
      <trkpt lat="42.543131" lon="-108.188932">
        <ele>2005.0</ele>
        <time>2026-07-24T22:30:14Z</time>
      </trkpt>
      <trkpt lat="42.543167" lon="-108.189233">
        <ele>2005.3</ele>
        <time>2026-07-24T22:30:15Z</time>
      </trkpt>
      <trkpt lat="42.543470" lon="-108.190995">
        <ele>2007.9</ele>
        <time>2026-07-24T22:30:21Z</time>
      </trkpt>
      <trkpt lat="42.543572" lon="-108.191838">
        <ele>2008.9</ele>
        <time>2026-07-24T22:30:24Z</time>
      </trkpt>
      <trkpt lat="42.543615" lon="-108.192447">
        <ele>2009.2</ele>
        <time>2026-07-24T22:30:26Z</time>
      </trkpt>
      <trkpt lat="42.543632" lon="-108.193057">
        <ele>2009.5</ele>
        <time>2026-07-24T22:30:28Z</time>
      </trkpt>
      <trkpt lat="42.543631" lon="-108.193359">
        <ele>2009.6</ele>
        <time>2026-07-24T22:30:29Z</time>
      </trkpt>
      <trkpt lat="42.543610" lon="-108.193967">
        <ele>2009.8</ele>
        <time>2026-07-24T22:30:31Z</time>
      </trkpt>
      <trkpt lat="42.543585" lon="-108.194326">
        <ele>2009.9</ele>
        <time>2026-07-24T22:30:32Z</time>
      </trkpt>
      <trkpt lat="42.543453" lon="-108.195771">
        <ele>2010.3</ele>
        <time>2026-07-24T22:30:37Z</time>
      </trkpt>
      <trkpt lat="42.543067" lon="-108.199688">
        <ele>2015.9</ele>
        <time>2026-07-24T22:30:50Z</time>
      </trkpt>
      <trkpt lat="42.541797" lon="-108.213194">
        <ele>2021.0</ele>
        <time>2026-07-24T22:31:35Z</time>
      </trkpt>
      <trkpt lat="42.541724" lon="-108.214107">
        <ele>2019.8</ele>
        <time>2026-07-24T22:31:38Z</time>
      </trkpt>
      <trkpt lat="42.541699" lon="-108.214718">
        <ele>2018.6</ele>
        <time>2026-07-24T22:31:40Z</time>
      </trkpt>
      <trkpt lat="42.541698" lon="-108.215022">
        <ele>2017.8</ele>
        <time>2026-07-24T22:31:41Z</time>
      </trkpt>
      <trkpt lat="42.541715" lon="-108.215631">
        <ele>2016.2</ele>
        <time>2026-07-24T22:31:43Z</time>
      </trkpt>
      <trkpt lat="42.541815" lon="-108.216529">
        <ele>2014.4</ele>
        <time>2026-07-24T22:31:46Z</time>
      </trkpt>
      <trkpt lat="42.541901" lon="-108.217110">
        <ele>2013.5</ele>
        <time>2026-07-24T22:31:48Z</time>
      </trkpt>
      <trkpt lat="42.542015" lon="-108.217689">
        <ele>2013.0</ele>
        <time>2026-07-24T22:31:50Z</time>
      </trkpt>
      <trkpt lat="42.542149" lon="-108.218262">
        <ele>2012.6</ele>
        <time>2026-07-24T22:31:52Z</time>
      </trkpt>
      <trkpt lat="42.542224" lon="-108.218539">
        <ele>2012.6</ele>
        <time>2026-07-24T22:31:53Z</time>
      </trkpt>
      <trkpt lat="42.542396" lon="-108.219091">
        <ele>2013.0</ele>
        <time>2026-07-24T22:31:55Z</time>
      </trkpt>
      <trkpt lat="42.542586" lon="-108.219626">
        <ele>2014.0</ele>
        <time>2026-07-24T22:31:57Z</time>
      </trkpt>
      <trkpt lat="42.542797" lon="-108.220143">
        <ele>2015.2</ele>
        <time>2026-07-24T22:31:59Z</time>
      </trkpt>
      <trkpt lat="42.542911" lon="-108.220395">
        <ele>2015.8</ele>
        <time>2026-07-24T22:32:00Z</time>
      </trkpt>
      <trkpt lat="42.543161" lon="-108.220891">
        <ele>2016.9</ele>
        <time>2026-07-24T22:32:02Z</time>
      </trkpt>
      <trkpt lat="42.543430" lon="-108.221370">
        <ele>2017.6</ele>
        <time>2026-07-24T22:32:04Z</time>
      </trkpt>
      <trkpt lat="42.543689" lon="-108.221785">
        <ele>2018.9</ele>
        <time>2026-07-24T22:32:06Z</time>
      </trkpt>
      <trkpt lat="42.543874" lon="-108.222058">
        <ele>2019.6</ele>
        <time>2026-07-24T22:32:07Z</time>
      </trkpt>
      <trkpt lat="42.550603" lon="-108.231412">
        <ele>2025.9</ele>
        <time>2026-07-24T22:32:50Z</time>
      </trkpt>
      <trkpt lat="42.550749" lon="-108.231644">
        <ele>2025.6</ele>
        <time>2026-07-24T22:32:51Z</time>
      </trkpt>
      <trkpt lat="42.558712" lon="-108.242681">
        <ele>2032.0</ele>
        <time>2026-07-24T22:33:42Z</time>
      </trkpt>
      <trkpt lat="42.559506" lon="-108.243753">
        <ele>2031.7</ele>
        <time>2026-07-24T22:33:47Z</time>
      </trkpt>
      <trkpt lat="42.559837" lon="-108.244164">
        <ele>2031.3</ele>
        <time>2026-07-24T22:33:49Z</time>
      </trkpt>
      <trkpt lat="42.560177" lon="-108.244564">
        <ele>2030.8</ele>
        <time>2026-07-24T22:33:51Z</time>
      </trkpt>
      <trkpt lat="42.560364" lon="-108.244749">
        <ele>2030.5</ele>
        <time>2026-07-24T22:33:52Z</time>
      </trkpt>
      <trkpt lat="42.560524" lon="-108.244959">
        <ele>2030.2</ele>
        <time>2026-07-24T22:33:53Z</time>
      </trkpt>
      <trkpt lat="42.560698" lon="-108.245156">
        <ele>2029.8</ele>
        <time>2026-07-24T22:33:54Z</time>
      </trkpt>
      <trkpt lat="42.560880" lon="-108.245332">
        <ele>2029.6</ele>
        <time>2026-07-24T22:33:55Z</time>
      </trkpt>
      <trkpt lat="42.561224" lon="-108.245718">
        <ele>2029.1</ele>
        <time>2026-07-24T22:33:57Z</time>
      </trkpt>
      <trkpt lat="42.561740" lon="-108.246302">
        <ele>2028.1</ele>
        <time>2026-07-24T22:34:00Z</time>
      </trkpt>
      <trkpt lat="42.561901" lon="-108.246512">
        <ele>2027.8</ele>
        <time>2026-07-24T22:34:01Z</time>
      </trkpt>
      <trkpt lat="42.563402" lon="-108.248211">
        <ele>2027.9</ele>
        <time>2026-07-24T22:34:10Z</time>
      </trkpt>
      <trkpt lat="42.563585" lon="-108.248386">
        <ele>2028.1</ele>
        <time>2026-07-24T22:34:11Z</time>
      </trkpt>
      <trkpt lat="42.563793" lon="-108.248619">
        <ele>2028.3</ele>
        <time>2026-07-24T22:34:12Z</time>
      </trkpt>
      <trkpt lat="42.563916" lon="-108.248789">
        <ele>2028.5</ele>
        <time>2026-07-24T22:34:13Z</time>
      </trkpt>
      <trkpt lat="42.565642" lon="-108.250743">
        <ele>2029.9</ele>
        <time>2026-07-24T22:34:23Z</time>
      </trkpt>
      <trkpt lat="42.565823" lon="-108.250920">
        <ele>2029.8</ele>
        <time>2026-07-24T22:34:24Z</time>
      </trkpt>
      <trkpt lat="42.566343" lon="-108.251506">
        <ele>2030.0</ele>
        <time>2026-07-24T22:34:27Z</time>
      </trkpt>
      <trkpt lat="42.566504" lon="-108.251715">
        <ele>2030.0</ele>
        <time>2026-07-24T22:34:28Z</time>
      </trkpt>
      <trkpt lat="42.571969" lon="-108.257884">
        <ele>2029.2</ele>
        <time>2026-07-24T22:35:00Z</time>
      </trkpt>
      <trkpt lat="42.573329" lon="-108.259438">
        <ele>2034.7</ele>
        <time>2026-07-24T22:35:08Z</time>
      </trkpt>
      <trkpt lat="42.579868" lon="-108.266834">
        <ele>2048.2</ele>
        <time>2026-07-24T22:35:46Z</time>
      </trkpt>
      <trkpt lat="42.580053" lon="-108.267015">
        <ele>2048.7</ele>
        <time>2026-07-24T22:35:47Z</time>
      </trkpt>
      <trkpt lat="42.580213" lon="-108.267227">
        <ele>2049.1</ele>
        <time>2026-07-24T22:35:48Z</time>
      </trkpt>
      <trkpt lat="42.580718" lon="-108.267817">
        <ele>2050.8</ele>
        <time>2026-07-24T22:35:51Z</time>
      </trkpt>
      <trkpt lat="42.581048" lon="-108.268225">
        <ele>2051.6</ele>
        <time>2026-07-24T22:35:53Z</time>
      </trkpt>
      <trkpt lat="42.581498" lon="-108.268830">
        <ele>2052.2</ele>
        <time>2026-07-24T22:35:56Z</time>
      </trkpt>
      <trkpt lat="42.581957" lon="-108.269510">
        <ele>2052.2</ele>
        <time>2026-07-24T22:35:59Z</time>
      </trkpt>
      <trkpt lat="42.582533" lon="-108.270439">
        <ele>2052.5</ele>
        <time>2026-07-24T22:36:03Z</time>
      </trkpt>
      <trkpt lat="42.582939" lon="-108.271165">
        <ele>2052.8</ele>
        <time>2026-07-24T22:36:06Z</time>
      </trkpt>
      <trkpt lat="42.583320" lon="-108.271911">
        <ele>2053.1</ele>
        <time>2026-07-24T22:36:09Z</time>
      </trkpt>
      <trkpt lat="42.583698" lon="-108.272730">
        <ele>2053.7</ele>
        <time>2026-07-24T22:36:12Z</time>
      </trkpt>
      <trkpt lat="42.584004" lon="-108.273475">
        <ele>2054.9</ele>
        <time>2026-07-24T22:36:15Z</time>
      </trkpt>
      <trkpt lat="42.584308" lon="-108.274291">
        <ele>2056.3</ele>
        <time>2026-07-24T22:36:18Z</time>
      </trkpt>
      <trkpt lat="42.584586" lon="-108.275116">
        <ele>2057.9</ele>
        <time>2026-07-24T22:36:21Z</time>
      </trkpt>
      <trkpt lat="42.584841" lon="-108.275954">
        <ele>2059.3</ele>
        <time>2026-07-24T22:36:24Z</time>
      </trkpt>
      <trkpt lat="42.585068" lon="-108.276807">
        <ele>2060.5</ele>
        <time>2026-07-24T22:36:27Z</time>
      </trkpt>
      <trkpt lat="42.585114" lon="-108.277109">
        <ele>2061.0</ele>
        <time>2026-07-24T22:36:28Z</time>
      </trkpt>
      <trkpt lat="42.585356" lon="-108.278287">
        <ele>2062.7</ele>
        <time>2026-07-24T22:36:32Z</time>
      </trkpt>
      <trkpt lat="42.585392" lon="-108.278618">
        <ele>2063.1</ele>
        <time>2026-07-24T22:36:33Z</time>
      </trkpt>
      <trkpt lat="42.585579" lon="-108.279821">
        <ele>2063.7</ele>
        <time>2026-07-24T22:36:37Z</time>
      </trkpt>
      <trkpt lat="42.585686" lon="-108.280709">
        <ele>2064.1</ele>
        <time>2026-07-24T22:36:40Z</time>
      </trkpt>
      <trkpt lat="42.585762" lon="-108.281610">
        <ele>2064.4</ele>
        <time>2026-07-24T22:36:43Z</time>
      </trkpt>
      <trkpt lat="42.585802" lon="-108.282524">
        <ele>2064.1</ele>
        <time>2026-07-24T22:36:46Z</time>
      </trkpt>
      <trkpt lat="42.585817" lon="-108.283430">
        <ele>2064.1</ele>
        <time>2026-07-24T22:36:49Z</time>
      </trkpt>
      <trkpt lat="42.585810" lon="-108.284331">
        <ele>2064.1</ele>
        <time>2026-07-24T22:36:52Z</time>
      </trkpt>
      <trkpt lat="42.585791" lon="-108.284915">
        <ele>2064.2</ele>
        <time>2026-07-24T22:36:54Z</time>
      </trkpt>
      <trkpt lat="42.585759" lon="-108.285484">
        <ele>2064.1</ele>
        <time>2026-07-24T22:36:56Z</time>
      </trkpt>
      <trkpt lat="42.585712" lon="-108.286036">
        <ele>2063.9</ele>
        <time>2026-07-24T22:36:58Z</time>
      </trkpt>
      <trkpt lat="42.585671" lon="-108.286304">
        <ele>2063.7</ele>
        <time>2026-07-24T22:36:59Z</time>
      </trkpt>
      <trkpt lat="42.585599" lon="-108.287099">
        <ele>2063.2</ele>
        <time>2026-07-24T22:37:02Z</time>
      </trkpt>
      <trkpt lat="42.585452" lon="-108.288079">
        <ele>2061.9</ele>
        <time>2026-07-24T22:37:06Z</time>
      </trkpt>
      <trkpt lat="42.585379" lon="-108.288369">
        <ele>2061.4</ele>
        <time>2026-07-24T22:37:07Z</time>
      </trkpt>
      <trkpt lat="42.585228" lon="-108.289069">
        <ele>2059.7</ele>
        <time>2026-07-24T22:37:10Z</time>
      </trkpt>
      <trkpt lat="42.585187" lon="-108.289325">
        <ele>2059.0</ele>
        <time>2026-07-24T22:37:11Z</time>
      </trkpt>
      <trkpt lat="42.584890" lon="-108.290583">
        <ele>2055.0</ele>
        <time>2026-07-24T22:37:16Z</time>
      </trkpt>
      <trkpt lat="42.584355" lon="-108.292957">
        <ele>2043.8</ele>
        <time>2026-07-24T22:37:25Z</time>
      </trkpt>
      <trkpt lat="42.583962" lon="-108.294603">
        <ele>2037.9</ele>
        <time>2026-07-24T22:37:31Z</time>
      </trkpt>
      <trkpt lat="42.583176" lon="-108.298020">
        <ele>2032.7</ele>
        <time>2026-07-24T22:37:44Z</time>
      </trkpt>
      <trkpt lat="42.583063" lon="-108.298568">
        <ele>2031.5</ele>
        <time>2026-07-24T22:37:46Z</time>
      </trkpt>
      <trkpt lat="42.582967" lon="-108.299135">
        <ele>2029.8</ele>
        <time>2026-07-24T22:37:48Z</time>
      </trkpt>
      <trkpt lat="42.582859" lon="-108.300003">
        <ele>2027.1</ele>
        <time>2026-07-24T22:37:51Z</time>
      </trkpt>
      <trkpt lat="42.582814" lon="-108.300591">
        <ele>2025.6</ele>
        <time>2026-07-24T22:37:53Z</time>
      </trkpt>
      <trkpt lat="42.582825" lon="-108.300884">
        <ele>2024.9</ele>
        <time>2026-07-24T22:37:54Z</time>
      </trkpt>
      <trkpt lat="42.582824" lon="-108.301411">
        <ele>2024.1</ele>
        <time>2026-07-24T22:37:56Z</time>
      </trkpt>
      <trkpt lat="42.582837" lon="-108.301756">
        <ele>2023.6</ele>
        <time>2026-07-24T22:37:57Z</time>
      </trkpt>
      <trkpt lat="42.582901" lon="-108.302557">
        <ele>2021.9</ele>
        <time>2026-07-24T22:38:00Z</time>
      </trkpt>
      <trkpt lat="42.583023" lon="-108.303452">
        <ele>2019.9</ele>
        <time>2026-07-24T22:38:03Z</time>
      </trkpt>
      <trkpt lat="42.583118" lon="-108.303943">
        <ele>2018.3</ele>
        <time>2026-07-24T22:38:05Z</time>
      </trkpt>
      <trkpt lat="42.583190" lon="-108.304261">
        <ele>2017.5</ele>
        <time>2026-07-24T22:38:06Z</time>
      </trkpt>
      <trkpt lat="42.583401" lon="-108.305056">
        <ele>2015.2</ele>
        <time>2026-07-24T22:38:09Z</time>
      </trkpt>
      <trkpt lat="42.583636" lon="-108.305776">
        <ele>2012.0</ele>
        <time>2026-07-24T22:38:12Z</time>
      </trkpt>
      <trkpt lat="42.583828" lon="-108.306266">
        <ele>2009.1</ele>
        <time>2026-07-24T22:38:14Z</time>
      </trkpt>
      <trkpt lat="42.584166" lon="-108.306997">
        <ele>2004.6</ele>
        <time>2026-07-24T22:38:17Z</time>
      </trkpt>
      <trkpt lat="42.584286" lon="-108.307235">
        <ele>2003.7</ele>
        <time>2026-07-24T22:38:18Z</time>
      </trkpt>
      <trkpt lat="42.584551" lon="-108.307715">
        <ele>2001.6</ele>
        <time>2026-07-24T22:38:20Z</time>
      </trkpt>
      <trkpt lat="42.584838" lon="-108.308176">
        <ele>1999.1</ele>
        <time>2026-07-24T22:38:22Z</time>
      </trkpt>
      <trkpt lat="42.585145" lon="-108.308613">
        <ele>1996.4</ele>
        <time>2026-07-24T22:38:24Z</time>
      </trkpt>
      <trkpt lat="42.585469" lon="-108.309025">
        <ele>1993.8</ele>
        <time>2026-07-24T22:38:26Z</time>
      </trkpt>
      <trkpt lat="42.585989" lon="-108.309595">
        <ele>1990.7</ele>
        <time>2026-07-24T22:38:29Z</time>
      </trkpt>
      <trkpt lat="42.586351" lon="-108.309939">
        <ele>1989.4</ele>
        <time>2026-07-24T22:38:31Z</time>
      </trkpt>
      <trkpt lat="42.586723" lon="-108.310258">
        <ele>1987.9</ele>
        <time>2026-07-24T22:38:33Z</time>
      </trkpt>
      <trkpt lat="42.587109" lon="-108.310551">
        <ele>1986.3</ele>
        <time>2026-07-24T22:38:35Z</time>
      </trkpt>
      <trkpt lat="42.587712" lon="-108.310921">
        <ele>1984.1</ele>
        <time>2026-07-24T22:38:38Z</time>
      </trkpt>
      <trkpt lat="42.587917" lon="-108.311035">
        <ele>1983.2</ele>
        <time>2026-07-24T22:38:39Z</time>
      </trkpt>
      <trkpt lat="42.588123" lon="-108.311134">
        <ele>1982.2</ele>
        <time>2026-07-24T22:38:40Z</time>
      </trkpt>
      <trkpt lat="42.588544" lon="-108.311309">
        <ele>1980.0</ele>
        <time>2026-07-24T22:38:42Z</time>
      </trkpt>
      <trkpt lat="42.588971" lon="-108.311460">
        <ele>1977.3</ele>
        <time>2026-07-24T22:38:44Z</time>
      </trkpt>
      <trkpt lat="42.589408" lon="-108.311572">
        <ele>1974.4</ele>
        <time>2026-07-24T22:38:46Z</time>
      </trkpt>
      <trkpt lat="42.589850" lon="-108.311659">
        <ele>1971.4</ele>
        <time>2026-07-24T22:38:48Z</time>
      </trkpt>
      <trkpt lat="42.593046" lon="-108.312082">
        <ele>1960.5</ele>
        <time>2026-07-24T22:39:02Z</time>
      </trkpt>
      <trkpt lat="42.593457" lon="-108.312146">
        <ele>1959.3</ele>
        <time>2026-07-24T22:39:04Z</time>
      </trkpt>
      <trkpt lat="42.593727" lon="-108.312206">
        <ele>1958.7</ele>
        <time>2026-07-24T22:39:05Z</time>
      </trkpt>
      <trkpt lat="42.593949" lon="-108.312280">
        <ele>1957.9</ele>
        <time>2026-07-24T22:39:06Z</time>
      </trkpt>
      <trkpt lat="42.594346" lon="-108.312394">
        <ele>1956.2</ele>
        <time>2026-07-24T22:39:08Z</time>
      </trkpt>
      <trkpt lat="42.594825" lon="-108.312573">
        <ele>1953.8</ele>
        <time>2026-07-24T22:39:10Z</time>
      </trkpt>
      <trkpt lat="42.595424" lon="-108.312858">
        <ele>1949.9</ele>
        <time>2026-07-24T22:39:13Z</time>
      </trkpt>
      <trkpt lat="42.595679" lon="-108.313002">
        <ele>1948.5</ele>
        <time>2026-07-24T22:39:14Z</time>
      </trkpt>
      <trkpt lat="42.596097" lon="-108.313270">
        <ele>1945.6</ele>
        <time>2026-07-24T22:39:16Z</time>
      </trkpt>
      <trkpt lat="42.596465" lon="-108.313545">
        <ele>1942.3</ele>
        <time>2026-07-24T22:39:18Z</time>
      </trkpt>
      <trkpt lat="42.601448" lon="-108.317680">
        <ele>1912.2</ele>
        <time>2026-07-24T22:39:42Z</time>
      </trkpt>
      <trkpt lat="42.606912" lon="-108.322171">
        <ele>1888.3</ele>
        <time>2026-07-24T22:40:09Z</time>
      </trkpt>
      <trkpt lat="42.607329" lon="-108.322498">
        <ele>1886.8</ele>
        <time>2026-07-24T22:40:11Z</time>
      </trkpt>
      <trkpt lat="42.607748" lon="-108.322805">
        <ele>1885.6</ele>
        <time>2026-07-24T22:40:13Z</time>
      </trkpt>
      <trkpt lat="42.608179" lon="-108.323078">
        <ele>1884.6</ele>
        <time>2026-07-24T22:40:15Z</time>
      </trkpt>
      <trkpt lat="42.608856" lon="-108.323384">
        <ele>1883.0</ele>
        <time>2026-07-24T22:40:18Z</time>
      </trkpt>
      <trkpt lat="42.609322" lon="-108.323556">
        <ele>1881.6</ele>
        <time>2026-07-24T22:40:20Z</time>
      </trkpt>
      <trkpt lat="42.609557" lon="-108.323628">
        <ele>1880.7</ele>
        <time>2026-07-24T22:40:21Z</time>
      </trkpt>
      <trkpt lat="42.610032" lon="-108.323738">
        <ele>1878.9</ele>
        <time>2026-07-24T22:40:23Z</time>
      </trkpt>
      <trkpt lat="42.610507" lon="-108.323815">
        <ele>1876.9</ele>
        <time>2026-07-24T22:40:25Z</time>
      </trkpt>
      <trkpt lat="42.610743" lon="-108.323836">
        <ele>1875.9</ele>
        <time>2026-07-24T22:40:26Z</time>
      </trkpt>
      <trkpt lat="42.611222" lon="-108.323853">
        <ele>1873.5</ele>
        <time>2026-07-24T22:40:28Z</time>
      </trkpt>
      <trkpt lat="42.611463" lon="-108.323842">
        <ele>1872.3</ele>
        <time>2026-07-24T22:40:29Z</time>
      </trkpt>
      <trkpt lat="42.611710" lon="-108.323822">
        <ele>1871.2</ele>
        <time>2026-07-24T22:40:30Z</time>
      </trkpt>
      <trkpt lat="42.612204" lon="-108.323759">
        <ele>1868.2</ele>
        <time>2026-07-24T22:40:32Z</time>
      </trkpt>
      <trkpt lat="42.612693" lon="-108.323647">
        <ele>1864.9</ele>
        <time>2026-07-24T22:40:34Z</time>
      </trkpt>
      <trkpt lat="42.612938" lon="-108.323575">
        <ele>1863.2</ele>
        <time>2026-07-24T22:40:35Z</time>
      </trkpt>
      <trkpt lat="42.613425" lon="-108.323396">
        <ele>1859.5</ele>
        <time>2026-07-24T22:40:37Z</time>
      </trkpt>
      <trkpt lat="42.613910" lon="-108.323182">
        <ele>1856.0</ele>
        <time>2026-07-24T22:40:39Z</time>
      </trkpt>
      <trkpt lat="42.614145" lon="-108.323055">
        <ele>1854.3</ele>
        <time>2026-07-24T22:40:40Z</time>
      </trkpt>
      <trkpt lat="42.614613" lon="-108.322768">
        <ele>1851.2</ele>
        <time>2026-07-24T22:40:42Z</time>
      </trkpt>
      <trkpt lat="42.615028" lon="-108.322482">
        <ele>1849.0</ele>
        <time>2026-07-24T22:40:44Z</time>
      </trkpt>
      <trkpt lat="42.617480" lon="-108.320677">
        <ele>1844.9</ele>
        <time>2026-07-24T22:40:55Z</time>
      </trkpt>
      <trkpt lat="42.617937" lon="-108.320380">
        <ele>1843.3</ele>
        <time>2026-07-24T22:40:57Z</time>
      </trkpt>
      <trkpt lat="42.618399" lon="-108.320140">
        <ele>1841.3</ele>
        <time>2026-07-24T22:40:59Z</time>
      </trkpt>
      <trkpt lat="42.618635" lon="-108.320059">
        <ele>1840.2</ele>
        <time>2026-07-24T22:41:00Z</time>
      </trkpt>
      <trkpt lat="42.619101" lon="-108.319873">
        <ele>1837.8</ele>
        <time>2026-07-24T22:41:02Z</time>
      </trkpt>
      <trkpt lat="42.619336" lon="-108.319799">
        <ele>1836.7</ele>
        <time>2026-07-24T22:41:03Z</time>
      </trkpt>
      <trkpt lat="42.619574" lon="-108.319738">
        <ele>1835.7</ele>
        <time>2026-07-24T22:41:04Z</time>
      </trkpt>
      <trkpt lat="42.620051" lon="-108.319651">
        <ele>1833.5</ele>
        <time>2026-07-24T22:41:06Z</time>
      </trkpt>
      <trkpt lat="42.620289" lon="-108.319626">
        <ele>1832.6</ele>
        <time>2026-07-24T22:41:07Z</time>
      </trkpt>
      <trkpt lat="42.620767" lon="-108.319620">
        <ele>1830.6</ele>
        <time>2026-07-24T22:41:09Z</time>
      </trkpt>
      <trkpt lat="42.621005" lon="-108.319636">
        <ele>1829.5</ele>
        <time>2026-07-24T22:41:10Z</time>
      </trkpt>
      <trkpt lat="42.621243" lon="-108.319666">
        <ele>1828.4</ele>
        <time>2026-07-24T22:41:11Z</time>
      </trkpt>
      <trkpt lat="42.621719" lon="-108.319766">
        <ele>1826.3</ele>
        <time>2026-07-24T22:41:13Z</time>
      </trkpt>
      <trkpt lat="42.621957" lon="-108.319835">
        <ele>1825.2</ele>
        <time>2026-07-24T22:41:14Z</time>
      </trkpt>
      <trkpt lat="42.622430" lon="-108.320011">
        <ele>1823.0</ele>
        <time>2026-07-24T22:41:16Z</time>
      </trkpt>
      <trkpt lat="42.622667" lon="-108.320120">
        <ele>1821.8</ele>
        <time>2026-07-24T22:41:17Z</time>
      </trkpt>
      <trkpt lat="42.622896" lon="-108.320241">
        <ele>1820.6</ele>
        <time>2026-07-24T22:41:18Z</time>
      </trkpt>
      <trkpt lat="42.623126" lon="-108.320376">
        <ele>1819.2</ele>
        <time>2026-07-24T22:41:19Z</time>
      </trkpt>
      <trkpt lat="42.623351" lon="-108.320524">
        <ele>1817.9</ele>
        <time>2026-07-24T22:41:20Z</time>
      </trkpt>
      <trkpt lat="42.623979" lon="-108.321050">
        <ele>1814.0</ele>
        <time>2026-07-24T22:41:23Z</time>
      </trkpt>
      <trkpt lat="42.624375" lon="-108.321446">
        <ele>1811.8</ele>
        <time>2026-07-24T22:41:25Z</time>
      </trkpt>
      <trkpt lat="42.624566" lon="-108.321660">
        <ele>1810.6</ele>
        <time>2026-07-24T22:41:26Z</time>
      </trkpt>
      <trkpt lat="42.624924" lon="-108.322109">
        <ele>1808.3</ele>
        <time>2026-07-24T22:41:28Z</time>
      </trkpt>
      <trkpt lat="42.625096" lon="-108.322353">
        <ele>1807.1</ele>
        <time>2026-07-24T22:41:29Z</time>
      </trkpt>
      <trkpt lat="42.625451" lon="-108.322897">
        <ele>1804.7</ele>
        <time>2026-07-24T22:41:31Z</time>
      </trkpt>
      <trkpt lat="42.626957" lon="-108.325386">
        <ele>1793.4</ele>
        <time>2026-07-24T22:41:41Z</time>
      </trkpt>
      <trkpt lat="42.631636" lon="-108.333060">
        <ele>1766.5</ele>
        <time>2026-07-24T22:42:12Z</time>
      </trkpt>
      <trkpt lat="42.634515" lon="-108.337715">
        <ele>1746.3</ele>
        <time>2026-07-24T22:42:31Z</time>
      </trkpt>
      <trkpt lat="42.637181" lon="-108.342060">
        <ele>1734.7</ele>
        <time>2026-07-24T22:42:48Z</time>
      </trkpt>
      <trkpt lat="42.638114" lon="-108.343561">
        <ele>1731.2</ele>
        <time>2026-07-24T22:42:54Z</time>
      </trkpt>
      <trkpt lat="42.638805" lon="-108.344525">
        <ele>1729.0</ele>
        <time>2026-07-24T22:42:58Z</time>
      </trkpt>
      <trkpt lat="42.639164" lon="-108.344998">
        <ele>1727.8</ele>
        <time>2026-07-24T22:43:00Z</time>
      </trkpt>
      <trkpt lat="42.639534" lon="-108.345451">
        <ele>1726.3</ele>
        <time>2026-07-24T22:43:02Z</time>
      </trkpt>
      <trkpt lat="42.639918" lon="-108.345891">
        <ele>1724.7</ele>
        <time>2026-07-24T22:43:04Z</time>
      </trkpt>
      <trkpt lat="42.640315" lon="-108.346319">
        <ele>1723.4</ele>
        <time>2026-07-24T22:43:06Z</time>
      </trkpt>
      <trkpt lat="42.640721" lon="-108.346734">
        <ele>1722.1</ele>
        <time>2026-07-24T22:43:08Z</time>
      </trkpt>
      <trkpt lat="42.641359" lon="-108.347320">
        <ele>1720.0</ele>
        <time>2026-07-24T22:43:11Z</time>
      </trkpt>
      <trkpt lat="42.643382" lon="-108.349074">
        <ele>1716.1</ele>
        <time>2026-07-24T22:43:20Z</time>
      </trkpt>
      <trkpt lat="42.645145" lon="-108.350578">
        <ele>1721.4</ele>
        <time>2026-07-24T22:43:28Z</time>
      </trkpt>
      <trkpt lat="42.647658" lon="-108.352766">
        <ele>1735.2</ele>
        <time>2026-07-24T22:43:40Z</time>
      </trkpt>
      <trkpt lat="42.653619" lon="-108.357927">
        <ele>1757.1</ele>
        <time>2026-07-24T22:44:09Z</time>
      </trkpt>
      <trkpt lat="42.653825" lon="-108.358131">
        <ele>1757.3</ele>
        <time>2026-07-24T22:44:10Z</time>
      </trkpt>
      <trkpt lat="42.654041" lon="-108.358318">
        <ele>1757.4</ele>
        <time>2026-07-24T22:44:11Z</time>
      </trkpt>
      <trkpt lat="42.654269" lon="-108.358489">
        <ele>1757.5</ele>
        <time>2026-07-24T22:44:12Z</time>
      </trkpt>
      <trkpt lat="42.654485" lon="-108.358675">
        <ele>1757.6</ele>
        <time>2026-07-24T22:44:13Z</time>
      </trkpt>
      <trkpt lat="42.655360" lon="-108.359434">
        <ele>1757.5</ele>
        <time>2026-07-24T22:44:17Z</time>
      </trkpt>
      <trkpt lat="42.655525" lon="-108.359603">
        <ele>1757.3</ele>
        <time>2026-07-24T22:44:18Z</time>
      </trkpt>
      <trkpt lat="42.660188" lon="-108.363618">
        <ele>1743.8</ele>
        <time>2026-07-24T22:44:40Z</time>
      </trkpt>
      <trkpt lat="42.661890" lon="-108.365107">
        <ele>1736.1</ele>
        <time>2026-07-24T22:44:48Z</time>
      </trkpt>
      <trkpt lat="42.662302" lon="-108.365496">
        <ele>1734.5</ele>
        <time>2026-07-24T22:44:50Z</time>
      </trkpt>
      <trkpt lat="42.663098" lon="-108.366346">
        <ele>1730.6</ele>
        <time>2026-07-24T22:44:54Z</time>
      </trkpt>
      <trkpt lat="42.663484" lon="-108.366798">
        <ele>1728.8</ele>
        <time>2026-07-24T22:44:56Z</time>
      </trkpt>
      <trkpt lat="42.663852" lon="-108.367261">
        <ele>1727.0</ele>
        <time>2026-07-24T22:44:58Z</time>
      </trkpt>
      <trkpt lat="42.664206" lon="-108.367746">
        <ele>1725.1</ele>
        <time>2026-07-24T22:45:00Z</time>
      </trkpt>
      <trkpt lat="42.664714" lon="-108.368487">
        <ele>1722.7</ele>
        <time>2026-07-24T22:45:03Z</time>
      </trkpt>
      <trkpt lat="42.665189" lon="-108.369261">
        <ele>1720.9</ele>
        <time>2026-07-24T22:45:06Z</time>
      </trkpt>
      <trkpt lat="42.665605" lon="-108.370002">
        <ele>1719.9</ele>
        <time>2026-07-24T22:45:09Z</time>
      </trkpt>
      <trkpt lat="42.666054" lon="-108.370875">
        <ele>1719.9</ele>
        <time>2026-07-24T22:45:12Z</time>
      </trkpt>
      <trkpt lat="42.666416" lon="-108.371670">
        <ele>1720.7</ele>
        <time>2026-07-24T22:45:15Z</time>
      </trkpt>
      <trkpt lat="42.666687" lon="-108.372302">
        <ele>1721.7</ele>
        <time>2026-07-24T22:45:17Z</time>
      </trkpt>
      <trkpt lat="42.667028" lon="-108.373172">
        <ele>1723.5</ele>
        <time>2026-07-24T22:45:20Z</time>
      </trkpt>
      <trkpt lat="42.667338" lon="-108.374052">
        <ele>1725.7</ele>
        <time>2026-07-24T22:45:23Z</time>
      </trkpt>
      <trkpt lat="42.667506" lon="-108.374580">
        <ele>1727.2</ele>
        <time>2026-07-24T22:45:25Z</time>
      </trkpt>
      <trkpt lat="42.667771" lon="-108.375538">
        <ele>1729.9</ele>
        <time>2026-07-24T22:45:28Z</time>
      </trkpt>
      <trkpt lat="42.667970" lon="-108.376444">
        <ele>1731.9</ele>
        <time>2026-07-24T22:45:31Z</time>
      </trkpt>
      <trkpt lat="42.668556" lon="-108.379429">
        <ele>1731.9</ele>
        <time>2026-07-24T22:45:41Z</time>
      </trkpt>
      <trkpt lat="42.668633" lon="-108.379735">
        <ele>1731.5</ele>
        <time>2026-07-24T22:45:42Z</time>
      </trkpt>
      <trkpt lat="42.668931" lon="-108.381301">
        <ele>1729.5</ele>
        <time>2026-07-24T22:45:47Z</time>
      </trkpt>
      <trkpt lat="42.668932" lon="-108.381647">
        <ele>1728.8</ele>
        <time>2026-07-24T22:45:48Z</time>
      </trkpt>
      <trkpt lat="42.669828" lon="-108.386348">
        <ele>1717.1</ele>
        <time>2026-07-24T22:46:03Z</time>
      </trkpt>
      <trkpt lat="42.672641" lon="-108.400920">
        <ele>1714.1</ele>
        <time>2026-07-24T22:46:50Z</time>
      </trkpt>
      <trkpt lat="42.673002" lon="-108.402735">
        <ele>1715.4</ele>
        <time>2026-07-24T22:46:56Z</time>
      </trkpt>
      <trkpt lat="42.676866" lon="-108.421027">
        <ele>1734.8</ele>
        <time>2026-07-24T22:47:55Z</time>
      </trkpt>
      <trkpt lat="42.677975" lon="-108.426205">
        <ele>1741.6</ele>
        <time>2026-07-24T22:48:12Z</time>
      </trkpt>
      <trkpt lat="42.678565" lon="-108.429008">
        <ele>1746.8</ele>
        <time>2026-07-24T22:48:21Z</time>
      </trkpt>
      <trkpt lat="42.678773" lon="-108.429926">
        <ele>1748.7</ele>
        <time>2026-07-24T22:48:24Z</time>
      </trkpt>
      <trkpt lat="42.678930" lon="-108.430536">
        <ele>1749.7</ele>
        <time>2026-07-24T22:48:26Z</time>
      </trkpt>
      <trkpt lat="42.679192" lon="-108.431436">
        <ele>1751.3</ele>
        <time>2026-07-24T22:48:29Z</time>
      </trkpt>
      <trkpt lat="42.679383" lon="-108.432022">
        <ele>1752.6</ele>
        <time>2026-07-24T22:48:31Z</time>
      </trkpt>
      <trkpt lat="42.679500" lon="-108.432304">
        <ele>1753.2</ele>
        <time>2026-07-24T22:48:32Z</time>
      </trkpt>
      <trkpt lat="42.679714" lon="-108.432877">
        <ele>1754.6</ele>
        <time>2026-07-24T22:48:34Z</time>
      </trkpt>
      <trkpt lat="42.679943" lon="-108.433437">
        <ele>1755.5</ele>
        <time>2026-07-24T22:48:36Z</time>
      </trkpt>
      <trkpt lat="42.680184" lon="-108.433995">
        <ele>1756.4</ele>
        <time>2026-07-24T22:48:38Z</time>
      </trkpt>
      <trkpt lat="42.680432" lon="-108.434537">
        <ele>1757.5</ele>
        <time>2026-07-24T22:48:40Z</time>
      </trkpt>
      <trkpt lat="42.680832" lon="-108.435331">
        <ele>1759.1</ele>
        <time>2026-07-24T22:48:43Z</time>
      </trkpt>
      <trkpt lat="42.681259" lon="-108.436103">
        <ele>1760.8</ele>
        <time>2026-07-24T22:48:46Z</time>
      </trkpt>
      <trkpt lat="42.692457" lon="-108.454761">
        <ele>1801.6</ele>
        <time>2026-07-24T22:50:01Z</time>
      </trkpt>
      <trkpt lat="42.695582" lon="-108.459979">
        <ele>1796.7</ele>
        <time>2026-07-24T22:50:22Z</time>
      </trkpt>
      <trkpt lat="42.695720" lon="-108.460242">
        <ele>1796.4</ele>
        <time>2026-07-24T22:50:23Z</time>
      </trkpt>
      <trkpt lat="42.695884" lon="-108.460476">
        <ele>1796.0</ele>
        <time>2026-07-24T22:50:24Z</time>
      </trkpt>
      <trkpt lat="42.696183" lon="-108.460974">
        <ele>1795.5</ele>
        <time>2026-07-24T22:50:26Z</time>
      </trkpt>
      <trkpt lat="42.696321" lon="-108.461239">
        <ele>1795.1</ele>
        <time>2026-07-24T22:50:27Z</time>
      </trkpt>
      <trkpt lat="42.696921" lon="-108.462241">
        <ele>1794.0</ele>
        <time>2026-07-24T22:50:31Z</time>
      </trkpt>
      <trkpt lat="42.697085" lon="-108.462478">
        <ele>1793.8</ele>
        <time>2026-07-24T22:50:32Z</time>
      </trkpt>
      <trkpt lat="42.699787" lon="-108.466982">
        <ele>1788.6</ele>
        <time>2026-07-24T22:50:50Z</time>
      </trkpt>
      <trkpt lat="42.700389" lon="-108.467990">
        <ele>1787.2</ele>
        <time>2026-07-24T22:50:54Z</time>
      </trkpt>
      <trkpt lat="42.700494" lon="-108.468204">
        <ele>1786.8</ele>
        <time>2026-07-24T22:50:55Z</time>
      </trkpt>
      <trkpt lat="42.700935" lon="-108.468974">
        <ele>1785.2</ele>
        <time>2026-07-24T22:50:58Z</time>
      </trkpt>
      <trkpt lat="42.701371" lon="-108.469821">
        <ele>1783.1</ele>
        <time>2026-07-24T22:51:01Z</time>
      </trkpt>
      <trkpt lat="42.701728" lon="-108.470586">
        <ele>1781.0</ele>
        <time>2026-07-24T22:51:04Z</time>
      </trkpt>
      <trkpt lat="42.702104" lon="-108.471487">
        <ele>1778.7</ele>
        <time>2026-07-24T22:51:07Z</time>
      </trkpt>
      <trkpt lat="42.702403" lon="-108.472296">
        <ele>1776.2</ele>
        <time>2026-07-24T22:51:10Z</time>
      </trkpt>
      <trkpt lat="42.702699" lon="-108.473181">
        <ele>1774.0</ele>
        <time>2026-07-24T22:51:13Z</time>
      </trkpt>
      <trkpt lat="42.702966" lon="-108.474087">
        <ele>1771.7</ele>
        <time>2026-07-24T22:51:16Z</time>
      </trkpt>
      <trkpt lat="42.703200" lon="-108.474998">
        <ele>1769.4</ele>
        <time>2026-07-24T22:51:19Z</time>
      </trkpt>
      <trkpt lat="42.703400" lon="-108.475936">
        <ele>1767.2</ele>
        <time>2026-07-24T22:51:22Z</time>
      </trkpt>
      <trkpt lat="42.703566" lon="-108.476878">
        <ele>1765.8</ele>
        <time>2026-07-24T22:51:25Z</time>
      </trkpt>
      <trkpt lat="42.703704" lon="-108.477823">
        <ele>1765.1</ele>
        <time>2026-07-24T22:51:28Z</time>
      </trkpt>
      <trkpt lat="42.703777" lon="-108.478458">
        <ele>1764.5</ele>
        <time>2026-07-24T22:51:30Z</time>
      </trkpt>
      <trkpt lat="42.703837" lon="-108.479092">
        <ele>1764.2</ele>
        <time>2026-07-24T22:51:32Z</time>
      </trkpt>
      <trkpt lat="42.703903" lon="-108.480060">
        <ele>1764.1</ele>
        <time>2026-07-24T22:51:35Z</time>
      </trkpt>
      <trkpt lat="42.703932" lon="-108.481031">
        <ele>1763.9</ele>
        <time>2026-07-24T22:51:38Z</time>
      </trkpt>
      <trkpt lat="42.703931" lon="-108.481998">
        <ele>1763.7</ele>
        <time>2026-07-24T22:51:41Z</time>
      </trkpt>
      <trkpt lat="42.703915" lon="-108.482653">
        <ele>1763.6</ele>
        <time>2026-07-24T22:51:43Z</time>
      </trkpt>
      <trkpt lat="42.703848" lon="-108.482994">
        <ele>1763.5</ele>
        <time>2026-07-24T22:51:44Z</time>
      </trkpt>
      <trkpt lat="42.703809" lon="-108.483637">
        <ele>1763.0</ele>
        <time>2026-07-24T22:51:46Z</time>
      </trkpt>
      <trkpt lat="42.703758" lon="-108.484279">
        <ele>1762.7</ele>
        <time>2026-07-24T22:51:48Z</time>
      </trkpt>
      <trkpt lat="42.703517" lon="-108.486773">
        <ele>1760.4</ele>
        <time>2026-07-24T22:51:56Z</time>
      </trkpt>
      <trkpt lat="42.703028" lon="-108.492226">
        <ele>1756.5</ele>
        <time>2026-07-24T22:52:13Z</time>
      </trkpt>
      <trkpt lat="42.702963" lon="-108.492868">
        <ele>1756.1</ele>
        <time>2026-07-24T22:52:15Z</time>
      </trkpt>
      <trkpt lat="42.702855" lon="-108.493830">
        <ele>1755.4</ele>
        <time>2026-07-24T22:52:18Z</time>
      </trkpt>
      <trkpt lat="42.702724" lon="-108.494783">
        <ele>1754.6</ele>
        <time>2026-07-24T22:52:21Z</time>
      </trkpt>
      <trkpt lat="42.702576" lon="-108.495732">
        <ele>1753.8</ele>
        <time>2026-07-24T22:52:24Z</time>
      </trkpt>
      <trkpt lat="42.702206" lon="-108.497939">
        <ele>1752.2</ele>
        <time>2026-07-24T22:52:31Z</time>
      </trkpt>
      <trkpt lat="42.700828" lon="-108.506380">
        <ele>1752.0</ele>
        <time>2026-07-24T22:52:58Z</time>
      </trkpt>
      <trkpt lat="42.700532" lon="-108.508276">
        <ele>1752.5</ele>
        <time>2026-07-24T22:53:04Z</time>
      </trkpt>
      <trkpt lat="42.700354" lon="-108.509544">
        <ele>1752.8</ele>
        <time>2026-07-24T22:53:08Z</time>
      </trkpt>
      <trkpt lat="42.700189" lon="-108.510814">
        <ele>1752.7</ele>
        <time>2026-07-24T22:53:12Z</time>
      </trkpt>
      <trkpt lat="42.700040" lon="-108.512083">
        <ele>1752.5</ele>
        <time>2026-07-24T22:53:16Z</time>
      </trkpt>
      <trkpt lat="42.699203" lon="-108.520071">
        <ele>1744.1</ele>
        <time>2026-07-24T22:53:41Z</time>
      </trkpt>
      <trkpt lat="42.698529" lon="-108.526709">
        <ele>1736.8</ele>
        <time>2026-07-24T22:54:02Z</time>
      </trkpt>
      <trkpt lat="42.698453" lon="-108.527347">
        <ele>1736.5</ele>
        <time>2026-07-24T22:54:04Z</time>
      </trkpt>
      <trkpt lat="42.698363" lon="-108.527983">
        <ele>1736.2</ele>
        <time>2026-07-24T22:54:06Z</time>
      </trkpt>
      <trkpt lat="42.698247" lon="-108.528674">
        <ele>1736.0</ele>
        <time>2026-07-24T22:54:08Z</time>
      </trkpt>
      <trkpt lat="42.698079" lon="-108.529540">
        <ele>1735.8</ele>
        <time>2026-07-24T22:54:11Z</time>
      </trkpt>
      <trkpt lat="42.697938" lon="-108.530169">
        <ele>1735.8</ele>
        <time>2026-07-24T22:54:13Z</time>
      </trkpt>
      <trkpt lat="42.697786" lon="-108.530780">
        <ele>1736.1</ele>
        <time>2026-07-24T22:54:15Z</time>
      </trkpt>
      <trkpt lat="42.697613" lon="-108.531387">
        <ele>1736.2</ele>
        <time>2026-07-24T22:54:17Z</time>
      </trkpt>
      <trkpt lat="42.697431" lon="-108.531982">
        <ele>1735.8</ele>
        <time>2026-07-24T22:54:19Z</time>
      </trkpt>
      <trkpt lat="42.697230" lon="-108.532568">
        <ele>1735.4</ele>
        <time>2026-07-24T22:54:21Z</time>
      </trkpt>
      <trkpt lat="42.697017" lon="-108.533147">
        <ele>1735.1</ele>
        <time>2026-07-24T22:54:23Z</time>
      </trkpt>
      <trkpt lat="42.696228" lon="-108.535148">
        <ele>1733.6</ele>
        <time>2026-07-24T22:54:30Z</time>
      </trkpt>
      <trkpt lat="42.696040" lon="-108.535744">
        <ele>1733.0</ele>
        <time>2026-07-24T22:54:32Z</time>
      </trkpt>
      <trkpt lat="42.695966" lon="-108.536046">
        <ele>1733.0</ele>
        <time>2026-07-24T22:54:33Z</time>
      </trkpt>
      <trkpt lat="42.695853" lon="-108.536678">
        <ele>1733.1</ele>
        <time>2026-07-24T22:54:35Z</time>
      </trkpt>
      <trkpt lat="42.695827" lon="-108.537318">
        <ele>1733.0</ele>
        <time>2026-07-24T22:54:37Z</time>
      </trkpt>
      <trkpt lat="42.695836" lon="-108.537960">
        <ele>1732.6</ele>
        <time>2026-07-24T22:54:39Z</time>
      </trkpt>
      <trkpt lat="42.695945" lon="-108.540147">
        <ele>1731.6</ele>
        <time>2026-07-24T22:54:46Z</time>
      </trkpt>
      <trkpt lat="42.695947" lon="-108.540538">
        <ele>1731.7</ele>
        <time>2026-07-24T22:54:47Z</time>
      </trkpt>
      <trkpt lat="42.695916" lon="-108.541121">
        <ele>1731.5</ele>
        <time>2026-07-24T22:54:49Z</time>
      </trkpt>
      <trkpt lat="42.695886" lon="-108.541443">
        <ele>1731.5</ele>
        <time>2026-07-24T22:54:50Z</time>
      </trkpt>
      <trkpt lat="42.695831" lon="-108.541824">
        <ele>1731.3</ele>
        <time>2026-07-24T22:54:51Z</time>
      </trkpt>
      <trkpt lat="42.695716" lon="-108.542376">
        <ele>1731.3</ele>
        <time>2026-07-24T22:54:53Z</time>
      </trkpt>
      <trkpt lat="42.695634" lon="-108.542682">
        <ele>1731.2</ele>
        <time>2026-07-24T22:54:54Z</time>
      </trkpt>
      <trkpt lat="42.695538" lon="-108.542981">
        <ele>1731.2</ele>
        <time>2026-07-24T22:54:55Z</time>
      </trkpt>
      <trkpt lat="42.695433" lon="-108.543270">
        <ele>1731.2</ele>
        <time>2026-07-24T22:54:56Z</time>
      </trkpt>
      <trkpt lat="42.695318" lon="-108.543546">
        <ele>1731.4</ele>
        <time>2026-07-24T22:54:57Z</time>
      </trkpt>
      <trkpt lat="42.695193" lon="-108.543821">
        <ele>1731.6</ele>
        <time>2026-07-24T22:54:58Z</time>
      </trkpt>
      <trkpt lat="42.694516" lon="-108.545155">
        <ele>1732.4</ele>
        <time>2026-07-24T22:55:03Z</time>
      </trkpt>
      <trkpt lat="42.694261" lon="-108.545711">
        <ele>1732.4</ele>
        <time>2026-07-24T22:55:05Z</time>
      </trkpt>
      <trkpt lat="42.694149" lon="-108.545995">
        <ele>1732.4</ele>
        <time>2026-07-24T22:55:06Z</time>
      </trkpt>
      <trkpt lat="42.694048" lon="-108.546287">
        <ele>1732.7</ele>
        <time>2026-07-24T22:55:07Z</time>
      </trkpt>
      <trkpt lat="42.693961" lon="-108.546586">
        <ele>1732.9</ele>
        <time>2026-07-24T22:55:08Z</time>
      </trkpt>
      <trkpt lat="42.693823" lon="-108.547194">
        <ele>1733.5</ele>
        <time>2026-07-24T22:55:10Z</time>
      </trkpt>
      <trkpt lat="42.693768" lon="-108.547830">
        <ele>1734.2</ele>
        <time>2026-07-24T22:55:12Z</time>
      </trkpt>
      <trkpt lat="42.693760" lon="-108.548149">
        <ele>1734.4</ele>
        <time>2026-07-24T22:55:13Z</time>
      </trkpt>
      <trkpt lat="42.693765" lon="-108.548470">
        <ele>1734.7</ele>
        <time>2026-07-24T22:55:14Z</time>
      </trkpt>
      <trkpt lat="42.693785" lon="-108.548785">
        <ele>1734.9</ele>
        <time>2026-07-24T22:55:15Z</time>
      </trkpt>
      <trkpt lat="42.693818" lon="-108.549102">
        <ele>1734.9</ele>
        <time>2026-07-24T22:55:16Z</time>
      </trkpt>
      <trkpt lat="42.693913" lon="-108.549725">
        <ele>1734.4</ele>
        <time>2026-07-24T22:55:18Z</time>
      </trkpt>
      <trkpt lat="42.693973" lon="-108.550033">
        <ele>1734.2</ele>
        <time>2026-07-24T22:55:19Z</time>
      </trkpt>
      <trkpt lat="42.695272" lon="-108.556009">
        <ele>1722.1</ele>
        <time>2026-07-24T22:55:38Z</time>
      </trkpt>
      <trkpt lat="42.695396" lon="-108.556634">
        <ele>1719.1</ele>
        <time>2026-07-24T22:55:40Z</time>
      </trkpt>
      <trkpt lat="42.695444" lon="-108.556947">
        <ele>1717.8</ele>
        <time>2026-07-24T22:55:41Z</time>
      </trkpt>
      <trkpt lat="42.695529" lon="-108.557833">
        <ele>1714.5</ele>
        <time>2026-07-24T22:55:44Z</time>
      </trkpt>
      <trkpt lat="42.695543" lon="-108.558151">
        <ele>1713.8</ele>
        <time>2026-07-24T22:55:45Z</time>
      </trkpt>
      <trkpt lat="42.695540" lon="-108.558528">
        <ele>1713.1</ele>
        <time>2026-07-24T22:55:46Z</time>
      </trkpt>
      <trkpt lat="42.695520" lon="-108.558843">
        <ele>1712.5</ele>
        <time>2026-07-24T22:55:47Z</time>
      </trkpt>
      <trkpt lat="42.695488" lon="-108.559157">
        <ele>1712.2</ele>
        <time>2026-07-24T22:55:48Z</time>
      </trkpt>
      <trkpt lat="42.695401" lon="-108.559711">
        <ele>1712.5</ele>
        <time>2026-07-24T22:55:50Z</time>
      </trkpt>
      <trkpt lat="42.695334" lon="-108.560015">
        <ele>1712.6</ele>
        <time>2026-07-24T22:55:51Z</time>
      </trkpt>
      <trkpt lat="42.695031" lon="-108.560866">
        <ele>1712.8</ele>
        <time>2026-07-24T22:55:54Z</time>
      </trkpt>
      <trkpt lat="42.694877" lon="-108.561169">
        <ele>1713.0</ele>
        <time>2026-07-24T22:55:55Z</time>
      </trkpt>
      <trkpt lat="42.694653" lon="-108.561731">
        <ele>1714.4</ele>
        <time>2026-07-24T22:55:57Z</time>
      </trkpt>
      <trkpt lat="42.693474" lon="-108.564558">
        <ele>1714.9</ele>
        <time>2026-07-24T22:56:07Z</time>
      </trkpt>
      <trkpt lat="42.693125" lon="-108.565421">
        <ele>1713.7</ele>
        <time>2026-07-24T22:56:10Z</time>
      </trkpt>
      <trkpt lat="42.692915" lon="-108.566000">
        <ele>1711.9</ele>
        <time>2026-07-24T22:56:12Z</time>
      </trkpt>
      <trkpt lat="42.692740" lon="-108.566593">
        <ele>1710.4</ele>
        <time>2026-07-24T22:56:14Z</time>
      </trkpt>
      <trkpt lat="42.692609" lon="-108.567199">
        <ele>1708.9</ele>
        <time>2026-07-24T22:56:16Z</time>
      </trkpt>
      <trkpt lat="42.692562" lon="-108.567506">
        <ele>1708.4</ele>
        <time>2026-07-24T22:56:17Z</time>
      </trkpt>
      <trkpt lat="42.692539" lon="-108.568452">
        <ele>1707.6</ele>
        <time>2026-07-24T22:56:20Z</time>
      </trkpt>
      <trkpt lat="42.692545" lon="-108.568772">
        <ele>1707.2</ele>
        <time>2026-07-24T22:56:21Z</time>
      </trkpt>
      <trkpt lat="42.692567" lon="-108.569084">
        <ele>1707.2</ele>
        <time>2026-07-24T22:56:22Z</time>
      </trkpt>
      <trkpt lat="42.692652" lon="-108.569704">
        <ele>1706.5</ele>
        <time>2026-07-24T22:56:24Z</time>
      </trkpt>
      <trkpt lat="42.692779" lon="-108.570314">
        <ele>1706.2</ele>
        <time>2026-07-24T22:56:26Z</time>
      </trkpt>
      <trkpt lat="42.692948" lon="-108.570893">
        <ele>1705.3</ele>
        <time>2026-07-24T22:56:28Z</time>
      </trkpt>
      <trkpt lat="42.693167" lon="-108.571453">
        <ele>1704.8</ele>
        <time>2026-07-24T22:56:30Z</time>
      </trkpt>
      <trkpt lat="42.693289" lon="-108.571720">
        <ele>1704.8</ele>
        <time>2026-07-24T22:56:31Z</time>
      </trkpt>
      <trkpt lat="42.694099" lon="-108.572959">
        <ele>1704.5</ele>
        <time>2026-07-24T22:56:36Z</time>
      </trkpt>
      <trkpt lat="42.694273" lon="-108.573167">
        <ele>1704.7</ele>
        <time>2026-07-24T22:56:37Z</time>
      </trkpt>
      <trkpt lat="42.694971" lon="-108.573944">
        <ele>1705.1</ele>
        <time>2026-07-24T22:56:41Z</time>
      </trkpt>
      <trkpt lat="42.695512" lon="-108.574583">
        <ele>1706.1</ele>
        <time>2026-07-24T22:56:44Z</time>
      </trkpt>
      <trkpt lat="42.695848" lon="-108.575054">
        <ele>1706.7</ele>
        <time>2026-07-24T22:56:46Z</time>
      </trkpt>
      <trkpt lat="42.696036" lon="-108.575347">
        <ele>1707.0</ele>
        <time>2026-07-24T22:56:47Z</time>
      </trkpt>
      <trkpt lat="42.696435" lon="-108.576076">
        <ele>1707.7</ele>
        <time>2026-07-24T22:56:50Z</time>
      </trkpt>
      <trkpt lat="42.696566" lon="-108.576350">
        <ele>1708.1</ele>
        <time>2026-07-24T22:56:51Z</time>
      </trkpt>
      <trkpt lat="42.696820" lon="-108.576970">
        <ele>1708.8</ele>
        <time>2026-07-24T22:56:53Z</time>
      </trkpt>
      <trkpt lat="42.696910" lon="-108.577268">
        <ele>1709.0</ele>
        <time>2026-07-24T22:56:54Z</time>
      </trkpt>
      <trkpt lat="42.697090" lon="-108.577792">
        <ele>1709.2</ele>
        <time>2026-07-24T22:56:56Z</time>
      </trkpt>
      <trkpt lat="42.697349" lon="-108.578692">
        <ele>1709.3</ele>
        <time>2026-07-24T22:56:59Z</time>
      </trkpt>
      <trkpt lat="42.698800" lon="-108.584171">
        <ele>1706.6</ele>
        <time>2026-07-24T22:57:17Z</time>
      </trkpt>
      <trkpt lat="42.699050" lon="-108.585080">
        <ele>1704.8</ele>
        <time>2026-07-24T22:57:20Z</time>
      </trkpt>
      <trkpt lat="42.699227" lon="-108.585678">
        <ele>1703.8</ele>
        <time>2026-07-24T22:57:22Z</time>
      </trkpt>
      <trkpt lat="42.699326" lon="-108.585979">
        <ele>1703.1</ele>
        <time>2026-07-24T22:57:23Z</time>
      </trkpt>
      <trkpt lat="42.699668" lon="-108.586832">
        <ele>1700.4</ele>
        <time>2026-07-24T22:57:26Z</time>
      </trkpt>
      <trkpt lat="42.699910" lon="-108.587387">
        <ele>1698.6</ele>
        <time>2026-07-24T22:57:28Z</time>
      </trkpt>
      <trkpt lat="42.700168" lon="-108.587927">
        <ele>1696.8</ele>
        <time>2026-07-24T22:57:30Z</time>
      </trkpt>
      <trkpt lat="42.700739" lon="-108.588954">
        <ele>1693.5</ele>
        <time>2026-07-24T22:57:34Z</time>
      </trkpt>
      <trkpt lat="42.701042" lon="-108.589454">
        <ele>1691.6</ele>
        <time>2026-07-24T22:57:36Z</time>
      </trkpt>
      <trkpt lat="42.702103" lon="-108.591173">
        <ele>1686.4</ele>
        <time>2026-07-24T22:57:43Z</time>
      </trkpt>
      <trkpt lat="42.703914" lon="-108.594148">
        <ele>1683.7</ele>
        <time>2026-07-24T22:57:55Z</time>
      </trkpt>
      <trkpt lat="42.706026" lon="-108.597569">
        <ele>1681.8</ele>
        <time>2026-07-24T22:58:09Z</time>
      </trkpt>
      <trkpt lat="42.706505" lon="-108.598281">
        <ele>1681.3</ele>
        <time>2026-07-24T22:58:12Z</time>
      </trkpt>
      <trkpt lat="42.706839" lon="-108.598734">
        <ele>1681.1</ele>
        <time>2026-07-24T22:58:14Z</time>
      </trkpt>
      <trkpt lat="42.707360" lon="-108.599386">
        <ele>1680.5</ele>
        <time>2026-07-24T22:58:17Z</time>
      </trkpt>
      <trkpt lat="42.712040" lon="-108.604807">
        <ele>1673.8</ele>
        <time>2026-07-24T22:58:43Z</time>
      </trkpt>
      <trkpt lat="42.712208" lon="-108.605031">
        <ele>1673.6</ele>
        <time>2026-07-24T22:58:44Z</time>
      </trkpt>
      <trkpt lat="42.726133" lon="-108.621128">
        <ele>1665.8</ele>
        <time>2026-07-24T23:00:01Z</time>
      </trkpt>
      <trkpt lat="42.726674" lon="-108.621783">
        <ele>1664.4</ele>
        <time>2026-07-24T23:00:04Z</time>
      </trkpt>
      <trkpt lat="42.727011" lon="-108.622239">
        <ele>1663.6</ele>
        <time>2026-07-24T23:00:06Z</time>
      </trkpt>
      <trkpt lat="42.727327" lon="-108.622720">
        <ele>1662.7</ele>
        <time>2026-07-24T23:00:08Z</time>
      </trkpt>
      <trkpt lat="42.727620" lon="-108.623228">
        <ele>1661.6</ele>
        <time>2026-07-24T23:00:10Z</time>
      </trkpt>
      <trkpt lat="42.727757" lon="-108.623491">
        <ele>1661.1</ele>
        <time>2026-07-24T23:00:11Z</time>
      </trkpt>
      <trkpt lat="42.728012" lon="-108.624029">
        <ele>1660.0</ele>
        <time>2026-07-24T23:00:13Z</time>
      </trkpt>
      <trkpt lat="42.728131" lon="-108.624308">
        <ele>1659.4</ele>
        <time>2026-07-24T23:00:14Z</time>
      </trkpt>
      <trkpt lat="42.728351" lon="-108.624881">
        <ele>1658.2</ele>
        <time>2026-07-24T23:00:16Z</time>
      </trkpt>
      <trkpt lat="42.728436" lon="-108.625183">
        <ele>1657.5</ele>
        <time>2026-07-24T23:00:17Z</time>
      </trkpt>
      <trkpt lat="42.728504" lon="-108.625526">
        <ele>1656.8</ele>
        <time>2026-07-24T23:00:18Z</time>
      </trkpt>
      <trkpt lat="42.729234" lon="-108.627878">
        <ele>1655.4</ele>
        <time>2026-07-24T23:00:26Z</time>
      </trkpt>
      <trkpt lat="42.729402" lon="-108.628475">
        <ele>1655.9</ele>
        <time>2026-07-24T23:00:28Z</time>
      </trkpt>
      <trkpt lat="42.729612" lon="-108.629383">
        <ele>1657.4</ele>
        <time>2026-07-24T23:00:31Z</time>
      </trkpt>
      <trkpt lat="42.729778" lon="-108.630325">
        <ele>1660.1</ele>
        <time>2026-07-24T23:00:34Z</time>
      </trkpt>
      <trkpt lat="42.729904" lon="-108.631270">
        <ele>1663.7</ele>
        <time>2026-07-24T23:00:37Z</time>
      </trkpt>
      <trkpt lat="42.729988" lon="-108.632233">
        <ele>1667.6</ele>
        <time>2026-07-24T23:00:40Z</time>
      </trkpt>
      <trkpt lat="42.730018" lon="-108.632881">
        <ele>1670.1</ele>
        <time>2026-07-24T23:00:42Z</time>
      </trkpt>
      <trkpt lat="42.730028" lon="-108.633783">
        <ele>1674.1</ele>
        <time>2026-07-24T23:00:45Z</time>
      </trkpt>
      <trkpt lat="42.729995" lon="-108.634748">
        <ele>1677.9</ele>
        <time>2026-07-24T23:00:48Z</time>
      </trkpt>
      <trkpt lat="42.729889" lon="-108.635707">
        <ele>1681.3</ele>
        <time>2026-07-24T23:00:51Z</time>
      </trkpt>
      <trkpt lat="42.729808" lon="-108.636056">
        <ele>1682.4</ele>
        <time>2026-07-24T23:00:52Z</time>
      </trkpt>
      <trkpt lat="42.729715" lon="-108.636686">
        <ele>1684.6</ele>
        <time>2026-07-24T23:00:54Z</time>
      </trkpt>
      <trkpt lat="42.729282" lon="-108.639196">
        <ele>1692.3</ele>
        <time>2026-07-24T23:01:02Z</time>
      </trkpt>
      <trkpt lat="42.729186" lon="-108.639829">
        <ele>1693.9</ele>
        <time>2026-07-24T23:01:04Z</time>
      </trkpt>
      <trkpt lat="42.729073" lon="-108.640788">
        <ele>1696.1</ele>
        <time>2026-07-24T23:01:07Z</time>
      </trkpt>
      <trkpt lat="42.729002" lon="-108.641709">
        <ele>1697.9</ele>
        <time>2026-07-24T23:01:10Z</time>
      </trkpt>
      <trkpt lat="42.728974" lon="-108.642293">
        <ele>1698.5</ele>
        <time>2026-07-24T23:01:12Z</time>
      </trkpt>
      <trkpt lat="42.728946" lon="-108.643881">
        <ele>1698.6</ele>
        <time>2026-07-24T23:01:18Z</time>
      </trkpt>
      <trkpt lat="42.728965" lon="-108.644375">
        <ele>1698.3</ele>
        <time>2026-07-24T23:01:20Z</time>
      </trkpt>
      <trkpt lat="42.728991" lon="-108.644614">
        <ele>1698.1</ele>
        <time>2026-07-24T23:01:21Z</time>
      </trkpt>
      <trkpt lat="42.729119" lon="-108.645047">
        <ele>1697.7</ele>
        <time>2026-07-24T23:01:23Z</time>
      </trkpt>
      <trkpt lat="42.729194" lon="-108.645245">
        <ele>1697.5</ele>
        <time>2026-07-24T23:01:24Z</time>
      </trkpt>
      <trkpt lat="42.729283" lon="-108.645441">
        <ele>1697.2</ele>
        <time>2026-07-24T23:01:25Z</time>
      </trkpt>
      <trkpt lat="42.729379" lon="-108.645619">
        <ele>1696.8</ele>
        <time>2026-07-24T23:01:26Z</time>
      </trkpt>
      <trkpt lat="42.729489" lon="-108.645785">
        <ele>1695.9</ele>
        <time>2026-07-24T23:01:27Z</time>
      </trkpt>
      <trkpt lat="42.729613" lon="-108.645941">
        <ele>1695.5</ele>
        <time>2026-07-24T23:01:28Z</time>
      </trkpt>
      <trkpt lat="42.729750" lon="-108.646084">
        <ele>1695.3</ele>
        <time>2026-07-24T23:01:29Z</time>
      </trkpt>
      <trkpt lat="42.729895" lon="-108.646212">
        <ele>1695.0</ele>
        <time>2026-07-24T23:01:30Z</time>
      </trkpt>
      <trkpt lat="42.730054" lon="-108.646322">
        <ele>1694.6</ele>
        <time>2026-07-24T23:01:31Z</time>
      </trkpt>
      <trkpt lat="42.730223" lon="-108.646412">
        <ele>1694.3</ele>
        <time>2026-07-24T23:01:32Z</time>
      </trkpt>
      <trkpt lat="42.730403" lon="-108.646484">
        <ele>1693.9</ele>
        <time>2026-07-24T23:01:33Z</time>
      </trkpt>
      <trkpt lat="42.730587" lon="-108.646534">
        <ele>1693.3</ele>
        <time>2026-07-24T23:01:34Z</time>
      </trkpt>
      <trkpt lat="42.731012" lon="-108.646627">
        <ele>1692.9</ele>
        <time>2026-07-24T23:01:36Z</time>
      </trkpt>
      <trkpt lat="42.732073" lon="-108.646728">
        <ele>1692.4</ele>
        <time>2026-07-24T23:01:41Z</time>
      </trkpt>
      <trkpt lat="42.732949" lon="-108.646847">
        <ele>1692.3</ele>
        <time>2026-07-24T23:01:45Z</time>
      </trkpt>
      <trkpt lat="42.733840" lon="-108.647004">
        <ele>1692.7</ele>
        <time>2026-07-24T23:01:49Z</time>
      </trkpt>
      <trkpt lat="42.734068" lon="-108.647025">
        <ele>1693.0</ele>
        <time>2026-07-24T23:01:50Z</time>
      </trkpt>
      <trkpt lat="42.734290" lon="-108.647069">
        <ele>1693.2</ele>
        <time>2026-07-24T23:01:51Z</time>
      </trkpt>
      <trkpt lat="42.734735" lon="-108.647173">
        <ele>1693.4</ele>
        <time>2026-07-24T23:01:53Z</time>
      </trkpt>
      <trkpt lat="42.734957" lon="-108.647247">
        <ele>1693.5</ele>
        <time>2026-07-24T23:01:54Z</time>
      </trkpt>
      <trkpt lat="42.735623" lon="-108.647405">
        <ele>1693.9</ele>
        <time>2026-07-24T23:01:57Z</time>
      </trkpt>
      <trkpt lat="42.735850" lon="-108.647436">
        <ele>1694.1</ele>
        <time>2026-07-24T23:01:58Z</time>
      </trkpt>
      <trkpt lat="42.736295" lon="-108.647539">
        <ele>1694.4</ele>
        <time>2026-07-24T23:02:00Z</time>
      </trkpt>
      <trkpt lat="42.739637" lon="-108.648324">
        <ele>1694.4</ele>
        <time>2026-07-24T23:02:15Z</time>
      </trkpt>
      <trkpt lat="42.739855" lon="-108.648397">
        <ele>1694.3</ele>
        <time>2026-07-24T23:02:16Z</time>
      </trkpt>
      <trkpt lat="42.745652" lon="-108.649750">
        <ele>1683.4</ele>
        <time>2026-07-24T23:02:42Z</time>
      </trkpt>
      <trkpt lat="42.747172" lon="-108.650090">
        <ele>1674.8</ele>
        <time>2026-07-24T23:02:49Z</time>
      </trkpt>
      <trkpt lat="42.749386" lon="-108.650631">
        <ele>1666.9</ele>
        <time>2026-07-24T23:02:59Z</time>
      </trkpt>
      <trkpt lat="42.754277" lon="-108.651778">
        <ele>1661.1</ele>
        <time>2026-07-24T23:03:21Z</time>
      </trkpt>
      <trkpt lat="42.754941" lon="-108.651915">
        <ele>1661.0</ele>
        <time>2026-07-24T23:03:24Z</time>
      </trkpt>
      <trkpt lat="42.756458" lon="-108.652194">
        <ele>1663.2</ele>
        <time>2026-07-24T23:03:31Z</time>
      </trkpt>
      <trkpt lat="42.761851" lon="-108.653104">
        <ele>1670.0</ele>
        <time>2026-07-24T23:03:55Z</time>
      </trkpt>
      <trkpt lat="42.762749" lon="-108.653266">
        <ele>1667.5</ele>
        <time>2026-07-24T23:03:59Z</time>
      </trkpt>
      <trkpt lat="42.763200" lon="-108.653358">
        <ele>1665.8</ele>
        <time>2026-07-24T23:04:01Z</time>
      </trkpt>
      <trkpt lat="42.763871" lon="-108.653519">
        <ele>1662.6</ele>
        <time>2026-07-24T23:04:04Z</time>
      </trkpt>
      <trkpt lat="42.764533" lon="-108.653708">
        <ele>1659.0</ele>
        <time>2026-07-24T23:04:07Z</time>
      </trkpt>
      <trkpt lat="42.765414" lon="-108.653992">
        <ele>1654.6</ele>
        <time>2026-07-24T23:04:11Z</time>
      </trkpt>
      <trkpt lat="42.766499" lon="-108.654391">
        <ele>1651.5</ele>
        <time>2026-07-24T23:04:16Z</time>
      </trkpt>
      <trkpt lat="42.766928" lon="-108.654568">
        <ele>1650.9</ele>
        <time>2026-07-24T23:04:18Z</time>
      </trkpt>
      <trkpt lat="42.767792" lon="-108.654960">
        <ele>1649.9</ele>
        <time>2026-07-24T23:04:22Z</time>
      </trkpt>
      <trkpt lat="42.768400" lon="-108.655253">
        <ele>1649.6</ele>
        <time>2026-07-24T23:04:25Z</time>
      </trkpt>
      <trkpt lat="42.769039" lon="-108.655579">
        <ele>1649.8</ele>
        <time>2026-07-24T23:04:28Z</time>
      </trkpt>
      <trkpt lat="42.770093" lon="-108.656141">
        <ele>1651.6</ele>
        <time>2026-07-24T23:04:33Z</time>
      </trkpt>
      <trkpt lat="42.770511" lon="-108.656380">
        <ele>1652.7</ele>
        <time>2026-07-24T23:04:35Z</time>
      </trkpt>
      <trkpt lat="42.771132" lon="-108.656767">
        <ele>1654.8</ele>
        <time>2026-07-24T23:04:38Z</time>
      </trkpt>
      <trkpt lat="42.771743" lon="-108.657172">
        <ele>1656.9</ele>
        <time>2026-07-24T23:04:41Z</time>
      </trkpt>
      <trkpt lat="42.772554" lon="-108.657744">
        <ele>1659.6</ele>
        <time>2026-07-24T23:04:45Z</time>
      </trkpt>
      <trkpt lat="42.773571" lon="-108.658479">
        <ele>1663.3</ele>
        <time>2026-07-24T23:04:50Z</time>
      </trkpt>
      <trkpt lat="42.773967" lon="-108.658788">
        <ele>1664.3</ele>
        <time>2026-07-24T23:04:52Z</time>
      </trkpt>
      <trkpt lat="42.774552" lon="-108.659279">
        <ele>1665.4</ele>
        <time>2026-07-24T23:04:55Z</time>
      </trkpt>
      <trkpt lat="42.775700" lon="-108.660311">
        <ele>1665.3</ele>
        <time>2026-07-24T23:05:01Z</time>
      </trkpt>
      <trkpt lat="42.777732" lon="-108.662378">
        <ele>1657.7</ele>
        <time>2026-07-24T23:05:12Z</time>
      </trkpt>
      <trkpt lat="42.779584" lon="-108.664209">
        <ele>1645.3</ele>
        <time>2026-07-24T23:05:22Z</time>
      </trkpt>
      <trkpt lat="42.784714" lon="-108.669222">
        <ele>1646.0</ele>
        <time>2026-07-24T23:05:50Z</time>
      </trkpt>
      <trkpt lat="42.786026" lon="-108.670492">
        <ele>1649.0</ele>
        <time>2026-07-24T23:05:57Z</time>
      </trkpt>
      <trkpt lat="42.790341" lon="-108.674596">
        <ele>1634.8</ele>
        <time>2026-07-24T23:06:20Z</time>
      </trkpt>
      <trkpt lat="42.791445" lon="-108.675660">
        <ele>1631.6</ele>
        <time>2026-07-24T23:06:26Z</time>
      </trkpt>
      <trkpt lat="42.792886" lon="-108.677074">
        <ele>1630.2</ele>
        <time>2026-07-24T23:06:34Z</time>
      </trkpt>
      <trkpt lat="42.794207" lon="-108.678335">
        <ele>1629.6</ele>
        <time>2026-07-24T23:06:41Z</time>
      </trkpt>
      <trkpt lat="42.796392" lon="-108.680466">
        <ele>1637.7</ele>
        <time>2026-07-24T23:06:53Z</time>
      </trkpt>
      <trkpt lat="42.796746" lon="-108.680821">
        <ele>1639.2</ele>
        <time>2026-07-24T23:06:55Z</time>
      </trkpt>
      <trkpt lat="42.797094" lon="-108.681188">
        <ele>1640.3</ele>
        <time>2026-07-24T23:06:57Z</time>
      </trkpt>
      <trkpt lat="42.797430" lon="-108.681563">
        <ele>1641.2</ele>
        <time>2026-07-24T23:06:59Z</time>
      </trkpt>
      <trkpt lat="42.797752" lon="-108.681948">
        <ele>1642.0</ele>
        <time>2026-07-24T23:07:01Z</time>
      </trkpt>
      <trkpt lat="42.798064" lon="-108.682346">
        <ele>1642.5</ele>
        <time>2026-07-24T23:07:03Z</time>
      </trkpt>
      <trkpt lat="42.798490" lon="-108.682945">
        <ele>1643.3</ele>
        <time>2026-07-24T23:07:06Z</time>
      </trkpt>
      <trkpt lat="42.798935" lon="-108.683611">
        <ele>1643.1</ele>
        <time>2026-07-24T23:07:09Z</time>
      </trkpt>
      <trkpt lat="42.799222" lon="-108.684070">
        <ele>1643.0</ele>
        <time>2026-07-24T23:07:11Z</time>
      </trkpt>
      <trkpt lat="42.799496" lon="-108.684541">
        <ele>1642.4</ele>
        <time>2026-07-24T23:07:13Z</time>
      </trkpt>
      <trkpt lat="42.799782" lon="-108.685069">
        <ele>1641.7</ele>
        <time>2026-07-24T23:07:15Z</time>
      </trkpt>
      <trkpt lat="42.800008" lon="-108.685517">
        <ele>1640.5</ele>
        <time>2026-07-24T23:07:17Z</time>
      </trkpt>
      <trkpt lat="42.800605" lon="-108.686768">
        <ele>1637.0</ele>
        <time>2026-07-24T23:07:22Z</time>
      </trkpt>
      <trkpt lat="42.801423" lon="-108.688522">
        <ele>1633.3</ele>
        <time>2026-07-24T23:07:29Z</time>
      </trkpt>
      <trkpt lat="42.801651" lon="-108.689036">
        <ele>1633.2</ele>
        <time>2026-07-24T23:07:31Z</time>
      </trkpt>
      <trkpt lat="42.802355" lon="-108.690558">
        <ele>1633.3</ele>
        <time>2026-07-24T23:07:37Z</time>
      </trkpt>
      <trkpt lat="42.803216" lon="-108.692307">
        <ele>1633.8</ele>
        <time>2026-07-24T23:07:44Z</time>
      </trkpt>
      <trkpt lat="42.804525" lon="-108.695086">
        <ele>1633.7</ele>
        <time>2026-07-24T23:07:55Z</time>
      </trkpt>
      <trkpt lat="42.805112" lon="-108.696281">
        <ele>1634.8</ele>
        <time>2026-07-24T23:08:00Z</time>
      </trkpt>
      <trkpt lat="42.805493" lon="-108.697014">
        <ele>1636.1</ele>
        <time>2026-07-24T23:08:03Z</time>
      </trkpt>
      <trkpt lat="42.805639" lon="-108.697237">
        <ele>1636.4</ele>
        <time>2026-07-24T23:08:04Z</time>
      </trkpt>
      <trkpt lat="42.806203" lon="-108.698158">
        <ele>1637.8</ele>
        <time>2026-07-24T23:08:08Z</time>
      </trkpt>
      <trkpt lat="42.806655" lon="-108.698812">
        <ele>1638.3</ele>
        <time>2026-07-24T23:08:11Z</time>
      </trkpt>
      <trkpt lat="42.807287" lon="-108.699644">
        <ele>1638.3</ele>
        <time>2026-07-24T23:08:15Z</time>
      </trkpt>
      <trkpt lat="42.808272" lon="-108.700828">
        <ele>1638.8</ele>
        <time>2026-07-24T23:08:21Z</time>
      </trkpt>
      <trkpt lat="42.813246" lon="-108.706722">
        <ele>1646.9</ele>
        <time>2026-07-24T23:08:51Z</time>
      </trkpt>
      <trkpt lat="42.813710" lon="-108.707276">
        <ele>1647.8</ele>
        <time>2026-07-24T23:08:54Z</time>
      </trkpt>
      <trkpt lat="42.813865" lon="-108.707489">
        <ele>1648.0</ele>
        <time>2026-07-24T23:08:55Z</time>
      </trkpt>
      <trkpt lat="42.819121" lon="-108.713720">
        <ele>1657.8</ele>
        <time>2026-07-24T23:09:27Z</time>
      </trkpt>
      <trkpt lat="42.820921" lon="-108.715837">
        <ele>1669.0</ele>
        <time>2026-07-24T23:09:39Z</time>
      </trkpt>
      <trkpt lat="42.821213" lon="-108.716168">
        <ele>1670.1</ele>
        <time>2026-07-24T23:09:41Z</time>
      </trkpt>
      <trkpt lat="42.821515" lon="-108.716466">
        <ele>1670.8</ele>
        <time>2026-07-24T23:09:43Z</time>
      </trkpt>
      <trkpt lat="42.821827" lon="-108.716738">
        <ele>1671.5</ele>
        <time>2026-07-24T23:09:45Z</time>
      </trkpt>
      <trkpt lat="42.822268" lon="-108.717069">
        <ele>1672.1</ele>
        <time>2026-07-24T23:09:48Z</time>
      </trkpt>
      <trkpt lat="42.822593" lon="-108.717274">
        <ele>1672.4</ele>
        <time>2026-07-24T23:09:50Z</time>
      </trkpt>
      <trkpt lat="42.822947" lon="-108.717468">
        <ele>1672.6</ele>
        <time>2026-07-24T23:09:52Z</time>
      </trkpt>
      <trkpt lat="42.823079" lon="-108.717533">
        <ele>1672.5</ele>
        <time>2026-07-24T23:09:53Z</time>
      </trkpt>
      <trkpt lat="42.823249" lon="-108.717581">
        <ele>1672.4</ele>
        <time>2026-07-24T23:09:54Z</time>
      </trkpt>
      <trkpt lat="42.823593" lon="-108.717703">
        <ele>1672.1</ele>
        <time>2026-07-24T23:09:56Z</time>
      </trkpt>
      <trkpt lat="42.824470" lon="-108.717974">
        <ele>1671.6</ele>
        <time>2026-07-24T23:10:01Z</time>
      </trkpt>
      <trkpt lat="42.825029" lon="-108.718167">
        <ele>1670.8</ele>
        <time>2026-07-24T23:10:04Z</time>
      </trkpt>
      <trkpt lat="42.825167" lon="-108.718242">
        <ele>1670.4</ele>
        <time>2026-07-24T23:10:05Z</time>
      </trkpt>
      <trkpt lat="42.825714" lon="-108.718484">
        <ele>1668.9</ele>
        <time>2026-07-24T23:10:08Z</time>
      </trkpt>
      <trkpt lat="42.826052" lon="-108.718665">
        <ele>1667.6</ele>
        <time>2026-07-24T23:10:10Z</time>
      </trkpt>
      <trkpt lat="42.826348" lon="-108.718843">
        <ele>1665.9</ele>
        <time>2026-07-24T23:10:12Z</time>
      </trkpt>
      <trkpt lat="42.826839" lon="-108.719177">
        <ele>1662.8</ele>
        <time>2026-07-24T23:10:15Z</time>
      </trkpt>
      <trkpt lat="42.826999" lon="-108.719300">
        <ele>1661.8</ele>
        <time>2026-07-24T23:10:16Z</time>
      </trkpt>
      <trkpt lat="42.827315" lon="-108.719565">
        <ele>1659.9</ele>
        <time>2026-07-24T23:10:18Z</time>
      </trkpt>
      <trkpt lat="42.827622" lon="-108.719852">
        <ele>1657.8</ele>
        <time>2026-07-24T23:10:20Z</time>
      </trkpt>
      <trkpt lat="42.828039" lon="-108.720288">
        <ele>1655.3</ele>
        <time>2026-07-24T23:10:23Z</time>
      </trkpt>
      <trkpt lat="42.831156" lon="-108.723921">
        <ele>1647.2</ele>
        <time>2026-07-24T23:10:51Z</time>
      </trkpt>
      <trkpt lat="42.831434" lon="-108.724317">
        <ele>1646.1</ele>
        <time>2026-07-24T23:10:54Z</time>
      </trkpt>
      <trkpt lat="42.831681" lon="-108.724750">
        <ele>1644.5</ele>
        <time>2026-07-24T23:10:57Z</time>
      </trkpt>
      <trkpt lat="42.831891" lon="-108.725205">
        <ele>1642.6</ele>
        <time>2026-07-24T23:11:00Z</time>
      </trkpt>
      <trkpt lat="42.832065" lon="-108.725677">
        <ele>1640.4</ele>
        <time>2026-07-24T23:11:03Z</time>
      </trkpt>
      <trkpt lat="42.832095" lon="-108.725839">
        <ele>1639.6</ele>
        <time>2026-07-24T23:11:04Z</time>
      </trkpt>
      <trkpt lat="42.832172" lon="-108.726154">
        <ele>1638.3</ele>
        <time>2026-07-24T23:11:06Z</time>
      </trkpt>
      <trkpt lat="42.832230" lon="-108.726304">
        <ele>1637.8</ele>
        <time>2026-07-24T23:11:07Z</time>
      </trkpt>
      <trkpt lat="42.832498" lon="-108.727622">
        <ele>1636.5</ele>
        <time>2026-07-24T23:11:16Z</time>
      </trkpt>
      <trkpt lat="42.832637" lon="-108.728361">
        <ele>1637.1</ele>
        <time>2026-07-24T23:11:22Z</time>
      </trkpt>
      <trkpt lat="42.833112" lon="-108.730661">
        <ele>1637.9</ele>
        <time>2026-07-24T23:11:40Z</time>
      </trkpt>
      <trkpt lat="42.834091" lon="-108.735302">
        <ele>1639.0</ele>
        <time>2026-07-24T23:12:20Z</time>
      </trkpt>
      <trkpt lat="42.834395" lon="-108.736793">
        <ele>1638.7</ele>
        <time>2026-07-24T23:12:31Z</time>
      </trkpt>
      <trkpt lat="42.835942" lon="-108.744040">
        <ele>1641.3</ele>
        <time>2026-07-24T23:13:35Z</time>
      </trkpt>
      <trkpt lat="42.836017" lon="-108.744309">
        <ele>1641.9</ele>
        <time>2026-07-24T23:13:37Z</time>
      </trkpt>
      <trkpt lat="42.836061" lon="-108.744410">
        <ele>1642.5</ele>
        <time>2026-07-24T23:13:38Z</time>
      </trkpt>
      <trkpt lat="42.836130" lon="-108.744529">
        <ele>1642.6</ele>
        <time>2026-07-24T23:13:39Z</time>
      </trkpt>
      <trkpt lat="42.836227" lon="-108.744645">
        <ele>1642.6</ele>
        <time>2026-07-24T23:13:40Z</time>
      </trkpt>
      <trkpt lat="42.836301" lon="-108.744704">
        <ele>1642.4</ele>
        <time>2026-07-24T23:13:41Z</time>
      </trkpt>
      <trkpt lat="42.836418" lon="-108.744771">
        <ele>1642.3</ele>
        <time>2026-07-24T23:13:42Z</time>
      </trkpt>
      <trkpt lat="42.836501" lon="-108.744803">
        <ele>1642.2</ele>
        <time>2026-07-24T23:13:43Z</time>
      </trkpt>
      <trkpt lat="42.836613" lon="-108.744824">
        <ele>1642.2</ele>
        <time>2026-07-24T23:13:44Z</time>
      </trkpt>
      <trkpt lat="42.836730" lon="-108.744831">
        <ele>1642.1</ele>
        <time>2026-07-24T23:13:45Z</time>
      </trkpt>
      <trkpt lat="42.838260" lon="-108.744829">
        <ele>1641.4</ele>
        <time>2026-07-24T23:14:00Z</time>
      </trkpt>
      <trkpt lat="42.838692" lon="-108.744867">
        <ele>1641.5</ele>
        <time>2026-07-24T23:14:05Z</time>
      </trkpt>
      <trkpt lat="42.839344" lon="-108.744874">
        <ele>1641.6</ele>
        <time>2026-07-24T23:14:11Z</time>
      </trkpt>
      <trkpt lat="42.839727" lon="-108.744900">
        <ele>1641.5</ele>
        <time>2026-07-24T23:14:14Z</time>
      </trkpt>
      <trkpt lat="42.839860" lon="-108.744917">
        <ele>1641.5</ele>
        <time>2026-07-24T23:14:15Z</time>
      </trkpt>
      <trkpt lat="42.840281" lon="-108.745001">
        <ele>1641.4</ele>
        <time>2026-07-24T23:14:18Z</time>
      </trkpt>
      <trkpt lat="42.840715" lon="-108.745138">
        <ele>1641.3</ele>
        <time>2026-07-24T23:14:21Z</time>
      </trkpt>
      <trkpt lat="42.841150" lon="-108.745324">
        <ele>1640.9</ele>
        <time>2026-07-24T23:14:24Z</time>
      </trkpt>
      <trkpt lat="42.841566" lon="-108.745555">
        <ele>1640.6</ele>
        <time>2026-07-24T23:14:27Z</time>
      </trkpt>
      <trkpt lat="42.841802" lon="-108.745709">
        <ele>1640.3</ele>
        <time>2026-07-24T23:14:29Z</time>
      </trkpt>
      <trkpt lat="42.845515" lon="-108.748274">
        <ele>1639.6</ele>
        <time>2026-07-24T23:14:58Z</time>
      </trkpt>
      <trkpt lat="42.846823" lon="-108.749154">
        <ele>1639.5</ele>
        <time>2026-07-24T23:15:07Z</time>
      </trkpt>
      <trkpt lat="42.847602" lon="-108.749647">
        <ele>1639.2</ele>
        <time>2026-07-24T23:15:12Z</time>
      </trkpt>
      <trkpt lat="42.849863" lon="-108.751217">
        <ele>1641.3</ele>
        <time>2026-07-24T23:15:26Z</time>
      </trkpt>
      <trkpt lat="42.850195" lon="-108.751472">
        <ele>1641.9</ele>
        <time>2026-07-24T23:15:28Z</time>
      </trkpt>
      <trkpt lat="42.850520" lon="-108.751758">
        <ele>1642.6</ele>
        <time>2026-07-24T23:15:30Z</time>
      </trkpt>
      <trkpt lat="42.850836" lon="-108.752063">
        <ele>1643.2</ele>
        <time>2026-07-24T23:15:32Z</time>
      </trkpt>
      <trkpt lat="42.851144" lon="-108.752389">
        <ele>1644.0</ele>
        <time>2026-07-24T23:15:34Z</time>
      </trkpt>
      <trkpt lat="42.851444" lon="-108.752741">
        <ele>1644.8</ele>
        <time>2026-07-24T23:15:36Z</time>
      </trkpt>
      <trkpt lat="42.851869" lon="-108.753312">
        <ele>1646.2</ele>
        <time>2026-07-24T23:15:39Z</time>
      </trkpt>
      <trkpt lat="42.852137" lon="-108.753721">
        <ele>1646.9</ele>
        <time>2026-07-24T23:15:41Z</time>
      </trkpt>
      <trkpt lat="42.852392" lon="-108.754161">
        <ele>1647.7</ele>
        <time>2026-07-24T23:15:43Z</time>
      </trkpt>
      <trkpt lat="42.852632" lon="-108.754614">
        <ele>1648.4</ele>
        <time>2026-07-24T23:15:45Z</time>
      </trkpt>
      <trkpt lat="42.852855" lon="-108.755095">
        <ele>1649.3</ele>
        <time>2026-07-24T23:15:47Z</time>
      </trkpt>
      <trkpt lat="42.853165" lon="-108.755825">
        <ele>1650.5</ele>
        <time>2026-07-24T23:15:50Z</time>
      </trkpt>
      <trkpt lat="42.853670" lon="-108.757089">
        <ele>1653.3</ele>
        <time>2026-07-24T23:15:55Z</time>
      </trkpt>
      <trkpt lat="42.854810" lon="-108.759835">
        <ele>1659.9</ele>
        <time>2026-07-24T23:16:06Z</time>
      </trkpt>
      <trkpt lat="42.858911" lon="-108.769514">
        <ele>1689.5</ele>
        <time>2026-07-24T23:16:44Z</time>
      </trkpt>
      <trkpt lat="42.859370" lon="-108.770554">
        <ele>1694.5</ele>
        <time>2026-07-24T23:16:48Z</time>
      </trkpt>
      <trkpt lat="42.859630" lon="-108.771047">
        <ele>1696.8</ele>
        <time>2026-07-24T23:16:50Z</time>
      </trkpt>
      <trkpt lat="42.860043" lon="-108.771762">
        <ele>1700.4</ele>
        <time>2026-07-24T23:16:53Z</time>
      </trkpt>
      <trkpt lat="42.860344" lon="-108.772213">
        <ele>1702.7</ele>
        <time>2026-07-24T23:16:55Z</time>
      </trkpt>
      <trkpt lat="42.860499" lon="-108.772425">
        <ele>1703.9</ele>
        <time>2026-07-24T23:16:56Z</time>
      </trkpt>
      <trkpt lat="42.860828" lon="-108.772834">
        <ele>1705.7</ele>
        <time>2026-07-24T23:16:58Z</time>
      </trkpt>
      <trkpt lat="42.861170" lon="-108.773222">
        <ele>1707.1</ele>
        <time>2026-07-24T23:17:00Z</time>
      </trkpt>
      <trkpt lat="42.861533" lon="-108.773581">
        <ele>1708.2</ele>
        <time>2026-07-24T23:17:02Z</time>
      </trkpt>
      <trkpt lat="42.861905" lon="-108.773926">
        <ele>1708.9</ele>
        <time>2026-07-24T23:17:04Z</time>
      </trkpt>
      <trkpt lat="42.865338" lon="-108.776923">
        <ele>1699.1</ele>
        <time>2026-07-24T23:17:22Z</time>
      </trkpt>
      <trkpt lat="42.866432" lon="-108.777858">
        <ele>1694.5</ele>
        <time>2026-07-24T23:17:28Z</time>
      </trkpt>
      <trkpt lat="42.867006" lon="-108.778326">
        <ele>1692.8</ele>
        <time>2026-07-24T23:17:31Z</time>
      </trkpt>
      <trkpt lat="42.867977" lon="-108.779079">
        <ele>1690.9</ele>
        <time>2026-07-24T23:17:36Z</time>
      </trkpt>
      <trkpt lat="42.868970" lon="-108.779773">
        <ele>1689.8</ele>
        <time>2026-07-24T23:17:41Z</time>
      </trkpt>
      <trkpt lat="42.869170" lon="-108.779904">
        <ele>1689.6</ele>
        <time>2026-07-24T23:17:42Z</time>
      </trkpt>
      <trkpt lat="42.870190" lon="-108.780553">
        <ele>1689.1</ele>
        <time>2026-07-24T23:17:47Z</time>
      </trkpt>
      <trkpt lat="42.875912" lon="-108.784139">
        <ele>1692.2</ele>
        <time>2026-07-24T23:18:19Z</time>
      </trkpt>
      <trkpt lat="42.876052" lon="-108.784276">
        <ele>1692.1</ele>
        <time>2026-07-24T23:18:20Z</time>
      </trkpt>
      <trkpt lat="42.876517" lon="-108.784562">
        <ele>1692.0</ele>
        <time>2026-07-24T23:18:23Z</time>
      </trkpt>
      <trkpt lat="42.876683" lon="-108.784621">
        <ele>1691.9</ele>
        <time>2026-07-24T23:18:24Z</time>
      </trkpt>
      <trkpt lat="42.880525" lon="-108.787027">
        <ele>1686.7</ele>
        <time>2026-07-24T23:18:47Z</time>
      </trkpt>
      <trkpt lat="42.880710" lon="-108.787164">
        <ele>1686.6</ele>
        <time>2026-07-24T23:18:48Z</time>
      </trkpt>
      <trkpt lat="42.880906" lon="-108.787288">
        <ele>1686.6</ele>
        <time>2026-07-24T23:18:49Z</time>
      </trkpt>
      <trkpt lat="42.883515" lon="-108.788907">
        <ele>1688.2</ele>
        <time>2026-07-24T23:19:02Z</time>
      </trkpt>
      <trkpt lat="42.885705" lon="-108.790291">
        <ele>1692.1</ele>
        <time>2026-07-24T23:19:13Z</time>
      </trkpt>
      <trkpt lat="42.892021" lon="-108.794214">
        <ele>1709.8</ele>
        <time>2026-07-24T23:19:44Z</time>
      </trkpt>
      <trkpt lat="42.892238" lon="-108.794305">
        <ele>1710.3</ele>
        <time>2026-07-24T23:19:45Z</time>
      </trkpt>
      <trkpt lat="42.892657" lon="-108.794509">
        <ele>1711.1</ele>
        <time>2026-07-24T23:19:47Z</time>
      </trkpt>
      <trkpt lat="42.892869" lon="-108.794593">
        <ele>1711.6</ele>
        <time>2026-07-24T23:19:48Z</time>
      </trkpt>
      <trkpt lat="42.893088" lon="-108.794666">
        <ele>1712.0</ele>
        <time>2026-07-24T23:19:49Z</time>
      </trkpt>
      <trkpt lat="42.893521" lon="-108.794775">
        <ele>1712.9</ele>
        <time>2026-07-24T23:19:51Z</time>
      </trkpt>
      <trkpt lat="42.893740" lon="-108.794809">
        <ele>1713.3</ele>
        <time>2026-07-24T23:19:52Z</time>
      </trkpt>
      <trkpt lat="42.894139" lon="-108.794838">
        <ele>1713.7</ele>
        <time>2026-07-24T23:19:54Z</time>
      </trkpt>
      <trkpt lat="42.895039" lon="-108.794861">
        <ele>1714.3</ele>
        <time>2026-07-24T23:19:58Z</time>
      </trkpt>
      <trkpt lat="42.905374" lon="-108.794849">
        <ele>1716.0</ele>
        <time>2026-07-24T23:20:44Z</time>
      </trkpt>
      <trkpt lat="42.906274" lon="-108.794851">
        <ele>1714.7</ele>
        <time>2026-07-24T23:20:48Z</time>
      </trkpt>
      <trkpt lat="42.906454" lon="-108.794874">
        <ele>1714.4</ele>
        <time>2026-07-24T23:20:49Z</time>
      </trkpt>
      <trkpt lat="42.918773" lon="-108.794848">
        <ele>1703.6</ele>
        <time>2026-07-24T23:21:44Z</time>
      </trkpt>
      <trkpt lat="42.920749" lon="-108.794852">
        <ele>1702.3</ele>
        <time>2026-07-24T23:21:53Z</time>
      </trkpt>
      <trkpt lat="42.920973" lon="-108.794830">
        <ele>1702.0</ele>
        <time>2026-07-24T23:21:54Z</time>
      </trkpt>
      <trkpt lat="42.921196" lon="-108.794830">
        <ele>1701.8</ele>
        <time>2026-07-24T23:21:55Z</time>
      </trkpt>
      <trkpt lat="42.921420" lon="-108.794851">
        <ele>1701.6</ele>
        <time>2026-07-24T23:21:56Z</time>
      </trkpt>
      <trkpt lat="42.927471" lon="-108.794842">
        <ele>1695.8</ele>
        <time>2026-07-24T23:22:23Z</time>
      </trkpt>
      <trkpt lat="42.927695" lon="-108.794818">
        <ele>1695.7</ele>
        <time>2026-07-24T23:22:24Z</time>
      </trkpt>
      <trkpt lat="42.928142" lon="-108.794816">
        <ele>1695.2</ele>
        <time>2026-07-24T23:22:26Z</time>
      </trkpt>
      <trkpt lat="42.928593" lon="-108.794822">
        <ele>1694.8</ele>
        <time>2026-07-24T23:22:28Z</time>
      </trkpt>
      <trkpt lat="42.928817" lon="-108.794845">
        <ele>1694.6</ele>
        <time>2026-07-24T23:22:29Z</time>
      </trkpt>
      <trkpt lat="42.938862" lon="-108.794886">
        <ele>1682.5</ele>
        <time>2026-07-24T23:23:14Z</time>
      </trkpt>
      <trkpt lat="42.939085" lon="-108.794897">
        <ele>1682.5</ele>
        <time>2026-07-24T23:23:15Z</time>
      </trkpt>
      <trkpt lat="42.939523" lon="-108.794941">
        <ele>1682.3</ele>
        <time>2026-07-24T23:23:17Z</time>
      </trkpt>
      <trkpt lat="42.939745" lon="-108.794978">
        <ele>1682.2</ele>
        <time>2026-07-24T23:23:18Z</time>
      </trkpt>
      <trkpt lat="42.939961" lon="-108.795026">
        <ele>1682.1</ele>
        <time>2026-07-24T23:23:19Z</time>
      </trkpt>
      <trkpt lat="42.940397" lon="-108.795160">
        <ele>1681.8</ele>
        <time>2026-07-24T23:23:21Z</time>
      </trkpt>
      <trkpt lat="42.940611" lon="-108.795244">
        <ele>1681.7</ele>
        <time>2026-07-24T23:23:22Z</time>
      </trkpt>
      <trkpt lat="42.940823" lon="-108.795341">
        <ele>1681.7</ele>
        <time>2026-07-24T23:23:23Z</time>
      </trkpt>
      <trkpt lat="42.941031" lon="-108.795451">
        <ele>1681.6</ele>
        <time>2026-07-24T23:23:24Z</time>
      </trkpt>
      <trkpt lat="42.941425" lon="-108.795744">
        <ele>1681.6</ele>
        <time>2026-07-24T23:23:26Z</time>
      </trkpt>
      <trkpt lat="42.941617" lon="-108.795902">
        <ele>1681.5</ele>
        <time>2026-07-24T23:23:27Z</time>
      </trkpt>
      <trkpt lat="42.941977" lon="-108.796253">
        <ele>1681.6</ele>
        <time>2026-07-24T23:23:29Z</time>
      </trkpt>
      <trkpt lat="42.942340" lon="-108.796670">
        <ele>1681.5</ele>
        <time>2026-07-24T23:23:31Z</time>
      </trkpt>
      <trkpt lat="42.942666" lon="-108.797089">
        <ele>1681.1</ele>
        <time>2026-07-24T23:23:33Z</time>
      </trkpt>
      <trkpt lat="42.942820" lon="-108.797308">
        <ele>1681.0</ele>
        <time>2026-07-24T23:23:34Z</time>
      </trkpt>
      <trkpt lat="42.943568" lon="-108.798443">
        <ele>1681.4</ele>
        <time>2026-07-24T23:23:39Z</time>
      </trkpt>
      <trkpt lat="42.944444" lon="-108.799744">
        <ele>1681.9</ele>
        <time>2026-07-24T23:23:45Z</time>
      </trkpt>
      <trkpt lat="42.945200" lon="-108.800895">
        <ele>1682.4</ele>
        <time>2026-07-24T23:23:50Z</time>
      </trkpt>
      <trkpt lat="42.947323" lon="-108.804048">
        <ele>1684.4</ele>
        <time>2026-07-24T23:24:04Z</time>
      </trkpt>
      <trkpt lat="42.951759" lon="-108.810536">
        <ele>1688.9</ele>
        <time>2026-07-24T23:24:33Z</time>
      </trkpt>
      <trkpt lat="42.958127" lon="-108.819877">
        <ele>1695.1</ele>
        <time>2026-07-24T23:25:15Z</time>
      </trkpt>
      <trkpt lat="42.958885" lon="-108.821002">
        <ele>1697.4</ele>
        <time>2026-07-24T23:25:20Z</time>
      </trkpt>
      <trkpt lat="42.959622" lon="-108.822157">
        <ele>1698.3</ele>
        <time>2026-07-24T23:25:25Z</time>
      </trkpt>
      <trkpt lat="42.960185" lon="-108.823112">
        <ele>1698.6</ele>
        <time>2026-07-24T23:25:29Z</time>
      </trkpt>
      <trkpt lat="42.960725" lon="-108.824083">
        <ele>1698.9</ele>
        <time>2026-07-24T23:25:33Z</time>
      </trkpt>
      <trkpt lat="42.961115" lon="-108.824827">
        <ele>1699.1</ele>
        <time>2026-07-24T23:25:36Z</time>
      </trkpt>
      <trkpt lat="42.961469" lon="-108.825530">
        <ele>1699.4</ele>
        <time>2026-07-24T23:25:39Z</time>
      </trkpt>
      <trkpt lat="42.962570" lon="-108.827822">
        <ele>1700.6</ele>
        <time>2026-07-24T23:25:48Z</time>
      </trkpt>
      <trkpt lat="42.962918" lon="-108.828604">
        <ele>1701.3</ele>
        <time>2026-07-24T23:25:51Z</time>
      </trkpt>
      <trkpt lat="42.963130" lon="-108.829141">
        <ele>1701.5</ele>
        <time>2026-07-24T23:25:53Z</time>
      </trkpt>
      <trkpt lat="42.963324" lon="-108.829696">
        <ele>1701.8</ele>
        <time>2026-07-24T23:25:55Z</time>
      </trkpt>
      <trkpt lat="42.963494" lon="-108.830258">
        <ele>1701.8</ele>
        <time>2026-07-24T23:25:57Z</time>
      </trkpt>
      <trkpt lat="42.963638" lon="-108.830839">
        <ele>1701.7</ele>
        <time>2026-07-24T23:25:59Z</time>
      </trkpt>
      <trkpt lat="42.963759" lon="-108.831429">
        <ele>1701.2</ele>
        <time>2026-07-24T23:26:01Z</time>
      </trkpt>
      <trkpt lat="42.963976" lon="-108.832619">
        <ele>1700.2</ele>
        <time>2026-07-24T23:26:05Z</time>
      </trkpt>
      <trkpt lat="42.963990" lon="-108.832947">
        <ele>1700.0</ele>
        <time>2026-07-24T23:26:06Z</time>
      </trkpt>
      <trkpt lat="42.964259" lon="-108.834424">
        <ele>1698.7</ele>
        <time>2026-07-24T23:26:11Z</time>
      </trkpt>
      <trkpt lat="42.966082" lon="-108.844096">
        <ele>1711.0</ele>
        <time>2026-07-24T23:26:44Z</time>
      </trkpt>
      <trkpt lat="42.967299" lon="-108.850614">
        <ele>1714.7</ele>
        <time>2026-07-24T23:27:06Z</time>
      </trkpt>
      <trkpt lat="42.967702" lon="-108.852685">
        <ele>1710.1</ele>
        <time>2026-07-24T23:27:13Z</time>
      </trkpt>
      <trkpt lat="42.967891" lon="-108.853558">
        <ele>1708.6</ele>
        <time>2026-07-24T23:27:16Z</time>
      </trkpt>
      <trkpt lat="42.968162" lon="-108.854393">
        <ele>1707.5</ele>
        <time>2026-07-24T23:27:19Z</time>
      </trkpt>
      <trkpt lat="42.968336" lon="-108.854882">
        <ele>1707.1</ele>
        <time>2026-07-24T23:27:21Z</time>
      </trkpt>
      <trkpt lat="42.968551" lon="-108.855403">
        <ele>1706.8</ele>
        <time>2026-07-24T23:27:23Z</time>
      </trkpt>
      <trkpt lat="42.968790" lon="-108.855915">
        <ele>1707.1</ele>
        <time>2026-07-24T23:27:25Z</time>
      </trkpt>
      <trkpt lat="42.969080" lon="-108.856446">
        <ele>1707.1</ele>
        <time>2026-07-24T23:27:27Z</time>
      </trkpt>
      <trkpt lat="42.969336" lon="-108.856865">
        <ele>1707.2</ele>
        <time>2026-07-24T23:27:29Z</time>
      </trkpt>
      <trkpt lat="42.969640" lon="-108.857313">
        <ele>1707.0</ele>
        <time>2026-07-24T23:27:31Z</time>
      </trkpt>
      <trkpt lat="42.969962" lon="-108.857735">
        <ele>1706.4</ele>
        <time>2026-07-24T23:27:33Z</time>
      </trkpt>
      <trkpt lat="42.970127" lon="-108.857934">
        <ele>1706.0</ele>
        <time>2026-07-24T23:27:34Z</time>
      </trkpt>
      <trkpt lat="42.970473" lon="-108.858321">
        <ele>1704.7</ele>
        <time>2026-07-24T23:27:36Z</time>
      </trkpt>
      <trkpt lat="42.970836" lon="-108.858681">
        <ele>1703.3</ele>
        <time>2026-07-24T23:27:38Z</time>
      </trkpt>
      <trkpt lat="42.971214" lon="-108.859004">
        <ele>1702.1</ele>
        <time>2026-07-24T23:27:40Z</time>
      </trkpt>
      <trkpt lat="42.971599" lon="-108.859306">
        <ele>1701.1</ele>
        <time>2026-07-24T23:27:42Z</time>
      </trkpt>
      <trkpt lat="42.973605" lon="-108.860652">
        <ele>1700.1</ele>
        <time>2026-07-24T23:27:52Z</time>
      </trkpt>
      <trkpt lat="42.985882" lon="-108.868810">
        <ele>1696.3</ele>
        <time>2026-07-24T23:28:53Z</time>
      </trkpt>
      <trkpt lat="42.986070" lon="-108.868959">
        <ele>1696.4</ele>
        <time>2026-07-24T23:28:54Z</time>
      </trkpt>
      <trkpt lat="42.987696" lon="-108.870025">
        <ele>1696.8</ele>
        <time>2026-07-24T23:29:03Z</time>
      </trkpt>
      <trkpt lat="42.987866" lon="-108.870113">
        <ele>1696.8</ele>
        <time>2026-07-24T23:29:04Z</time>
      </trkpt>
      <trkpt lat="42.988349" lon="-108.870431">
        <ele>1697.3</ele>
        <time>2026-07-24T23:29:07Z</time>
      </trkpt>
      <trkpt lat="42.988496" lon="-108.870551">
        <ele>1697.4</ele>
        <time>2026-07-24T23:29:08Z</time>
      </trkpt>
      <trkpt lat="42.989423" lon="-108.871162">
        <ele>1697.5</ele>
        <time>2026-07-24T23:29:14Z</time>
      </trkpt>
      <trkpt lat="42.991098" lon="-108.872242">
        <ele>1698.3</ele>
        <time>2026-07-24T23:29:25Z</time>
      </trkpt>
      <trkpt lat="42.993708" lon="-108.874001">
        <ele>1699.0</ele>
        <time>2026-07-24T23:29:42Z</time>
      </trkpt>
      <trkpt lat="42.999865" lon="-108.878106">
        <ele>1701.8</ele>
        <time>2026-07-24T23:30:22Z</time>
      </trkpt>
      <trkpt lat="42.999995" lon="-108.878163">
        <ele>1701.9</ele>
        <time>2026-07-24T23:30:23Z</time>
      </trkpt>
      <trkpt lat="43.000309" lon="-108.878346">
        <ele>1702.1</ele>
        <time>2026-07-24T23:30:25Z</time>
      </trkpt>
      <trkpt lat="43.000628" lon="-108.878511">
        <ele>1702.2</ele>
        <time>2026-07-24T23:30:27Z</time>
      </trkpt>
      <trkpt lat="43.001279" lon="-108.878791">
        <ele>1702.4</ele>
        <time>2026-07-24T23:30:31Z</time>
      </trkpt>
      <trkpt lat="43.001776" lon="-108.878966">
        <ele>1702.6</ele>
        <time>2026-07-24T23:30:34Z</time>
      </trkpt>
      <trkpt lat="43.001944" lon="-108.879010">
        <ele>1702.7</ele>
        <time>2026-07-24T23:30:35Z</time>
      </trkpt>
      <trkpt lat="43.002105" lon="-108.879092">
        <ele>1702.7</ele>
        <time>2026-07-24T23:30:36Z</time>
      </trkpt>
      <trkpt lat="43.002275" lon="-108.879128">
        <ele>1702.7</ele>
        <time>2026-07-24T23:30:37Z</time>
      </trkpt>
      <trkpt lat="43.002451" lon="-108.879119">
        <ele>1702.8</ele>
        <time>2026-07-24T23:30:38Z</time>
      </trkpt>
      <trkpt lat="43.002619" lon="-108.879151">
        <ele>1702.9</ele>
        <time>2026-07-24T23:30:39Z</time>
      </trkpt>
      <trkpt lat="43.002789" lon="-108.879200">
        <ele>1703.1</ele>
        <time>2026-07-24T23:30:40Z</time>
      </trkpt>
      <trkpt lat="43.003132" lon="-108.879236">
        <ele>1702.9</ele>
        <time>2026-07-24T23:30:42Z</time>
      </trkpt>
      <trkpt lat="43.003305" lon="-108.879229">
        <ele>1703.0</ele>
        <time>2026-07-24T23:30:43Z</time>
      </trkpt>
      <trkpt lat="43.004327" lon="-108.879244">
        <ele>1703.2</ele>
        <time>2026-07-24T23:30:49Z</time>
      </trkpt>
      <trkpt lat="43.005011" lon="-108.879267">
        <ele>1703.4</ele>
        <time>2026-07-24T23:30:53Z</time>
      </trkpt>
      <trkpt lat="43.005530" lon="-108.879320">
        <ele>1703.4</ele>
        <time>2026-07-24T23:30:56Z</time>
      </trkpt>
      <trkpt lat="43.005697" lon="-108.879365">
        <ele>1703.3</ele>
        <time>2026-07-24T23:30:57Z</time>
      </trkpt>
      <trkpt lat="43.006041" lon="-108.879433">
        <ele>1703.1</ele>
        <time>2026-07-24T23:30:59Z</time>
      </trkpt>
      <trkpt lat="43.006379" lon="-108.879520">
        <ele>1702.6</ele>
        <time>2026-07-24T23:31:01Z</time>
      </trkpt>
      <trkpt lat="43.006714" lon="-108.879619">
        <ele>1702.3</ele>
        <time>2026-07-24T23:31:03Z</time>
      </trkpt>
      <trkpt lat="43.007016" lon="-108.879720">
        <ele>1701.8</ele>
        <time>2026-07-24T23:31:05Z</time>
      </trkpt>
      <trkpt lat="43.007508" lon="-108.879921">
        <ele>1701.1</ele>
        <time>2026-07-24T23:31:08Z</time>
      </trkpt>
      <trkpt lat="43.008324" lon="-108.880339">
        <ele>1700.2</ele>
        <time>2026-07-24T23:31:13Z</time>
      </trkpt>
      <trkpt lat="43.010344" lon="-108.881428">
        <ele>1698.0</ele>
        <time>2026-07-24T23:31:24Z</time>
      </trkpt>
      <trkpt lat="43.010539" lon="-108.881507">
        <ele>1697.9</ele>
        <time>2026-07-24T23:31:25Z</time>
      </trkpt>
      <trkpt lat="43.010728" lon="-108.881606">
        <ele>1697.9</ele>
        <time>2026-07-24T23:31:26Z</time>
      </trkpt>
      <trkpt lat="43.010911" lon="-108.881727">
        <ele>1697.9</ele>
        <time>2026-07-24T23:31:27Z</time>
      </trkpt>
      <trkpt lat="43.012637" lon="-108.882632">
        <ele>1700.7</ele>
        <time>2026-07-24T23:31:36Z</time>
      </trkpt>
      <trkpt lat="43.012828" lon="-108.882708">
        <ele>1701.2</ele>
        <time>2026-07-24T23:31:37Z</time>
      </trkpt>
      <trkpt lat="43.013011" lon="-108.882827">
        <ele>1701.6</ele>
        <time>2026-07-24T23:31:38Z</time>
      </trkpt>
      <trkpt lat="43.013209" lon="-108.882907">
        <ele>1702.0</ele>
        <time>2026-07-24T23:31:39Z</time>
      </trkpt>
      <trkpt lat="43.013394" lon="-108.883030">
        <ele>1702.6</ele>
        <time>2026-07-24T23:31:40Z</time>
      </trkpt>
      <trkpt lat="43.013966" lon="-108.883332">
        <ele>1704.5</ele>
        <time>2026-07-24T23:31:43Z</time>
      </trkpt>
      <trkpt lat="43.014164" lon="-108.883412">
        <ele>1705.1</ele>
        <time>2026-07-24T23:31:44Z</time>
      </trkpt>
      <trkpt lat="43.015526" lon="-108.884127">
        <ele>1710.5</ele>
        <time>2026-07-24T23:31:51Z</time>
      </trkpt>
      <trkpt lat="43.015719" lon="-108.884252">
        <ele>1711.5</ele>
        <time>2026-07-24T23:31:52Z</time>
      </trkpt>
      <trkpt lat="43.018610" lon="-108.885778">
        <ele>1727.7</ele>
        <time>2026-07-24T23:32:07Z</time>
      </trkpt>
      <trkpt lat="43.019335" lon="-108.886192">
        <ele>1732.4</ele>
        <time>2026-07-24T23:32:11Z</time>
      </trkpt>
      <trkpt lat="43.019880" lon="-108.886546">
        <ele>1735.7</ele>
        <time>2026-07-24T23:32:14Z</time>
      </trkpt>
      <trkpt lat="43.020238" lon="-108.886798">
        <ele>1737.9</ele>
        <time>2026-07-24T23:32:16Z</time>
      </trkpt>
      <trkpt lat="43.020626" lon="-108.887089">
        <ele>1740.2</ele>
        <time>2026-07-24T23:32:18Z</time>
      </trkpt>
      <trkpt lat="43.021140" lon="-108.887518">
        <ele>1743.4</ele>
        <time>2026-07-24T23:32:21Z</time>
      </trkpt>
      <trkpt lat="43.021805" lon="-108.888134">
        <ele>1747.7</ele>
        <time>2026-07-24T23:32:25Z</time>
      </trkpt>
      <trkpt lat="43.022296" lon="-108.888623">
        <ele>1751.1</ele>
        <time>2026-07-24T23:32:28Z</time>
      </trkpt>
      <trkpt lat="43.022778" lon="-108.889126">
        <ele>1754.8</ele>
        <time>2026-07-24T23:32:31Z</time>
      </trkpt>
      <trkpt lat="43.023218" lon="-108.889611">
        <ele>1758.2</ele>
        <time>2026-07-24T23:32:34Z</time>
      </trkpt>
      <trkpt lat="43.026351" lon="-108.892941">
        <ele>1772.8</ele>
        <time>2026-07-24T23:32:58Z</time>
      </trkpt>
      <trkpt lat="43.026795" lon="-108.893391">
        <ele>1774.3</ele>
        <time>2026-07-24T23:33:03Z</time>
      </trkpt>
      <trkpt lat="43.026963" lon="-108.893540">
        <ele>1773.0</ele>
        <time>2026-07-24T23:33:48Z</time>
      </trkpt>
      <trkpt lat="43.027060" lon="-108.893685">
        <ele>1775.1</ele>
        <time>2026-07-24T23:34:15Z</time>
      </trkpt>
      <trkpt lat="43.027155" lon="-108.893805">
        <ele>1775.2</ele>
        <time>2026-07-24T23:34:17Z</time>
      </trkpt>
      <trkpt lat="43.027834" lon="-108.894549">
        <ele>1775.7</ele>
        <time>2026-07-24T23:34:25Z</time>
      </trkpt>
      <trkpt lat="43.028835" lon="-108.895618">
        <ele>1776.7</ele>
        <time>2026-07-24T23:34:33Z</time>
      </trkpt>
      <trkpt lat="43.028994" lon="-108.895757">
        <ele>1776.8</ele>
        <time>2026-07-24T23:34:34Z</time>
      </trkpt>
      <trkpt lat="43.032544" lon="-108.899490">
        <ele>1775.1</ele>
        <time>2026-07-24T23:34:55Z</time>
      </trkpt>
      <trkpt lat="43.033081" lon="-108.900036">
        <ele>1774.6</ele>
        <time>2026-07-24T23:34:58Z</time>
      </trkpt>
      <trkpt lat="43.033453" lon="-108.900381">
        <ele>1774.3</ele>
        <time>2026-07-24T23:35:00Z</time>
      </trkpt>
      <trkpt lat="43.034020" lon="-108.900872">
        <ele>1774.0</ele>
        <time>2026-07-24T23:35:03Z</time>
      </trkpt>
      <trkpt lat="43.034409" lon="-108.901176">
        <ele>1773.7</ele>
        <time>2026-07-24T23:35:05Z</time>
      </trkpt>
      <trkpt lat="43.034840" lon="-108.901496">
        <ele>1773.6</ele>
        <time>2026-07-24T23:35:07Z</time>
      </trkpt>
      <trkpt lat="43.035397" lon="-108.901871">
        <ele>1773.7</ele>
        <time>2026-07-24T23:35:10Z</time>
      </trkpt>
      <trkpt lat="43.035803" lon="-108.902131">
        <ele>1773.8</ele>
        <time>2026-07-24T23:35:12Z</time>
      </trkpt>
      <trkpt lat="43.036214" lon="-108.902371">
        <ele>1773.9</ele>
        <time>2026-07-24T23:35:14Z</time>
      </trkpt>
      <trkpt lat="43.036632" lon="-108.902590">
        <ele>1773.9</ele>
        <time>2026-07-24T23:35:16Z</time>
      </trkpt>
      <trkpt lat="43.037688" lon="-108.903086">
        <ele>1774.0</ele>
        <time>2026-07-24T23:35:21Z</time>
      </trkpt>
      <trkpt lat="43.043427" lon="-108.905708">
        <ele>1774.6</ele>
        <time>2026-07-24T23:35:48Z</time>
      </trkpt>
      <trkpt lat="43.043643" lon="-108.905809">
        <ele>1774.4</ele>
        <time>2026-07-24T23:35:49Z</time>
      </trkpt>
      <trkpt lat="43.043850" lon="-108.905929">
        <ele>1774.2</ele>
        <time>2026-07-24T23:35:50Z</time>
      </trkpt>
      <trkpt lat="43.047659" lon="-108.907660">
        <ele>1767.2</ele>
        <time>2026-07-24T23:36:08Z</time>
      </trkpt>
      <trkpt lat="43.049305" lon="-108.908425">
        <ele>1764.3</ele>
        <time>2026-07-24T23:36:16Z</time>
      </trkpt>
      <trkpt lat="43.055881" lon="-108.911434">
        <ele>1771.0</ele>
        <time>2026-07-24T23:36:47Z</time>
      </trkpt>
      <trkpt lat="43.056519" lon="-108.911716">
        <ele>1771.4</ele>
        <time>2026-07-24T23:36:50Z</time>
      </trkpt>
      <trkpt lat="43.056954" lon="-108.911883">
        <ele>1771.5</ele>
        <time>2026-07-24T23:36:52Z</time>
      </trkpt>
      <trkpt lat="43.057831" lon="-108.912112">
        <ele>1771.5</ele>
        <time>2026-07-24T23:36:56Z</time>
      </trkpt>
      <trkpt lat="43.058451" lon="-108.912240">
        <ele>1771.3</ele>
        <time>2026-07-24T23:36:59Z</time>
      </trkpt>
      <trkpt lat="43.058898" lon="-108.912299">
        <ele>1771.0</ele>
        <time>2026-07-24T23:37:01Z</time>
      </trkpt>
      <trkpt lat="43.059340" lon="-108.912334">
        <ele>1770.2</ele>
        <time>2026-07-24T23:37:03Z</time>
      </trkpt>
      <trkpt lat="43.059787" lon="-108.912346">
        <ele>1769.7</ele>
        <time>2026-07-24T23:37:05Z</time>
      </trkpt>
      <trkpt lat="43.060453" lon="-108.912326">
        <ele>1768.9</ele>
        <time>2026-07-24T23:37:08Z</time>
      </trkpt>
      <trkpt lat="43.061118" lon="-108.912250">
        <ele>1768.2</ele>
        <time>2026-07-24T23:37:11Z</time>
      </trkpt>
      <trkpt lat="43.061557" lon="-108.912176">
        <ele>1767.8</ele>
        <time>2026-07-24T23:37:13Z</time>
      </trkpt>
      <trkpt lat="43.062218" lon="-108.912015">
        <ele>1767.6</ele>
        <time>2026-07-24T23:37:16Z</time>
      </trkpt>
      <trkpt lat="43.062868" lon="-108.911802">
        <ele>1767.4</ele>
        <time>2026-07-24T23:37:19Z</time>
      </trkpt>
      <trkpt lat="43.063509" lon="-108.911542">
        <ele>1767.2</ele>
        <time>2026-07-24T23:37:22Z</time>
      </trkpt>
      <trkpt lat="43.063720" lon="-108.911444">
        <ele>1767.2</ele>
        <time>2026-07-24T23:37:23Z</time>
      </trkpt>
      <trkpt lat="43.064139" lon="-108.911228">
        <ele>1766.9</ele>
        <time>2026-07-24T23:37:25Z</time>
      </trkpt>
      <trkpt lat="43.064964" lon="-108.910748">
        <ele>1766.7</ele>
        <time>2026-07-24T23:37:29Z</time>
      </trkpt>
      <trkpt lat="43.072491" lon="-108.906123">
        <ele>1749.3</ele>
        <time>2026-07-24T23:38:06Z</time>
      </trkpt>
      <trkpt lat="43.072698" lon="-108.906019">
        <ele>1749.1</ele>
        <time>2026-07-24T23:38:07Z</time>
      </trkpt>
      <trkpt lat="43.073312" lon="-108.905640">
        <ele>1748.6</ele>
        <time>2026-07-24T23:38:10Z</time>
      </trkpt>
      <trkpt lat="43.073506" lon="-108.905496">
        <ele>1748.4</ele>
        <time>2026-07-24T23:38:11Z</time>
      </trkpt>
      <trkpt lat="43.075753" lon="-108.904115">
        <ele>1746.2</ele>
        <time>2026-07-24T23:38:22Z</time>
      </trkpt>
      <trkpt lat="43.076371" lon="-108.903755">
        <ele>1745.7</ele>
        <time>2026-07-24T23:38:25Z</time>
      </trkpt>
      <trkpt lat="43.076586" lon="-108.903664">
        <ele>1745.5</ele>
        <time>2026-07-24T23:38:26Z</time>
      </trkpt>
      <trkpt lat="43.077007" lon="-108.903456">
        <ele>1744.9</ele>
        <time>2026-07-24T23:38:28Z</time>
      </trkpt>
      <trkpt lat="43.077220" lon="-108.903362">
        <ele>1744.6</ele>
        <time>2026-07-24T23:38:29Z</time>
      </trkpt>
      <trkpt lat="43.077651" lon="-108.903194">
        <ele>1743.8</ele>
        <time>2026-07-24T23:38:31Z</time>
      </trkpt>
      <trkpt lat="43.078089" lon="-108.903049">
        <ele>1742.9</ele>
        <time>2026-07-24T23:38:33Z</time>
      </trkpt>
      <trkpt lat="43.078529" lon="-108.902929">
        <ele>1742.0</ele>
        <time>2026-07-24T23:38:35Z</time>
      </trkpt>
      <trkpt lat="43.078750" lon="-108.902879">
        <ele>1741.6</ele>
        <time>2026-07-24T23:38:36Z</time>
      </trkpt>
      <trkpt lat="43.079191" lon="-108.902804">
        <ele>1740.6</ele>
        <time>2026-07-24T23:38:38Z</time>
      </trkpt>
      <trkpt lat="43.079863" lon="-108.902738">
        <ele>1738.8</ele>
        <time>2026-07-24T23:38:41Z</time>
      </trkpt>
      <trkpt lat="43.080309" lon="-108.902720">
        <ele>1737.7</ele>
        <time>2026-07-24T23:38:43Z</time>
      </trkpt>
      <trkpt lat="43.080758" lon="-108.902736">
        <ele>1736.8</ele>
        <time>2026-07-24T23:38:45Z</time>
      </trkpt>
      <trkpt lat="43.081203" lon="-108.902778">
        <ele>1735.6</ele>
        <time>2026-07-24T23:38:47Z</time>
      </trkpt>
      <trkpt lat="43.081427" lon="-108.902808">
        <ele>1735.1</ele>
        <time>2026-07-24T23:38:48Z</time>
      </trkpt>
      <trkpt lat="43.081872" lon="-108.902888">
        <ele>1734.4</ele>
        <time>2026-07-24T23:38:50Z</time>
      </trkpt>
      <trkpt lat="43.082091" lon="-108.902937">
        <ele>1734.1</ele>
        <time>2026-07-24T23:38:51Z</time>
      </trkpt>
      <trkpt lat="43.082527" lon="-108.903056">
        <ele>1733.8</ele>
        <time>2026-07-24T23:38:53Z</time>
      </trkpt>
      <trkpt lat="43.083558" lon="-108.903422">
        <ele>1735.5</ele>
        <time>2026-07-24T23:38:58Z</time>
      </trkpt>
      <trkpt lat="43.084457" lon="-108.903783">
        <ele>1737.6</ele>
        <time>2026-07-24T23:39:02Z</time>
      </trkpt>
      <trkpt lat="43.085539" lon="-108.904202">
        <ele>1740.5</ele>
        <time>2026-07-24T23:39:07Z</time>
      </trkpt>
      <trkpt lat="43.091304" lon="-108.906410">
        <ele>1744.3</ele>
        <time>2026-07-24T23:39:34Z</time>
      </trkpt>
      <trkpt lat="43.092163" lon="-108.906742">
        <ele>1743.1</ele>
        <time>2026-07-24T23:39:38Z</time>
      </trkpt>
      <trkpt lat="43.092384" lon="-108.906838">
        <ele>1742.9</ele>
        <time>2026-07-24T23:39:39Z</time>
      </trkpt>
      <trkpt lat="43.094527" lon="-108.907652">
        <ele>1739.9</ele>
        <time>2026-07-24T23:39:49Z</time>
      </trkpt>
      <trkpt lat="43.095983" lon="-108.908223">
        <ele>1738.5</ele>
        <time>2026-07-24T23:39:56Z</time>
      </trkpt>
      <trkpt lat="43.098381" lon="-108.909130">
        <ele>1739.6</ele>
        <time>2026-07-24T23:40:07Z</time>
      </trkpt>
      <trkpt lat="43.099202" lon="-108.909456">
        <ele>1740.4</ele>
        <time>2026-07-24T23:40:11Z</time>
      </trkpt>
      <trkpt lat="43.103921" lon="-108.911261">
        <ele>1752.6</ele>
        <time>2026-07-24T23:40:33Z</time>
      </trkpt>
      <trkpt lat="43.104141" lon="-108.911322">
        <ele>1752.9</ele>
        <time>2026-07-24T23:40:34Z</time>
      </trkpt>
      <trkpt lat="43.108844" lon="-108.913113">
        <ele>1760.9</ele>
        <time>2026-07-24T23:40:56Z</time>
      </trkpt>
      <trkpt lat="43.109101" lon="-108.913233">
        <ele>1761.3</ele>
        <time>2026-07-24T23:40:57Z</time>
      </trkpt>
      <trkpt lat="43.113153" lon="-108.914766">
        <ele>1764.7</ele>
        <time>2026-07-24T23:41:16Z</time>
      </trkpt>
      <trkpt lat="43.114007" lon="-108.915116">
        <ele>1765.3</ele>
        <time>2026-07-24T23:41:20Z</time>
      </trkpt>
      <trkpt lat="43.114639" lon="-108.915410">
        <ele>1766.2</ele>
        <time>2026-07-24T23:41:23Z</time>
      </trkpt>
      <trkpt lat="43.115467" lon="-108.915848">
        <ele>1768.0</ele>
        <time>2026-07-24T23:41:27Z</time>
      </trkpt>
      <trkpt lat="43.116281" lon="-108.916333">
        <ele>1770.2</ele>
        <time>2026-07-24T23:41:31Z</time>
      </trkpt>
      <trkpt lat="43.116888" lon="-108.916730">
        <ele>1772.1</ele>
        <time>2026-07-24T23:41:34Z</time>
      </trkpt>
      <trkpt lat="43.117480" lon="-108.917147">
        <ele>1774.0</ele>
        <time>2026-07-24T23:41:37Z</time>
      </trkpt>
      <trkpt lat="43.118253" lon="-108.917747">
        <ele>1777.1</ele>
        <time>2026-07-24T23:41:41Z</time>
      </trkpt>
      <trkpt lat="43.118816" lon="-108.918223">
        <ele>1780.1</ele>
        <time>2026-07-24T23:41:44Z</time>
      </trkpt>
      <trkpt lat="43.119563" lon="-108.918900">
        <ele>1783.9</ele>
        <time>2026-07-24T23:41:48Z</time>
      </trkpt>
      <trkpt lat="43.120066" lon="-108.919401">
        <ele>1786.8</ele>
        <time>2026-07-24T23:41:51Z</time>
      </trkpt>
      <trkpt lat="43.126418" lon="-108.926152">
        <ele>1803.4</ele>
        <time>2026-07-24T23:42:27Z</time>
      </trkpt>
      <trkpt lat="43.126942" lon="-108.926723">
        <ele>1803.2</ele>
        <time>2026-07-24T23:42:30Z</time>
      </trkpt>
      <trkpt lat="43.127472" lon="-108.927275">
        <ele>1803.3</ele>
        <time>2026-07-24T23:42:33Z</time>
      </trkpt>
      <trkpt lat="43.132888" lon="-108.933019">
        <ele>1814.9</ele>
        <time>2026-07-24T23:43:04Z</time>
      </trkpt>
      <trkpt lat="43.133417" lon="-108.933603">
        <ele>1816.2</ele>
        <time>2026-07-24T23:43:07Z</time>
      </trkpt>
      <trkpt lat="43.134478" lon="-108.934730">
        <ele>1818.8</ele>
        <time>2026-07-24T23:43:13Z</time>
      </trkpt>
      <trkpt lat="43.134665" lon="-108.934899">
        <ele>1819.3</ele>
        <time>2026-07-24T23:43:14Z</time>
      </trkpt>
      <trkpt lat="43.136960" lon="-108.937332">
        <ele>1825.2</ele>
        <time>2026-07-24T23:43:27Z</time>
      </trkpt>
      <trkpt lat="43.137852" lon="-108.938257">
        <ele>1827.2</ele>
        <time>2026-07-24T23:43:32Z</time>
      </trkpt>
      <trkpt lat="43.138396" lon="-108.938782">
        <ele>1828.1</ele>
        <time>2026-07-24T23:43:35Z</time>
      </trkpt>
      <trkpt lat="43.139117" lon="-108.939400">
        <ele>1828.5</ele>
        <time>2026-07-24T23:43:39Z</time>
      </trkpt>
      <trkpt lat="43.139307" lon="-108.939549">
        <ele>1828.8</ele>
        <time>2026-07-24T23:43:40Z</time>
      </trkpt>
      <trkpt lat="43.139891" lon="-108.939989">
        <ele>1829.7</ele>
        <time>2026-07-24T23:43:43Z</time>
      </trkpt>
      <trkpt lat="43.140287" lon="-108.940264">
        <ele>1830.5</ele>
        <time>2026-07-24T23:43:45Z</time>
      </trkpt>
      <trkpt lat="43.140728" lon="-108.940544">
        <ele>1831.5</ele>
        <time>2026-07-24T23:43:47Z</time>
      </trkpt>
      <trkpt lat="43.141301" lon="-108.940881">
        <ele>1833.0</ele>
        <time>2026-07-24T23:43:50Z</time>
      </trkpt>
      <trkpt lat="43.141507" lon="-108.940992">
        <ele>1833.3</ele>
        <time>2026-07-24T23:43:51Z</time>
      </trkpt>
      <trkpt lat="43.142144" lon="-108.941298">
        <ele>1834.5</ele>
        <time>2026-07-24T23:43:54Z</time>
      </trkpt>
      <trkpt lat="43.142782" lon="-108.941572">
        <ele>1835.1</ele>
        <time>2026-07-24T23:43:57Z</time>
      </trkpt>
      <trkpt lat="43.143428" lon="-108.941805">
        <ele>1836.1</ele>
        <time>2026-07-24T23:44:00Z</time>
      </trkpt>
      <trkpt lat="43.152744" lon="-108.944703">
        <ele>1870.0</ele>
        <time>2026-07-24T23:44:43Z</time>
      </trkpt>
      <trkpt lat="43.152962" lon="-108.944772">
        <ele>1870.9</ele>
        <time>2026-07-24T23:44:44Z</time>
      </trkpt>
      <trkpt lat="43.153173" lon="-108.944860">
        <ele>1871.9</ele>
        <time>2026-07-24T23:44:45Z</time>
      </trkpt>
      <trkpt lat="43.153605" lon="-108.944995">
        <ele>1873.9</ele>
        <time>2026-07-24T23:44:47Z</time>
      </trkpt>
      <trkpt lat="43.153830" lon="-108.945042">
        <ele>1874.8</ele>
        <time>2026-07-24T23:44:48Z</time>
      </trkpt>
      <trkpt lat="43.155805" lon="-108.945655">
        <ele>1880.3</ele>
        <time>2026-07-24T23:44:57Z</time>
      </trkpt>
      <trkpt lat="43.156019" lon="-108.945743">
        <ele>1880.5</ele>
        <time>2026-07-24T23:44:58Z</time>
      </trkpt>
      <trkpt lat="43.157546" lon="-108.946219">
        <ele>1881.6</ele>
        <time>2026-07-24T23:45:05Z</time>
      </trkpt>
      <trkpt lat="43.157769" lon="-108.946263">
        <ele>1881.7</ele>
        <time>2026-07-24T23:45:06Z</time>
      </trkpt>
      <trkpt lat="43.158205" lon="-108.946399">
        <ele>1881.9</ele>
        <time>2026-07-24T23:45:08Z</time>
      </trkpt>
      <trkpt lat="43.158413" lon="-108.946486">
        <ele>1882.1</ele>
        <time>2026-07-24T23:45:09Z</time>
      </trkpt>
      <trkpt lat="43.158632" lon="-108.946530">
        <ele>1882.3</ele>
        <time>2026-07-24T23:45:10Z</time>
      </trkpt>
      <trkpt lat="43.159066" lon="-108.946663">
        <ele>1882.6</ele>
        <time>2026-07-24T23:45:12Z</time>
      </trkpt>
      <trkpt lat="43.159281" lon="-108.946753">
        <ele>1882.7</ele>
        <time>2026-07-24T23:45:13Z</time>
      </trkpt>
      <trkpt lat="43.159500" lon="-108.946819">
        <ele>1882.9</ele>
        <time>2026-07-24T23:45:14Z</time>
      </trkpt>
      <trkpt lat="43.159719" lon="-108.946857">
        <ele>1883.1</ele>
        <time>2026-07-24T23:45:15Z</time>
      </trkpt>
      <trkpt lat="43.160160" lon="-108.946966">
        <ele>1883.3</ele>
        <time>2026-07-24T23:45:17Z</time>
      </trkpt>
      <trkpt lat="43.160598" lon="-108.947054">
        <ele>1883.7</ele>
        <time>2026-07-24T23:45:19Z</time>
      </trkpt>
      <trkpt lat="43.160999" lon="-108.947118">
        <ele>1884.1</ele>
        <time>2026-07-24T23:45:21Z</time>
      </trkpt>
      <trkpt lat="43.161664" lon="-108.947201">
        <ele>1884.6</ele>
        <time>2026-07-24T23:45:24Z</time>
      </trkpt>
      <trkpt lat="43.162557" lon="-108.947248">
        <ele>1885.3</ele>
        <time>2026-07-24T23:45:28Z</time>
      </trkpt>
      <trkpt lat="43.163004" lon="-108.947242">
        <ele>1885.3</ele>
        <time>2026-07-24T23:45:30Z</time>
      </trkpt>
      <trkpt lat="43.163901" lon="-108.947188">
        <ele>1884.6</ele>
        <time>2026-07-24T23:45:34Z</time>
      </trkpt>
      <trkpt lat="43.168384" lon="-108.946802">
        <ele>1871.6</ele>
        <time>2026-07-24T23:45:54Z</time>
      </trkpt>
      <trkpt lat="43.168609" lon="-108.946806">
        <ele>1871.1</ele>
        <time>2026-07-24T23:45:55Z</time>
      </trkpt>
      <trkpt lat="43.171493" lon="-108.946545">
        <ele>1864.9</ele>
        <time>2026-07-24T23:46:08Z</time>
      </trkpt>
      <trkpt lat="43.172610" lon="-108.946458">
        <ele>1862.7</ele>
        <time>2026-07-24T23:46:13Z</time>
      </trkpt>
      <trkpt lat="43.172830" lon="-108.946419">
        <ele>1862.3</ele>
        <time>2026-07-24T23:46:14Z</time>
      </trkpt>
      <trkpt lat="43.173054" lon="-108.946401">
        <ele>1861.8</ele>
        <time>2026-07-24T23:46:15Z</time>
      </trkpt>
      <trkpt lat="43.173279" lon="-108.946403">
        <ele>1861.3</ele>
        <time>2026-07-24T23:46:16Z</time>
      </trkpt>
      <trkpt lat="43.174802" lon="-108.946262">
        <ele>1858.0</ele>
        <time>2026-07-24T23:46:23Z</time>
      </trkpt>
      <trkpt lat="43.184180" lon="-108.945446">
        <ele>1858.7</ele>
        <time>2026-07-24T23:47:05Z</time>
      </trkpt>
      <trkpt lat="43.184631" lon="-108.945425">
        <ele>1859.0</ele>
        <time>2026-07-24T23:47:07Z</time>
      </trkpt>
      <trkpt lat="43.185077" lon="-108.945428">
        <ele>1859.1</ele>
        <time>2026-07-24T23:47:09Z</time>
      </trkpt>
      <trkpt lat="43.185523" lon="-108.945457">
        <ele>1859.0</ele>
        <time>2026-07-24T23:47:11Z</time>
      </trkpt>
      <trkpt lat="43.185967" lon="-108.945511">
        <ele>1859.0</ele>
        <time>2026-07-24T23:47:13Z</time>
      </trkpt>
      <trkpt lat="43.186189" lon="-108.945548">
        <ele>1858.9</ele>
        <time>2026-07-24T23:47:14Z</time>
      </trkpt>
      <trkpt lat="43.186588" lon="-108.945632">
        <ele>1858.9</ele>
        <time>2026-07-24T23:47:16Z</time>
      </trkpt>
      <trkpt lat="43.186849" lon="-108.945700">
        <ele>1859.0</ele>
        <time>2026-07-24T23:47:17Z</time>
      </trkpt>
      <trkpt lat="43.187459" lon="-108.945896">
        <ele>1858.9</ele>
        <time>2026-07-24T23:47:20Z</time>
      </trkpt>
      <trkpt lat="43.187929" lon="-108.946084">
        <ele>1858.9</ele>
        <time>2026-07-24T23:47:22Z</time>
      </trkpt>
      <trkpt lat="43.188518" lon="-108.946362">
        <ele>1858.9</ele>
        <time>2026-07-24T23:47:25Z</time>
      </trkpt>
      <trkpt lat="43.188716" lon="-108.946563">
        <ele>1859.1</ele>
        <time>2026-07-24T23:47:26Z</time>
      </trkpt>
      <trkpt lat="43.189126" lon="-108.946803">
        <ele>1859.1</ele>
        <time>2026-07-24T23:47:28Z</time>
      </trkpt>
      <trkpt lat="43.189328" lon="-108.946938">
        <ele>1859.3</ele>
        <time>2026-07-24T23:47:29Z</time>
      </trkpt>
      <trkpt lat="43.189724" lon="-108.947220">
        <ele>1859.5</ele>
        <time>2026-07-24T23:47:31Z</time>
      </trkpt>
      <trkpt lat="43.190112" lon="-108.947522">
        <ele>1859.6</ele>
        <time>2026-07-24T23:47:33Z</time>
      </trkpt>
      <trkpt lat="43.190497" lon="-108.947850">
        <ele>1859.5</ele>
        <time>2026-07-24T23:47:35Z</time>
      </trkpt>
      <trkpt lat="43.190866" lon="-108.948194">
        <ele>1859.1</ele>
        <time>2026-07-24T23:47:37Z</time>
      </trkpt>
      <trkpt lat="43.192309" lon="-108.949658">
        <ele>1855.4</ele>
        <time>2026-07-24T23:47:45Z</time>
      </trkpt>
      <trkpt lat="43.194300" lon="-108.951641">
        <ele>1843.6</ele>
        <time>2026-07-24T23:47:56Z</time>
      </trkpt>
      <trkpt lat="43.195030" lon="-108.952402">
        <ele>1837.8</ele>
        <time>2026-07-24T23:48:00Z</time>
      </trkpt>
      <trkpt lat="43.195556" lon="-108.952994">
        <ele>1833.9</ele>
        <time>2026-07-24T23:48:03Z</time>
      </trkpt>
      <trkpt lat="43.195724" lon="-108.953208">
        <ele>1832.5</ele>
        <time>2026-07-24T23:48:04Z</time>
      </trkpt>
      <trkpt lat="43.195889" lon="-108.953433">
        <ele>1831.0</ele>
        <time>2026-07-24T23:48:05Z</time>
      </trkpt>
      <trkpt lat="43.196203" lon="-108.953901">
        <ele>1828.3</ele>
        <time>2026-07-24T23:48:07Z</time>
      </trkpt>
      <trkpt lat="43.196353" lon="-108.954139">
        <ele>1827.0</ele>
        <time>2026-07-24T23:48:08Z</time>
      </trkpt>
      <trkpt lat="43.196634" lon="-108.954646">
        <ele>1823.9</ele>
        <time>2026-07-24T23:48:10Z</time>
      </trkpt>
      <trkpt lat="43.197031" lon="-108.955433">
        <ele>1819.0</ele>
        <time>2026-07-24T23:48:13Z</time>
      </trkpt>
      <trkpt lat="43.197392" lon="-108.956196">
        <ele>1814.5</ele>
        <time>2026-07-24T23:48:16Z</time>
      </trkpt>
      <trkpt lat="43.197920" lon="-108.957267">
        <ele>1808.7</ele>
        <time>2026-07-24T23:48:20Z</time>
      </trkpt>
      <trkpt lat="43.199787" lon="-108.961016">
        <ele>1789.0</ele>
        <time>2026-07-24T23:48:34Z</time>
      </trkpt>
      <trkpt lat="43.200351" lon="-108.962088">
        <ele>1783.2</ele>
        <time>2026-07-24T23:48:38Z</time>
      </trkpt>
      <trkpt lat="43.200677" lon="-108.962576">
        <ele>1780.5</ele>
        <time>2026-07-24T23:48:40Z</time>
      </trkpt>
      <trkpt lat="43.200849" lon="-108.962802">
        <ele>1779.2</ele>
        <time>2026-07-24T23:48:41Z</time>
      </trkpt>
      <trkpt lat="43.201218" lon="-108.963229">
        <ele>1776.2</ele>
        <time>2026-07-24T23:48:43Z</time>
      </trkpt>
      <trkpt lat="43.201412" lon="-108.963432">
        <ele>1774.6</ele>
        <time>2026-07-24T23:48:44Z</time>
      </trkpt>
      <trkpt lat="43.201821" lon="-108.963786">
        <ele>1771.5</ele>
        <time>2026-07-24T23:48:46Z</time>
      </trkpt>
      <trkpt lat="43.202033" lon="-108.963941">
        <ele>1769.9</ele>
        <time>2026-07-24T23:48:47Z</time>
      </trkpt>
      <trkpt lat="43.202256" lon="-108.964080">
        <ele>1768.4</ele>
        <time>2026-07-24T23:48:48Z</time>
      </trkpt>
      <trkpt lat="43.202710" lon="-108.964332">
        <ele>1766.0</ele>
        <time>2026-07-24T23:48:50Z</time>
      </trkpt>
      <trkpt lat="43.202939" lon="-108.964439">
        <ele>1765.1</ele>
        <time>2026-07-24T23:48:51Z</time>
      </trkpt>
      <trkpt lat="43.203167" lon="-108.964523">
        <ele>1764.2</ele>
        <time>2026-07-24T23:48:52Z</time>
      </trkpt>
      <trkpt lat="43.203641" lon="-108.964666">
        <ele>1762.4</ele>
        <time>2026-07-24T23:48:54Z</time>
      </trkpt>
      <trkpt lat="43.207935" lon="-108.965814">
        <ele>1759.9</ele>
        <time>2026-07-24T23:49:13Z</time>
      </trkpt>
      <trkpt lat="43.208378" lon="-108.965947">
        <ele>1759.2</ele>
        <time>2026-07-24T23:49:15Z</time>
      </trkpt>
      <trkpt lat="43.208810" lon="-108.966113">
        <ele>1758.1</ele>
        <time>2026-07-24T23:49:17Z</time>
      </trkpt>
      <trkpt lat="43.209021" lon="-108.966205">
        <ele>1757.3</ele>
        <time>2026-07-24T23:49:18Z</time>
      </trkpt>
      <trkpt lat="43.209225" lon="-108.966322">
        <ele>1756.5</ele>
        <time>2026-07-24T23:49:19Z</time>
      </trkpt>
      <trkpt lat="43.209632" lon="-108.966532">
        <ele>1754.7</ele>
        <time>2026-07-24T23:49:21Z</time>
      </trkpt>
      <trkpt lat="43.210029" lon="-108.966775">
        <ele>1752.3</ele>
        <time>2026-07-24T23:49:23Z</time>
      </trkpt>
      <trkpt lat="43.211849" lon="-108.968036">
        <ele>1740.6</ele>
        <time>2026-07-24T23:49:33Z</time>
      </trkpt>
      <trkpt lat="43.212331" lon="-108.968381">
        <ele>1738.3</ele>
        <time>2026-07-24T23:49:36Z</time>
      </trkpt>
      <trkpt lat="43.212632" lon="-108.968548">
        <ele>1736.9</ele>
        <time>2026-07-24T23:49:38Z</time>
      </trkpt>
      <trkpt lat="43.212774" lon="-108.968613">
        <ele>1736.2</ele>
        <time>2026-07-24T23:49:39Z</time>
      </trkpt>
      <trkpt lat="43.212900" lon="-108.968640">
        <ele>1735.5</ele>
        <time>2026-07-24T23:49:40Z</time>
      </trkpt>
      <trkpt lat="43.213018" lon="-108.968650">
        <ele>1735.0</ele>
        <time>2026-07-24T23:49:41Z</time>
      </trkpt>
      <trkpt lat="43.213198" lon="-108.968644">
        <ele>1734.5</ele>
        <time>2026-07-24T23:49:43Z</time>
      </trkpt>
      <trkpt lat="43.213398" lon="-108.968609">
        <ele>1734.3</ele>
        <time>2026-07-24T23:49:48Z</time>
      </trkpt>
      <trkpt lat="43.213438" lon="-108.968617">
        <ele>1734.3</ele>
        <time>2026-07-24T23:49:49Z</time>
      </trkpt>
      <trkpt lat="43.213545" lon="-108.968998">
        <ele>1734.2</ele>
        <time>2026-07-24T23:49:52Z</time>
      </trkpt>
      <trkpt lat="43.213596" lon="-108.969385">
        <ele>1734.1</ele>
        <time>2026-07-24T23:49:55Z</time>
      </trkpt>
      <trkpt lat="43.213599" lon="-108.969544">
        <ele>1734.2</ele>
        <time>2026-07-24T23:49:56Z</time>
      </trkpt>
      <trkpt lat="43.213638" lon="-108.969709">
        <ele>1734.2</ele>
        <time>2026-07-24T23:49:57Z</time>
      </trkpt>
      <trkpt lat="43.213772" lon="-108.970651">
        <ele>1734.7</ele>
        <time>2026-07-24T23:50:02Z</time>
      </trkpt>
      <trkpt lat="43.213968" lon="-108.971917">
        <ele>1735.5</ele>
        <time>2026-07-24T23:50:08Z</time>
      </trkpt>
      <trkpt lat="43.215550" lon="-108.981607">
        <ele>1735.8</ele>
        <time>2026-07-24T23:50:44Z</time>
      </trkpt>
      <trkpt lat="43.215655" lon="-108.982168">
        <ele>1735.7</ele>
        <time>2026-07-24T23:50:46Z</time>
      </trkpt>
      <trkpt lat="43.215781" lon="-108.982723">
        <ele>1735.6</ele>
        <time>2026-07-24T23:50:48Z</time>
      </trkpt>
      <trkpt lat="43.216133" lon="-108.983796">
        <ele>1736.0</ele>
        <time>2026-07-24T23:50:52Z</time>
      </trkpt>
      <trkpt lat="43.218346" lon="-108.990013">
        <ele>1738.4</ele>
        <time>2026-07-24T23:51:15Z</time>
      </trkpt>
      <trkpt lat="43.218754" lon="-108.991169">
        <ele>1738.1</ele>
        <time>2026-07-24T23:51:19Z</time>
      </trkpt>
      <trkpt lat="43.218840" lon="-108.991463">
        <ele>1738.0</ele>
        <time>2026-07-24T23:51:20Z</time>
      </trkpt>
      <trkpt lat="43.219247" lon="-108.992602">
        <ele>1737.4</ele>
        <time>2026-07-24T23:51:24Z</time>
      </trkpt>
      <trkpt lat="43.219365" lon="-108.992880">
        <ele>1737.2</ele>
        <time>2026-07-24T23:51:25Z</time>
      </trkpt>
      <trkpt lat="43.219770" lon="-108.994023">
        <ele>1737.3</ele>
        <time>2026-07-24T23:51:29Z</time>
      </trkpt>
      <trkpt lat="43.219856" lon="-108.994317">
        <ele>1737.3</ele>
        <time>2026-07-24T23:51:30Z</time>
      </trkpt>
      <trkpt lat="43.220460" lon="-108.996016">
        <ele>1739.8</ele>
        <time>2026-07-24T23:51:36Z</time>
      </trkpt>
      <trkpt lat="43.220576" lon="-108.996295">
        <ele>1740.3</ele>
        <time>2026-07-24T23:51:37Z</time>
      </trkpt>
      <trkpt lat="43.220676" lon="-108.996578">
        <ele>1740.8</ele>
        <time>2026-07-24T23:51:38Z</time>
      </trkpt>
      <trkpt lat="43.220762" lon="-108.996871">
        <ele>1741.4</ele>
        <time>2026-07-24T23:51:39Z</time>
      </trkpt>
      <trkpt lat="43.221068" lon="-108.997730">
        <ele>1742.9</ele>
        <time>2026-07-24T23:51:42Z</time>
      </trkpt>
      <trkpt lat="43.221186" lon="-108.998007">
        <ele>1743.4</ele>
        <time>2026-07-24T23:51:43Z</time>
      </trkpt>
      <trkpt lat="43.221274" lon="-108.998307">
        <ele>1743.9</ele>
        <time>2026-07-24T23:51:44Z</time>
      </trkpt>
      <trkpt lat="43.221690" lon="-108.999452">
        <ele>1745.2</ele>
        <time>2026-07-24T23:51:48Z</time>
      </trkpt>
      <trkpt lat="43.222051" lon="-109.000252">
        <ele>1745.8</ele>
        <time>2026-07-24T23:51:51Z</time>
      </trkpt>
      <trkpt lat="43.222311" lon="-109.000776">
        <ele>1746.3</ele>
        <time>2026-07-24T23:51:53Z</time>
      </trkpt>
      <trkpt lat="43.222730" lon="-109.001523">
        <ele>1747.3</ele>
        <time>2026-07-24T23:51:56Z</time>
      </trkpt>
      <trkpt lat="43.223033" lon="-109.001995">
        <ele>1747.6</ele>
        <time>2026-07-24T23:51:58Z</time>
      </trkpt>
      <trkpt lat="43.223490" lon="-109.002623">
        <ele>1749.0</ele>
        <time>2026-07-24T23:52:01Z</time>
      </trkpt>
      <trkpt lat="43.223868" lon="-109.003078">
        <ele>1750.5</ele>
        <time>2026-07-24T23:52:03Z</time>
      </trkpt>
      <trkpt lat="43.224370" lon="-109.003613">
        <ele>1752.8</ele>
        <time>2026-07-24T23:52:06Z</time>
      </trkpt>
      <trkpt lat="43.224945" lon="-109.004136">
        <ele>1754.9</ele>
        <time>2026-07-24T23:52:09Z</time>
      </trkpt>
      <trkpt lat="43.226336" lon="-109.005336">
        <ele>1758.4</ele>
        <time>2026-07-24T23:52:16Z</time>
      </trkpt>
      <trkpt lat="43.228720" lon="-109.007368">
        <ele>1759.1</ele>
        <time>2026-07-24T23:52:28Z</time>
      </trkpt>
      <trkpt lat="43.228910" lon="-109.007550">
        <ele>1758.9</ele>
        <time>2026-07-24T23:52:29Z</time>
      </trkpt>
      <trkpt lat="43.229902" lon="-109.008394">
        <ele>1757.2</ele>
        <time>2026-07-24T23:52:34Z</time>
      </trkpt>
      <trkpt lat="43.230491" lon="-109.008908">
        <ele>1755.8</ele>
        <time>2026-07-24T23:52:37Z</time>
      </trkpt>
      <trkpt lat="43.230693" lon="-109.009061">
        <ele>1755.2</ele>
        <time>2026-07-24T23:52:38Z</time>
      </trkpt>
      <trkpt lat="43.233059" lon="-109.011099">
        <ele>1746.6</ele>
        <time>2026-07-24T23:52:50Z</time>
      </trkpt>
      <trkpt lat="43.233246" lon="-109.011286">
        <ele>1745.9</ele>
        <time>2026-07-24T23:52:51Z</time>
      </trkpt>
      <trkpt lat="43.234975" lon="-109.012761">
        <ele>1741.2</ele>
        <time>2026-07-24T23:53:00Z</time>
      </trkpt>
      <trkpt lat="43.235170" lon="-109.012935">
        <ele>1741.0</ele>
        <time>2026-07-24T23:53:01Z</time>
      </trkpt>
      <trkpt lat="43.235548" lon="-109.013301">
        <ele>1740.7</ele>
        <time>2026-07-24T23:53:03Z</time>
      </trkpt>
      <trkpt lat="43.235908" lon="-109.013697">
        <ele>1740.4</ele>
        <time>2026-07-24T23:53:05Z</time>
      </trkpt>
      <trkpt lat="43.236287" lon="-109.014163">
        <ele>1740.0</ele>
        <time>2026-07-24T23:53:07Z</time>
      </trkpt>
      <trkpt lat="43.236454" lon="-109.014386">
        <ele>1739.7</ele>
        <time>2026-07-24T23:53:08Z</time>
      </trkpt>
      <trkpt lat="43.236742" lon="-109.014801">
        <ele>1739.4</ele>
        <time>2026-07-24T23:53:10Z</time>
      </trkpt>
      <trkpt lat="43.237218" lon="-109.015598">
        <ele>1738.9</ele>
        <time>2026-07-24T23:53:13Z</time>
      </trkpt>
      <trkpt lat="43.237463" lon="-109.016066">
        <ele>1738.4</ele>
        <time>2026-07-24T23:53:15Z</time>
      </trkpt>
      <trkpt lat="43.237840" lon="-109.016864">
        <ele>1737.9</ele>
        <time>2026-07-24T23:53:18Z</time>
      </trkpt>
      <trkpt lat="43.238066" lon="-109.017420">
        <ele>1737.6</ele>
        <time>2026-07-24T23:53:20Z</time>
      </trkpt>
      <trkpt lat="43.238170" lon="-109.017707">
        <ele>1737.5</ele>
        <time>2026-07-24T23:53:21Z</time>
      </trkpt>
      <trkpt lat="43.238248" lon="-109.018004">
        <ele>1737.4</ele>
        <time>2026-07-24T23:53:22Z</time>
      </trkpt>
      <trkpt lat="43.238422" lon="-109.018594">
        <ele>1736.9</ele>
        <time>2026-07-24T23:53:24Z</time>
      </trkpt>
      <trkpt lat="43.238577" lon="-109.019204">
        <ele>1736.5</ele>
        <time>2026-07-24T23:53:26Z</time>
      </trkpt>
      <trkpt lat="43.238627" lon="-109.019567">
        <ele>1736.5</ele>
        <time>2026-07-24T23:53:27Z</time>
      </trkpt>
      <trkpt lat="43.238754" lon="-109.020171">
        <ele>1736.5</ele>
        <time>2026-07-24T23:53:29Z</time>
      </trkpt>
      <trkpt lat="43.238809" lon="-109.020477">
        <ele>1736.7</ele>
        <time>2026-07-24T23:53:30Z</time>
      </trkpt>
      <trkpt lat="43.238896" lon="-109.021101">
        <ele>1737.3</ele>
        <time>2026-07-24T23:53:32Z</time>
      </trkpt>
      <trkpt lat="43.238954" lon="-109.021727">
        <ele>1737.7</ele>
        <time>2026-07-24T23:53:34Z</time>
      </trkpt>
      <trkpt lat="43.238998" lon="-109.022359">
        <ele>1738.5</ele>
        <time>2026-07-24T23:53:36Z</time>
      </trkpt>
      <trkpt lat="43.238992" lon="-109.022994">
        <ele>1739.2</ele>
        <time>2026-07-24T23:53:38Z</time>
      </trkpt>
      <trkpt lat="43.239021" lon="-109.023309">
        <ele>1739.6</ele>
        <time>2026-07-24T23:53:39Z</time>
      </trkpt>
      <trkpt lat="43.239012" lon="-109.023625">
        <ele>1739.9</ele>
        <time>2026-07-24T23:53:40Z</time>
      </trkpt>
      <trkpt lat="43.238958" lon="-109.023940">
        <ele>1740.3</ele>
        <time>2026-07-24T23:53:41Z</time>
      </trkpt>
      <trkpt lat="43.238758" lon="-109.026130">
        <ele>1743.8</ele>
        <time>2026-07-24T23:53:48Z</time>
      </trkpt>
      <trkpt lat="43.238679" lon="-109.026484">
        <ele>1744.3</ele>
        <time>2026-07-24T23:53:49Z</time>
      </trkpt>
      <trkpt lat="43.238323" lon="-109.029938">
        <ele>1751.5</ele>
        <time>2026-07-24T23:54:00Z</time>
      </trkpt>
      <trkpt lat="43.238092" lon="-109.032393">
        <ele>1756.6</ele>
        <time>2026-07-24T23:54:08Z</time>
      </trkpt>
      <trkpt lat="43.238040" lon="-109.033347">
        <ele>1758.4</ele>
        <time>2026-07-24T23:54:11Z</time>
      </trkpt>
      <trkpt lat="43.238060" lon="-109.034285">
        <ele>1760.4</ele>
        <time>2026-07-24T23:54:14Z</time>
      </trkpt>
      <trkpt lat="43.238117" lon="-109.035230">
        <ele>1762.3</ele>
        <time>2026-07-24T23:54:17Z</time>
      </trkpt>
      <trkpt lat="43.238178" lon="-109.035858">
        <ele>1763.3</ele>
        <time>2026-07-24T23:54:19Z</time>
      </trkpt>
      <trkpt lat="43.238264" lon="-109.036488">
        <ele>1764.4</ele>
        <time>2026-07-24T23:54:21Z</time>
      </trkpt>
      <trkpt lat="43.238425" lon="-109.037413">
        <ele>1765.9</ele>
        <time>2026-07-24T23:54:24Z</time>
      </trkpt>
      <trkpt lat="43.238633" lon="-109.038319">
        <ele>1767.6</ele>
        <time>2026-07-24T23:54:27Z</time>
      </trkpt>
      <trkpt lat="43.238797" lon="-109.038912">
        <ele>1768.6</ele>
        <time>2026-07-24T23:54:29Z</time>
      </trkpt>
      <trkpt lat="43.238977" lon="-109.039492">
        <ele>1769.6</ele>
        <time>2026-07-24T23:54:31Z</time>
      </trkpt>
      <trkpt lat="43.239179" lon="-109.040084">
        <ele>1770.5</ele>
        <time>2026-07-24T23:54:33Z</time>
      </trkpt>
      <trkpt lat="43.242485" lon="-109.048388">
        <ele>1783.3</ele>
        <time>2026-07-24T23:55:03Z</time>
      </trkpt>
      <trkpt lat="43.245360" lon="-109.055642">
        <ele>1792.5</ele>
        <time>2026-07-24T23:55:29Z</time>
      </trkpt>
      <trkpt lat="43.245460" lon="-109.055930">
        <ele>1792.9</ele>
        <time>2026-07-24T23:55:30Z</time>
      </trkpt>
      <trkpt lat="43.247108" lon="-109.060054">
        <ele>1798.1</ele>
        <time>2026-07-24T23:55:45Z</time>
      </trkpt>
      <trkpt lat="43.247566" lon="-109.061166">
        <ele>1799.2</ele>
        <time>2026-07-24T23:55:49Z</time>
      </trkpt>
      <trkpt lat="43.247686" lon="-109.061435">
        <ele>1799.5</ele>
        <time>2026-07-24T23:55:50Z</time>
      </trkpt>
      <trkpt lat="43.248109" lon="-109.062187">
        <ele>1800.4</ele>
        <time>2026-07-24T23:55:53Z</time>
      </trkpt>
      <trkpt lat="43.248410" lon="-109.062671">
        <ele>1801.3</ele>
        <time>2026-07-24T23:55:55Z</time>
      </trkpt>
      <trkpt lat="43.249198" lon="-109.063831">
        <ele>1803.1</ele>
        <time>2026-07-24T23:56:00Z</time>
      </trkpt>
      <trkpt lat="43.251437" lon="-109.067072">
        <ele>1807.3</ele>
        <time>2026-07-24T23:56:14Z</time>
      </trkpt>
      <trkpt lat="43.251774" lon="-109.067510">
        <ele>1807.8</ele>
        <time>2026-07-24T23:56:16Z</time>
      </trkpt>
      <trkpt lat="43.254952" lon="-109.071235">
        <ele>1806.8</ele>
        <time>2026-07-24T23:56:34Z</time>
      </trkpt>
      <trkpt lat="43.256369" lon="-109.072878">
        <ele>1804.8</ele>
        <time>2026-07-24T23:56:42Z</time>
      </trkpt>
      <trkpt lat="43.256533" lon="-109.073100">
        <ele>1804.6</ele>
        <time>2026-07-24T23:56:43Z</time>
      </trkpt>
      <trkpt lat="43.258824" lon="-109.075770">
        <ele>1803.1</ele>
        <time>2026-07-24T23:56:56Z</time>
      </trkpt>
      <trkpt lat="43.259345" lon="-109.076408">
        <ele>1802.8</ele>
        <time>2026-07-24T23:56:59Z</time>
      </trkpt>
      <trkpt lat="43.259809" lon="-109.077027">
        <ele>1802.5</ele>
        <time>2026-07-24T23:57:02Z</time>
      </trkpt>
      <trkpt lat="43.260158" lon="-109.077546">
        <ele>1802.5</ele>
        <time>2026-07-24T23:57:04Z</time>
      </trkpt>
      <trkpt lat="43.260728" lon="-109.078459">
        <ele>1802.2</ele>
        <time>2026-07-24T23:57:08Z</time>
      </trkpt>
      <trkpt lat="43.261014" lon="-109.078964">
        <ele>1801.8</ele>
        <time>2026-07-24T23:57:10Z</time>
      </trkpt>
      <trkpt lat="43.261421" lon="-109.079747">
        <ele>1801.0</ele>
        <time>2026-07-24T23:57:13Z</time>
      </trkpt>
      <trkpt lat="43.265053" lon="-109.087495">
        <ele>1790.2</ele>
        <time>2026-07-24T23:57:42Z</time>
      </trkpt>
      <trkpt lat="43.266816" lon="-109.091186">
        <ele>1798.8</ele>
        <time>2026-07-24T23:57:56Z</time>
      </trkpt>
      <trkpt lat="43.267341" lon="-109.092315">
        <ele>1799.8</ele>
        <time>2026-07-24T23:58:00Z</time>
      </trkpt>
      <trkpt lat="43.267788" lon="-109.093357">
        <ele>1800.7</ele>
        <time>2026-07-24T23:58:04Z</time>
      </trkpt>
      <trkpt lat="43.268005" lon="-109.093917">
        <ele>1801.0</ele>
        <time>2026-07-24T23:58:06Z</time>
      </trkpt>
      <trkpt lat="43.268307" lon="-109.094785">
        <ele>1801.3</ele>
        <time>2026-07-24T23:58:09Z</time>
      </trkpt>
      <trkpt lat="43.268581" lon="-109.095659">
        <ele>1801.3</ele>
        <time>2026-07-24T23:58:12Z</time>
      </trkpt>
      <trkpt lat="43.268827" lon="-109.096543">
        <ele>1801.3</ele>
        <time>2026-07-24T23:58:15Z</time>
      </trkpt>
      <trkpt lat="43.269112" lon="-109.097760">
        <ele>1801.2</ele>
        <time>2026-07-24T23:58:19Z</time>
      </trkpt>
      <trkpt lat="43.270347" lon="-109.103252">
        <ele>1793.2</ele>
        <time>2026-07-24T23:58:37Z</time>
      </trkpt>
      <trkpt lat="43.272372" lon="-109.111932">
        <ele>1817.6</ele>
        <time>2026-07-24T23:59:06Z</time>
      </trkpt>
      <trkpt lat="43.272669" lon="-109.113144">
        <ele>1820.1</ele>
        <time>2026-07-24T23:59:10Z</time>
      </trkpt>
      <trkpt lat="43.273074" lon="-109.114648">
        <ele>1821.6</ele>
        <time>2026-07-24T23:59:15Z</time>
      </trkpt>
      <trkpt lat="43.273517" lon="-109.116107">
        <ele>1823.2</ele>
        <time>2026-07-24T23:59:20Z</time>
      </trkpt>
      <trkpt lat="43.273976" lon="-109.117490">
        <ele>1824.8</ele>
        <time>2026-07-24T23:59:25Z</time>
      </trkpt>
      <trkpt lat="43.274113" lon="-109.117823">
        <ele>1825.1</ele>
        <time>2026-07-24T23:59:26Z</time>
      </trkpt>
      <trkpt lat="43.274627" lon="-109.119176">
        <ele>1826.3</ele>
        <time>2026-07-24T23:59:31Z</time>
      </trkpt>
      <trkpt lat="43.275085" lon="-109.120290">
        <ele>1826.6</ele>
        <time>2026-07-24T23:59:35Z</time>
      </trkpt>
      <trkpt lat="43.275568" lon="-109.121381">
        <ele>1826.6</ele>
        <time>2026-07-24T23:59:39Z</time>
      </trkpt>
      <trkpt lat="43.278307" lon="-109.127270">
        <ele>1825.0</ele>
        <time>2026-07-25T00:00:01Z</time>
      </trkpt>
      <trkpt lat="43.278430" lon="-109.127537">
        <ele>1825.0</ele>
        <time>2026-07-25T00:00:02Z</time>
      </trkpt>
      <trkpt lat="43.278542" lon="-109.127815">
        <ele>1824.9</ele>
        <time>2026-07-25T00:00:03Z</time>
      </trkpt>
      <trkpt lat="43.282273" lon="-109.135805">
        <ele>1832.2</ele>
        <time>2026-07-25T00:00:33Z</time>
      </trkpt>
      <trkpt lat="43.286584" lon="-109.145071">
        <ele>1836.6</ele>
        <time>2026-07-25T00:01:08Z</time>
      </trkpt>
      <trkpt lat="43.288373" lon="-109.148883">
        <ele>1835.2</ele>
        <time>2026-07-25T00:01:23Z</time>
      </trkpt>
      <trkpt lat="43.290946" lon="-109.154282">
        <ele>1839.6</ele>
        <time>2026-07-25T00:01:44Z</time>
      </trkpt>
      <trkpt lat="43.294447" lon="-109.161786">
        <ele>1828.6</ele>
        <time>2026-07-25T00:02:13Z</time>
      </trkpt>
      <trkpt lat="43.297687" lon="-109.168750">
        <ele>1849.4</ele>
        <time>2026-07-25T00:02:40Z</time>
      </trkpt>
      <trkpt lat="43.298745" lon="-109.171049">
        <ele>1851.8</ele>
        <time>2026-07-25T00:02:49Z</time>
      </trkpt>
      <trkpt lat="43.301550" lon="-109.177214">
        <ele>1853.8</ele>
        <time>2026-07-25T00:03:13Z</time>
      </trkpt>
      <trkpt lat="43.305552" lon="-109.185863">
        <ele>1852.7</ele>
        <time>2026-07-25T00:03:47Z</time>
      </trkpt>
      <trkpt lat="43.306244" lon="-109.187329">
        <ele>1856.4</ele>
        <time>2026-07-25T00:03:53Z</time>
      </trkpt>
      <trkpt lat="43.309085" lon="-109.193456">
        <ele>1863.6</ele>
        <time>2026-07-25T00:04:17Z</time>
      </trkpt>
      <trkpt lat="43.309567" lon="-109.194464">
        <ele>1864.3</ele>
        <time>2026-07-25T00:04:21Z</time>
      </trkpt>
      <trkpt lat="43.309946" lon="-109.195203">
        <ele>1865.0</ele>
        <time>2026-07-25T00:04:24Z</time>
      </trkpt>
      <trkpt lat="43.310338" lon="-109.195936">
        <ele>1865.4</ele>
        <time>2026-07-25T00:04:27Z</time>
      </trkpt>
      <trkpt lat="43.310486" lon="-109.196159">
        <ele>1865.4</ele>
        <time>2026-07-25T00:04:28Z</time>
      </trkpt>
      <trkpt lat="43.310622" lon="-109.196397">
        <ele>1865.5</ele>
        <time>2026-07-25T00:04:29Z</time>
      </trkpt>
      <trkpt lat="43.311405" lon="-109.197768">
        <ele>1866.1</ele>
        <time>2026-07-25T00:04:35Z</time>
      </trkpt>
      <trkpt lat="43.311555" lon="-109.198066">
        <ele>1866.3</ele>
        <time>2026-07-25T00:04:36Z</time>
      </trkpt>
      <trkpt lat="43.316024" lon="-109.205838">
        <ele>1871.5</ele>
        <time>2026-07-25T00:05:09Z</time>
      </trkpt>
      <trkpt lat="43.326016" lon="-109.223306">
        <ele>1878.7</ele>
        <time>2026-07-25T00:06:23Z</time>
      </trkpt>
      <trkpt lat="43.326605" lon="-109.224284">
        <ele>1879.8</ele>
        <time>2026-07-25T00:06:27Z</time>
      </trkpt>
      <trkpt lat="43.327037" lon="-109.224970">
        <ele>1880.6</ele>
        <time>2026-07-25T00:06:30Z</time>
      </trkpt>
      <trkpt lat="43.327167" lon="-109.225133">
        <ele>1880.9</ele>
        <time>2026-07-25T00:06:31Z</time>
      </trkpt>
      <trkpt lat="43.328079" lon="-109.226460">
        <ele>1880.9</ele>
        <time>2026-07-25T00:06:37Z</time>
      </trkpt>
      <trkpt lat="43.328865" lon="-109.227521">
        <ele>1879.8</ele>
        <time>2026-07-25T00:06:42Z</time>
      </trkpt>
      <trkpt lat="43.329186" lon="-109.227933">
        <ele>1879.3</ele>
        <time>2026-07-25T00:06:44Z</time>
      </trkpt>
      <trkpt lat="43.329682" lon="-109.228541">
        <ele>1878.5</ele>
        <time>2026-07-25T00:06:47Z</time>
      </trkpt>
      <trkpt lat="43.332329" lon="-109.231713">
        <ele>1873.9</ele>
        <time>2026-07-25T00:07:03Z</time>
      </trkpt>
      <trkpt lat="43.335113" lon="-109.235120">
        <ele>1882.4</ele>
        <time>2026-07-25T00:07:20Z</time>
      </trkpt>
      <trkpt lat="43.335267" lon="-109.235340">
        <ele>1882.8</ele>
        <time>2026-07-25T00:07:21Z</time>
      </trkpt>
      <trkpt lat="43.336391" lon="-109.236714">
        <ele>1884.6</ele>
        <time>2026-07-25T00:07:28Z</time>
      </trkpt>
      <trkpt lat="43.338052" lon="-109.238709">
        <ele>1884.4</ele>
        <time>2026-07-25T00:07:38Z</time>
      </trkpt>
      <trkpt lat="43.338230" lon="-109.238889">
        <ele>1884.4</ele>
        <time>2026-07-25T00:07:39Z</time>
      </trkpt>
      <trkpt lat="43.338562" lon="-109.239286">
        <ele>1884.3</ele>
        <time>2026-07-25T00:07:41Z</time>
      </trkpt>
      <trkpt lat="43.340057" lon="-109.241080">
        <ele>1884.1</ele>
        <time>2026-07-25T00:07:50Z</time>
      </trkpt>
      <trkpt lat="43.340212" lon="-109.241294">
        <ele>1884.0</ele>
        <time>2026-07-25T00:07:51Z</time>
      </trkpt>
      <trkpt lat="43.340386" lon="-109.241472">
        <ele>1883.9</ele>
        <time>2026-07-25T00:07:52Z</time>
      </trkpt>
      <trkpt lat="43.340552" lon="-109.241669">
        <ele>1883.8</ele>
        <time>2026-07-25T00:07:53Z</time>
      </trkpt>
      <trkpt lat="43.340706" lon="-109.241883">
        <ele>1883.6</ele>
        <time>2026-07-25T00:07:54Z</time>
      </trkpt>
      <trkpt lat="43.344983" lon="-109.246998">
        <ele>1880.7</ele>
        <time>2026-07-25T00:08:20Z</time>
      </trkpt>
      <trkpt lat="43.350775" lon="-109.253955">
        <ele>1887.6</ele>
        <time>2026-07-25T00:08:55Z</time>
      </trkpt>
      <trkpt lat="43.350951" lon="-109.254139">
        <ele>1887.9</ele>
        <time>2026-07-25T00:08:56Z</time>
      </trkpt>
      <trkpt lat="43.351622" lon="-109.254933">
        <ele>1889.2</ele>
        <time>2026-07-25T00:09:00Z</time>
      </trkpt>
      <trkpt lat="43.351787" lon="-109.255131">
        <ele>1889.6</ele>
        <time>2026-07-25T00:09:01Z</time>
      </trkpt>
      <trkpt lat="43.351942" lon="-109.255346">
        <ele>1889.9</ele>
        <time>2026-07-25T00:09:02Z</time>
      </trkpt>
      <trkpt lat="43.355270" lon="-109.259320">
        <ele>1892.4</ele>
        <time>2026-07-25T00:09:22Z</time>
      </trkpt>
      <trkpt lat="43.356058" lon="-109.260279">
        <ele>1892.7</ele>
        <time>2026-07-25T00:09:27Z</time>
      </trkpt>
      <trkpt lat="43.356699" lon="-109.261109">
        <ele>1893.1</ele>
        <time>2026-07-25T00:09:31Z</time>
      </trkpt>
      <trkpt lat="43.357325" lon="-109.261967">
        <ele>1893.4</ele>
        <time>2026-07-25T00:09:35Z</time>
      </trkpt>
      <trkpt lat="43.358080" lon="-109.263061">
        <ele>1893.7</ele>
        <time>2026-07-25T00:09:40Z</time>
      </trkpt>
      <trkpt lat="43.358660" lon="-109.263971">
        <ele>1893.7</ele>
        <time>2026-07-25T00:09:44Z</time>
      </trkpt>
      <trkpt lat="43.359221" lon="-109.264909">
        <ele>1894.0</ele>
        <time>2026-07-25T00:09:48Z</time>
      </trkpt>
      <trkpt lat="43.359903" lon="-109.266098">
        <ele>1894.2</ele>
        <time>2026-07-25T00:09:53Z</time>
      </trkpt>
      <trkpt lat="43.361249" lon="-109.268489">
        <ele>1895.2</ele>
        <time>2026-07-25T00:10:03Z</time>
      </trkpt>
      <trkpt lat="43.361780" lon="-109.269458">
        <ele>1894.9</ele>
        <time>2026-07-25T00:10:07Z</time>
      </trkpt>
      <trkpt lat="43.367624" lon="-109.280305">
        <ele>1892.5</ele>
        <time>2026-07-25T00:10:52Z</time>
      </trkpt>
      <trkpt lat="43.368917" lon="-109.282757">
        <ele>1902.9</ele>
        <time>2026-07-25T00:11:02Z</time>
      </trkpt>
      <trkpt lat="43.370073" lon="-109.284979">
        <ele>1908.9</ele>
        <time>2026-07-25T00:11:11Z</time>
      </trkpt>
      <trkpt lat="43.374371" lon="-109.292936">
        <ele>1919.4</ele>
        <time>2026-07-25T00:11:44Z</time>
      </trkpt>
      <trkpt lat="43.377044" lon="-109.297733">
        <ele>1928.2</ele>
        <time>2026-07-25T00:12:04Z</time>
      </trkpt>
      <trkpt lat="43.379380" lon="-109.302048">
        <ele>1931.5</ele>
        <time>2026-07-25T00:12:22Z</time>
      </trkpt>
      <trkpt lat="43.379905" lon="-109.302998">
        <ele>1934.9</ele>
        <time>2026-07-25T00:12:26Z</time>
      </trkpt>
      <trkpt lat="43.380044" lon="-109.303232">
        <ele>1936.0</ele>
        <time>2026-07-25T00:12:27Z</time>
      </trkpt>
      <trkpt lat="43.380668" lon="-109.304070">
        <ele>1940.0</ele>
        <time>2026-07-25T00:12:31Z</time>
      </trkpt>
      <trkpt lat="43.381001" lon="-109.304465">
        <ele>1941.7</ele>
        <time>2026-07-25T00:12:33Z</time>
      </trkpt>
      <trkpt lat="43.386834" lon="-109.310809">
        <ele>1945.6</ele>
        <time>2026-07-25T00:13:07Z</time>
      </trkpt>
      <trkpt lat="43.386997" lon="-109.311014">
        <ele>1946.0</ele>
        <time>2026-07-25T00:13:08Z</time>
      </trkpt>
      <trkpt lat="43.394907" lon="-109.319589">
        <ele>1964.6</ele>
        <time>2026-07-25T00:13:54Z</time>
      </trkpt>
      <trkpt lat="43.396311" lon="-109.321126">
        <ele>1970.7</ele>
        <time>2026-07-25T00:14:02Z</time>
      </trkpt>
      <trkpt lat="43.396645" lon="-109.321521">
        <ele>1972.6</ele>
        <time>2026-07-25T00:14:04Z</time>
      </trkpt>
      <trkpt lat="43.396963" lon="-109.321926">
        <ele>1974.6</ele>
        <time>2026-07-25T00:14:06Z</time>
      </trkpt>
      <trkpt lat="43.397551" lon="-109.322743">
        <ele>1978.5</ele>
        <time>2026-07-25T00:14:10Z</time>
      </trkpt>
      <trkpt lat="43.397994" lon="-109.323411">
        <ele>1981.4</ele>
        <time>2026-07-25T00:14:13Z</time>
      </trkpt>
      <trkpt lat="43.398306" lon="-109.323921">
        <ele>1983.3</ele>
        <time>2026-07-25T00:14:15Z</time>
      </trkpt>
      <trkpt lat="43.398702" lon="-109.324637">
        <ele>1985.9</ele>
        <time>2026-07-25T00:14:18Z</time>
      </trkpt>
      <trkpt lat="43.398932" lon="-109.325076">
        <ele>1987.5</ele>
        <time>2026-07-25T00:14:20Z</time>
      </trkpt>
      <trkpt lat="43.399422" lon="-109.326091">
        <ele>1990.5</ele>
        <time>2026-07-25T00:14:24Z</time>
      </trkpt>
      <trkpt lat="43.399655" lon="-109.326608">
        <ele>1991.8</ele>
        <time>2026-07-25T00:14:26Z</time>
      </trkpt>
      <trkpt lat="43.399981" lon="-109.327399">
        <ele>1993.4</ele>
        <time>2026-07-25T00:14:29Z</time>
      </trkpt>
      <trkpt lat="43.400184" lon="-109.327933">
        <ele>1994.3</ele>
        <time>2026-07-25T00:14:31Z</time>
      </trkpt>
      <trkpt lat="43.400468" lon="-109.328763">
        <ele>1995.1</ele>
        <time>2026-07-25T00:14:34Z</time>
      </trkpt>
      <trkpt lat="43.401454" lon="-109.331751">
        <ele>1996.8</ele>
        <time>2026-07-25T00:14:45Z</time>
      </trkpt>
      <trkpt lat="43.403034" lon="-109.336399">
        <ele>1996.9</ele>
        <time>2026-07-25T00:15:02Z</time>
      </trkpt>
      <trkpt lat="43.404698" lon="-109.341341">
        <ele>1995.4</ele>
        <time>2026-07-25T00:15:20Z</time>
      </trkpt>
      <trkpt lat="43.407750" lon="-109.350297">
        <ele>1990.5</ele>
        <time>2026-07-25T00:15:53Z</time>
      </trkpt>
      <trkpt lat="43.407951" lon="-109.350823">
        <ele>1991.9</ele>
        <time>2026-07-25T00:15:55Z</time>
      </trkpt>
      <trkpt lat="43.408225" lon="-109.351345">
        <ele>1993.5</ele>
        <time>2026-07-25T00:15:57Z</time>
      </trkpt>
      <trkpt lat="43.408461" lon="-109.351749">
        <ele>1995.2</ele>
        <time>2026-07-25T00:15:59Z</time>
      </trkpt>
      <trkpt lat="43.408751" lon="-109.352193">
        <ele>1996.7</ele>
        <time>2026-07-25T00:16:01Z</time>
      </trkpt>
      <trkpt lat="43.409067" lon="-109.352604">
        <ele>1998.3</ele>
        <time>2026-07-25T00:16:03Z</time>
      </trkpt>
      <trkpt lat="43.409409" lon="-109.352977">
        <ele>1999.3</ele>
        <time>2026-07-25T00:16:05Z</time>
      </trkpt>
      <trkpt lat="43.409770" lon="-109.353318">
        <ele>2000.1</ele>
        <time>2026-07-25T00:16:07Z</time>
      </trkpt>
      <trkpt lat="43.409954" lon="-109.353472">
        <ele>2000.5</ele>
        <time>2026-07-25T00:16:08Z</time>
      </trkpt>
      <trkpt lat="43.410145" lon="-109.353621">
        <ele>2000.9</ele>
        <time>2026-07-25T00:16:09Z</time>
      </trkpt>
      <trkpt lat="43.410380" lon="-109.353780">
        <ele>2001.2</ele>
        <time>2026-07-25T00:16:10Z</time>
      </trkpt>
      <trkpt lat="43.410741" lon="-109.353993">
        <ele>2001.5</ele>
        <time>2026-07-25T00:16:12Z</time>
      </trkpt>
      <trkpt lat="43.411152" lon="-109.354191">
        <ele>2001.6</ele>
        <time>2026-07-25T00:16:14Z</time>
      </trkpt>
      <trkpt lat="43.411572" lon="-109.354344">
        <ele>2001.2</ele>
        <time>2026-07-25T00:16:16Z</time>
      </trkpt>
      <trkpt lat="43.411783" lon="-109.354406">
        <ele>2000.8</ele>
        <time>2026-07-25T00:16:17Z</time>
      </trkpt>
      <trkpt lat="43.412001" lon="-109.354455">
        <ele>2000.4</ele>
        <time>2026-07-25T00:16:18Z</time>
      </trkpt>
      <trkpt lat="43.412218" lon="-109.354488">
        <ele>1999.9</ele>
        <time>2026-07-25T00:16:19Z</time>
      </trkpt>
      <trkpt lat="43.412657" lon="-109.354534">
        <ele>1998.9</ele>
        <time>2026-07-25T00:16:21Z</time>
      </trkpt>
      <trkpt lat="43.414217" lon="-109.354538">
        <ele>1994.7</ele>
        <time>2026-07-25T00:16:28Z</time>
      </trkpt>
      <trkpt lat="43.414662" lon="-109.354551">
        <ele>1993.0</ele>
        <time>2026-07-25T00:16:30Z</time>
      </trkpt>
      <trkpt lat="43.414891" lon="-109.354569">
        <ele>1991.8</ele>
        <time>2026-07-25T00:16:31Z</time>
      </trkpt>
      <trkpt lat="43.415338" lon="-109.354650">
        <ele>1989.5</ele>
        <time>2026-07-25T00:16:33Z</time>
      </trkpt>
      <trkpt lat="43.415735" lon="-109.354764">
        <ele>1987.1</ele>
        <time>2026-07-25T00:16:35Z</time>
      </trkpt>
      <trkpt lat="43.415951" lon="-109.354844">
        <ele>1985.9</ele>
        <time>2026-07-25T00:16:36Z</time>
      </trkpt>
      <trkpt lat="43.416206" lon="-109.354962">
        <ele>1984.6</ele>
        <time>2026-07-25T00:16:37Z</time>
      </trkpt>
      <trkpt lat="43.416372" lon="-109.355065">
        <ele>1983.4</ele>
        <time>2026-07-25T00:16:38Z</time>
      </trkpt>
      <trkpt lat="43.416579" lon="-109.355175">
        <ele>1982.1</ele>
        <time>2026-07-25T00:16:39Z</time>
      </trkpt>
      <trkpt lat="43.416978" lon="-109.355427">
        <ele>1979.8</ele>
        <time>2026-07-25T00:16:41Z</time>
      </trkpt>
      <trkpt lat="43.417363" lon="-109.355724">
        <ele>1977.5</ele>
        <time>2026-07-25T00:16:43Z</time>
      </trkpt>
      <trkpt lat="43.417734" lon="-109.356065">
        <ele>1975.1</ele>
        <time>2026-07-25T00:16:45Z</time>
      </trkpt>
      <trkpt lat="43.417909" lon="-109.356250">
        <ele>1974.0</ele>
        <time>2026-07-25T00:16:46Z</time>
      </trkpt>
      <trkpt lat="43.418107" lon="-109.356485">
        <ele>1972.9</ele>
        <time>2026-07-25T00:16:47Z</time>
      </trkpt>
      <trkpt lat="43.418392" lon="-109.356868">
        <ele>1971.0</ele>
        <time>2026-07-25T00:16:49Z</time>
      </trkpt>
      <trkpt lat="43.418539" lon="-109.357091">
        <ele>1970.0</ele>
        <time>2026-07-25T00:16:50Z</time>
      </trkpt>
      <trkpt lat="43.418818" lon="-109.357567">
        <ele>1968.2</ele>
        <time>2026-07-25T00:16:52Z</time>
      </trkpt>
      <trkpt lat="43.419062" lon="-109.358069">
        <ele>1966.5</ele>
        <time>2026-07-25T00:16:54Z</time>
      </trkpt>
      <trkpt lat="43.419172" lon="-109.358334">
        <ele>1965.6</ele>
        <time>2026-07-25T00:16:55Z</time>
      </trkpt>
      <trkpt lat="43.419368" lon="-109.358882">
        <ele>1963.6</ele>
        <time>2026-07-25T00:16:57Z</time>
      </trkpt>
      <trkpt lat="43.419454" lon="-109.359159">
        <ele>1962.8</ele>
        <time>2026-07-25T00:16:58Z</time>
      </trkpt>
      <trkpt lat="43.419601" lon="-109.359736">
        <ele>1961.1</ele>
        <time>2026-07-25T00:17:00Z</time>
      </trkpt>
      <trkpt lat="43.419662" lon="-109.360030">
        <ele>1960.3</ele>
        <time>2026-07-25T00:17:01Z</time>
      </trkpt>
      <trkpt lat="43.419736" lon="-109.360622">
        <ele>1959.1</ele>
        <time>2026-07-25T00:17:03Z</time>
      </trkpt>
      <trkpt lat="43.419829" lon="-109.361526">
        <ele>1957.7</ele>
        <time>2026-07-25T00:17:06Z</time>
      </trkpt>
      <trkpt lat="43.419872" lon="-109.361825">
        <ele>1957.6</ele>
        <time>2026-07-25T00:17:07Z</time>
      </trkpt>
      <trkpt lat="43.420339" lon="-109.367584">
        <ele>1947.4</ele>
        <time>2026-07-25T00:17:26Z</time>
      </trkpt>
      <trkpt lat="43.420693" lon="-109.371700">
        <ele>1950.0</ele>
        <time>2026-07-25T00:17:40Z</time>
      </trkpt>
      <trkpt lat="43.420751" lon="-109.372595">
        <ele>1953.2</ele>
        <time>2026-07-25T00:17:43Z</time>
      </trkpt>
      <trkpt lat="43.420789" lon="-109.373802">
        <ele>1957.6</ele>
        <time>2026-07-25T00:17:47Z</time>
      </trkpt>
      <trkpt lat="43.420788" lon="-109.374404">
        <ele>1959.8</ele>
        <time>2026-07-25T00:17:49Z</time>
      </trkpt>
      <trkpt lat="43.420773" lon="-109.375010">
        <ele>1961.7</ele>
        <time>2026-07-25T00:17:51Z</time>
      </trkpt>
      <trkpt lat="43.420744" lon="-109.375616">
        <ele>1963.6</ele>
        <time>2026-07-25T00:17:53Z</time>
      </trkpt>
      <trkpt lat="43.420678" lon="-109.376524">
        <ele>1966.4</ele>
        <time>2026-07-25T00:17:56Z</time>
      </trkpt>
      <trkpt lat="43.420619" lon="-109.377126">
        <ele>1967.8</ele>
        <time>2026-07-25T00:17:58Z</time>
      </trkpt>
      <trkpt lat="43.420528" lon="-109.377428">
        <ele>1968.4</ele>
        <time>2026-07-25T00:17:59Z</time>
      </trkpt>
      <trkpt lat="43.420452" lon="-109.378023">
        <ele>1969.3</ele>
        <time>2026-07-25T00:18:01Z</time>
      </trkpt>
      <trkpt lat="43.420314" lon="-109.378917">
        <ele>1970.2</ele>
        <time>2026-07-25T00:18:04Z</time>
      </trkpt>
      <trkpt lat="43.420029" lon="-109.380389">
        <ele>1970.7</ele>
        <time>2026-07-25T00:18:09Z</time>
      </trkpt>
      <trkpt lat="43.419064" lon="-109.384750">
        <ele>1961.2</ele>
        <time>2026-07-25T00:18:24Z</time>
      </trkpt>
      <trkpt lat="43.418625" lon="-109.386790">
        <ele>1952.7</ele>
        <time>2026-07-25T00:18:31Z</time>
      </trkpt>
      <trkpt lat="43.418460" lon="-109.387617">
        <ele>1948.6</ele>
        <time>2026-07-25T00:18:34Z</time>
      </trkpt>
      <trkpt lat="43.418366" lon="-109.388209">
        <ele>1946.4</ele>
        <time>2026-07-25T00:18:36Z</time>
      </trkpt>
      <trkpt lat="43.418322" lon="-109.388567">
        <ele>1945.4</ele>
        <time>2026-07-25T00:18:37Z</time>
      </trkpt>
      <trkpt lat="43.418276" lon="-109.389104">
        <ele>1943.9</ele>
        <time>2026-07-25T00:18:39Z</time>
      </trkpt>
      <trkpt lat="43.418264" lon="-109.390267">
        <ele>1941.7</ele>
        <time>2026-07-25T00:18:43Z</time>
      </trkpt>
      <trkpt lat="43.418263" lon="-109.392618">
        <ele>1939.0</ele>
        <time>2026-07-25T00:18:51Z</time>
      </trkpt>
      <trkpt lat="43.418244" lon="-109.393567">
        <ele>1938.2</ele>
        <time>2026-07-25T00:18:54Z</time>
      </trkpt>
      <trkpt lat="43.418217" lon="-109.394108">
        <ele>1937.7</ele>
        <time>2026-07-25T00:18:56Z</time>
      </trkpt>
      <trkpt lat="43.418181" lon="-109.394404">
        <ele>1937.3</ele>
        <time>2026-07-25T00:18:57Z</time>
      </trkpt>
      <trkpt lat="43.418117" lon="-109.395317">
        <ele>1936.0</ele>
        <time>2026-07-25T00:19:00Z</time>
      </trkpt>
      <trkpt lat="43.418025" lon="-109.396225">
        <ele>1935.2</ele>
        <time>2026-07-25T00:19:03Z</time>
      </trkpt>
      <trkpt lat="43.417858" lon="-109.397414">
        <ele>1936.1</ele>
        <time>2026-07-25T00:19:07Z</time>
      </trkpt>
      <trkpt lat="43.417758" lon="-109.397990">
        <ele>1936.7</ele>
        <time>2026-07-25T00:19:09Z</time>
      </trkpt>
      <trkpt lat="43.417641" lon="-109.398563">
        <ele>1937.3</ele>
        <time>2026-07-25T00:19:11Z</time>
      </trkpt>
      <trkpt lat="43.417450" lon="-109.399411">
        <ele>1938.0</ele>
        <time>2026-07-25T00:19:14Z</time>
      </trkpt>
      <trkpt lat="43.417239" lon="-109.400241">
        <ele>1938.1</ele>
        <time>2026-07-25T00:19:17Z</time>
      </trkpt>
      <trkpt lat="43.416591" lon="-109.402638">
        <ele>1936.0</ele>
        <time>2026-07-25T00:19:26Z</time>
      </trkpt>
      <trkpt lat="43.415299" lon="-109.407531">
        <ele>1936.0</ele>
        <time>2026-07-25T00:19:44Z</time>
      </trkpt>
      <trkpt lat="43.414751" lon="-109.409562">
        <ele>1938.8</ele>
        <time>2026-07-25T00:19:52Z</time>
      </trkpt>
      <trkpt lat="43.413282" lon="-109.415144">
        <ele>1942.0</ele>
        <time>2026-07-25T00:20:14Z</time>
      </trkpt>
      <trkpt lat="43.413088" lon="-109.415910">
        <ele>1941.4</ele>
        <time>2026-07-25T00:20:17Z</time>
      </trkpt>
      <trkpt lat="43.412971" lon="-109.416428">
        <ele>1941.0</ele>
        <time>2026-07-25T00:20:19Z</time>
      </trkpt>
      <trkpt lat="43.412890" lon="-109.416911">
        <ele>1940.5</ele>
        <time>2026-07-25T00:20:21Z</time>
      </trkpt>
      <trkpt lat="43.412853" lon="-109.417469">
        <ele>1940.2</ele>
        <time>2026-07-25T00:20:23Z</time>
      </trkpt>
      <trkpt lat="43.412829" lon="-109.418027">
        <ele>1939.7</ele>
        <time>2026-07-25T00:20:25Z</time>
      </trkpt>
      <trkpt lat="43.412824" lon="-109.418643">
        <ele>1939.1</ele>
        <time>2026-07-25T00:20:27Z</time>
      </trkpt>
      <trkpt lat="43.412968" lon="-109.426972">
        <ele>1942.1</ele>
        <time>2026-07-25T00:20:57Z</time>
      </trkpt>
      <trkpt lat="43.412934" lon="-109.427250">
        <ele>1942.1</ele>
        <time>2026-07-25T00:20:58Z</time>
      </trkpt>
      <trkpt lat="43.412939" lon="-109.427521">
        <ele>1942.1</ele>
        <time>2026-07-25T00:20:59Z</time>
      </trkpt>
      <trkpt lat="43.412984" lon="-109.427797">
        <ele>1942.1</ele>
        <time>2026-07-25T00:21:00Z</time>
      </trkpt>
      <trkpt lat="43.413008" lon="-109.428892">
        <ele>1942.0</ele>
        <time>2026-07-25T00:21:04Z</time>
      </trkpt>
      <trkpt lat="43.413064" lon="-109.429693">
        <ele>1942.1</ele>
        <time>2026-07-25T00:21:07Z</time>
      </trkpt>
      <trkpt lat="43.413093" lon="-109.429960">
        <ele>1942.2</ele>
        <time>2026-07-25T00:21:08Z</time>
      </trkpt>
      <trkpt lat="43.413176" lon="-109.430483">
        <ele>1942.2</ele>
        <time>2026-07-25T00:21:10Z</time>
      </trkpt>
      <trkpt lat="43.413228" lon="-109.430742">
        <ele>1942.3</ele>
        <time>2026-07-25T00:21:11Z</time>
      </trkpt>
      <trkpt lat="43.413351" lon="-109.431256">
        <ele>1942.2</ele>
        <time>2026-07-25T00:21:13Z</time>
      </trkpt>
      <trkpt lat="43.413582" lon="-109.432010">
        <ele>1941.8</ele>
        <time>2026-07-25T00:21:16Z</time>
      </trkpt>
      <trkpt lat="43.415443" lon="-109.437542">
        <ele>1941.5</ele>
        <time>2026-07-25T00:21:40Z</time>
      </trkpt>
      <trkpt lat="43.415538" lon="-109.437713">
        <ele>1941.1</ele>
        <time>2026-07-25T00:21:42Z</time>
      </trkpt>
      <trkpt lat="43.415593" lon="-109.437854">
        <ele>1939.0</ele>
        <time>2026-07-25T00:21:46Z</time>
      </trkpt>
      <trkpt lat="43.415609" lon="-109.437760">
        <ele>1934.0</ele>
        <time>2026-07-25T00:21:53Z</time>
      </trkpt>
      <trkpt lat="43.415791" lon="-109.438305">
        <ele>1932.0</ele>
        <time>2026-07-25T00:22:14Z</time>
      </trkpt>
      <trkpt lat="43.415861" lon="-109.438482">
        <ele>1934.0</ele>
        <time>2026-07-25T00:22:23Z</time>
      </trkpt>
      <trkpt lat="43.415851" lon="-109.438612">
        <ele>1943.0</ele>
        <time>2026-07-25T00:22:25Z</time>
      </trkpt>
      <trkpt lat="43.415920" lon="-109.438984">
        <ele>1943.2</ele>
        <time>2026-07-25T00:22:30Z</time>
      </trkpt>
      <trkpt lat="43.415964" lon="-109.439074">
        <ele>1943.1</ele>
        <time>2026-07-25T00:22:31Z</time>
      </trkpt>
      <trkpt lat="43.416981" lon="-109.442061">
        <ele>1943.3</ele>
        <time>2026-07-25T00:22:48Z</time>
      </trkpt>
      <trkpt lat="43.417160" lon="-109.442497">
        <ele>1943.2</ele>
        <time>2026-07-25T00:22:50Z</time>
      </trkpt>
      <trkpt lat="43.417370" lon="-109.442928">
        <ele>1943.2</ele>
        <time>2026-07-25T00:22:52Z</time>
      </trkpt>
      <trkpt lat="43.417494" lon="-109.443125">
        <ele>1943.3</ele>
        <time>2026-07-25T00:22:53Z</time>
      </trkpt>
      <trkpt lat="43.417631" lon="-109.443316">
        <ele>1943.4</ele>
        <time>2026-07-25T00:22:54Z</time>
      </trkpt>
      <trkpt lat="43.417935" lon="-109.443688">
        <ele>1943.8</ele>
        <time>2026-07-25T00:22:56Z</time>
      </trkpt>
      <trkpt lat="43.418102" lon="-109.443847">
        <ele>1944.0</ele>
        <time>2026-07-25T00:22:57Z</time>
      </trkpt>
      <trkpt lat="43.418273" lon="-109.443993">
        <ele>1944.2</ele>
        <time>2026-07-25T00:22:58Z</time>
      </trkpt>
      <trkpt lat="43.418457" lon="-109.444128">
        <ele>1944.3</ele>
        <time>2026-07-25T00:22:59Z</time>
      </trkpt>
      <trkpt lat="43.418650" lon="-109.444247">
        <ele>1944.4</ele>
        <time>2026-07-25T00:23:00Z</time>
      </trkpt>
      <trkpt lat="43.418852" lon="-109.444351">
        <ele>1944.6</ele>
        <time>2026-07-25T00:23:01Z</time>
      </trkpt>
      <trkpt lat="43.419056" lon="-109.444434">
        <ele>1945.1</ele>
        <time>2026-07-25T00:23:02Z</time>
      </trkpt>
      <trkpt lat="43.419266" lon="-109.444492">
        <ele>1945.6</ele>
        <time>2026-07-25T00:23:03Z</time>
      </trkpt>
      <trkpt lat="43.419441" lon="-109.444530">
        <ele>1946.2</ele>
        <time>2026-07-25T00:23:04Z</time>
      </trkpt>
      <trkpt lat="43.419659" lon="-109.444562">
        <ele>1946.6</ele>
        <time>2026-07-25T00:23:05Z</time>
      </trkpt>
      <trkpt lat="43.419874" lon="-109.444565">
        <ele>1947.2</ele>
        <time>2026-07-25T00:23:06Z</time>
      </trkpt>
      <trkpt lat="43.420141" lon="-109.444541">
        <ele>1947.7</ele>
        <time>2026-07-25T00:23:07Z</time>
      </trkpt>
      <trkpt lat="43.420316" lon="-109.444514">
        <ele>1948.1</ele>
        <time>2026-07-25T00:23:08Z</time>
      </trkpt>
      <trkpt lat="43.420982" lon="-109.444365">
        <ele>1950.1</ele>
        <time>2026-07-25T00:23:11Z</time>
      </trkpt>
      <trkpt lat="43.425809" lon="-109.443115">
        <ele>1959.9</ele>
        <time>2026-07-25T00:23:33Z</time>
      </trkpt>
      <trkpt lat="43.426037" lon="-109.443081">
        <ele>1959.6</ele>
        <time>2026-07-25T00:23:34Z</time>
      </trkpt>
      <trkpt lat="43.426479" lon="-109.442972">
        <ele>1959.0</ele>
        <time>2026-07-25T00:23:36Z</time>
      </trkpt>
      <trkpt lat="43.426698" lon="-109.442933">
        <ele>1958.6</ele>
        <time>2026-07-25T00:23:37Z</time>
      </trkpt>
      <trkpt lat="43.426921" lon="-109.442907">
        <ele>1958.2</ele>
        <time>2026-07-25T00:23:38Z</time>
      </trkpt>
      <trkpt lat="43.427146" lon="-109.442899">
        <ele>1957.7</ele>
        <time>2026-07-25T00:23:39Z</time>
      </trkpt>
      <trkpt lat="43.427371" lon="-109.442909">
        <ele>1957.3</ele>
        <time>2026-07-25T00:23:40Z</time>
      </trkpt>
      <trkpt lat="43.427598" lon="-109.442942">
        <ele>1956.8</ele>
        <time>2026-07-25T00:23:41Z</time>
      </trkpt>
      <trkpt lat="43.427819" lon="-109.443003">
        <ele>1956.3</ele>
        <time>2026-07-25T00:23:42Z</time>
      </trkpt>
      <trkpt lat="43.428030" lon="-109.443088">
        <ele>1955.7</ele>
        <time>2026-07-25T00:23:43Z</time>
      </trkpt>
      <trkpt lat="43.428239" lon="-109.443190">
        <ele>1955.3</ele>
        <time>2026-07-25T00:23:44Z</time>
      </trkpt>
      <trkpt lat="43.428447" lon="-109.443309">
        <ele>1955.0</ele>
        <time>2026-07-25T00:23:45Z</time>
      </trkpt>
      <trkpt lat="43.428643" lon="-109.443442">
        <ele>1954.6</ele>
        <time>2026-07-25T00:23:46Z</time>
      </trkpt>
      <trkpt lat="43.428840" lon="-109.443605">
        <ele>1954.2</ele>
        <time>2026-07-25T00:23:47Z</time>
      </trkpt>
      <trkpt lat="43.429024" lon="-109.443777">
        <ele>1953.9</ele>
        <time>2026-07-25T00:23:48Z</time>
      </trkpt>
      <trkpt lat="43.429203" lon="-109.443979">
        <ele>1953.6</ele>
        <time>2026-07-25T00:23:49Z</time>
      </trkpt>
      <trkpt lat="43.429367" lon="-109.444196">
        <ele>1953.1</ele>
        <time>2026-07-25T00:23:50Z</time>
      </trkpt>
      <trkpt lat="43.429521" lon="-109.444426">
        <ele>1952.6</ele>
        <time>2026-07-25T00:23:51Z</time>
      </trkpt>
      <trkpt lat="43.430221" lon="-109.445594">
        <ele>1951.0</ele>
        <time>2026-07-25T00:23:56Z</time>
      </trkpt>
      <trkpt lat="43.430363" lon="-109.445824">
        <ele>1951.0</ele>
        <time>2026-07-25T00:23:57Z</time>
      </trkpt>
      <trkpt lat="43.430511" lon="-109.446034">
        <ele>1951.1</ele>
        <time>2026-07-25T00:23:58Z</time>
      </trkpt>
      <trkpt lat="43.430670" lon="-109.446240">
        <ele>1951.3</ele>
        <time>2026-07-25T00:23:59Z</time>
      </trkpt>
      <trkpt lat="43.430835" lon="-109.446429">
        <ele>1951.6</ele>
        <time>2026-07-25T00:24:00Z</time>
      </trkpt>
      <trkpt lat="43.431012" lon="-109.446604">
        <ele>1952.1</ele>
        <time>2026-07-25T00:24:01Z</time>
      </trkpt>
      <trkpt lat="43.431197" lon="-109.446760">
        <ele>1952.4</ele>
        <time>2026-07-25T00:24:02Z</time>
      </trkpt>
      <trkpt lat="43.431389" lon="-109.446897">
        <ele>1952.8</ele>
        <time>2026-07-25T00:24:03Z</time>
      </trkpt>
      <trkpt lat="43.431806" lon="-109.447073">
        <ele>1953.7</ele>
        <time>2026-07-25T00:24:05Z</time>
      </trkpt>
      <trkpt lat="43.432018" lon="-109.447141">
        <ele>1954.4</ele>
        <time>2026-07-25T00:24:06Z</time>
      </trkpt>
      <trkpt lat="43.432408" lon="-109.447206">
        <ele>1955.6</ele>
        <time>2026-07-25T00:24:08Z</time>
      </trkpt>
      <trkpt lat="43.432629" lon="-109.447223">
        <ele>1956.0</ele>
        <time>2026-07-25T00:24:09Z</time>
      </trkpt>
      <trkpt lat="43.432849" lon="-109.447219">
        <ele>1956.6</ele>
        <time>2026-07-25T00:24:10Z</time>
      </trkpt>
      <trkpt lat="43.433739" lon="-109.447166">
        <ele>1958.6</ele>
        <time>2026-07-25T00:24:14Z</time>
      </trkpt>
      <trkpt lat="43.433964" lon="-109.447159">
        <ele>1959.0</ele>
        <time>2026-07-25T00:24:15Z</time>
      </trkpt>
      <trkpt lat="43.434187" lon="-109.447167">
        <ele>1959.4</ele>
        <time>2026-07-25T00:24:16Z</time>
      </trkpt>
      <trkpt lat="43.434451" lon="-109.447194">
        <ele>1959.9</ele>
        <time>2026-07-25T00:24:17Z</time>
      </trkpt>
      <trkpt lat="43.434625" lon="-109.447243">
        <ele>1960.4</ele>
        <time>2026-07-25T00:24:18Z</time>
      </trkpt>
      <trkpt lat="43.434841" lon="-109.447276">
        <ele>1960.9</ele>
        <time>2026-07-25T00:24:19Z</time>
      </trkpt>
      <trkpt lat="43.435056" lon="-109.447324">
        <ele>1961.3</ele>
        <time>2026-07-25T00:24:20Z</time>
      </trkpt>
      <trkpt lat="43.435265" lon="-109.447385">
        <ele>1961.7</ele>
        <time>2026-07-25T00:24:21Z</time>
      </trkpt>
      <trkpt lat="43.435678" lon="-109.447547">
        <ele>1962.4</ele>
        <time>2026-07-25T00:24:23Z</time>
      </trkpt>
      <trkpt lat="43.436079" lon="-109.447752">
        <ele>1963.2</ele>
        <time>2026-07-25T00:24:25Z</time>
      </trkpt>
      <trkpt lat="43.436278" lon="-109.447872">
        <ele>1963.6</ele>
        <time>2026-07-25T00:24:26Z</time>
      </trkpt>
      <trkpt lat="43.436657" lon="-109.448140">
        <ele>1964.2</ele>
        <time>2026-07-25T00:24:28Z</time>
      </trkpt>
      <trkpt lat="43.436840" lon="-109.448292">
        <ele>1964.5</ele>
        <time>2026-07-25T00:24:29Z</time>
      </trkpt>
      <trkpt lat="43.437197" lon="-109.448613">
        <ele>1965.0</ele>
        <time>2026-07-25T00:24:31Z</time>
      </trkpt>
      <trkpt lat="43.438388" lon="-109.449846">
        <ele>1966.4</ele>
        <time>2026-07-25T00:24:38Z</time>
      </trkpt>
      <trkpt lat="43.438715" lon="-109.450243">
        <ele>1966.8</ele>
        <time>2026-07-25T00:24:40Z</time>
      </trkpt>
      <trkpt lat="43.439021" lon="-109.450661">
        <ele>1967.0</ele>
        <time>2026-07-25T00:24:42Z</time>
      </trkpt>
      <trkpt lat="43.439299" lon="-109.451101">
        <ele>1967.2</ele>
        <time>2026-07-25T00:24:44Z</time>
      </trkpt>
      <trkpt lat="43.439551" lon="-109.451578">
        <ele>1967.3</ele>
        <time>2026-07-25T00:24:46Z</time>
      </trkpt>
      <trkpt lat="43.439772" lon="-109.452076">
        <ele>1967.2</ele>
        <time>2026-07-25T00:24:48Z</time>
      </trkpt>
      <trkpt lat="43.439965" lon="-109.452612">
        <ele>1967.3</ele>
        <time>2026-07-25T00:24:50Z</time>
      </trkpt>
      <trkpt lat="43.440111" lon="-109.453187">
        <ele>1967.0</ele>
        <time>2026-07-25T00:24:52Z</time>
      </trkpt>
      <trkpt lat="43.440310" lon="-109.454056">
        <ele>1966.8</ele>
        <time>2026-07-25T00:24:55Z</time>
      </trkpt>
      <trkpt lat="43.441255" lon="-109.459862">
        <ele>1966.5</ele>
        <time>2026-07-25T00:25:15Z</time>
      </trkpt>
      <trkpt lat="43.441481" lon="-109.460990">
        <ele>1966.4</ele>
        <time>2026-07-25T00:25:19Z</time>
      </trkpt>
      <trkpt lat="43.441683" lon="-109.461817">
        <ele>1966.7</ele>
        <time>2026-07-25T00:25:22Z</time>
      </trkpt>
      <trkpt lat="43.441917" lon="-109.462630">
        <ele>1967.6</ele>
        <time>2026-07-25T00:25:25Z</time>
      </trkpt>
      <trkpt lat="43.442088" lon="-109.463167">
        <ele>1968.3</ele>
        <time>2026-07-25T00:25:27Z</time>
      </trkpt>
      <trkpt lat="43.442198" lon="-109.463422">
        <ele>1968.7</ele>
        <time>2026-07-25T00:25:28Z</time>
      </trkpt>
      <trkpt lat="43.442500" lon="-109.464193">
        <ele>1969.7</ele>
        <time>2026-07-25T00:25:31Z</time>
      </trkpt>
      <trkpt lat="43.442954" lon="-109.465191">
        <ele>1971.0</ele>
        <time>2026-07-25T00:25:35Z</time>
      </trkpt>
      <trkpt lat="43.443200" lon="-109.465673">
        <ele>1971.7</ele>
        <time>2026-07-25T00:25:37Z</time>
      </trkpt>
      <trkpt lat="43.443583" lon="-109.466383">
        <ele>1972.9</ele>
        <time>2026-07-25T00:25:40Z</time>
      </trkpt>
      <trkpt lat="43.443717" lon="-109.466614">
        <ele>1973.3</ele>
        <time>2026-07-25T00:25:41Z</time>
      </trkpt>
      <trkpt lat="43.444141" lon="-109.467274">
        <ele>1974.2</ele>
        <time>2026-07-25T00:25:44Z</time>
      </trkpt>
      <trkpt lat="43.444583" lon="-109.467907">
        <ele>1975.9</ele>
        <time>2026-07-25T00:25:47Z</time>
      </trkpt>
      <trkpt lat="43.444885" lon="-109.468308">
        <ele>1976.9</ele>
        <time>2026-07-25T00:25:49Z</time>
      </trkpt>
      <trkpt lat="43.445367" lon="-109.468883">
        <ele>1978.0</ele>
        <time>2026-07-25T00:25:52Z</time>
      </trkpt>
      <trkpt lat="43.445696" lon="-109.469250">
        <ele>1978.4</ele>
        <time>2026-07-25T00:25:54Z</time>
      </trkpt>
      <trkpt lat="43.446033" lon="-109.469592">
        <ele>1979.0</ele>
        <time>2026-07-25T00:25:56Z</time>
      </trkpt>
      <trkpt lat="43.446566" lon="-109.470093">
        <ele>1980.1</ele>
        <time>2026-07-25T00:25:59Z</time>
      </trkpt>
      <trkpt lat="43.446748" lon="-109.470252">
        <ele>1980.6</ele>
        <time>2026-07-25T00:26:00Z</time>
      </trkpt>
      <trkpt lat="43.449853" lon="-109.472851">
        <ele>1984.2</ele>
        <time>2026-07-25T00:26:16Z</time>
      </trkpt>
      <trkpt lat="43.450457" lon="-109.473305">
        <ele>1983.6</ele>
        <time>2026-07-25T00:26:19Z</time>
      </trkpt>
      <trkpt lat="43.450878" lon="-109.473574">
        <ele>1982.8</ele>
        <time>2026-07-25T00:26:21Z</time>
      </trkpt>
      <trkpt lat="43.451091" lon="-109.473693">
        <ele>1982.5</ele>
        <time>2026-07-25T00:26:22Z</time>
      </trkpt>
      <trkpt lat="43.451520" lon="-109.473883">
        <ele>1982.0</ele>
        <time>2026-07-25T00:26:24Z</time>
      </trkpt>
      <trkpt lat="43.451954" lon="-109.474027">
        <ele>1981.6</ele>
        <time>2026-07-25T00:26:26Z</time>
      </trkpt>
      <trkpt lat="43.452384" lon="-109.474119">
        <ele>1981.2</ele>
        <time>2026-07-25T00:26:28Z</time>
      </trkpt>
      <trkpt lat="43.453764" lon="-109.474297">
        <ele>1982.5</ele>
        <time>2026-07-25T00:26:35Z</time>
      </trkpt>
      <trkpt lat="43.453918" lon="-109.474344">
        <ele>1982.9</ele>
        <time>2026-07-25T00:26:36Z</time>
      </trkpt>
      <trkpt lat="43.454271" lon="-109.474382">
        <ele>1983.8</ele>
        <time>2026-07-25T00:26:39Z</time>
      </trkpt>
      <trkpt lat="43.454349" lon="-109.474373">
        <ele>1984.0</ele>
        <time>2026-07-25T00:26:40Z</time>
      </trkpt>
      <trkpt lat="43.454414" lon="-109.474344">
        <ele>1984.1</ele>
        <time>2026-07-25T00:26:41Z</time>
      </trkpt>
      <trkpt lat="43.454409" lon="-109.474261">
        <ele>1983.9</ele>
        <time>2026-07-25T00:26:42Z</time>
      </trkpt>
      <trkpt lat="43.454739" lon="-109.472206">
        <ele>1990.7</ele>
        <time>2026-07-25T00:26:57Z</time>
      </trkpt>
      <trkpt lat="43.454779" lon="-109.472062">
        <ele>1990.5</ele>
        <time>2026-07-25T00:26:58Z</time>
      </trkpt>
      <trkpt lat="43.454834" lon="-109.471932">
        <ele>1990.3</ele>
        <time>2026-07-25T00:26:59Z</time>
      </trkpt>
      <trkpt lat="43.454908" lon="-109.471816">
        <ele>1990.0</ele>
        <time>2026-07-25T00:27:00Z</time>
      </trkpt>
      <trkpt lat="43.454996" lon="-109.471713">
        <ele>1989.6</ele>
        <time>2026-07-25T00:27:01Z</time>
      </trkpt>
      <trkpt lat="43.455096" lon="-109.471649">
        <ele>1989.1</ele>
        <time>2026-07-25T00:27:02Z</time>
      </trkpt>
      <trkpt lat="43.455624" lon="-109.471255">
        <ele>1986.4</ele>
        <time>2026-07-25T00:27:07Z</time>
      </trkpt>
      <trkpt lat="43.455831" lon="-109.471119">
        <ele>1985.3</ele>
        <time>2026-07-25T00:27:09Z</time>
      </trkpt>
      <trkpt lat="43.455941" lon="-109.471028">
        <ele>1984.6</ele>
        <time>2026-07-25T00:27:10Z</time>
      </trkpt>
      <trkpt lat="43.456064" lon="-109.470961">
        <ele>1983.9</ele>
        <time>2026-07-25T00:27:11Z</time>
      </trkpt>
      <trkpt lat="43.456227" lon="-109.470906">
        <ele>1983.0</ele>
        <time>2026-07-25T00:27:12Z</time>
      </trkpt>
      <trkpt lat="43.456465" lon="-109.470799">
        <ele>1981.6</ele>
        <time>2026-07-25T00:27:14Z</time>
      </trkpt>
      <trkpt lat="43.457104" lon="-109.470537">
        <ele>1980.8</ele>
        <time>2026-07-25T00:27:19Z</time>
      </trkpt>
      <trkpt lat="43.457468" lon="-109.470399">
        <ele>1981.1</ele>
        <time>2026-07-25T00:27:22Z</time>
      </trkpt>
      <trkpt lat="43.457939" lon="-109.470254">
        <ele>1981.6</ele>
        <time>2026-07-25T00:27:26Z</time>
      </trkpt>
      <trkpt lat="43.458165" lon="-109.470212">
        <ele>1982.4</ele>
        <time>2026-07-25T00:27:28Z</time>
      </trkpt>
      <trkpt lat="43.458621" lon="-109.470181">
        <ele>1983.1</ele>
        <time>2026-07-25T00:27:32Z</time>
      </trkpt>
      <trkpt lat="43.458855" lon="-109.470120">
        <ele>1983.3</ele>
        <time>2026-07-25T00:27:34Z</time>
      </trkpt>
      <trkpt lat="43.458972" lon="-109.470050">
        <ele>1983.2</ele>
        <time>2026-07-25T00:27:35Z</time>
      </trkpt>
      <trkpt lat="43.459461" lon="-109.469811">
        <ele>1983.4</ele>
        <time>2026-07-25T00:27:39Z</time>
      </trkpt>
      <trkpt lat="43.459836" lon="-109.469601">
        <ele>1984.3</ele>
        <time>2026-07-25T00:27:42Z</time>
      </trkpt>
      <trkpt lat="43.460580" lon="-109.469119">
        <ele>1984.8</ele>
        <time>2026-07-25T00:27:48Z</time>
      </trkpt>
      <trkpt lat="43.461162" lon="-109.468699">
        <ele>1985.7</ele>
        <time>2026-07-25T00:27:53Z</time>
      </trkpt>
      <trkpt lat="43.461528" lon="-109.468509">
        <ele>1986.6</ele>
        <time>2026-07-25T00:27:56Z</time>
      </trkpt>
      <trkpt lat="43.461651" lon="-109.468471">
        <ele>1986.8</ele>
        <time>2026-07-25T00:27:57Z</time>
      </trkpt>
      <trkpt lat="43.461752" lon="-109.468457">
        <ele>1987.0</ele>
        <time>2026-07-25T00:27:58Z</time>
      </trkpt>
      <trkpt lat="43.461875" lon="-109.468463">
        <ele>1987.2</ele>
        <time>2026-07-25T00:27:59Z</time>
      </trkpt>
      <trkpt lat="43.461997" lon="-109.468488">
        <ele>1987.3</ele>
        <time>2026-07-25T00:28:00Z</time>
      </trkpt>
      <trkpt lat="43.462462" lon="-109.468653">
        <ele>1987.7</ele>
        <time>2026-07-25T00:28:04Z</time>
      </trkpt>
      <trkpt lat="43.462983" lon="-109.468876">
        <ele>1987.8</ele>
        <time>2026-07-25T00:28:09Z</time>
      </trkpt>
      <trkpt lat="43.463646" lon="-109.469141">
        <ele>1988.2</ele>
        <time>2026-07-25T00:28:15Z</time>
      </trkpt>
      <trkpt lat="43.464034" lon="-109.469310">
        <ele>1988.6</ele>
        <time>2026-07-25T00:28:18Z</time>
      </trkpt>
      <trkpt lat="43.464455" lon="-109.469512">
        <ele>1988.6</ele>
        <time>2026-07-25T00:28:21Z</time>
      </trkpt>
      <trkpt lat="43.464758" lon="-109.469640">
        <ele>1988.8</ele>
        <time>2026-07-25T00:28:23Z</time>
      </trkpt>
      <trkpt lat="43.465076" lon="-109.469728">
        <ele>1988.8</ele>
        <time>2026-07-25T00:28:25Z</time>
      </trkpt>
      <trkpt lat="43.465745" lon="-109.469824">
        <ele>1989.9</ele>
        <time>2026-07-25T00:28:29Z</time>
      </trkpt>
      <trkpt lat="43.466257" lon="-109.469933">
        <ele>1991.1</ele>
        <time>2026-07-25T00:28:32Z</time>
      </trkpt>
      <trkpt lat="43.466769" lon="-109.470076">
        <ele>1992.1</ele>
        <time>2026-07-25T00:28:35Z</time>
      </trkpt>
      <trkpt lat="43.468155" lon="-109.470511">
        <ele>1992.7</ele>
        <time>2026-07-25T00:28:43Z</time>
      </trkpt>
      <trkpt lat="43.469136" lon="-109.470808">
        <ele>1993.7</ele>
        <time>2026-07-25T00:28:49Z</time>
      </trkpt>
      <trkpt lat="43.469298" lon="-109.470876">
        <ele>1993.8</ele>
        <time>2026-07-25T00:28:50Z</time>
      </trkpt>
      <trkpt lat="43.469451" lon="-109.470961">
        <ele>1994.0</ele>
        <time>2026-07-25T00:28:51Z</time>
      </trkpt>
      <trkpt lat="43.469617" lon="-109.471095">
        <ele>1994.4</ele>
        <time>2026-07-25T00:28:52Z</time>
      </trkpt>
      <trkpt lat="43.469710" lon="-109.471197">
        <ele>1995.1</ele>
        <time>2026-07-25T00:28:53Z</time>
      </trkpt>
      <trkpt lat="43.469813" lon="-109.471349">
        <ele>1996.1</ele>
        <time>2026-07-25T00:28:54Z</time>
      </trkpt>
      <trkpt lat="43.469881" lon="-109.471529">
        <ele>1997.1</ele>
        <time>2026-07-25T00:28:55Z</time>
      </trkpt>
      <trkpt lat="43.470051" lon="-109.471894">
        <ele>1998.3</ele>
        <time>2026-07-25T00:28:57Z</time>
      </trkpt>
      <trkpt lat="43.470137" lon="-109.472009">
        <ele>1998.8</ele>
        <time>2026-07-25T00:28:58Z</time>
      </trkpt>
      <trkpt lat="43.470766" lon="-109.472559">
        <ele>2002.1</ele>
        <time>2026-07-25T00:29:03Z</time>
      </trkpt>
      <trkpt lat="43.471006" lon="-109.472826">
        <ele>2003.8</ele>
        <time>2026-07-25T00:29:05Z</time>
      </trkpt>
      <trkpt lat="43.471229" lon="-109.473120">
        <ele>2005.4</ele>
        <time>2026-07-25T00:29:07Z</time>
      </trkpt>
      <trkpt lat="43.471342" lon="-109.473250">
        <ele>2006.3</ele>
        <time>2026-07-25T00:29:08Z</time>
      </trkpt>
      <trkpt lat="43.471465" lon="-109.473363">
        <ele>2007.6</ele>
        <time>2026-07-25T00:29:09Z</time>
      </trkpt>
      <trkpt lat="43.471822" lon="-109.473609">
        <ele>2011.7</ele>
        <time>2026-07-25T00:29:12Z</time>
      </trkpt>
      <trkpt lat="43.471932" lon="-109.473697">
        <ele>2012.6</ele>
        <time>2026-07-25T00:29:13Z</time>
      </trkpt>
      <trkpt lat="43.472040" lon="-109.473800">
        <ele>2013.3</ele>
        <time>2026-07-25T00:29:14Z</time>
      </trkpt>
      <trkpt lat="43.472256" lon="-109.474029">
        <ele>2014.3</ele>
        <time>2026-07-25T00:29:16Z</time>
      </trkpt>
      <trkpt lat="43.472816" lon="-109.474657">
        <ele>2014.9</ele>
        <time>2026-07-25T00:29:21Z</time>
      </trkpt>
      <trkpt lat="43.473056" lon="-109.474889">
        <ele>2015.6</ele>
        <time>2026-07-25T00:29:23Z</time>
      </trkpt>
      <trkpt lat="43.473402" lon="-109.475201">
        <ele>2016.7</ele>
        <time>2026-07-25T00:29:26Z</time>
      </trkpt>
      <trkpt lat="43.473817" lon="-109.475643">
        <ele>2016.5</ele>
        <time>2026-07-25T00:29:30Z</time>
      </trkpt>
      <trkpt lat="43.474134" lon="-109.475907">
        <ele>2016.4</ele>
        <time>2026-07-25T00:29:33Z</time>
      </trkpt>
      <trkpt lat="43.474330" lon="-109.476025">
        <ele>2016.0</ele>
        <time>2026-07-25T00:29:35Z</time>
      </trkpt>
      <trkpt lat="43.474910" lon="-109.476266">
        <ele>2015.2</ele>
        <time>2026-07-25T00:29:41Z</time>
      </trkpt>
      <trkpt lat="43.476047" lon="-109.476848">
        <ele>2013.5</ele>
        <time>2026-07-25T00:29:52Z</time>
      </trkpt>
      <trkpt lat="43.476273" lon="-109.476955">
        <ele>2013.1</ele>
        <time>2026-07-25T00:29:54Z</time>
      </trkpt>
      <trkpt lat="43.476714" lon="-109.477140">
        <ele>2012.8</ele>
        <time>2026-07-25T00:29:57Z</time>
      </trkpt>
      <trkpt lat="43.477135" lon="-109.477284">
        <ele>2012.5</ele>
        <time>2026-07-25T00:30:00Z</time>
      </trkpt>
      <trkpt lat="43.477918" lon="-109.477473">
        <ele>2014.4</ele>
        <time>2026-07-25T00:30:05Z</time>
      </trkpt>
      <trkpt lat="43.478547" lon="-109.477649">
        <ele>2015.8</ele>
        <time>2026-07-25T00:30:09Z</time>
      </trkpt>
      <trkpt lat="43.478868" lon="-109.477712">
        <ele>2016.6</ele>
        <time>2026-07-25T00:30:11Z</time>
      </trkpt>
      <trkpt lat="43.479351" lon="-109.477759">
        <ele>2019.1</ele>
        <time>2026-07-25T00:30:14Z</time>
      </trkpt>
      <trkpt lat="43.480777" lon="-109.477826">
        <ele>2024.5</ele>
        <time>2026-07-25T00:30:23Z</time>
      </trkpt>
      <trkpt lat="43.481099" lon="-109.477871">
        <ele>2025.9</ele>
        <time>2026-07-25T00:30:25Z</time>
      </trkpt>
      <trkpt lat="43.481261" lon="-109.477910">
        <ele>2026.6</ele>
        <time>2026-07-25T00:30:26Z</time>
      </trkpt>
      <trkpt lat="43.482557" lon="-109.478296">
        <ele>2031.4</ele>
        <time>2026-07-25T00:30:34Z</time>
      </trkpt>
      <trkpt lat="43.483316" lon="-109.478503">
        <ele>2032.1</ele>
        <time>2026-07-25T00:30:39Z</time>
      </trkpt>
      <trkpt lat="43.483641" lon="-109.478558">
        <ele>2031.3</ele>
        <time>2026-07-25T00:30:41Z</time>
      </trkpt>
      <trkpt lat="43.483840" lon="-109.478574">
        <ele>2031.0</ele>
        <time>2026-07-25T00:30:42Z</time>
      </trkpt>
      <trkpt lat="43.484136" lon="-109.478558">
        <ele>2030.5</ele>
        <time>2026-07-25T00:30:44Z</time>
      </trkpt>
      <trkpt lat="43.484299" lon="-109.478526">
        <ele>2030.3</ele>
        <time>2026-07-25T00:30:45Z</time>
      </trkpt>
      <trkpt lat="43.484460" lon="-109.478472">
        <ele>2030.3</ele>
        <time>2026-07-25T00:30:46Z</time>
      </trkpt>
      <trkpt lat="43.484783" lon="-109.478317">
        <ele>2030.8</ele>
        <time>2026-07-25T00:30:48Z</time>
      </trkpt>
      <trkpt lat="43.485482" lon="-109.477947">
        <ele>2032.2</ele>
        <time>2026-07-25T00:30:52Z</time>
      </trkpt>
      <trkpt lat="43.486150" lon="-109.477620">
        <ele>2033.8</ele>
        <time>2026-07-25T00:30:56Z</time>
      </trkpt>
      <trkpt lat="43.486503" lon="-109.477456">
        <ele>2035.1</ele>
        <time>2026-07-25T00:30:58Z</time>
      </trkpt>
      <trkpt lat="43.486682" lon="-109.477387">
        <ele>2035.8</ele>
        <time>2026-07-25T00:30:59Z</time>
      </trkpt>
      <trkpt lat="43.487194" lon="-109.477220">
        <ele>2037.6</ele>
        <time>2026-07-25T00:31:02Z</time>
      </trkpt>
      <trkpt lat="43.488442" lon="-109.476911">
        <ele>2035.0</ele>
        <time>2026-07-25T00:31:09Z</time>
      </trkpt>
      <trkpt lat="43.489028" lon="-109.476738">
        <ele>2032.7</ele>
        <time>2026-07-25T00:31:12Z</time>
      </trkpt>
      <trkpt lat="43.490112" lon="-109.476355">
        <ele>2036.1</ele>
        <time>2026-07-25T00:31:18Z</time>
      </trkpt>
      <trkpt lat="43.491227" lon="-109.475985">
        <ele>2035.1</ele>
        <time>2026-07-25T00:31:24Z</time>
      </trkpt>
      <trkpt lat="43.492169" lon="-109.475657">
        <ele>2033.9</ele>
        <time>2026-07-25T00:31:29Z</time>
      </trkpt>
      <trkpt lat="43.492374" lon="-109.475609">
        <ele>2033.8</ele>
        <time>2026-07-25T00:31:30Z</time>
      </trkpt>
      <trkpt lat="43.493329" lon="-109.475268">
        <ele>2033.5</ele>
        <time>2026-07-25T00:31:35Z</time>
      </trkpt>
      <trkpt lat="43.493496" lon="-109.475229">
        <ele>2034.6</ele>
        <time>2026-07-25T00:31:36Z</time>
      </trkpt>
      <trkpt lat="43.493691" lon="-109.475205">
        <ele>2035.5</ele>
        <time>2026-07-25T00:31:37Z</time>
      </trkpt>
      <trkpt lat="43.493817" lon="-109.475207">
        <ele>2036.2</ele>
        <time>2026-07-25T00:31:38Z</time>
      </trkpt>
      <trkpt lat="43.493972" lon="-109.475225">
        <ele>2036.5</ele>
        <time>2026-07-25T00:31:39Z</time>
      </trkpt>
      <trkpt lat="43.494129" lon="-109.475260">
        <ele>2036.8</ele>
        <time>2026-07-25T00:31:40Z</time>
      </trkpt>
      <trkpt lat="43.494288" lon="-109.475311">
        <ele>2037.0</ele>
        <time>2026-07-25T00:31:41Z</time>
      </trkpt>
      <trkpt lat="43.494607" lon="-109.475449">
        <ele>2037.3</ele>
        <time>2026-07-25T00:31:43Z</time>
      </trkpt>
      <trkpt lat="43.495227" lon="-109.475803">
        <ele>2038.0</ele>
        <time>2026-07-25T00:31:47Z</time>
      </trkpt>
      <trkpt lat="43.495377" lon="-109.475874">
        <ele>2038.9</ele>
        <time>2026-07-25T00:31:48Z</time>
      </trkpt>
      <trkpt lat="43.495526" lon="-109.475927">
        <ele>2039.5</ele>
        <time>2026-07-25T00:31:49Z</time>
      </trkpt>
      <trkpt lat="43.495679" lon="-109.475960">
        <ele>2040.0</ele>
        <time>2026-07-25T00:31:50Z</time>
      </trkpt>
      <trkpt lat="43.496142" lon="-109.476000">
        <ele>2041.2</ele>
        <time>2026-07-25T00:31:53Z</time>
      </trkpt>
      <trkpt lat="43.496597" lon="-109.476060">
        <ele>2042.2</ele>
        <time>2026-07-25T00:31:56Z</time>
      </trkpt>
      <trkpt lat="43.496900" lon="-109.476124">
        <ele>2043.0</ele>
        <time>2026-07-25T00:31:58Z</time>
      </trkpt>
      <trkpt lat="43.497671" lon="-109.476321">
        <ele>2045.6</ele>
        <time>2026-07-25T00:32:03Z</time>
      </trkpt>
      <trkpt lat="43.498151" lon="-109.476418">
        <ele>2047.8</ele>
        <time>2026-07-25T00:32:06Z</time>
      </trkpt>
      <trkpt lat="43.498459" lon="-109.476496">
        <ele>2049.0</ele>
        <time>2026-07-25T00:32:08Z</time>
      </trkpt>
      <trkpt lat="43.498613" lon="-109.476546">
        <ele>2049.5</ele>
        <time>2026-07-25T00:32:09Z</time>
      </trkpt>
      <trkpt lat="43.499079" lon="-109.476738">
        <ele>2049.3</ele>
        <time>2026-07-25T00:32:12Z</time>
      </trkpt>
      <trkpt lat="43.499208" lon="-109.476779">
        <ele>2049.2</ele>
        <time>2026-07-25T00:32:13Z</time>
      </trkpt>
      <trkpt lat="43.499411" lon="-109.476823">
        <ele>2049.3</ele>
        <time>2026-07-25T00:32:14Z</time>
      </trkpt>
      <trkpt lat="43.499936" lon="-109.476913">
        <ele>2050.0</ele>
        <time>2026-07-25T00:32:17Z</time>
      </trkpt>
      <trkpt lat="43.500434" lon="-109.477016">
        <ele>2050.3</ele>
        <time>2026-07-25T00:32:20Z</time>
      </trkpt>
      <trkpt lat="43.500617" lon="-109.477040">
        <ele>2050.4</ele>
        <time>2026-07-25T00:32:21Z</time>
      </trkpt>
      <trkpt lat="43.501167" lon="-109.477066">
        <ele>2050.9</ele>
        <time>2026-07-25T00:32:24Z</time>
      </trkpt>
      <trkpt lat="43.501731" lon="-109.477109">
        <ele>2052.1</ele>
        <time>2026-07-25T00:32:27Z</time>
      </trkpt>
      <trkpt lat="43.502280" lon="-109.477170">
        <ele>2054.2</ele>
        <time>2026-07-25T00:32:30Z</time>
      </trkpt>
      <trkpt lat="43.502618" lon="-109.477236">
        <ele>2055.6</ele>
        <time>2026-07-25T00:32:32Z</time>
      </trkpt>
      <trkpt lat="43.502945" lon="-109.477338">
        <ele>2056.0</ele>
        <time>2026-07-25T00:32:34Z</time>
      </trkpt>
      <trkpt lat="43.503106" lon="-109.477406">
        <ele>2055.8</ele>
        <time>2026-07-25T00:32:35Z</time>
      </trkpt>
      <trkpt lat="43.503430" lon="-109.477572">
        <ele>2055.5</ele>
        <time>2026-07-25T00:32:37Z</time>
      </trkpt>
      <trkpt lat="43.503905" lon="-109.477859">
        <ele>2055.6</ele>
        <time>2026-07-25T00:32:40Z</time>
      </trkpt>
      <trkpt lat="43.504488" lon="-109.478285">
        <ele>2055.2</ele>
        <time>2026-07-25T00:32:44Z</time>
      </trkpt>
      <trkpt lat="43.504633" lon="-109.478371">
        <ele>2055.0</ele>
        <time>2026-07-25T00:32:45Z</time>
      </trkpt>
      <trkpt lat="43.504781" lon="-109.478433">
        <ele>2054.8</ele>
        <time>2026-07-25T00:32:46Z</time>
      </trkpt>
      <trkpt lat="43.504930" lon="-109.478468">
        <ele>2054.7</ele>
        <time>2026-07-25T00:32:47Z</time>
      </trkpt>
      <trkpt lat="43.505081" lon="-109.478485">
        <ele>2054.4</ele>
        <time>2026-07-25T00:32:48Z</time>
      </trkpt>
      <trkpt lat="43.505696" lon="-109.478501">
        <ele>2052.4</ele>
        <time>2026-07-25T00:32:52Z</time>
      </trkpt>
      <trkpt lat="43.505850" lon="-109.478522">
        <ele>2051.9</ele>
        <time>2026-07-25T00:32:53Z</time>
      </trkpt>
      <trkpt lat="43.506006" lon="-109.478559">
        <ele>2051.2</ele>
        <time>2026-07-25T00:32:54Z</time>
      </trkpt>
      <trkpt lat="43.506164" lon="-109.478611">
        <ele>2050.4</ele>
        <time>2026-07-25T00:32:55Z</time>
      </trkpt>
      <trkpt lat="43.506322" lon="-109.478677">
        <ele>2049.5</ele>
        <time>2026-07-25T00:32:56Z</time>
      </trkpt>
      <trkpt lat="43.506483" lon="-109.478762">
        <ele>2048.9</ele>
        <time>2026-07-25T00:32:57Z</time>
      </trkpt>
      <trkpt lat="43.506639" lon="-109.478887">
        <ele>2048.4</ele>
        <time>2026-07-25T00:32:58Z</time>
      </trkpt>
      <trkpt lat="43.506811" lon="-109.478978">
        <ele>2047.8</ele>
        <time>2026-07-25T00:32:59Z</time>
      </trkpt>
      <trkpt lat="43.506978" lon="-109.479113">
        <ele>2047.0</ele>
        <time>2026-07-25T00:33:00Z</time>
      </trkpt>
      <trkpt lat="43.507492" lon="-109.479491">
        <ele>2046.3</ele>
        <time>2026-07-25T00:33:03Z</time>
      </trkpt>
      <trkpt lat="43.507841" lon="-109.479727">
        <ele>2046.4</ele>
        <time>2026-07-25T00:33:05Z</time>
      </trkpt>
      <trkpt lat="43.508017" lon="-109.479829">
        <ele>2046.7</ele>
        <time>2026-07-25T00:33:06Z</time>
      </trkpt>
      <trkpt lat="43.508197" lon="-109.479916">
        <ele>2046.9</ele>
        <time>2026-07-25T00:33:07Z</time>
      </trkpt>
      <trkpt lat="43.508378" lon="-109.479985">
        <ele>2046.9</ele>
        <time>2026-07-25T00:33:08Z</time>
      </trkpt>
      <trkpt lat="43.508564" lon="-109.480040">
        <ele>2046.8</ele>
        <time>2026-07-25T00:33:09Z</time>
      </trkpt>
      <trkpt lat="43.510552" lon="-109.480397">
        <ele>2050.1</ele>
        <time>2026-07-25T00:33:19Z</time>
      </trkpt>
      <trkpt lat="43.511549" lon="-109.480590">
        <ele>2057.2</ele>
        <time>2026-07-25T00:33:24Z</time>
      </trkpt>
      <trkpt lat="43.511743" lon="-109.480600">
        <ele>2058.7</ele>
        <time>2026-07-25T00:33:25Z</time>
      </trkpt>
      <trkpt lat="43.513251" lon="-109.480861">
        <ele>2066.0</ele>
        <time>2026-07-25T00:33:33Z</time>
      </trkpt>
      <trkpt lat="43.514122" lon="-109.480994">
        <ele>2071.2</ele>
        <time>2026-07-25T00:33:38Z</time>
      </trkpt>
      <trkpt lat="43.514279" lon="-109.481055">
        <ele>2071.7</ele>
        <time>2026-07-25T00:33:39Z</time>
      </trkpt>
      <trkpt lat="43.514437" lon="-109.481101">
        <ele>2072.1</ele>
        <time>2026-07-25T00:33:40Z</time>
      </trkpt>
      <trkpt lat="43.514755" lon="-109.481230">
        <ele>2072.2</ele>
        <time>2026-07-25T00:33:42Z</time>
      </trkpt>
      <trkpt lat="43.515073" lon="-109.481374">
        <ele>2072.1</ele>
        <time>2026-07-25T00:33:44Z</time>
      </trkpt>
      <trkpt lat="43.515241" lon="-109.481427">
        <ele>2072.1</ele>
        <time>2026-07-25T00:33:45Z</time>
      </trkpt>
      <trkpt lat="43.515409" lon="-109.481455">
        <ele>2072.3</ele>
        <time>2026-07-25T00:33:46Z</time>
      </trkpt>
      <trkpt lat="43.515755" lon="-109.481422">
        <ele>2073.0</ele>
        <time>2026-07-25T00:33:48Z</time>
      </trkpt>
      <trkpt lat="43.516114" lon="-109.481361">
        <ele>2073.6</ele>
        <time>2026-07-25T00:33:50Z</time>
      </trkpt>
      <trkpt lat="43.516677" lon="-109.481237">
        <ele>2074.7</ele>
        <time>2026-07-25T00:33:53Z</time>
      </trkpt>
      <trkpt lat="43.517438" lon="-109.481039">
        <ele>2075.7</ele>
        <time>2026-07-25T00:33:57Z</time>
      </trkpt>
      <trkpt lat="43.517808" lon="-109.480972">
        <ele>2075.6</ele>
        <time>2026-07-25T00:33:59Z</time>
      </trkpt>
      <trkpt lat="43.517989" lon="-109.480954">
        <ele>2075.7</ele>
        <time>2026-07-25T00:34:00Z</time>
      </trkpt>
      <trkpt lat="43.518170" lon="-109.480967">
        <ele>2075.7</ele>
        <time>2026-07-25T00:34:01Z</time>
      </trkpt>
      <trkpt lat="43.519707" lon="-109.480887">
        <ele>2077.8</ele>
        <time>2026-07-25T00:34:10Z</time>
      </trkpt>
      <trkpt lat="43.520165" lon="-109.480895">
        <ele>2078.3</ele>
        <time>2026-07-25T00:34:13Z</time>
      </trkpt>
      <trkpt lat="43.520332" lon="-109.480878">
        <ele>2078.4</ele>
        <time>2026-07-25T00:34:14Z</time>
      </trkpt>
      <trkpt lat="43.520663" lon="-109.480875">
        <ele>2078.7</ele>
        <time>2026-07-25T00:34:16Z</time>
      </trkpt>
      <trkpt lat="43.520852" lon="-109.480842">
        <ele>2078.9</ele>
        <time>2026-07-25T00:34:17Z</time>
      </trkpt>
      <trkpt lat="43.521001" lon="-109.480788">
        <ele>2079.0</ele>
        <time>2026-07-25T00:34:18Z</time>
      </trkpt>
      <trkpt lat="43.521595" lon="-109.480418">
        <ele>2078.3</ele>
        <time>2026-07-25T00:34:22Z</time>
      </trkpt>
      <trkpt lat="43.521884" lon="-109.480268">
        <ele>2077.7</ele>
        <time>2026-07-25T00:34:24Z</time>
      </trkpt>
      <trkpt lat="43.522209" lon="-109.480139">
        <ele>2077.2</ele>
        <time>2026-07-25T00:34:26Z</time>
      </trkpt>
      <trkpt lat="43.522404" lon="-109.480083">
        <ele>2077.1</ele>
        <time>2026-07-25T00:34:27Z</time>
      </trkpt>
      <trkpt lat="43.522527" lon="-109.480074">
        <ele>2077.3</ele>
        <time>2026-07-25T00:34:28Z</time>
      </trkpt>
      <trkpt lat="43.523043" lon="-109.479923">
        <ele>2078.0</ele>
        <time>2026-07-25T00:34:56Z</time>
      </trkpt>
      <trkpt lat="43.523193" lon="-109.479953">
        <ele>2080.0</ele>
        <time>2026-07-25T00:35:21Z</time>
      </trkpt>
      <trkpt lat="43.523568" lon="-109.479941">
        <ele>2081.5</ele>
        <time>2026-07-25T00:35:26Z</time>
      </trkpt>
      <trkpt lat="43.523990" lon="-109.479899">
        <ele>2083.9</ele>
        <time>2026-07-25T00:35:30Z</time>
      </trkpt>
      <trkpt lat="43.524486" lon="-109.479865">
        <ele>2086.6</ele>
        <time>2026-07-25T00:35:34Z</time>
      </trkpt>
      <trkpt lat="43.524613" lon="-109.479833">
        <ele>2087.2</ele>
        <time>2026-07-25T00:35:35Z</time>
      </trkpt>
      <trkpt lat="43.525018" lon="-109.479787">
        <ele>2088.5</ele>
        <time>2026-07-25T00:35:38Z</time>
      </trkpt>
      <trkpt lat="43.525273" lon="-109.479725">
        <ele>2088.8</ele>
        <time>2026-07-25T00:35:40Z</time>
      </trkpt>
      <trkpt lat="43.525390" lon="-109.479679">
        <ele>2088.8</ele>
        <time>2026-07-25T00:35:41Z</time>
      </trkpt>
      <trkpt lat="43.525624" lon="-109.479567">
        <ele>2088.9</ele>
        <time>2026-07-25T00:35:43Z</time>
      </trkpt>
      <trkpt lat="43.525861" lon="-109.479425">
        <ele>2088.7</ele>
        <time>2026-07-25T00:35:45Z</time>
      </trkpt>
      <trkpt lat="43.527195" lon="-109.478509">
        <ele>2087.6</ele>
        <time>2026-07-25T00:35:55Z</time>
      </trkpt>
      <trkpt lat="43.527885" lon="-109.478081">
        <ele>2089.9</ele>
        <time>2026-07-25T00:36:00Z</time>
      </trkpt>
      <trkpt lat="43.528591" lon="-109.477693">
        <ele>2089.7</ele>
        <time>2026-07-25T00:36:05Z</time>
      </trkpt>
      <trkpt lat="43.528851" lon="-109.477499">
        <ele>2088.9</ele>
        <time>2026-07-25T00:36:07Z</time>
      </trkpt>
      <trkpt lat="43.530610" lon="-109.475904">
        <ele>2086.1</ele>
        <time>2026-07-25T00:36:20Z</time>
      </trkpt>
      <trkpt lat="43.531886" lon="-109.474768">
        <ele>2088.6</ele>
        <time>2026-07-25T00:36:30Z</time>
      </trkpt>
      <trkpt lat="43.532101" lon="-109.474528">
        <ele>2088.3</ele>
        <time>2026-07-25T00:36:32Z</time>
      </trkpt>
      <trkpt lat="43.532201" lon="-109.474392">
        <ele>2088.2</ele>
        <time>2026-07-25T00:36:33Z</time>
      </trkpt>
      <trkpt lat="43.532650" lon="-109.473565">
        <ele>2087.4</ele>
        <time>2026-07-25T00:36:38Z</time>
      </trkpt>
      <trkpt lat="43.533084" lon="-109.472592">
        <ele>2084.9</ele>
        <time>2026-07-25T00:36:43Z</time>
      </trkpt>
      <trkpt lat="43.533341" lon="-109.471992">
        <ele>2084.3</ele>
        <time>2026-07-25T00:36:46Z</time>
      </trkpt>
      <trkpt lat="43.533412" lon="-109.471806">
        <ele>2084.5</ele>
        <time>2026-07-25T00:36:47Z</time>
      </trkpt>
      <trkpt lat="43.533518" lon="-109.471433">
        <ele>2084.1</ele>
        <time>2026-07-25T00:36:49Z</time>
      </trkpt>
      <trkpt lat="43.533549" lon="-109.471243">
        <ele>2083.6</ele>
        <time>2026-07-25T00:36:50Z</time>
      </trkpt>
      <trkpt lat="43.533584" lon="-109.470420">
        <ele>2081.8</ele>
        <time>2026-07-25T00:36:54Z</time>
      </trkpt>
      <trkpt lat="43.533603" lon="-109.470197">
        <ele>2081.3</ele>
        <time>2026-07-25T00:36:55Z</time>
      </trkpt>
      <trkpt lat="43.533710" lon="-109.469353">
        <ele>2080.5</ele>
        <time>2026-07-25T00:36:59Z</time>
      </trkpt>
      <trkpt lat="43.533781" lon="-109.468975">
        <ele>2080.1</ele>
        <time>2026-07-25T00:37:01Z</time>
      </trkpt>
      <trkpt lat="43.533825" lon="-109.468818">
        <ele>2080.3</ele>
        <time>2026-07-25T00:37:02Z</time>
      </trkpt>
      <trkpt lat="43.533876" lon="-109.468681">
        <ele>2080.7</ele>
        <time>2026-07-25T00:37:03Z</time>
      </trkpt>
      <trkpt lat="43.533941" lon="-109.468551">
        <ele>2080.8</ele>
        <time>2026-07-25T00:37:04Z</time>
      </trkpt>
      <trkpt lat="43.534264" lon="-109.468077">
        <ele>2079.7</ele>
        <time>2026-07-25T00:37:08Z</time>
      </trkpt>
      <trkpt lat="43.534427" lon="-109.467894">
        <ele>2079.8</ele>
        <time>2026-07-25T00:37:10Z</time>
      </trkpt>
      <trkpt lat="43.534516" lon="-109.467813">
        <ele>2080.0</ele>
        <time>2026-07-25T00:37:11Z</time>
      </trkpt>
      <trkpt lat="43.534636" lon="-109.467753">
        <ele>2080.3</ele>
        <time>2026-07-25T00:37:12Z</time>
      </trkpt>
      <trkpt lat="43.534709" lon="-109.467704">
        <ele>2080.6</ele>
        <time>2026-07-25T00:37:13Z</time>
      </trkpt>
      <trkpt lat="43.534809" lon="-109.467661">
        <ele>2080.8</ele>
        <time>2026-07-25T00:37:14Z</time>
      </trkpt>
      <trkpt lat="43.534913" lon="-109.467634">
        <ele>2080.7</ele>
        <time>2026-07-25T00:37:15Z</time>
      </trkpt>
      <trkpt lat="43.535027" lon="-109.467623">
        <ele>2080.7</ele>
        <time>2026-07-25T00:37:16Z</time>
      </trkpt>
      <trkpt lat="43.535167" lon="-109.467625">
        <ele>2080.7</ele>
        <time>2026-07-25T00:37:17Z</time>
      </trkpt>
      <trkpt lat="43.536283" lon="-109.467701">
        <ele>2080.3</ele>
        <time>2026-07-25T00:37:26Z</time>
      </trkpt>
      <trkpt lat="43.536405" lon="-109.467701">
        <ele>2079.9</ele>
        <time>2026-07-25T00:37:27Z</time>
      </trkpt>
      <trkpt lat="43.536642" lon="-109.467607">
        <ele>2078.6</ele>
        <time>2026-07-25T00:37:29Z</time>
      </trkpt>
      <trkpt lat="43.536757" lon="-109.467545">
        <ele>2078.0</ele>
        <time>2026-07-25T00:37:30Z</time>
      </trkpt>
      <trkpt lat="43.537338" lon="-109.467130">
        <ele>2074.7</ele>
        <time>2026-07-25T00:37:35Z</time>
      </trkpt>
      <trkpt lat="43.537994" lon="-109.466714">
        <ele>2069.6</ele>
        <time>2026-07-25T00:37:40Z</time>
      </trkpt>
      <trkpt lat="43.538144" lon="-109.466674">
        <ele>2068.6</ele>
        <time>2026-07-25T00:37:41Z</time>
      </trkpt>
      <trkpt lat="43.538566" lon="-109.466425">
        <ele>2065.8</ele>
        <time>2026-07-25T00:37:44Z</time>
      </trkpt>
      <trkpt lat="43.538694" lon="-109.466292">
        <ele>2064.9</ele>
        <time>2026-07-25T00:37:45Z</time>
      </trkpt>
      <trkpt lat="43.538840" lon="-109.466206">
        <ele>2064.0</ele>
        <time>2026-07-25T00:37:46Z</time>
      </trkpt>
      <trkpt lat="43.539259" lon="-109.465916">
        <ele>2061.8</ele>
        <time>2026-07-25T00:37:49Z</time>
      </trkpt>
      <trkpt lat="43.539524" lon="-109.465702">
        <ele>2060.8</ele>
        <time>2026-07-25T00:37:51Z</time>
      </trkpt>
      <trkpt lat="43.540504" lon="-109.464857">
        <ele>2059.5</ele>
        <time>2026-07-25T00:37:59Z</time>
      </trkpt>
      <trkpt lat="43.540607" lon="-109.464753">
        <ele>2059.5</ele>
        <time>2026-07-25T00:38:00Z</time>
      </trkpt>
      <trkpt lat="43.540881" lon="-109.464415">
        <ele>2060.1</ele>
        <time>2026-07-25T00:38:03Z</time>
      </trkpt>
      <trkpt lat="43.541068" lon="-109.464206">
        <ele>2060.5</ele>
        <time>2026-07-25T00:38:05Z</time>
      </trkpt>
      <trkpt lat="43.541169" lon="-109.464112">
        <ele>2060.7</ele>
        <time>2026-07-25T00:38:06Z</time>
      </trkpt>
      <trkpt lat="43.541277" lon="-109.464028">
        <ele>2061.2</ele>
        <time>2026-07-25T00:38:07Z</time>
      </trkpt>
      <trkpt lat="43.541513" lon="-109.463929">
        <ele>2062.0</ele>
        <time>2026-07-25T00:38:09Z</time>
      </trkpt>
      <trkpt lat="43.541608" lon="-109.463900">
        <ele>2062.8</ele>
        <time>2026-07-25T00:38:10Z</time>
      </trkpt>
      <trkpt lat="43.541733" lon="-109.463875">
        <ele>2063.9</ele>
        <time>2026-07-25T00:38:11Z</time>
      </trkpt>
      <trkpt lat="43.541887" lon="-109.463866">
        <ele>2064.7</ele>
        <time>2026-07-25T00:38:12Z</time>
      </trkpt>
      <trkpt lat="43.541987" lon="-109.463877">
        <ele>2065.5</ele>
        <time>2026-07-25T00:38:13Z</time>
      </trkpt>
      <trkpt lat="43.542669" lon="-109.464260">
        <ele>2071.6</ele>
        <time>2026-07-25T00:38:19Z</time>
      </trkpt>
      <trkpt lat="43.542893" lon="-109.464361">
        <ele>2073.4</ele>
        <time>2026-07-25T00:38:21Z</time>
      </trkpt>
      <trkpt lat="43.543008" lon="-109.464380">
        <ele>2074.2</ele>
        <time>2026-07-25T00:38:22Z</time>
      </trkpt>
      <trkpt lat="43.543238" lon="-109.464458">
        <ele>2075.0</ele>
        <time>2026-07-25T00:38:24Z</time>
      </trkpt>
      <trkpt lat="43.543362" lon="-109.464487">
        <ele>2075.3</ele>
        <time>2026-07-25T00:38:25Z</time>
      </trkpt>
      <trkpt lat="43.543631" lon="-109.464524">
        <ele>2075.6</ele>
        <time>2026-07-25T00:38:27Z</time>
      </trkpt>
      <trkpt lat="43.544670" lon="-109.464594">
        <ele>2076.6</ele>
        <time>2026-07-25T00:38:34Z</time>
      </trkpt>
      <trkpt lat="43.545577" lon="-109.464679">
        <ele>2077.3</ele>
        <time>2026-07-25T00:38:40Z</time>
      </trkpt>
      <trkpt lat="43.545878" lon="-109.464734">
        <ele>2077.4</ele>
        <time>2026-07-25T00:38:42Z</time>
      </trkpt>
      <trkpt lat="43.546892" lon="-109.464969">
        <ele>2079.2</ele>
        <time>2026-07-25T00:38:49Z</time>
      </trkpt>
      <trkpt lat="43.547153" lon="-109.465008">
        <ele>2081.1</ele>
        <time>2026-07-25T00:38:51Z</time>
      </trkpt>
      <trkpt lat="43.547490" lon="-109.464965">
        <ele>2083.0</ele>
        <time>2026-07-25T00:38:54Z</time>
      </trkpt>
      <trkpt lat="43.547776" lon="-109.464895">
        <ele>2084.5</ele>
        <time>2026-07-25T00:38:57Z</time>
      </trkpt>
      <trkpt lat="43.547936" lon="-109.464829">
        <ele>2085.0</ele>
        <time>2026-07-25T00:38:59Z</time>
      </trkpt>
      <trkpt lat="43.549289" lon="-109.464196">
        <ele>2087.7</ele>
        <time>2026-07-25T00:39:12Z</time>
      </trkpt>
      <trkpt lat="43.549658" lon="-109.464039">
        <ele>2088.1</ele>
        <time>2026-07-25T00:39:15Z</time>
      </trkpt>
      <trkpt lat="43.549932" lon="-109.463942">
        <ele>2088.7</ele>
        <time>2026-07-25T00:39:17Z</time>
      </trkpt>
      <trkpt lat="43.550210" lon="-109.463862">
        <ele>2089.6</ele>
        <time>2026-07-25T00:39:19Z</time>
      </trkpt>
      <trkpt lat="43.550493" lon="-109.463796">
        <ele>2090.7</ele>
        <time>2026-07-25T00:39:21Z</time>
      </trkpt>
      <trkpt lat="43.551060" lon="-109.463692">
        <ele>2092.6</ele>
        <time>2026-07-25T00:39:25Z</time>
      </trkpt>
      <trkpt lat="43.551205" lon="-109.463684">
        <ele>2093.1</ele>
        <time>2026-07-25T00:39:26Z</time>
      </trkpt>
      <trkpt lat="43.551497" lon="-109.463621">
        <ele>2093.9</ele>
        <time>2026-07-25T00:39:28Z</time>
      </trkpt>
      <trkpt lat="43.551647" lon="-109.463586">
        <ele>2094.1</ele>
        <time>2026-07-25T00:39:29Z</time>
      </trkpt>
      <trkpt lat="43.551794" lon="-109.463526">
        <ele>2094.4</ele>
        <time>2026-07-25T00:39:30Z</time>
      </trkpt>
      <trkpt lat="43.552393" lon="-109.463374">
        <ele>2096.4</ele>
        <time>2026-07-25T00:39:34Z</time>
      </trkpt>
      <trkpt lat="43.552546" lon="-109.463370">
        <ele>2097.0</ele>
        <time>2026-07-25T00:39:35Z</time>
      </trkpt>
      <trkpt lat="43.552845" lon="-109.463340">
        <ele>2097.9</ele>
        <time>2026-07-25T00:39:37Z</time>
      </trkpt>
      <trkpt lat="43.553480" lon="-109.463327">
        <ele>2097.7</ele>
        <time>2026-07-25T00:39:41Z</time>
      </trkpt>
      <trkpt lat="43.553807" lon="-109.463294">
        <ele>2098.3</ele>
        <time>2026-07-25T00:39:43Z</time>
      </trkpt>
      <trkpt lat="43.554137" lon="-109.463242">
        <ele>2098.7</ele>
        <time>2026-07-25T00:39:45Z</time>
      </trkpt>
      <trkpt lat="43.554297" lon="-109.463181">
        <ele>2098.8</ele>
        <time>2026-07-25T00:39:46Z</time>
      </trkpt>
      <trkpt lat="43.555653" lon="-109.462736">
        <ele>2100.5</ele>
        <time>2026-07-25T00:39:55Z</time>
      </trkpt>
      <trkpt lat="43.555783" lon="-109.462695">
        <ele>2100.8</ele>
        <time>2026-07-25T00:39:56Z</time>
      </trkpt>
      <trkpt lat="43.556022" lon="-109.462646">
        <ele>2100.6</ele>
        <time>2026-07-25T00:39:58Z</time>
      </trkpt>
      <trkpt lat="43.556417" lon="-109.462657">
        <ele>2100.2</ele>
        <time>2026-07-25T00:40:01Z</time>
      </trkpt>
      <trkpt lat="43.556568" lon="-109.462683">
        <ele>2100.2</ele>
        <time>2026-07-25T00:40:02Z</time>
      </trkpt>
      <trkpt lat="43.556788" lon="-109.462735">
        <ele>2100.1</ele>
        <time>2026-07-25T00:40:04Z</time>
      </trkpt>
      <trkpt lat="43.557436" lon="-109.462919">
        <ele>2099.4</ele>
        <time>2026-07-25T00:40:09Z</time>
      </trkpt>
      <trkpt lat="43.557718" lon="-109.462971">
        <ele>2099.7</ele>
        <time>2026-07-25T00:40:11Z</time>
      </trkpt>
      <trkpt lat="43.557998" lon="-109.462995">
        <ele>2099.8</ele>
        <time>2026-07-25T00:40:13Z</time>
      </trkpt>
      <trkpt lat="43.560639" lon="-109.462984">
        <ele>2103.2</ele>
        <time>2026-07-25T00:40:31Z</time>
      </trkpt>
      <trkpt lat="43.561718" lon="-109.462927">
        <ele>2103.4</ele>
        <time>2026-07-25T00:40:39Z</time>
      </trkpt>
      <trkpt lat="43.561848" lon="-109.462931">
        <ele>2103.5</ele>
        <time>2026-07-25T00:40:40Z</time>
      </trkpt>
      <trkpt lat="43.562099" lon="-109.462965">
        <ele>2103.7</ele>
        <time>2026-07-25T00:40:42Z</time>
      </trkpt>
      <trkpt lat="43.562353" lon="-109.463033">
        <ele>2104.4</ele>
        <time>2026-07-25T00:40:44Z</time>
      </trkpt>
      <trkpt lat="43.562591" lon="-109.463132">
        <ele>2105.5</ele>
        <time>2026-07-25T00:40:46Z</time>
      </trkpt>
      <trkpt lat="43.562695" lon="-109.463214">
        <ele>2105.9</ele>
        <time>2026-07-25T00:40:47Z</time>
      </trkpt>
      <trkpt lat="43.562984" lon="-109.463393">
        <ele>2106.4</ele>
        <time>2026-07-25T00:40:50Z</time>
      </trkpt>
      <trkpt lat="43.563098" lon="-109.463443">
        <ele>2106.6</ele>
        <time>2026-07-25T00:40:51Z</time>
      </trkpt>
      <trkpt lat="43.563569" lon="-109.463794">
        <ele>2107.0</ele>
        <time>2026-07-25T00:41:00Z</time>
      </trkpt>
      <trkpt lat="43.563539" lon="-109.463774">
        <ele>2108.0</ele>
        <time>2026-07-25T00:42:09Z</time>
      </trkpt>
      <trkpt lat="43.563602" lon="-109.463832">
        <ele>2109.0</ele>
        <time>2026-07-25T00:42:15Z</time>
      </trkpt>
      <trkpt lat="43.563638" lon="-109.463829">
        <ele>2109.1</ele>
        <time>2026-07-25T00:42:16Z</time>
      </trkpt>
      <trkpt lat="43.563710" lon="-109.463867">
        <ele>2108.0</ele>
        <time>2026-07-25T00:42:20Z</time>
      </trkpt>
      <trkpt lat="43.563746" lon="-109.463906">
        <ele>2109.7</ele>
        <time>2026-07-25T00:42:22Z</time>
      </trkpt>
      <trkpt lat="43.563903" lon="-109.463938">
        <ele>2106.0</ele>
        <time>2026-07-25T00:42:28Z</time>
      </trkpt>
      <trkpt lat="43.564011" lon="-109.463949">
        <ele>2110.2</ele>
        <time>2026-07-25T00:42:36Z</time>
      </trkpt>
      <trkpt lat="43.564049" lon="-109.463969">
        <ele>2106.0</ele>
        <time>2026-07-25T00:42:43Z</time>
      </trkpt>
      <trkpt lat="43.564018" lon="-109.463950">
        <ele>2110.8</ele>
        <time>2026-07-25T00:42:49Z</time>
      </trkpt>
      <trkpt lat="43.563864" lon="-109.463922">
        <ele>2110.0</ele>
        <time>2026-07-25T00:42:56Z</time>
      </trkpt>
      <trkpt lat="43.563766" lon="-109.463891">
        <ele>2110.0</ele>
        <time>2026-07-25T00:43:04Z</time>
      </trkpt>
      <trkpt lat="43.563893" lon="-109.463937">
        <ele>2096.0</ele>
        <time>2026-07-25T00:43:17Z</time>
      </trkpt>
      <trkpt lat="43.563866" lon="-109.463923">
        <ele>2110.0</ele>
        <time>2026-07-25T00:43:28Z</time>
      </trkpt>
      <trkpt lat="43.563817" lon="-109.463920">
        <ele>2110.0</ele>
        <time>2026-07-25T00:43:30Z</time>
      </trkpt>
      <trkpt lat="43.563789" lon="-109.463903">
        <ele>2109.0</ele>
        <time>2026-07-25T00:43:33Z</time>
      </trkpt>
      <trkpt lat="43.563774" lon="-109.463874">
        <ele>2109.0</ele>
        <time>2026-07-25T00:43:36Z</time>
      </trkpt>
      <trkpt lat="43.563747" lon="-109.463853">
        <ele>2108.0</ele>
        <time>2026-07-25T00:43:39Z</time>
      </trkpt>
      <trkpt lat="43.563758" lon="-109.463709">
        <ele>2109.2</ele>
        <time>2026-07-25T00:43:42Z</time>
      </trkpt>
      <trkpt lat="43.563796" lon="-109.463513">
        <ele>2108.9</ele>
        <time>2026-07-25T00:43:45Z</time>
      </trkpt>
      <trkpt lat="43.563803" lon="-109.463342">
        <ele>2108.3</ele>
        <time>2026-07-25T00:43:47Z</time>
      </trkpt>
      <trkpt lat="43.563797" lon="-109.463251">
        <ele>2108.1</ele>
        <time>2026-07-25T00:43:48Z</time>
      </trkpt>
      <trkpt lat="43.563704" lon="-109.462617">
        <ele>2106.3</ele>
        <time>2026-07-25T00:43:54Z</time>
      </trkpt>
      <trkpt lat="43.563593" lon="-109.462069">
        <ele>2106.1</ele>
        <time>2026-07-25T00:43:58Z</time>
      </trkpt>
      <trkpt lat="43.563567" lon="-109.461692">
        <ele>2105.9</ele>
        <time>2026-07-25T00:44:01Z</time>
      </trkpt>
      <trkpt lat="43.563597" lon="-109.461237">
        <ele>2105.7</ele>
        <time>2026-07-25T00:44:05Z</time>
      </trkpt>
      <trkpt lat="43.563595" lon="-109.461128">
        <ele>2105.6</ele>
        <time>2026-07-25T00:44:06Z</time>
      </trkpt>
      <trkpt lat="43.563554" lon="-109.460939">
        <ele>2105.3</ele>
        <time>2026-07-25T00:44:08Z</time>
      </trkpt>
      <trkpt lat="43.563427" lon="-109.460616">
        <ele>2104.6</ele>
        <time>2026-07-25T00:44:12Z</time>
      </trkpt>
      <trkpt lat="43.563391" lon="-109.460492">
        <ele>2104.0</ele>
        <time>2026-07-25T00:44:26Z</time>
      </trkpt>
      <trkpt lat="43.563350" lon="-109.460255">
        <ele>2105.3</ele>
        <time>2026-07-25T00:44:38Z</time>
      </trkpt>
      <trkpt lat="43.563310" lon="-109.459903">
        <ele>2105.8</ele>
        <time>2026-07-25T00:44:43Z</time>
      </trkpt>
      <trkpt lat="43.563259" lon="-109.459738">
        <ele>2104.0</ele>
        <time>2026-07-25T00:44:50Z</time>
      </trkpt>
      <trkpt lat="43.563255" lon="-109.459670">
        <ele>2104.0</ele>
        <time>2026-07-25T00:44:52Z</time>
      </trkpt>
      <trkpt lat="43.563274" lon="-109.459623">
        <ele>2093.0</ele>
        <time>2026-07-25T00:58:52Z</time>
      </trkpt>
      <trkpt lat="43.563246" lon="-109.459443">
        <ele>2091.0</ele>
        <time>2026-07-25T00:59:20Z</time>
      </trkpt>
      <trkpt lat="43.563264" lon="-109.459507">
        <ele>2092.0</ele>
        <time>2026-07-25T00:59:50Z</time>
      </trkpt>
      <trkpt lat="43.563244" lon="-109.459602">
        <ele>2092.0</ele>
        <time>2026-07-25T00:59:58Z</time>
      </trkpt>
      <trkpt lat="43.563271" lon="-109.459658">
        <ele>2090.0</ele>
        <time>2026-07-25T01:00:37Z</time>
      </trkpt>
      <trkpt lat="43.563281" lon="-109.459655">
        <ele>2094.5</ele>
        <time>2026-07-25T01:01:17Z</time>
      </trkpt>
    </trkseg>
  </trk>
</gpx>
