<?xml version="1.0" encoding="UTF-8" standalone="no"?>
<gpx xmlns="http://www.topografix.com/GPX/1/1" creator="GaiaGPS" version="1.1" xmlns:xsi="http://www.w3.org/2001/XMLSchema-instance" xsi:schemaLocation="http://www.topografix.com/GPX/1/1 http://www.topografix.com/GPX/1/1/gpx.xsd">
  <metadata>
    <time>2026-08-01T17:27:34Z</time>
  </metadata>
  <trk>
    <name>d039-Bald Knob Campground to Group Camping Site, Spokane County, WA, USA</name>
    <trkseg>
      <trkpt lat="47.913310" lon="-117.111989">
        <ele>1559.4</ele>
        <time>2026-08-01T17:27:35Z</time>
      </trkpt>
      <trkpt lat="47.913363" lon="-117.112007">
        <ele>1560.9</ele>
        <time>2026-08-01T17:27:38Z</time>
      </trkpt>
      <trkpt lat="47.913366" lon="-117.112024">
        <ele>1561.4</ele>
        <time>2026-08-01T17:27:40Z</time>
      </trkpt>
      <trkpt lat="47.913367" lon="-117.112010">
        <ele>1560.6</ele>
        <time>2026-08-01T17:27:42Z</time>
      </trkpt>
      <trkpt lat="47.913368" lon="-117.112016">
        <ele>1561.3</ele>
        <time>2026-08-01T17:27:47Z</time>
      </trkpt>
      <trkpt lat="47.913384" lon="-117.112004">
        <ele>1560.0</ele>
        <time>2026-08-01T17:27:56Z</time>
      </trkpt>
      <trkpt lat="47.913382" lon="-117.111974">
        <ele>1552.0</ele>
        <time>2026-08-01T17:28:23Z</time>
      </trkpt>
      <trkpt lat="47.913370" lon="-117.112067">
        <ele>1562.0</ele>
        <time>2026-08-01T17:28:43Z</time>
      </trkpt>
      <trkpt lat="47.913362" lon="-117.112043">
        <ele>1560.0</ele>
        <time>2026-08-01T17:29:27Z</time>
      </trkpt>
      <trkpt lat="47.913329" lon="-117.112058">
        <ele>1560.0</ele>
        <time>2026-08-01T17:29:52Z</time>
      </trkpt>
      <trkpt lat="47.913287" lon="-117.112162">
        <ele>1552.0</ele>
        <time>2026-08-01T17:30:08Z</time>
      </trkpt>
      <trkpt lat="47.913276" lon="-117.112230">
        <ele>1560.0</ele>
        <time>2026-08-01T17:30:21Z</time>
      </trkpt>
      <trkpt lat="47.913319" lon="-117.112106">
        <ele>1562.0</ele>
        <time>2026-08-01T17:30:42Z</time>
      </trkpt>
      <trkpt lat="47.913307" lon="-117.112146">
        <ele>1562.0</ele>
        <time>2026-08-01T17:30:56Z</time>
      </trkpt>
      <trkpt lat="47.913313" lon="-117.112115">
        <ele>1562.4</ele>
        <time>2026-08-01T17:30:57Z</time>
      </trkpt>
      <trkpt lat="47.913363" lon="-117.112044">
        <ele>1557.0</ele>
        <time>2026-08-01T17:32:35Z</time>
      </trkpt>
      <trkpt lat="47.913376" lon="-117.112030">
        <ele>1557.0</ele>
        <time>2026-08-01T18:01:51Z</time>
      </trkpt>
      <trkpt lat="47.913319" lon="-117.112025">
        <ele>1557.0</ele>
        <time>2026-08-01T18:01:57Z</time>
      </trkpt>
      <trkpt lat="47.913205" lon="-117.112087">
        <ele>1557.0</ele>
        <time>2026-08-01T18:02:07Z</time>
      </trkpt>
      <trkpt lat="47.913170" lon="-117.112051">
        <ele>1557.0</ele>
        <time>2026-08-01T18:04:43Z</time>
      </trkpt>
      <trkpt lat="47.913299" lon="-117.112009">
        <ele>1556.0</ele>
        <time>2026-08-01T18:04:54Z</time>
      </trkpt>
      <trkpt lat="47.913342" lon="-117.112018">
        <ele>1557.0</ele>
        <time>2026-08-01T18:04:59Z</time>
      </trkpt>
      <trkpt lat="47.913380" lon="-117.112060">
        <ele>1558.0</ele>
        <time>2026-08-01T18:12:48Z</time>
      </trkpt>
      <trkpt lat="47.913361" lon="-117.112019">
        <ele>1560.0</ele>
        <time>2026-08-01T18:13:29Z</time>
      </trkpt>
      <trkpt lat="47.913382" lon="-117.112043">
        <ele>1554.0</ele>
        <time>2026-08-01T18:14:28Z</time>
      </trkpt>
      <trkpt lat="47.913419" lon="-117.112009">
        <ele>1547.0</ele>
        <time>2026-08-01T18:15:14Z</time>
      </trkpt>
      <trkpt lat="47.913482" lon="-117.112009">
        <ele>1557.0</ele>
        <time>2026-08-01T18:16:06Z</time>
      </trkpt>
      <trkpt lat="47.913518" lon="-117.111989">
        <ele>1556.0</ele>
        <time>2026-08-01T18:16:21Z</time>
      </trkpt>
      <trkpt lat="47.913554" lon="-117.112001">
        <ele>1558.0</ele>
        <time>2026-08-01T18:16:24Z</time>
      </trkpt>
      <trkpt lat="47.913584" lon="-117.112052">
        <ele>1557.0</ele>
        <time>2026-08-01T18:16:30Z</time>
      </trkpt>
      <trkpt lat="47.913569" lon="-117.112016">
        <ele>1557.0</ele>
        <time>2026-08-01T18:16:37Z</time>
      </trkpt>
      <trkpt lat="47.913551" lon="-117.112114">
        <ele>1562.0</ele>
        <time>2026-08-01T18:16:45Z</time>
      </trkpt>
      <trkpt lat="47.913401" lon="-117.112348">
        <ele>1563.0</ele>
        <time>2026-08-01T18:16:58Z</time>
      </trkpt>
      <trkpt lat="47.913315" lon="-117.112428">
        <ele>1560.0</ele>
        <time>2026-08-01T18:17:10Z</time>
      </trkpt>
      <trkpt lat="47.913226" lon="-117.112469">
        <ele>1560.0</ele>
        <time>2026-08-01T18:17:20Z</time>
      </trkpt>
      <trkpt lat="47.913195" lon="-117.112467">
        <ele>1560.0</ele>
        <time>2026-08-01T18:17:22Z</time>
      </trkpt>
      <trkpt lat="47.913135" lon="-117.112428">
        <ele>1562.0</ele>
        <time>2026-08-01T18:17:26Z</time>
      </trkpt>
      <trkpt lat="47.913065" lon="-117.112434">
        <ele>1562.0</ele>
        <time>2026-08-01T18:17:30Z</time>
      </trkpt>
      <trkpt lat="47.913013" lon="-117.112495">
        <ele>1561.0</ele>
        <time>2026-08-01T18:17:34Z</time>
      </trkpt>
      <trkpt lat="47.913006" lon="-117.112541">
        <ele>1560.0</ele>
        <time>2026-08-01T18:17:36Z</time>
      </trkpt>
      <trkpt lat="47.912943" lon="-117.112668">
        <ele>1560.0</ele>
        <time>2026-08-01T18:17:46Z</time>
      </trkpt>
      <trkpt lat="47.912938" lon="-117.112715">
        <ele>1557.0</ele>
        <time>2026-08-01T18:17:53Z</time>
      </trkpt>
      <trkpt lat="47.912911" lon="-117.112750">
        <ele>1559.0</ele>
        <time>2026-08-01T18:17:56Z</time>
      </trkpt>
      <trkpt lat="47.912870" lon="-117.112757">
        <ele>1560.0</ele>
        <time>2026-08-01T18:17:58Z</time>
      </trkpt>
      <trkpt lat="47.912785" lon="-117.112710">
        <ele>1558.0</ele>
        <time>2026-08-01T18:18:04Z</time>
      </trkpt>
      <trkpt lat="47.912761" lon="-117.112687">
        <ele>1558.0</ele>
        <time>2026-08-01T18:18:06Z</time>
      </trkpt>
      <trkpt lat="47.912634" lon="-117.112424">
        <ele>1560.0</ele>
        <time>2026-08-01T18:18:26Z</time>
      </trkpt>
      <trkpt lat="47.912614" lon="-117.112270">
        <ele>1560.0</ele>
        <time>2026-08-01T18:18:34Z</time>
      </trkpt>
      <trkpt lat="47.912621" lon="-117.112222">
        <ele>1559.3</ele>
        <time>2026-08-01T18:18:40Z</time>
      </trkpt>
      <trkpt lat="47.912611" lon="-117.112275">
        <ele>1560.0</ele>
        <time>2026-08-01T18:18:46Z</time>
      </trkpt>
      <trkpt lat="47.912576" lon="-117.112356">
        <ele>1560.0</ele>
        <time>2026-08-01T18:19:39Z</time>
      </trkpt>
      <trkpt lat="47.912585" lon="-117.112390">
        <ele>1560.0</ele>
        <time>2026-08-01T18:20:09Z</time>
      </trkpt>
      <trkpt lat="47.912552" lon="-117.112409">
        <ele>1557.0</ele>
        <time>2026-08-01T18:20:25Z</time>
      </trkpt>
      <trkpt lat="47.912557" lon="-117.112337">
        <ele>1557.0</ele>
        <time>2026-08-01T18:20:40Z</time>
      </trkpt>
      <trkpt lat="47.912583" lon="-117.112308">
        <ele>1555.0</ele>
        <time>2026-08-01T18:20:47Z</time>
      </trkpt>
      <trkpt lat="47.912611" lon="-117.112323">
        <ele>1557.0</ele>
        <time>2026-08-01T18:20:50Z</time>
      </trkpt>
      <trkpt lat="47.912642" lon="-117.112427">
        <ele>1556.0</ele>
        <time>2026-08-01T18:20:59Z</time>
      </trkpt>
      <trkpt lat="47.912762" lon="-117.112620">
        <ele>1557.0</ele>
        <time>2026-08-01T18:21:23Z</time>
      </trkpt>
      <trkpt lat="47.912796" lon="-117.112693">
        <ele>1556.0</ele>
        <time>2026-08-01T18:21:38Z</time>
      </trkpt>
      <trkpt lat="47.912826" lon="-117.112714">
        <ele>1556.0</ele>
        <time>2026-08-01T18:21:42Z</time>
      </trkpt>
      <trkpt lat="47.912879" lon="-117.112811">
        <ele>1557.0</ele>
        <time>2026-08-01T18:21:51Z</time>
      </trkpt>
      <trkpt lat="47.912894" lon="-117.112847">
        <ele>1557.0</ele>
        <time>2026-08-01T18:21:54Z</time>
      </trkpt>
      <trkpt lat="47.912907" lon="-117.112951">
        <ele>1556.0</ele>
        <time>2026-08-01T18:22:01Z</time>
      </trkpt>
      <trkpt lat="47.912948" lon="-117.113002">
        <ele>1558.0</ele>
        <time>2026-08-01T18:22:07Z</time>
      </trkpt>
      <trkpt lat="47.912975" lon="-117.113085">
        <ele>1557.0</ele>
        <time>2026-08-01T18:22:13Z</time>
      </trkpt>
      <trkpt lat="47.913000" lon="-117.113106">
        <ele>1557.0</ele>
        <time>2026-08-01T18:22:16Z</time>
      </trkpt>
      <trkpt lat="47.913033" lon="-117.113130">
        <ele>1555.0</ele>
        <time>2026-08-01T18:22:20Z</time>
      </trkpt>
      <trkpt lat="47.913102" lon="-117.113143">
        <ele>1557.0</ele>
        <time>2026-08-01T18:22:28Z</time>
      </trkpt>
      <trkpt lat="47.913173" lon="-117.113188">
        <ele>1556.0</ele>
        <time>2026-08-01T18:22:34Z</time>
      </trkpt>
      <trkpt lat="47.913210" lon="-117.113182">
        <ele>1555.0</ele>
        <time>2026-08-01T18:22:39Z</time>
      </trkpt>
      <trkpt lat="47.913280" lon="-117.113204">
        <ele>1560.0</ele>
        <time>2026-08-01T18:22:46Z</time>
      </trkpt>
      <trkpt lat="47.913321" lon="-117.113196">
        <ele>1560.0</ele>
        <time>2026-08-01T18:22:51Z</time>
      </trkpt>
      <trkpt lat="47.913372" lon="-117.113155">
        <ele>1560.0</ele>
        <time>2026-08-01T18:22:57Z</time>
      </trkpt>
      <trkpt lat="47.913400" lon="-117.113102">
        <ele>1560.0</ele>
        <time>2026-08-01T18:23:01Z</time>
      </trkpt>
      <trkpt lat="47.913428" lon="-117.113078">
        <ele>1558.0</ele>
        <time>2026-08-01T18:23:05Z</time>
      </trkpt>
      <trkpt lat="47.913458" lon="-117.113082">
        <ele>1558.0</ele>
        <time>2026-08-01T18:23:08Z</time>
      </trkpt>
      <trkpt lat="47.913483" lon="-117.113132">
        <ele>1557.0</ele>
        <time>2026-08-01T18:23:10Z</time>
      </trkpt>
      <trkpt lat="47.913476" lon="-117.113171">
        <ele>1557.0</ele>
        <time>2026-08-01T18:23:13Z</time>
      </trkpt>
      <trkpt lat="47.913489" lon="-117.113220">
        <ele>1558.0</ele>
        <time>2026-08-01T18:23:15Z</time>
      </trkpt>
      <trkpt lat="47.913540" lon="-117.113318">
        <ele>1558.0</ele>
        <time>2026-08-01T18:23:21Z</time>
      </trkpt>
      <trkpt lat="47.913560" lon="-117.113388">
        <ele>1556.0</ele>
        <time>2026-08-01T18:23:26Z</time>
      </trkpt>
      <trkpt lat="47.913566" lon="-117.113459">
        <ele>1554.0</ele>
        <time>2026-08-01T18:23:30Z</time>
      </trkpt>
      <trkpt lat="47.913633" lon="-117.113593">
        <ele>1556.0</ele>
        <time>2026-08-01T18:23:40Z</time>
      </trkpt>
      <trkpt lat="47.913677" lon="-117.113748">
        <ele>1557.8</ele>
        <time>2026-08-01T18:23:51Z</time>
      </trkpt>
      <trkpt lat="47.913719" lon="-117.113808">
        <ele>1548.0</ele>
        <time>2026-08-01T18:24:02Z</time>
      </trkpt>
      <trkpt lat="47.913834" lon="-117.113871">
        <ele>1560.0</ele>
        <time>2026-08-01T18:24:36Z</time>
      </trkpt>
      <trkpt lat="47.913917" lon="-117.113861">
        <ele>1560.0</ele>
        <time>2026-08-01T18:24:48Z</time>
      </trkpt>
      <trkpt lat="47.913975" lon="-117.113929">
        <ele>1563.0</ele>
        <time>2026-08-01T18:24:56Z</time>
      </trkpt>
      <trkpt lat="47.914024" lon="-117.114011">
        <ele>1562.0</ele>
        <time>2026-08-01T18:25:03Z</time>
      </trkpt>
      <trkpt lat="47.914072" lon="-117.114055">
        <ele>1564.0</ele>
        <time>2026-08-01T18:25:08Z</time>
      </trkpt>
      <trkpt lat="47.914073" lon="-117.114094">
        <ele>1563.0</ele>
        <time>2026-08-01T18:25:10Z</time>
      </trkpt>
      <trkpt lat="47.914056" lon="-117.114165">
        <ele>1564.0</ele>
        <time>2026-08-01T18:25:15Z</time>
      </trkpt>
      <trkpt lat="47.914063" lon="-117.114205">
        <ele>1563.0</ele>
        <time>2026-08-01T18:25:17Z</time>
      </trkpt>
      <trkpt lat="47.914101" lon="-117.114280">
        <ele>1561.0</ele>
        <time>2026-08-01T18:25:24Z</time>
      </trkpt>
      <trkpt lat="47.914122" lon="-117.114348">
        <ele>1562.0</ele>
        <time>2026-08-01T18:25:28Z</time>
      </trkpt>
      <trkpt lat="47.914150" lon="-117.114407">
        <ele>1562.8</ele>
        <time>2026-08-01T18:25:33Z</time>
      </trkpt>
      <trkpt lat="47.914219" lon="-117.114469">
        <ele>1560.0</ele>
        <time>2026-08-01T18:25:40Z</time>
      </trkpt>
      <trkpt lat="47.914269" lon="-117.114533">
        <ele>1560.0</ele>
        <time>2026-08-01T18:25:45Z</time>
      </trkpt>
      <trkpt lat="47.914326" lon="-117.114624">
        <ele>1560.0</ele>
        <time>2026-08-01T18:25:54Z</time>
      </trkpt>
      <trkpt lat="47.914356" lon="-117.114696">
        <ele>1559.0</ele>
        <time>2026-08-01T18:26:00Z</time>
      </trkpt>
      <trkpt lat="47.914375" lon="-117.114767">
        <ele>1557.0</ele>
        <time>2026-08-01T18:26:06Z</time>
      </trkpt>
      <trkpt lat="47.914368" lon="-117.114931">
        <ele>1557.0</ele>
        <time>2026-08-01T18:26:16Z</time>
      </trkpt>
      <trkpt lat="47.914342" lon="-117.115048">
        <ele>1557.0</ele>
        <time>2026-08-01T18:26:24Z</time>
      </trkpt>
      <trkpt lat="47.914364" lon="-117.115166">
        <ele>1557.0</ele>
        <time>2026-08-01T18:26:33Z</time>
      </trkpt>
      <trkpt lat="47.914365" lon="-117.115246">
        <ele>1558.0</ele>
        <time>2026-08-01T18:26:38Z</time>
      </trkpt>
      <trkpt lat="47.914389" lon="-117.115406">
        <ele>1557.0</ele>
        <time>2026-08-01T18:26:48Z</time>
      </trkpt>
      <trkpt lat="47.914415" lon="-117.115473">
        <ele>1558.0</ele>
        <time>2026-08-01T18:26:52Z</time>
      </trkpt>
      <trkpt lat="47.914427" lon="-117.115641">
        <ele>1557.0</ele>
        <time>2026-08-01T18:27:03Z</time>
      </trkpt>
      <trkpt lat="47.914449" lon="-117.115716">
        <ele>1556.0</ele>
        <time>2026-08-01T18:27:08Z</time>
      </trkpt>
      <trkpt lat="47.914473" lon="-117.115744">
        <ele>1556.0</ele>
        <time>2026-08-01T18:27:11Z</time>
      </trkpt>
      <trkpt lat="47.914487" lon="-117.115812">
        <ele>1555.0</ele>
        <time>2026-08-01T18:27:15Z</time>
      </trkpt>
      <trkpt lat="47.914548" lon="-117.115973">
        <ele>1556.0</ele>
        <time>2026-08-01T18:27:26Z</time>
      </trkpt>
      <trkpt lat="47.914558" lon="-117.116045">
        <ele>1556.0</ele>
        <time>2026-08-01T18:27:31Z</time>
      </trkpt>
      <trkpt lat="47.914608" lon="-117.116134">
        <ele>1556.0</ele>
        <time>2026-08-01T18:27:39Z</time>
      </trkpt>
      <trkpt lat="47.914663" lon="-117.116279">
        <ele>1554.0</ele>
        <time>2026-08-01T18:27:52Z</time>
      </trkpt>
      <trkpt lat="47.914699" lon="-117.116318">
        <ele>1556.0</ele>
        <time>2026-08-01T18:27:58Z</time>
      </trkpt>
      <trkpt lat="47.914731" lon="-117.116373">
        <ele>1557.0</ele>
        <time>2026-08-01T18:28:12Z</time>
      </trkpt>
      <trkpt lat="47.914742" lon="-117.116445">
        <ele>1557.0</ele>
        <time>2026-08-01T18:28:17Z</time>
      </trkpt>
      <trkpt lat="47.914827" lon="-117.116685">
        <ele>1556.0</ele>
        <time>2026-08-01T18:28:37Z</time>
      </trkpt>
      <trkpt lat="47.914871" lon="-117.116740">
        <ele>1557.0</ele>
        <time>2026-08-01T18:28:43Z</time>
      </trkpt>
      <trkpt lat="47.914897" lon="-117.116800">
        <ele>1558.0</ele>
        <time>2026-08-01T18:28:48Z</time>
      </trkpt>
      <trkpt lat="47.914899" lon="-117.116858">
        <ele>1559.5</ele>
        <time>2026-08-01T18:28:52Z</time>
      </trkpt>
      <trkpt lat="47.914918" lon="-117.116921">
        <ele>1557.0</ele>
        <time>2026-08-01T18:28:56Z</time>
      </trkpt>
      <trkpt lat="47.914951" lon="-117.116991">
        <ele>1558.0</ele>
        <time>2026-08-01T18:29:01Z</time>
      </trkpt>
      <trkpt lat="47.914970" lon="-117.117059">
        <ele>1557.0</ele>
        <time>2026-08-01T18:29:07Z</time>
      </trkpt>
      <trkpt lat="47.915003" lon="-117.117117">
        <ele>1559.0</ele>
        <time>2026-08-01T18:29:13Z</time>
      </trkpt>
      <trkpt lat="47.915021" lon="-117.117233">
        <ele>1559.0</ele>
        <time>2026-08-01T18:29:20Z</time>
      </trkpt>
      <trkpt lat="47.915106" lon="-117.117456">
        <ele>1560.0</ele>
        <time>2026-08-01T18:29:38Z</time>
      </trkpt>
      <trkpt lat="47.915113" lon="-117.117514">
        <ele>1556.0</ele>
        <time>2026-08-01T18:29:52Z</time>
      </trkpt>
      <trkpt lat="47.915138" lon="-117.117564">
        <ele>1559.7</ele>
        <time>2026-08-01T18:30:06Z</time>
      </trkpt>
      <trkpt lat="47.915149" lon="-117.117652">
        <ele>1560.0</ele>
        <time>2026-08-01T18:30:14Z</time>
      </trkpt>
      <trkpt lat="47.915255" lon="-117.117992">
        <ele>1560.0</ele>
        <time>2026-08-01T18:30:37Z</time>
      </trkpt>
      <trkpt lat="47.915328" lon="-117.118166">
        <ele>1562.0</ele>
        <time>2026-08-01T18:30:52Z</time>
      </trkpt>
      <trkpt lat="47.915382" lon="-117.118392">
        <ele>1563.0</ele>
        <time>2026-08-01T18:31:08Z</time>
      </trkpt>
      <trkpt lat="47.915473" lon="-117.118609">
        <ele>1567.0</ele>
        <time>2026-08-01T18:31:28Z</time>
      </trkpt>
      <trkpt lat="47.915483" lon="-117.118718">
        <ele>1566.0</ele>
        <time>2026-08-01T18:31:35Z</time>
      </trkpt>
      <trkpt lat="47.915456" lon="-117.118874">
        <ele>1566.8</ele>
        <time>2026-08-01T18:31:46Z</time>
      </trkpt>
      <trkpt lat="47.915471" lon="-117.119045">
        <ele>1566.0</ele>
        <time>2026-08-01T18:31:56Z</time>
      </trkpt>
      <trkpt lat="47.915487" lon="-117.119108">
        <ele>1566.0</ele>
        <time>2026-08-01T18:32:00Z</time>
      </trkpt>
      <trkpt lat="47.915517" lon="-117.119190">
        <ele>1564.0</ele>
        <time>2026-08-01T18:32:06Z</time>
      </trkpt>
      <trkpt lat="47.915556" lon="-117.119245">
        <ele>1566.0</ele>
        <time>2026-08-01T18:32:13Z</time>
      </trkpt>
      <trkpt lat="47.915560" lon="-117.119283">
        <ele>1566.0</ele>
        <time>2026-08-01T18:32:15Z</time>
      </trkpt>
      <trkpt lat="47.915650" lon="-117.119398">
        <ele>1568.0</ele>
        <time>2026-08-01T18:32:27Z</time>
      </trkpt>
      <trkpt lat="47.915654" lon="-117.119528">
        <ele>1569.5</ele>
        <time>2026-08-01T18:32:35Z</time>
      </trkpt>
      <trkpt lat="47.915672" lon="-117.119591">
        <ele>1568.0</ele>
        <time>2026-08-01T18:32:39Z</time>
      </trkpt>
      <trkpt lat="47.915672" lon="-117.119678">
        <ele>1567.0</ele>
        <time>2026-08-01T18:32:45Z</time>
      </trkpt>
      <trkpt lat="47.915716" lon="-117.119862">
        <ele>1568.0</ele>
        <time>2026-08-01T18:32:56Z</time>
      </trkpt>
      <trkpt lat="47.915729" lon="-117.119966">
        <ele>1568.0</ele>
        <time>2026-08-01T18:33:03Z</time>
      </trkpt>
      <trkpt lat="47.915766" lon="-117.120067">
        <ele>1568.0</ele>
        <time>2026-08-01T18:33:10Z</time>
      </trkpt>
      <trkpt lat="47.915800" lon="-117.120123">
        <ele>1569.0</ele>
        <time>2026-08-01T18:33:16Z</time>
      </trkpt>
      <trkpt lat="47.915837" lon="-117.120327">
        <ele>1568.0</ele>
        <time>2026-08-01T18:33:30Z</time>
      </trkpt>
      <trkpt lat="47.915827" lon="-117.120441">
        <ele>1568.0</ele>
        <time>2026-08-01T18:33:38Z</time>
      </trkpt>
      <trkpt lat="47.915849" lon="-117.120562">
        <ele>1570.0</ele>
        <time>2026-08-01T18:33:45Z</time>
      </trkpt>
      <trkpt lat="47.915839" lon="-117.120708">
        <ele>1566.0</ele>
        <time>2026-08-01T18:33:54Z</time>
      </trkpt>
      <trkpt lat="47.915823" lon="-117.120792">
        <ele>1569.0</ele>
        <time>2026-08-01T18:34:00Z</time>
      </trkpt>
      <trkpt lat="47.915840" lon="-117.120905">
        <ele>1569.0</ele>
        <time>2026-08-01T18:34:07Z</time>
      </trkpt>
      <trkpt lat="47.915872" lon="-117.121021">
        <ele>1570.2</ele>
        <time>2026-08-01T18:34:15Z</time>
      </trkpt>
      <trkpt lat="47.915862" lon="-117.121099">
        <ele>1569.0</ele>
        <time>2026-08-01T18:34:19Z</time>
      </trkpt>
      <trkpt lat="47.915869" lon="-117.121138">
        <ele>1568.0</ele>
        <time>2026-08-01T18:34:21Z</time>
      </trkpt>
      <trkpt lat="47.915861" lon="-117.121363">
        <ele>1570.0</ele>
        <time>2026-08-01T18:34:34Z</time>
      </trkpt>
      <trkpt lat="47.915878" lon="-117.121586">
        <ele>1569.0</ele>
        <time>2026-08-01T18:34:50Z</time>
      </trkpt>
      <trkpt lat="47.915870" lon="-117.121691">
        <ele>1568.0</ele>
        <time>2026-08-01T18:34:56Z</time>
      </trkpt>
      <trkpt lat="47.915896" lon="-117.121789">
        <ele>1568.0</ele>
        <time>2026-08-01T18:35:02Z</time>
      </trkpt>
      <trkpt lat="47.915935" lon="-117.122072">
        <ele>1566.0</ele>
        <time>2026-08-01T18:35:20Z</time>
      </trkpt>
      <trkpt lat="47.916009" lon="-117.122276">
        <ele>1566.0</ele>
        <time>2026-08-01T18:35:34Z</time>
      </trkpt>
      <trkpt lat="47.916069" lon="-117.122404">
        <ele>1566.0</ele>
        <time>2026-08-01T18:35:42Z</time>
      </trkpt>
      <trkpt lat="47.916156" lon="-117.122538">
        <ele>1567.0</ele>
        <time>2026-08-01T18:35:53Z</time>
      </trkpt>
      <trkpt lat="47.916204" lon="-117.122633">
        <ele>1566.0</ele>
        <time>2026-08-01T18:36:01Z</time>
      </trkpt>
      <trkpt lat="47.916245" lon="-117.122757">
        <ele>1566.0</ele>
        <time>2026-08-01T18:36:09Z</time>
      </trkpt>
      <trkpt lat="47.916296" lon="-117.122811">
        <ele>1566.0</ele>
        <time>2026-08-01T18:36:14Z</time>
      </trkpt>
      <trkpt lat="47.916322" lon="-117.122882">
        <ele>1566.0</ele>
        <time>2026-08-01T18:36:18Z</time>
      </trkpt>
      <trkpt lat="47.916435" lon="-117.123112">
        <ele>1563.0</ele>
        <time>2026-08-01T18:36:35Z</time>
      </trkpt>
      <trkpt lat="47.916498" lon="-117.123182">
        <ele>1564.0</ele>
        <time>2026-08-01T18:36:42Z</time>
      </trkpt>
      <trkpt lat="47.916588" lon="-117.123247">
        <ele>1566.0</ele>
        <time>2026-08-01T18:36:50Z</time>
      </trkpt>
      <trkpt lat="47.916648" lon="-117.123269">
        <ele>1566.0</ele>
        <time>2026-08-01T18:36:57Z</time>
      </trkpt>
      <trkpt lat="47.916704" lon="-117.123310">
        <ele>1565.0</ele>
        <time>2026-08-01T18:37:03Z</time>
      </trkpt>
      <trkpt lat="47.916865" lon="-117.123368">
        <ele>1566.0</ele>
        <time>2026-08-01T18:37:18Z</time>
      </trkpt>
      <trkpt lat="47.916961" lon="-117.123441">
        <ele>1566.0</ele>
        <time>2026-08-01T18:37:27Z</time>
      </trkpt>
      <trkpt lat="47.917019" lon="-117.123468">
        <ele>1566.0</ele>
        <time>2026-08-01T18:37:32Z</time>
      </trkpt>
      <trkpt lat="47.917117" lon="-117.123535">
        <ele>1567.0</ele>
        <time>2026-08-01T18:37:42Z</time>
      </trkpt>
      <trkpt lat="47.917217" lon="-117.123537">
        <ele>1566.0</ele>
        <time>2026-08-01T18:37:51Z</time>
      </trkpt>
      <trkpt lat="47.917284" lon="-117.123563">
        <ele>1568.0</ele>
        <time>2026-08-01T18:37:57Z</time>
      </trkpt>
      <trkpt lat="47.917351" lon="-117.123570">
        <ele>1569.0</ele>
        <time>2026-08-01T18:38:04Z</time>
      </trkpt>
      <trkpt lat="47.917384" lon="-117.123597">
        <ele>1569.0</ele>
        <time>2026-08-01T18:38:07Z</time>
      </trkpt>
      <trkpt lat="47.917420" lon="-117.123655">
        <ele>1570.0</ele>
        <time>2026-08-01T18:38:12Z</time>
      </trkpt>
      <trkpt lat="47.917463" lon="-117.123787">
        <ele>1568.0</ele>
        <time>2026-08-01T18:38:22Z</time>
      </trkpt>
      <trkpt lat="47.917545" lon="-117.123868">
        <ele>1566.0</ele>
        <time>2026-08-01T18:38:32Z</time>
      </trkpt>
      <trkpt lat="47.917646" lon="-117.123917">
        <ele>1566.0</ele>
        <time>2026-08-01T18:38:41Z</time>
      </trkpt>
      <trkpt lat="47.917899" lon="-117.124097">
        <ele>1567.0</ele>
        <time>2026-08-01T18:39:12Z</time>
      </trkpt>
      <trkpt lat="47.917935" lon="-117.124134">
        <ele>1566.0</ele>
        <time>2026-08-01T18:39:17Z</time>
      </trkpt>
      <trkpt lat="47.918011" lon="-117.124256">
        <ele>1566.0</ele>
        <time>2026-08-01T18:39:25Z</time>
      </trkpt>
      <trkpt lat="47.918058" lon="-117.124406">
        <ele>1567.0</ele>
        <time>2026-08-01T18:39:35Z</time>
      </trkpt>
      <trkpt lat="47.918055" lon="-117.124490">
        <ele>1564.0</ele>
        <time>2026-08-01T18:39:41Z</time>
      </trkpt>
      <trkpt lat="47.918092" lon="-117.124584">
        <ele>1566.0</ele>
        <time>2026-08-01T18:39:48Z</time>
      </trkpt>
      <trkpt lat="47.918093" lon="-117.124615">
        <ele>1566.0</ele>
        <time>2026-08-01T18:39:50Z</time>
      </trkpt>
      <trkpt lat="47.917999" lon="-117.124711">
        <ele>1563.0</ele>
        <time>2026-08-01T18:40:02Z</time>
      </trkpt>
      <trkpt lat="47.917949" lon="-117.124830">
        <ele>1562.0</ele>
        <time>2026-08-01T18:40:13Z</time>
      </trkpt>
      <trkpt lat="47.917941" lon="-117.125023">
        <ele>1560.0</ele>
        <time>2026-08-01T18:40:25Z</time>
      </trkpt>
      <trkpt lat="47.917847" lon="-117.125278">
        <ele>1556.0</ele>
        <time>2026-08-01T18:40:42Z</time>
      </trkpt>
      <trkpt lat="47.917812" lon="-117.125420">
        <ele>1556.0</ele>
        <time>2026-08-01T18:40:52Z</time>
      </trkpt>
      <trkpt lat="47.917810" lon="-117.125499">
        <ele>1556.0</ele>
        <time>2026-08-01T18:40:57Z</time>
      </trkpt>
      <trkpt lat="47.917777" lon="-117.125565">
        <ele>1556.0</ele>
        <time>2026-08-01T18:41:02Z</time>
      </trkpt>
      <trkpt lat="47.917742" lon="-117.125677">
        <ele>1554.0</ele>
        <time>2026-08-01T18:41:18Z</time>
      </trkpt>
      <trkpt lat="47.917677" lon="-117.125814">
        <ele>1552.0</ele>
        <time>2026-08-01T18:41:29Z</time>
      </trkpt>
      <trkpt lat="47.917678" lon="-117.125865">
        <ele>1551.0</ele>
        <time>2026-08-01T18:41:33Z</time>
      </trkpt>
      <trkpt lat="47.917636" lon="-117.125965">
        <ele>1551.0</ele>
        <time>2026-08-01T18:41:42Z</time>
      </trkpt>
      <trkpt lat="47.917609" lon="-117.126116">
        <ele>1551.0</ele>
        <time>2026-08-01T18:41:51Z</time>
      </trkpt>
      <trkpt lat="47.917597" lon="-117.126310">
        <ele>1554.0</ele>
        <time>2026-08-01T18:42:05Z</time>
      </trkpt>
      <trkpt lat="47.917596" lon="-117.126612">
        <ele>1556.0</ele>
        <time>2026-08-01T18:42:24Z</time>
      </trkpt>
      <trkpt lat="47.917608" lon="-117.126742">
        <ele>1556.0</ele>
        <time>2026-08-01T18:42:32Z</time>
      </trkpt>
      <trkpt lat="47.917602" lon="-117.126806">
        <ele>1558.0</ele>
        <time>2026-08-01T18:42:36Z</time>
      </trkpt>
      <trkpt lat="47.917641" lon="-117.127172">
        <ele>1557.0</ele>
        <time>2026-08-01T18:42:59Z</time>
      </trkpt>
      <trkpt lat="47.917638" lon="-117.127310">
        <ele>1560.0</ele>
        <time>2026-08-01T18:43:07Z</time>
      </trkpt>
      <trkpt lat="47.917694" lon="-117.127522">
        <ele>1561.8</ele>
        <time>2026-08-01T18:43:22Z</time>
      </trkpt>
      <trkpt lat="47.917758" lon="-117.127569">
        <ele>1560.0</ele>
        <time>2026-08-01T18:43:30Z</time>
      </trkpt>
      <trkpt lat="47.917776" lon="-117.127603">
        <ele>1562.0</ele>
        <time>2026-08-01T18:43:32Z</time>
      </trkpt>
      <trkpt lat="47.917852" lon="-117.127815">
        <ele>1563.0</ele>
        <time>2026-08-01T18:43:46Z</time>
      </trkpt>
      <trkpt lat="47.917914" lon="-117.127956">
        <ele>1561.0</ele>
        <time>2026-08-01T18:43:56Z</time>
      </trkpt>
      <trkpt lat="47.917935" lon="-117.128075">
        <ele>1560.0</ele>
        <time>2026-08-01T18:44:03Z</time>
      </trkpt>
      <trkpt lat="47.917934" lon="-117.128163">
        <ele>1562.0</ele>
        <time>2026-08-01T18:44:08Z</time>
      </trkpt>
      <trkpt lat="47.917915" lon="-117.128220">
        <ele>1560.0</ele>
        <time>2026-08-01T18:44:12Z</time>
      </trkpt>
      <trkpt lat="47.917911" lon="-117.128288">
        <ele>1560.7</ele>
        <time>2026-08-01T18:44:17Z</time>
      </trkpt>
      <trkpt lat="47.917941" lon="-117.128373">
        <ele>1560.0</ele>
        <time>2026-08-01T18:44:22Z</time>
      </trkpt>
      <trkpt lat="47.918008" lon="-117.128496">
        <ele>1560.0</ele>
        <time>2026-08-01T18:44:30Z</time>
      </trkpt>
      <trkpt lat="47.918058" lon="-117.128619">
        <ele>1560.0</ele>
        <time>2026-08-01T18:44:38Z</time>
      </trkpt>
      <trkpt lat="47.918091" lon="-117.128751">
        <ele>1559.0</ele>
        <time>2026-08-01T18:44:46Z</time>
      </trkpt>
      <trkpt lat="47.918153" lon="-117.128861">
        <ele>1557.0</ele>
        <time>2026-08-01T18:45:10Z</time>
      </trkpt>
      <trkpt lat="47.918208" lon="-117.128848">
        <ele>1554.0</ele>
        <time>2026-08-01T18:45:23Z</time>
      </trkpt>
      <trkpt lat="47.918177" lon="-117.128873">
        <ele>1555.0</ele>
        <time>2026-08-01T18:45:37Z</time>
      </trkpt>
      <trkpt lat="47.918201" lon="-117.128903">
        <ele>1559.0</ele>
        <time>2026-08-01T18:45:42Z</time>
      </trkpt>
      <trkpt lat="47.918245" lon="-117.128899">
        <ele>1560.0</ele>
        <time>2026-08-01T18:45:48Z</time>
      </trkpt>
      <trkpt lat="47.918280" lon="-117.128932">
        <ele>1560.0</ele>
        <time>2026-08-01T18:45:52Z</time>
      </trkpt>
      <trkpt lat="47.918359" lon="-117.129121">
        <ele>1560.0</ele>
        <time>2026-08-01T18:46:00Z</time>
      </trkpt>
      <trkpt lat="47.918436" lon="-117.129201">
        <ele>1560.0</ele>
        <time>2026-08-01T18:46:10Z</time>
      </trkpt>
      <trkpt lat="47.918473" lon="-117.129208">
        <ele>1560.0</ele>
        <time>2026-08-01T18:46:14Z</time>
      </trkpt>
      <trkpt lat="47.918549" lon="-117.129204">
        <ele>1560.0</ele>
        <time>2026-08-01T18:46:21Z</time>
      </trkpt>
      <trkpt lat="47.918611" lon="-117.129236">
        <ele>1560.0</ele>
        <time>2026-08-01T18:46:27Z</time>
      </trkpt>
      <trkpt lat="47.918680" lon="-117.129238">
        <ele>1562.0</ele>
        <time>2026-08-01T18:46:33Z</time>
      </trkpt>
      <trkpt lat="47.918735" lon="-117.129184">
        <ele>1561.0</ele>
        <time>2026-08-01T18:46:40Z</time>
      </trkpt>
      <trkpt lat="47.918720" lon="-117.129167">
        <ele>1562.0</ele>
        <time>2026-08-01T18:46:45Z</time>
      </trkpt>
      <trkpt lat="47.918644" lon="-117.128936">
        <ele>1564.0</ele>
        <time>2026-08-01T18:47:10Z</time>
      </trkpt>
      <trkpt lat="47.918652" lon="-117.128806">
        <ele>1564.0</ele>
        <time>2026-08-01T18:47:21Z</time>
      </trkpt>
      <trkpt lat="47.918642" lon="-117.128564">
        <ele>1566.0</ele>
        <time>2026-08-01T18:47:40Z</time>
      </trkpt>
      <trkpt lat="47.918647" lon="-117.128425">
        <ele>1569.0</ele>
        <time>2026-08-01T18:47:51Z</time>
      </trkpt>
      <trkpt lat="47.918615" lon="-117.128360">
        <ele>1572.0</ele>
        <time>2026-08-01T18:48:04Z</time>
      </trkpt>
      <trkpt lat="47.918612" lon="-117.128327">
        <ele>1572.0</ele>
        <time>2026-08-01T18:48:06Z</time>
      </trkpt>
      <trkpt lat="47.918644" lon="-117.128127">
        <ele>1572.0</ele>
        <time>2026-08-01T18:48:18Z</time>
      </trkpt>
      <trkpt lat="47.918639" lon="-117.128068">
        <ele>1572.0</ele>
        <time>2026-08-01T18:48:22Z</time>
      </trkpt>
      <trkpt lat="47.918615" lon="-117.128005">
        <ele>1570.0</ele>
        <time>2026-08-01T18:48:29Z</time>
      </trkpt>
      <trkpt lat="47.918650" lon="-117.127957">
        <ele>1573.0</ele>
        <time>2026-08-01T18:53:04Z</time>
      </trkpt>
      <trkpt lat="47.918648" lon="-117.128174">
        <ele>1572.0</ele>
        <time>2026-08-01T18:53:42Z</time>
      </trkpt>
      <trkpt lat="47.918659" lon="-117.128387">
        <ele>1569.0</ele>
        <time>2026-08-01T18:54:02Z</time>
      </trkpt>
      <trkpt lat="47.918701" lon="-117.128466">
        <ele>1568.0</ele>
        <time>2026-08-01T18:54:13Z</time>
      </trkpt>
      <trkpt lat="47.918785" lon="-117.128465">
        <ele>1569.0</ele>
        <time>2026-08-01T18:54:24Z</time>
      </trkpt>
      <trkpt lat="47.918859" lon="-117.128500">
        <ele>1570.0</ele>
        <time>2026-08-01T18:54:32Z</time>
      </trkpt>
      <trkpt lat="47.918950" lon="-117.128518">
        <ele>1569.0</ele>
        <time>2026-08-01T18:54:42Z</time>
      </trkpt>
      <trkpt lat="47.919119" lon="-117.128498">
        <ele>1565.0</ele>
        <time>2026-08-01T18:54:59Z</time>
      </trkpt>
      <trkpt lat="47.919149" lon="-117.128522">
        <ele>1568.0</ele>
        <time>2026-08-01T18:55:03Z</time>
      </trkpt>
      <trkpt lat="47.919181" lon="-117.128519">
        <ele>1566.0</ele>
        <time>2026-08-01T18:55:06Z</time>
      </trkpt>
      <trkpt lat="47.919241" lon="-117.128484">
        <ele>1566.0</ele>
        <time>2026-08-01T18:55:12Z</time>
      </trkpt>
      <trkpt lat="47.919298" lon="-117.128515">
        <ele>1565.0</ele>
        <time>2026-08-01T18:55:19Z</time>
      </trkpt>
      <trkpt lat="47.919412" lon="-117.128491">
        <ele>1563.0</ele>
        <time>2026-08-01T18:55:34Z</time>
      </trkpt>
      <trkpt lat="47.919429" lon="-117.128461">
        <ele>1566.0</ele>
        <time>2026-08-01T18:55:36Z</time>
      </trkpt>
      <trkpt lat="47.919449" lon="-117.128351">
        <ele>1563.0</ele>
        <time>2026-08-01T18:55:40Z</time>
      </trkpt>
      <trkpt lat="47.919488" lon="-117.128274">
        <ele>1565.0</ele>
        <time>2026-08-01T18:55:45Z</time>
      </trkpt>
      <trkpt lat="47.919529" lon="-117.128160">
        <ele>1568.0</ele>
        <time>2026-08-01T18:55:54Z</time>
      </trkpt>
      <trkpt lat="47.919558" lon="-117.127977">
        <ele>1566.0</ele>
        <time>2026-08-01T18:56:05Z</time>
      </trkpt>
      <trkpt lat="47.919551" lon="-117.127925">
        <ele>1566.5</ele>
        <time>2026-08-01T18:56:07Z</time>
      </trkpt>
      <trkpt lat="47.919578" lon="-117.127872">
        <ele>1566.0</ele>
        <time>2026-08-01T18:56:11Z</time>
      </trkpt>
      <trkpt lat="47.919590" lon="-117.127806">
        <ele>1567.3</ele>
        <time>2026-08-01T18:56:16Z</time>
      </trkpt>
      <trkpt lat="47.919592" lon="-117.127691">
        <ele>1560.0</ele>
        <time>2026-08-01T18:56:28Z</time>
      </trkpt>
      <trkpt lat="47.919621" lon="-117.127721">
        <ele>1566.0</ele>
        <time>2026-08-01T18:56:42Z</time>
      </trkpt>
      <trkpt lat="47.919653" lon="-117.127710">
        <ele>1565.0</ele>
        <time>2026-08-01T18:56:48Z</time>
      </trkpt>
      <trkpt lat="47.919672" lon="-117.127684">
        <ele>1564.0</ele>
        <time>2026-08-01T18:56:53Z</time>
      </trkpt>
      <trkpt lat="47.919678" lon="-117.127241">
        <ele>1563.0</ele>
        <time>2026-08-01T18:57:23Z</time>
      </trkpt>
      <trkpt lat="47.919665" lon="-117.127036">
        <ele>1564.0</ele>
        <time>2026-08-01T18:57:36Z</time>
      </trkpt>
      <trkpt lat="47.919676" lon="-117.126959">
        <ele>1566.0</ele>
        <time>2026-08-01T18:57:41Z</time>
      </trkpt>
      <trkpt lat="47.919660" lon="-117.126923">
        <ele>1566.0</ele>
        <time>2026-08-01T18:57:44Z</time>
      </trkpt>
      <trkpt lat="47.919648" lon="-117.126664">
        <ele>1566.0</ele>
        <time>2026-08-01T18:57:58Z</time>
      </trkpt>
      <trkpt lat="47.919624" lon="-117.126473">
        <ele>1568.0</ele>
        <time>2026-08-01T18:58:10Z</time>
      </trkpt>
      <trkpt lat="47.919650" lon="-117.126388">
        <ele>1566.0</ele>
        <time>2026-08-01T18:58:14Z</time>
      </trkpt>
      <trkpt lat="47.919697" lon="-117.126298">
        <ele>1566.0</ele>
        <time>2026-08-01T18:58:20Z</time>
      </trkpt>
      <trkpt lat="47.919675" lon="-117.126225">
        <ele>1567.0</ele>
        <time>2026-08-01T18:58:24Z</time>
      </trkpt>
      <trkpt lat="47.919654" lon="-117.126199">
        <ele>1568.0</ele>
        <time>2026-08-01T18:58:27Z</time>
      </trkpt>
      <trkpt lat="47.919640" lon="-117.126153">
        <ele>1568.0</ele>
        <time>2026-08-01T18:58:30Z</time>
      </trkpt>
      <trkpt lat="47.919618" lon="-117.125976">
        <ele>1568.0</ele>
        <time>2026-08-01T18:58:42Z</time>
      </trkpt>
      <trkpt lat="47.919592" lon="-117.125921">
        <ele>1570.0</ele>
        <time>2026-08-01T18:58:47Z</time>
      </trkpt>
      <trkpt lat="47.919531" lon="-117.125895">
        <ele>1570.0</ele>
        <time>2026-08-01T18:58:54Z</time>
      </trkpt>
      <trkpt lat="47.919508" lon="-117.125869">
        <ele>1569.0</ele>
        <time>2026-08-01T18:58:58Z</time>
      </trkpt>
      <trkpt lat="47.919410" lon="-117.125539">
        <ele>1570.0</ele>
        <time>2026-08-01T18:59:32Z</time>
      </trkpt>
      <trkpt lat="47.919330" lon="-117.125333">
        <ele>1566.0</ele>
        <time>2026-08-01T18:59:59Z</time>
      </trkpt>
      <trkpt lat="47.919196" lon="-117.125081">
        <ele>1573.0</ele>
        <time>2026-08-01T19:00:32Z</time>
      </trkpt>
      <trkpt lat="47.919163" lon="-117.124993">
        <ele>1574.0</ele>
        <time>2026-08-01T19:00:39Z</time>
      </trkpt>
      <trkpt lat="47.919179" lon="-117.124870">
        <ele>1574.3</ele>
        <time>2026-08-01T19:00:45Z</time>
      </trkpt>
      <trkpt lat="47.919216" lon="-117.124795">
        <ele>1574.0</ele>
        <time>2026-08-01T19:00:48Z</time>
      </trkpt>
      <trkpt lat="47.919218" lon="-117.124719">
        <ele>1574.0</ele>
        <time>2026-08-01T19:00:53Z</time>
      </trkpt>
      <trkpt lat="47.919158" lon="-117.124645">
        <ele>1575.0</ele>
        <time>2026-08-01T19:01:01Z</time>
      </trkpt>
      <trkpt lat="47.919101" lon="-117.124598">
        <ele>1575.0</ele>
        <time>2026-08-01T19:01:08Z</time>
      </trkpt>
      <trkpt lat="47.919046" lon="-117.124484">
        <ele>1576.0</ele>
        <time>2026-08-01T19:01:17Z</time>
      </trkpt>
      <trkpt lat="47.919016" lon="-117.124470">
        <ele>1578.0</ele>
        <time>2026-08-01T19:01:21Z</time>
      </trkpt>
      <trkpt lat="47.918969" lon="-117.124472">
        <ele>1551.0</ele>
        <time>2026-08-01T19:01:39Z</time>
      </trkpt>
      <trkpt lat="47.918992" lon="-117.124364">
        <ele>1578.0</ele>
        <time>2026-08-01T19:02:02Z</time>
      </trkpt>
      <trkpt lat="47.919049" lon="-117.124201">
        <ele>1580.0</ele>
        <time>2026-08-01T19:02:15Z</time>
      </trkpt>
      <trkpt lat="47.919068" lon="-117.124173">
        <ele>1578.0</ele>
        <time>2026-08-01T19:02:18Z</time>
      </trkpt>
      <trkpt lat="47.919098" lon="-117.124151">
        <ele>1579.0</ele>
        <time>2026-08-01T19:02:21Z</time>
      </trkpt>
      <trkpt lat="47.919195" lon="-117.124112">
        <ele>1578.0</ele>
        <time>2026-08-01T19:02:30Z</time>
      </trkpt>
      <trkpt lat="47.919218" lon="-117.124085">
        <ele>1580.0</ele>
        <time>2026-08-01T19:02:33Z</time>
      </trkpt>
      <trkpt lat="47.919254" lon="-117.124071">
        <ele>1578.0</ele>
        <time>2026-08-01T19:02:36Z</time>
      </trkpt>
      <trkpt lat="47.919282" lon="-117.124041">
        <ele>1581.0</ele>
        <time>2026-08-01T19:02:39Z</time>
      </trkpt>
      <trkpt lat="47.919313" lon="-117.123963">
        <ele>1581.0</ele>
        <time>2026-08-01T19:02:45Z</time>
      </trkpt>
      <trkpt lat="47.919395" lon="-117.123836">
        <ele>1581.0</ele>
        <time>2026-08-01T19:02:57Z</time>
      </trkpt>
      <trkpt lat="47.919422" lon="-117.123820">
        <ele>1581.0</ele>
        <time>2026-08-01T19:03:00Z</time>
      </trkpt>
      <trkpt lat="47.919523" lon="-117.123840">
        <ele>1584.0</ele>
        <time>2026-08-01T19:03:09Z</time>
      </trkpt>
      <trkpt lat="47.919560" lon="-117.123828">
        <ele>1583.0</ele>
        <time>2026-08-01T19:03:12Z</time>
      </trkpt>
      <trkpt lat="47.919636" lon="-117.123795">
        <ele>1581.0</ele>
        <time>2026-08-01T19:03:19Z</time>
      </trkpt>
      <trkpt lat="47.919665" lon="-117.123771">
        <ele>1581.0</ele>
        <time>2026-08-01T19:03:22Z</time>
      </trkpt>
      <trkpt lat="47.919677" lon="-117.123730">
        <ele>1581.0</ele>
        <time>2026-08-01T19:03:25Z</time>
      </trkpt>
      <trkpt lat="47.919857" lon="-117.123645">
        <ele>1584.0</ele>
        <time>2026-08-01T19:03:42Z</time>
      </trkpt>
      <trkpt lat="47.919968" lon="-117.123494">
        <ele>1584.0</ele>
        <time>2026-08-01T19:03:58Z</time>
      </trkpt>
      <trkpt lat="47.920064" lon="-117.123440">
        <ele>1584.0</ele>
        <time>2026-08-01T19:04:09Z</time>
      </trkpt>
      <trkpt lat="47.920131" lon="-117.123363">
        <ele>1584.0</ele>
        <time>2026-08-01T19:04:19Z</time>
      </trkpt>
      <trkpt lat="47.920196" lon="-117.123341">
        <ele>1586.0</ele>
        <time>2026-08-01T19:04:26Z</time>
      </trkpt>
      <trkpt lat="47.920220" lon="-117.123281">
        <ele>1588.0</ele>
        <time>2026-08-01T19:04:32Z</time>
      </trkpt>
      <trkpt lat="47.920250" lon="-117.123257">
        <ele>1588.4</ele>
        <time>2026-08-01T19:04:36Z</time>
      </trkpt>
      <trkpt lat="47.920281" lon="-117.123198">
        <ele>1590.0</ele>
        <time>2026-08-01T19:04:42Z</time>
      </trkpt>
      <trkpt lat="47.920341" lon="-117.123166">
        <ele>1588.0</ele>
        <time>2026-08-01T19:04:49Z</time>
      </trkpt>
      <trkpt lat="47.920408" lon="-117.123154">
        <ele>1590.0</ele>
        <time>2026-08-01T19:04:56Z</time>
      </trkpt>
      <trkpt lat="47.920461" lon="-117.123109">
        <ele>1590.0</ele>
        <time>2026-08-01T19:05:04Z</time>
      </trkpt>
      <trkpt lat="47.920491" lon="-117.123056">
        <ele>1590.0</ele>
        <time>2026-08-01T19:05:13Z</time>
      </trkpt>
      <trkpt lat="47.920542" lon="-117.123052">
        <ele>1592.6</ele>
        <time>2026-08-01T19:05:22Z</time>
      </trkpt>
      <trkpt lat="47.920608" lon="-117.122935">
        <ele>1593.0</ele>
        <time>2026-08-01T19:05:35Z</time>
      </trkpt>
      <trkpt lat="47.920717" lon="-117.122852">
        <ele>1593.0</ele>
        <time>2026-08-01T19:05:48Z</time>
      </trkpt>
      <trkpt lat="47.920764" lon="-117.122764">
        <ele>1596.0</ele>
        <time>2026-08-01T19:05:57Z</time>
      </trkpt>
      <trkpt lat="47.920824" lon="-117.122712">
        <ele>1596.0</ele>
        <time>2026-08-01T19:06:05Z</time>
      </trkpt>
      <trkpt lat="47.921046" lon="-117.122584">
        <ele>1600.0</ele>
        <time>2026-08-01T19:06:29Z</time>
      </trkpt>
      <trkpt lat="47.921065" lon="-117.122544">
        <ele>1599.0</ele>
        <time>2026-08-01T19:06:35Z</time>
      </trkpt>
      <trkpt lat="47.921026" lon="-117.122516">
        <ele>1600.0</ele>
        <time>2026-08-01T19:06:40Z</time>
      </trkpt>
      <trkpt lat="47.920795" lon="-117.122518">
        <ele>1606.0</ele>
        <time>2026-08-01T19:07:02Z</time>
      </trkpt>
      <trkpt lat="47.920741" lon="-117.122484">
        <ele>1605.0</ele>
        <time>2026-08-01T19:07:09Z</time>
      </trkpt>
      <trkpt lat="47.920663" lon="-117.122505">
        <ele>1604.0</ele>
        <time>2026-08-01T19:07:18Z</time>
      </trkpt>
      <trkpt lat="47.920555" lon="-117.122504">
        <ele>1605.0</ele>
        <time>2026-08-01T19:07:28Z</time>
      </trkpt>
      <trkpt lat="47.920522" lon="-117.122513">
        <ele>1604.0</ele>
        <time>2026-08-01T19:07:31Z</time>
      </trkpt>
      <trkpt lat="47.920490" lon="-117.122507">
        <ele>1605.0</ele>
        <time>2026-08-01T19:07:35Z</time>
      </trkpt>
      <trkpt lat="47.920474" lon="-117.122479">
        <ele>1605.0</ele>
        <time>2026-08-01T19:07:38Z</time>
      </trkpt>
      <trkpt lat="47.920495" lon="-117.122417">
        <ele>1608.0</ele>
        <time>2026-08-01T19:07:43Z</time>
      </trkpt>
      <trkpt lat="47.920525" lon="-117.122394">
        <ele>1608.0</ele>
        <time>2026-08-01T19:07:46Z</time>
      </trkpt>
      <trkpt lat="47.920647" lon="-117.122372">
        <ele>1608.0</ele>
        <time>2026-08-01T19:07:58Z</time>
      </trkpt>
      <trkpt lat="47.920685" lon="-117.122375">
        <ele>1608.0</ele>
        <time>2026-08-01T19:08:01Z</time>
      </trkpt>
      <trkpt lat="47.920750" lon="-117.122332">
        <ele>1608.0</ele>
        <time>2026-08-01T19:08:07Z</time>
      </trkpt>
      <trkpt lat="47.920757" lon="-117.122300">
        <ele>1609.0</ele>
        <time>2026-08-01T19:08:09Z</time>
      </trkpt>
      <trkpt lat="47.920732" lon="-117.122282">
        <ele>1608.0</ele>
        <time>2026-08-01T19:08:12Z</time>
      </trkpt>
      <trkpt lat="47.920593" lon="-117.122267">
        <ele>1611.0</ele>
        <time>2026-08-01T19:08:26Z</time>
      </trkpt>
      <trkpt lat="47.920427" lon="-117.122220">
        <ele>1611.4</ele>
        <time>2026-08-01T19:08:42Z</time>
      </trkpt>
      <trkpt lat="47.920172" lon="-117.122070">
        <ele>1614.0</ele>
        <time>2026-08-01T19:09:15Z</time>
      </trkpt>
      <trkpt lat="47.920135" lon="-117.122065">
        <ele>1616.0</ele>
        <time>2026-08-01T19:09:18Z</time>
      </trkpt>
      <trkpt lat="47.920046" lon="-117.122002">
        <ele>1617.0</ele>
        <time>2026-08-01T19:09:30Z</time>
      </trkpt>
      <trkpt lat="47.919981" lon="-117.121916">
        <ele>1617.0</ele>
        <time>2026-08-01T19:09:40Z</time>
      </trkpt>
      <trkpt lat="47.919924" lon="-117.121878">
        <ele>1620.0</ele>
        <time>2026-08-01T19:09:47Z</time>
      </trkpt>
      <trkpt lat="47.919913" lon="-117.121842">
        <ele>1620.0</ele>
        <time>2026-08-01T19:09:50Z</time>
      </trkpt>
      <trkpt lat="47.919926" lon="-117.121796">
        <ele>1620.0</ele>
        <time>2026-08-01T19:09:53Z</time>
      </trkpt>
      <trkpt lat="47.919953" lon="-117.121772">
        <ele>1620.0</ele>
        <time>2026-08-01T19:09:56Z</time>
      </trkpt>
      <trkpt lat="47.919978" lon="-117.121708">
        <ele>1622.0</ele>
        <time>2026-08-01T19:10:03Z</time>
      </trkpt>
      <trkpt lat="47.919999" lon="-117.121683">
        <ele>1623.0</ele>
        <time>2026-08-01T19:10:07Z</time>
      </trkpt>
      <trkpt lat="47.920157" lon="-117.121581">
        <ele>1624.0</ele>
        <time>2026-08-01T19:10:27Z</time>
      </trkpt>
      <trkpt lat="47.920258" lon="-117.121578">
        <ele>1626.0</ele>
        <time>2026-08-01T19:10:37Z</time>
      </trkpt>
      <trkpt lat="47.920326" lon="-117.121550">
        <ele>1626.0</ele>
        <time>2026-08-01T19:10:44Z</time>
      </trkpt>
      <trkpt lat="47.920395" lon="-117.121539">
        <ele>1624.0</ele>
        <time>2026-08-01T19:10:50Z</time>
      </trkpt>
      <trkpt lat="47.920525" lon="-117.121496">
        <ele>1626.0</ele>
        <time>2026-08-01T19:11:03Z</time>
      </trkpt>
      <trkpt lat="47.920575" lon="-117.121416">
        <ele>1630.0</ele>
        <time>2026-08-01T19:11:12Z</time>
      </trkpt>
      <trkpt lat="47.920707" lon="-117.121382">
        <ele>1629.0</ele>
        <time>2026-08-01T19:11:24Z</time>
      </trkpt>
      <trkpt lat="47.920770" lon="-117.121377">
        <ele>1631.0</ele>
        <time>2026-08-01T19:11:30Z</time>
      </trkpt>
      <trkpt lat="47.920844" lon="-117.121350">
        <ele>1629.0</ele>
        <time>2026-08-01T19:11:37Z</time>
      </trkpt>
      <trkpt lat="47.920913" lon="-117.121344">
        <ele>1631.0</ele>
        <time>2026-08-01T19:11:44Z</time>
      </trkpt>
      <trkpt lat="47.921098" lon="-117.121206">
        <ele>1630.0</ele>
        <time>2026-08-01T19:12:02Z</time>
      </trkpt>
      <trkpt lat="47.921147" lon="-117.121193">
        <ele>1632.0</ele>
        <time>2026-08-01T19:12:07Z</time>
      </trkpt>
      <trkpt lat="47.921265" lon="-117.121110">
        <ele>1629.0</ele>
        <time>2026-08-01T19:12:19Z</time>
      </trkpt>
      <trkpt lat="47.921331" lon="-117.121096">
        <ele>1632.0</ele>
        <time>2026-08-01T19:12:25Z</time>
      </trkpt>
      <trkpt lat="47.921416" lon="-117.121050">
        <ele>1632.0</ele>
        <time>2026-08-01T19:12:35Z</time>
      </trkpt>
      <trkpt lat="47.921480" lon="-117.121032">
        <ele>1632.0</ele>
        <time>2026-08-01T19:12:42Z</time>
      </trkpt>
      <trkpt lat="47.921551" lon="-117.120966">
        <ele>1635.6</ele>
        <time>2026-08-01T19:12:52Z</time>
      </trkpt>
      <trkpt lat="47.921577" lon="-117.120970">
        <ele>1635.0</ele>
        <time>2026-08-01T19:12:54Z</time>
      </trkpt>
      <trkpt lat="47.921646" lon="-117.120960">
        <ele>1636.0</ele>
        <time>2026-08-01T19:13:00Z</time>
      </trkpt>
      <trkpt lat="47.921771" lon="-117.120904">
        <ele>1635.0</ele>
        <time>2026-08-01T19:13:14Z</time>
      </trkpt>
      <trkpt lat="47.921820" lon="-117.120855">
        <ele>1635.0</ele>
        <time>2026-08-01T19:13:20Z</time>
      </trkpt>
      <trkpt lat="47.921868" lon="-117.120766">
        <ele>1636.0</ele>
        <time>2026-08-01T19:13:29Z</time>
      </trkpt>
      <trkpt lat="47.921965" lon="-117.120713">
        <ele>1638.0</ele>
        <time>2026-08-01T19:13:40Z</time>
      </trkpt>
      <trkpt lat="47.921981" lon="-117.120678">
        <ele>1640.0</ele>
        <time>2026-08-01T19:13:42Z</time>
      </trkpt>
      <trkpt lat="47.921981" lon="-117.120652">
        <ele>1640.0</ele>
        <time>2026-08-01T19:13:44Z</time>
      </trkpt>
      <trkpt lat="47.922026" lon="-117.120549">
        <ele>1644.0</ele>
        <time>2026-08-01T19:13:53Z</time>
      </trkpt>
      <trkpt lat="47.922061" lon="-117.120497">
        <ele>1641.0</ele>
        <time>2026-08-01T19:14:00Z</time>
      </trkpt>
      <trkpt lat="47.922113" lon="-117.120454">
        <ele>1644.0</ele>
        <time>2026-08-01T19:14:07Z</time>
      </trkpt>
      <trkpt lat="47.922174" lon="-117.120361">
        <ele>1644.0</ele>
        <time>2026-08-01T19:14:17Z</time>
      </trkpt>
      <trkpt lat="47.922432" lon="-117.120166">
        <ele>1648.0</ele>
        <time>2026-08-01T19:14:50Z</time>
      </trkpt>
      <trkpt lat="47.922510" lon="-117.120088">
        <ele>1652.0</ele>
        <time>2026-08-01T19:15:02Z</time>
      </trkpt>
      <trkpt lat="47.922574" lon="-117.119992">
        <ele>1652.0</ele>
        <time>2026-08-01T19:15:15Z</time>
      </trkpt>
      <trkpt lat="47.922621" lon="-117.119956">
        <ele>1654.0</ele>
        <time>2026-08-01T19:15:22Z</time>
      </trkpt>
      <trkpt lat="47.922689" lon="-117.119847">
        <ele>1655.0</ele>
        <time>2026-08-01T19:15:35Z</time>
      </trkpt>
      <trkpt lat="47.922816" lon="-117.119742">
        <ele>1656.0</ele>
        <time>2026-08-01T19:15:55Z</time>
      </trkpt>
      <trkpt lat="47.922926" lon="-117.119543">
        <ele>1661.0</ele>
        <time>2026-08-01T19:16:24Z</time>
      </trkpt>
      <trkpt lat="47.922959" lon="-117.119520">
        <ele>1660.0</ele>
        <time>2026-08-01T19:16:27Z</time>
      </trkpt>
      <trkpt lat="47.923019" lon="-117.119423">
        <ele>1664.0</ele>
        <time>2026-08-01T19:16:40Z</time>
      </trkpt>
      <trkpt lat="47.923062" lon="-117.119312">
        <ele>1665.0</ele>
        <time>2026-08-01T19:16:53Z</time>
      </trkpt>
      <trkpt lat="47.923121" lon="-117.119240">
        <ele>1665.0</ele>
        <time>2026-08-01T19:17:03Z</time>
      </trkpt>
      <trkpt lat="47.923179" lon="-117.119228">
        <ele>1665.0</ele>
        <time>2026-08-01T19:17:10Z</time>
      </trkpt>
      <trkpt lat="47.923240" lon="-117.119185">
        <ele>1665.0</ele>
        <time>2026-08-01T19:17:16Z</time>
      </trkpt>
      <trkpt lat="47.923279" lon="-117.119137">
        <ele>1665.0</ele>
        <time>2026-08-01T19:17:22Z</time>
      </trkpt>
      <trkpt lat="47.923338" lon="-117.119027">
        <ele>1668.0</ele>
        <time>2026-08-01T19:17:32Z</time>
      </trkpt>
      <trkpt lat="47.923423" lon="-117.118917">
        <ele>1668.0</ele>
        <time>2026-08-01T19:17:46Z</time>
      </trkpt>
      <trkpt lat="47.923664" lon="-117.118773">
        <ele>1670.0</ele>
        <time>2026-08-01T19:18:12Z</time>
      </trkpt>
      <trkpt lat="47.923720" lon="-117.118727">
        <ele>1668.0</ele>
        <time>2026-08-01T19:18:18Z</time>
      </trkpt>
      <trkpt lat="47.923810" lon="-117.118607">
        <ele>1671.0</ele>
        <time>2026-08-01T19:18:31Z</time>
      </trkpt>
      <trkpt lat="47.923863" lon="-117.118553">
        <ele>1671.0</ele>
        <time>2026-08-01T19:18:37Z</time>
      </trkpt>
      <trkpt lat="47.923953" lon="-117.118393">
        <ele>1676.0</ele>
        <time>2026-08-01T19:18:53Z</time>
      </trkpt>
      <trkpt lat="47.923979" lon="-117.118376">
        <ele>1677.0</ele>
        <time>2026-08-01T19:18:56Z</time>
      </trkpt>
      <trkpt lat="47.924025" lon="-117.118273">
        <ele>1676.0</ele>
        <time>2026-08-01T19:19:04Z</time>
      </trkpt>
      <trkpt lat="47.924138" lon="-117.118122">
        <ele>1676.0</ele>
        <time>2026-08-01T19:19:20Z</time>
      </trkpt>
      <trkpt lat="47.924264" lon="-117.117897">
        <ele>1680.0</ele>
        <time>2026-08-01T19:19:44Z</time>
      </trkpt>
      <trkpt lat="47.924286" lon="-117.117829">
        <ele>1680.0</ele>
        <time>2026-08-01T19:19:50Z</time>
      </trkpt>
      <trkpt lat="47.924296" lon="-117.117758">
        <ele>1680.0</ele>
        <time>2026-08-01T19:19:56Z</time>
      </trkpt>
      <trkpt lat="47.924313" lon="-117.117727">
        <ele>1680.0</ele>
        <time>2026-08-01T19:19:59Z</time>
      </trkpt>
      <trkpt lat="47.924395" lon="-117.117661">
        <ele>1680.0</ele>
        <time>2026-08-01T19:20:10Z</time>
      </trkpt>
      <trkpt lat="47.924458" lon="-117.117530">
        <ele>1682.0</ele>
        <time>2026-08-01T19:20:22Z</time>
      </trkpt>
      <trkpt lat="47.924480" lon="-117.117420">
        <ele>1683.0</ele>
        <time>2026-08-01T19:20:33Z</time>
      </trkpt>
      <trkpt lat="47.924496" lon="-117.117392">
        <ele>1684.0</ele>
        <time>2026-08-01T19:20:36Z</time>
      </trkpt>
      <trkpt lat="47.924653" lon="-117.117238">
        <ele>1686.0</ele>
        <time>2026-08-01T19:20:56Z</time>
      </trkpt>
      <trkpt lat="47.924685" lon="-117.117172">
        <ele>1686.0</ele>
        <time>2026-08-01T19:21:14Z</time>
      </trkpt>
      <trkpt lat="47.924695" lon="-117.117107">
        <ele>1684.0</ele>
        <time>2026-08-01T19:21:24Z</time>
      </trkpt>
      <trkpt lat="47.924710" lon="-117.117075">
        <ele>1686.0</ele>
        <time>2026-08-01T19:21:28Z</time>
      </trkpt>
      <trkpt lat="47.924814" lon="-117.116935">
        <ele>1686.0</ele>
        <time>2026-08-01T19:21:42Z</time>
      </trkpt>
      <trkpt lat="47.924819" lon="-117.116871">
        <ele>1686.0</ele>
        <time>2026-08-01T19:21:48Z</time>
      </trkpt>
      <trkpt lat="47.924797" lon="-117.116795">
        <ele>1688.0</ele>
        <time>2026-08-01T19:21:58Z</time>
      </trkpt>
      <trkpt lat="47.924765" lon="-117.116821">
        <ele>1690.0</ele>
        <time>2026-08-01T19:22:03Z</time>
      </trkpt>
      <trkpt lat="47.924706" lon="-117.116908">
        <ele>1691.0</ele>
        <time>2026-08-01T19:22:12Z</time>
      </trkpt>
      <trkpt lat="47.924696" lon="-117.116941">
        <ele>1692.0</ele>
        <time>2026-08-01T19:22:14Z</time>
      </trkpt>
      <trkpt lat="47.924605" lon="-117.117043">
        <ele>1689.0</ele>
        <time>2026-08-01T19:22:25Z</time>
      </trkpt>
      <trkpt lat="47.924514" lon="-117.117084">
        <ele>1692.0</ele>
        <time>2026-08-01T19:22:35Z</time>
      </trkpt>
      <trkpt lat="47.924449" lon="-117.117176">
        <ele>1691.0</ele>
        <time>2026-08-01T19:22:44Z</time>
      </trkpt>
      <trkpt lat="47.924424" lon="-117.117193">
        <ele>1692.0</ele>
        <time>2026-08-01T19:22:47Z</time>
      </trkpt>
      <trkpt lat="47.924367" lon="-117.117198">
        <ele>1694.0</ele>
        <time>2026-08-01T19:22:53Z</time>
      </trkpt>
      <trkpt lat="47.924285" lon="-117.117243">
        <ele>1694.0</ele>
        <time>2026-08-01T19:23:04Z</time>
      </trkpt>
      <trkpt lat="47.924265" lon="-117.117283">
        <ele>1693.0</ele>
        <time>2026-08-01T19:23:06Z</time>
      </trkpt>
      <trkpt lat="47.924180" lon="-117.117369">
        <ele>1692.0</ele>
        <time>2026-08-01T19:23:15Z</time>
      </trkpt>
      <trkpt lat="47.924113" lon="-117.117379">
        <ele>1695.0</ele>
        <time>2026-08-01T19:23:24Z</time>
      </trkpt>
      <trkpt lat="47.923893" lon="-117.117486">
        <ele>1696.0</ele>
        <time>2026-08-01T19:23:45Z</time>
      </trkpt>
      <trkpt lat="47.923788" lon="-117.117511">
        <ele>1697.0</ele>
        <time>2026-08-01T19:23:56Z</time>
      </trkpt>
      <trkpt lat="47.923690" lon="-117.117570">
        <ele>1698.0</ele>
        <time>2026-08-01T19:24:06Z</time>
      </trkpt>
      <trkpt lat="47.923656" lon="-117.117622">
        <ele>1698.0</ele>
        <time>2026-08-01T19:24:10Z</time>
      </trkpt>
      <trkpt lat="47.923629" lon="-117.117643">
        <ele>1698.0</ele>
        <time>2026-08-01T19:24:13Z</time>
      </trkpt>
      <trkpt lat="47.923594" lon="-117.117659">
        <ele>1698.0</ele>
        <time>2026-08-01T19:24:16Z</time>
      </trkpt>
      <trkpt lat="47.923564" lon="-117.117653">
        <ele>1700.0</ele>
        <time>2026-08-01T19:24:19Z</time>
      </trkpt>
      <trkpt lat="47.923556" lon="-117.117599">
        <ele>1700.0</ele>
        <time>2026-08-01T19:24:23Z</time>
      </trkpt>
      <trkpt lat="47.923661" lon="-117.117484">
        <ele>1701.6</ele>
        <time>2026-08-01T19:24:37Z</time>
      </trkpt>
      <trkpt lat="47.923703" lon="-117.117369">
        <ele>1702.0</ele>
        <time>2026-08-01T19:24:48Z</time>
      </trkpt>
      <trkpt lat="47.923794" lon="-117.117289">
        <ele>1701.0</ele>
        <time>2026-08-01T19:24:58Z</time>
      </trkpt>
      <trkpt lat="47.923867" lon="-117.117180">
        <ele>1704.0</ele>
        <time>2026-08-01T19:25:10Z</time>
      </trkpt>
      <trkpt lat="47.923902" lon="-117.117083">
        <ele>1704.0</ele>
        <time>2026-08-01T19:25:19Z</time>
      </trkpt>
      <trkpt lat="47.923922" lon="-117.117052">
        <ele>1706.0</ele>
        <time>2026-08-01T19:25:21Z</time>
      </trkpt>
      <trkpt lat="47.923976" lon="-117.117020">
        <ele>1705.1</ele>
        <time>2026-08-01T19:25:26Z</time>
      </trkpt>
      <trkpt lat="47.923989" lon="-117.116983">
        <ele>1704.0</ele>
        <time>2026-08-01T19:25:29Z</time>
      </trkpt>
      <trkpt lat="47.924087" lon="-117.116862">
        <ele>1704.0</ele>
        <time>2026-08-01T19:25:41Z</time>
      </trkpt>
      <trkpt lat="47.924118" lon="-117.116729">
        <ele>1708.0</ele>
        <time>2026-08-01T19:25:52Z</time>
      </trkpt>
      <trkpt lat="47.924175" lon="-117.116642">
        <ele>1709.0</ele>
        <time>2026-08-01T19:26:02Z</time>
      </trkpt>
      <trkpt lat="47.924234" lon="-117.116519">
        <ele>1710.0</ele>
        <time>2026-08-01T19:26:13Z</time>
      </trkpt>
      <trkpt lat="47.924235" lon="-117.116407">
        <ele>1713.0</ele>
        <time>2026-08-01T19:26:24Z</time>
      </trkpt>
      <trkpt lat="47.924269" lon="-117.116354">
        <ele>1712.0</ele>
        <time>2026-08-01T19:26:30Z</time>
      </trkpt>
      <trkpt lat="47.924281" lon="-117.116280">
        <ele>1713.0</ele>
        <time>2026-08-01T19:26:37Z</time>
      </trkpt>
      <trkpt lat="47.924357" lon="-117.116151">
        <ele>1713.0</ele>
        <time>2026-08-01T19:26:48Z</time>
      </trkpt>
      <trkpt lat="47.924443" lon="-117.116042">
        <ele>1715.0</ele>
        <time>2026-08-01T19:26:58Z</time>
      </trkpt>
      <trkpt lat="47.924452" lon="-117.115983">
        <ele>1714.0</ele>
        <time>2026-08-01T19:27:03Z</time>
      </trkpt>
      <trkpt lat="47.924445" lon="-117.115930">
        <ele>1716.0</ele>
        <time>2026-08-01T19:27:08Z</time>
      </trkpt>
      <trkpt lat="47.924511" lon="-117.115811">
        <ele>1716.0</ele>
        <time>2026-08-01T19:27:18Z</time>
      </trkpt>
      <trkpt lat="47.924570" lon="-117.115767">
        <ele>1716.0</ele>
        <time>2026-08-01T19:27:24Z</time>
      </trkpt>
      <trkpt lat="47.924611" lon="-117.115710">
        <ele>1718.0</ele>
        <time>2026-08-01T19:27:29Z</time>
      </trkpt>
      <trkpt lat="47.924743" lon="-117.115581">
        <ele>1718.0</ele>
        <time>2026-08-01T19:27:46Z</time>
      </trkpt>
      <trkpt lat="47.924802" lon="-117.115508">
        <ele>1718.0</ele>
        <time>2026-08-01T19:27:53Z</time>
      </trkpt>
      <trkpt lat="47.924889" lon="-117.115375">
        <ele>1719.0</ele>
        <time>2026-08-01T19:28:07Z</time>
      </trkpt>
      <trkpt lat="47.924956" lon="-117.115250">
        <ele>1720.0</ele>
        <time>2026-08-01T19:28:19Z</time>
      </trkpt>
      <trkpt lat="47.924953" lon="-117.115208">
        <ele>1720.0</ele>
        <time>2026-08-01T19:28:23Z</time>
      </trkpt>
      <trkpt lat="47.924928" lon="-117.115181">
        <ele>1721.0</ele>
        <time>2026-08-01T19:28:28Z</time>
      </trkpt>
      <trkpt lat="47.924807" lon="-117.115263">
        <ele>1723.0</ele>
        <time>2026-08-01T19:28:44Z</time>
      </trkpt>
      <trkpt lat="47.924725" lon="-117.115265">
        <ele>1722.0</ele>
        <time>2026-08-01T19:28:53Z</time>
      </trkpt>
      <trkpt lat="47.924669" lon="-117.115304">
        <ele>1722.0</ele>
        <time>2026-08-01T19:28:59Z</time>
      </trkpt>
      <trkpt lat="47.924630" lon="-117.115310">
        <ele>1720.0</ele>
        <time>2026-08-01T19:29:03Z</time>
      </trkpt>
      <trkpt lat="47.924539" lon="-117.115361">
        <ele>1724.0</ele>
        <time>2026-08-01T19:29:13Z</time>
      </trkpt>
      <trkpt lat="47.924501" lon="-117.115428">
        <ele>1725.0</ele>
        <time>2026-08-01T19:29:19Z</time>
      </trkpt>
      <trkpt lat="47.924467" lon="-117.115435">
        <ele>1725.0</ele>
        <time>2026-08-01T19:29:22Z</time>
      </trkpt>
      <trkpt lat="47.924379" lon="-117.115495">
        <ele>1727.0</ele>
        <time>2026-08-01T19:29:33Z</time>
      </trkpt>
      <trkpt lat="47.924348" lon="-117.115479">
        <ele>1728.0</ele>
        <time>2026-08-01T19:29:37Z</time>
      </trkpt>
      <trkpt lat="47.924348" lon="-117.115427">
        <ele>1728.0</ele>
        <time>2026-08-01T19:29:40Z</time>
      </trkpt>
      <trkpt lat="47.924399" lon="-117.115389">
        <ele>1728.0</ele>
        <time>2026-08-01T19:29:46Z</time>
      </trkpt>
      <trkpt lat="47.924413" lon="-117.115282">
        <ele>1731.3</ele>
        <time>2026-08-01T19:29:55Z</time>
      </trkpt>
      <trkpt lat="47.924461" lon="-117.115196">
        <ele>1731.0</ele>
        <time>2026-08-01T19:30:06Z</time>
      </trkpt>
      <trkpt lat="47.924466" lon="-117.115115">
        <ele>1731.0</ele>
        <time>2026-08-01T19:30:13Z</time>
      </trkpt>
      <trkpt lat="47.924541" lon="-117.114963">
        <ele>1732.0</ele>
        <time>2026-08-01T19:30:27Z</time>
      </trkpt>
      <trkpt lat="47.924545" lon="-117.114887">
        <ele>1732.0</ele>
        <time>2026-08-01T19:30:34Z</time>
      </trkpt>
      <trkpt lat="47.924503" lon="-117.114865">
        <ele>1734.0</ele>
        <time>2026-08-01T19:30:43Z</time>
      </trkpt>
      <trkpt lat="47.924470" lon="-117.114923">
        <ele>1736.0</ele>
        <time>2026-08-01T19:30:50Z</time>
      </trkpt>
      <trkpt lat="47.924442" lon="-117.114944">
        <ele>1735.0</ele>
        <time>2026-08-01T19:30:53Z</time>
      </trkpt>
      <trkpt lat="47.924341" lon="-117.114982">
        <ele>1736.0</ele>
        <time>2026-08-01T19:31:05Z</time>
      </trkpt>
      <trkpt lat="47.924282" lon="-117.115038">
        <ele>1736.0</ele>
        <time>2026-08-01T19:31:11Z</time>
      </trkpt>
      <trkpt lat="47.924222" lon="-117.115070">
        <ele>1737.0</ele>
        <time>2026-08-01T19:31:18Z</time>
      </trkpt>
      <trkpt lat="47.924152" lon="-117.115166">
        <ele>1737.0</ele>
        <time>2026-08-01T19:31:27Z</time>
      </trkpt>
      <trkpt lat="47.924057" lon="-117.115217">
        <ele>1740.3</ele>
        <time>2026-08-01T19:31:38Z</time>
      </trkpt>
      <trkpt lat="47.923963" lon="-117.115292">
        <ele>1740.0</ele>
        <time>2026-08-01T19:31:49Z</time>
      </trkpt>
      <trkpt lat="47.923928" lon="-117.115341">
        <ele>1740.0</ele>
        <time>2026-08-01T19:31:54Z</time>
      </trkpt>
      <trkpt lat="47.923873" lon="-117.115382">
        <ele>1740.0</ele>
        <time>2026-08-01T19:32:00Z</time>
      </trkpt>
      <trkpt lat="47.923786" lon="-117.115473">
        <ele>1740.0</ele>
        <time>2026-08-01T19:32:09Z</time>
      </trkpt>
      <trkpt lat="47.923747" lon="-117.115484">
        <ele>1740.0</ele>
        <time>2026-08-01T19:32:13Z</time>
      </trkpt>
      <trkpt lat="47.923683" lon="-117.115525">
        <ele>1741.0</ele>
        <time>2026-08-01T19:32:21Z</time>
      </trkpt>
      <trkpt lat="47.923642" lon="-117.115533">
        <ele>1742.0</ele>
        <time>2026-08-01T19:32:24Z</time>
      </trkpt>
      <trkpt lat="47.923582" lon="-117.115566">
        <ele>1740.0</ele>
        <time>2026-08-01T19:32:33Z</time>
      </trkpt>
      <trkpt lat="47.923557" lon="-117.115544">
        <ele>1744.0</ele>
        <time>2026-08-01T19:32:37Z</time>
      </trkpt>
      <trkpt lat="47.923549" lon="-117.115509">
        <ele>1743.0</ele>
        <time>2026-08-01T19:32:41Z</time>
      </trkpt>
      <trkpt lat="47.923556" lon="-117.115479">
        <ele>1745.0</ele>
        <time>2026-08-01T19:32:45Z</time>
      </trkpt>
      <trkpt lat="47.923594" lon="-117.115415">
        <ele>1746.0</ele>
        <time>2026-08-01T19:32:53Z</time>
      </trkpt>
      <trkpt lat="47.923703" lon="-117.115306">
        <ele>1745.0</ele>
        <time>2026-08-01T19:33:04Z</time>
      </trkpt>
      <trkpt lat="47.923783" lon="-117.115177">
        <ele>1746.0</ele>
        <time>2026-08-01T19:33:17Z</time>
      </trkpt>
      <trkpt lat="47.923810" lon="-117.115094">
        <ele>1746.0</ele>
        <time>2026-08-01T19:33:23Z</time>
      </trkpt>
      <trkpt lat="47.923866" lon="-117.115049">
        <ele>1749.0</ele>
        <time>2026-08-01T19:33:28Z</time>
      </trkpt>
      <trkpt lat="47.923882" lon="-117.115017">
        <ele>1748.0</ele>
        <time>2026-08-01T19:33:30Z</time>
      </trkpt>
      <trkpt lat="47.923906" lon="-117.114939">
        <ele>1746.0</ele>
        <time>2026-08-01T19:33:36Z</time>
      </trkpt>
      <trkpt lat="47.923915" lon="-117.114859">
        <ele>1747.0</ele>
        <time>2026-08-01T19:33:42Z</time>
      </trkpt>
      <trkpt lat="47.924028" lon="-117.114616">
        <ele>1750.0</ele>
        <time>2026-08-01T19:34:02Z</time>
      </trkpt>
      <trkpt lat="47.924070" lon="-117.114478">
        <ele>1751.0</ele>
        <time>2026-08-01T19:34:15Z</time>
      </trkpt>
      <trkpt lat="47.924145" lon="-117.114392">
        <ele>1752.0</ele>
        <time>2026-08-01T19:34:26Z</time>
      </trkpt>
      <trkpt lat="47.924205" lon="-117.114300">
        <ele>1752.0</ele>
        <time>2026-08-01T19:34:35Z</time>
      </trkpt>
      <trkpt lat="47.924186" lon="-117.114231">
        <ele>1752.0</ele>
        <time>2026-08-01T19:34:50Z</time>
      </trkpt>
      <trkpt lat="47.924162" lon="-117.114239">
        <ele>1752.0</ele>
        <time>2026-08-01T19:34:54Z</time>
      </trkpt>
      <trkpt lat="47.924119" lon="-117.114284">
        <ele>1752.0</ele>
        <time>2026-08-01T19:34:59Z</time>
      </trkpt>
      <trkpt lat="47.923891" lon="-117.114401">
        <ele>1756.0</ele>
        <time>2026-08-01T19:35:28Z</time>
      </trkpt>
      <trkpt lat="47.923834" lon="-117.114449">
        <ele>1756.0</ele>
        <time>2026-08-01T19:35:34Z</time>
      </trkpt>
      <trkpt lat="47.923626" lon="-117.114543">
        <ele>1756.0</ele>
        <time>2026-08-01T19:35:57Z</time>
      </trkpt>
      <trkpt lat="47.923569" lon="-117.114598">
        <ele>1760.0</ele>
        <time>2026-08-01T19:36:04Z</time>
      </trkpt>
      <trkpt lat="47.923425" lon="-117.114694">
        <ele>1762.0</ele>
        <time>2026-08-01T19:36:21Z</time>
      </trkpt>
      <trkpt lat="47.923404" lon="-117.114727">
        <ele>1764.0</ele>
        <time>2026-08-01T19:36:25Z</time>
      </trkpt>
      <trkpt lat="47.923310" lon="-117.114777">
        <ele>1763.0</ele>
        <time>2026-08-01T19:36:33Z</time>
      </trkpt>
      <trkpt lat="47.923191" lon="-117.114858">
        <ele>1764.0</ele>
        <time>2026-08-01T19:36:44Z</time>
      </trkpt>
      <trkpt lat="47.923157" lon="-117.114859">
        <ele>1764.0</ele>
        <time>2026-08-01T19:36:47Z</time>
      </trkpt>
      <trkpt lat="47.923064" lon="-117.114888">
        <ele>1764.0</ele>
        <time>2026-08-01T19:36:58Z</time>
      </trkpt>
      <trkpt lat="47.922937" lon="-117.114953">
        <ele>1767.0</ele>
        <time>2026-08-01T19:37:13Z</time>
      </trkpt>
      <trkpt lat="47.922669" lon="-117.115000">
        <ele>1765.0</ele>
        <time>2026-08-01T19:37:53Z</time>
      </trkpt>
      <trkpt lat="47.922539" lon="-117.115041">
        <ele>1768.0</ele>
        <time>2026-08-01T19:38:14Z</time>
      </trkpt>
      <trkpt lat="47.922463" lon="-117.115109">
        <ele>1768.0</ele>
        <time>2026-08-01T19:38:24Z</time>
      </trkpt>
      <trkpt lat="47.922346" lon="-117.115132">
        <ele>1770.0</ele>
        <time>2026-08-01T19:38:35Z</time>
      </trkpt>
      <trkpt lat="47.922303" lon="-117.115131">
        <ele>1772.0</ele>
        <time>2026-08-01T19:38:39Z</time>
      </trkpt>
      <trkpt lat="47.922292" lon="-117.115101">
        <ele>1771.0</ele>
        <time>2026-08-01T19:38:43Z</time>
      </trkpt>
      <trkpt lat="47.922302" lon="-117.115068">
        <ele>1772.0</ele>
        <time>2026-08-01T19:38:46Z</time>
      </trkpt>
      <trkpt lat="47.922361" lon="-117.115041">
        <ele>1773.0</ele>
        <time>2026-08-01T19:38:55Z</time>
      </trkpt>
      <trkpt lat="47.922405" lon="-117.114986">
        <ele>1774.0</ele>
        <time>2026-08-01T19:38:59Z</time>
      </trkpt>
      <trkpt lat="47.922420" lon="-117.114951">
        <ele>1774.0</ele>
        <time>2026-08-01T19:39:01Z</time>
      </trkpt>
      <trkpt lat="47.922435" lon="-117.114779">
        <ele>1774.0</ele>
        <time>2026-08-01T19:39:12Z</time>
      </trkpt>
      <trkpt lat="47.922454" lon="-117.114695">
        <ele>1776.0</ele>
        <time>2026-08-01T19:39:18Z</time>
      </trkpt>
      <trkpt lat="47.922542" lon="-117.114539">
        <ele>1776.0</ele>
        <time>2026-08-01T19:39:32Z</time>
      </trkpt>
      <trkpt lat="47.922554" lon="-117.114474">
        <ele>1778.0</ele>
        <time>2026-08-01T19:39:38Z</time>
      </trkpt>
      <trkpt lat="47.922620" lon="-117.114402">
        <ele>1776.0</ele>
        <time>2026-08-01T19:39:46Z</time>
      </trkpt>
      <trkpt lat="47.922781" lon="-117.114119">
        <ele>1778.0</ele>
        <time>2026-08-01T19:40:14Z</time>
      </trkpt>
      <trkpt lat="47.922765" lon="-117.113908">
        <ele>1779.0</ele>
        <time>2026-08-01T19:40:54Z</time>
      </trkpt>
      <trkpt lat="47.922725" lon="-117.113853">
        <ele>1781.0</ele>
        <time>2026-08-01T19:41:01Z</time>
      </trkpt>
      <trkpt lat="47.922716" lon="-117.113817">
        <ele>1780.0</ele>
        <time>2026-08-01T19:41:04Z</time>
      </trkpt>
      <trkpt lat="47.922718" lon="-117.113745">
        <ele>1782.0</ele>
        <time>2026-08-01T19:41:09Z</time>
      </trkpt>
      <trkpt lat="47.922692" lon="-117.113574">
        <ele>1782.0</ele>
        <time>2026-08-01T19:41:25Z</time>
      </trkpt>
      <trkpt lat="47.922700" lon="-117.113527">
        <ele>1784.0</ele>
        <time>2026-08-01T19:41:47Z</time>
      </trkpt>
      <trkpt lat="47.922659" lon="-117.113407">
        <ele>1782.0</ele>
        <time>2026-08-01T19:42:33Z</time>
      </trkpt>
      <trkpt lat="47.922650" lon="-117.113296">
        <ele>1784.0</ele>
        <time>2026-08-01T19:42:40Z</time>
      </trkpt>
      <trkpt lat="47.922658" lon="-117.113221">
        <ele>1784.0</ele>
        <time>2026-08-01T19:42:45Z</time>
      </trkpt>
      <trkpt lat="47.922646" lon="-117.113145">
        <ele>1785.0</ele>
        <time>2026-08-01T19:42:51Z</time>
      </trkpt>
      <trkpt lat="47.922676" lon="-117.113040">
        <ele>1785.0</ele>
        <time>2026-08-01T19:43:06Z</time>
      </trkpt>
      <trkpt lat="47.922671" lon="-117.112927">
        <ele>1781.0</ele>
        <time>2026-08-01T19:43:34Z</time>
      </trkpt>
      <trkpt lat="47.922746" lon="-117.112927">
        <ele>1784.0</ele>
        <time>2026-08-01T19:43:53Z</time>
      </trkpt>
      <trkpt lat="47.922801" lon="-117.112894">
        <ele>1781.0</ele>
        <time>2026-08-01T19:44:31Z</time>
      </trkpt>
      <trkpt lat="47.922780" lon="-117.112932">
        <ele>1784.0</ele>
        <time>2026-08-01T19:45:07Z</time>
      </trkpt>
      <trkpt lat="47.922721" lon="-117.112966">
        <ele>1782.0</ele>
        <time>2026-08-01T19:45:20Z</time>
      </trkpt>
      <trkpt lat="47.922689" lon="-117.113025">
        <ele>1782.0</ele>
        <time>2026-08-01T19:45:28Z</time>
      </trkpt>
      <trkpt lat="47.922684" lon="-117.113071">
        <ele>1776.0</ele>
        <time>2026-08-01T19:45:40Z</time>
      </trkpt>
      <trkpt lat="47.922614" lon="-117.113138">
        <ele>1783.1</ele>
        <time>2026-08-01T19:45:59Z</time>
      </trkpt>
      <trkpt lat="47.922532" lon="-117.113198">
        <ele>1782.0</ele>
        <time>2026-08-01T19:46:07Z</time>
      </trkpt>
      <trkpt lat="47.922426" lon="-117.113222">
        <ele>1785.0</ele>
        <time>2026-08-01T19:46:16Z</time>
      </trkpt>
      <trkpt lat="47.922366" lon="-117.113261">
        <ele>1783.0</ele>
        <time>2026-08-01T19:46:21Z</time>
      </trkpt>
      <trkpt lat="47.922236" lon="-117.113324">
        <ele>1786.0</ele>
        <time>2026-08-01T19:46:33Z</time>
      </trkpt>
      <trkpt lat="47.922108" lon="-117.113419">
        <ele>1784.0</ele>
        <time>2026-08-01T19:46:45Z</time>
      </trkpt>
      <trkpt lat="47.921988" lon="-117.113494">
        <ele>1787.0</ele>
        <time>2026-08-01T19:46:56Z</time>
      </trkpt>
      <trkpt lat="47.921874" lon="-117.113588">
        <ele>1788.0</ele>
        <time>2026-08-01T19:47:06Z</time>
      </trkpt>
      <trkpt lat="47.921706" lon="-117.113695">
        <ele>1787.0</ele>
        <time>2026-08-01T19:47:21Z</time>
      </trkpt>
      <trkpt lat="47.921563" lon="-117.113820">
        <ele>1788.0</ele>
        <time>2026-08-01T19:47:35Z</time>
      </trkpt>
      <trkpt lat="47.921448" lon="-117.113893">
        <ele>1786.0</ele>
        <time>2026-08-01T19:47:45Z</time>
      </trkpt>
      <trkpt lat="47.921316" lon="-117.114008">
        <ele>1787.0</ele>
        <time>2026-08-01T19:47:58Z</time>
      </trkpt>
      <trkpt lat="47.921040" lon="-117.114362">
        <ele>1775.0</ele>
        <time>2026-08-01T19:48:41Z</time>
      </trkpt>
      <trkpt lat="47.921014" lon="-117.114428">
        <ele>1786.0</ele>
        <time>2026-08-01T19:48:57Z</time>
      </trkpt>
      <trkpt lat="47.921011" lon="-117.114479">
        <ele>1782.0</ele>
        <time>2026-08-01T19:49:02Z</time>
      </trkpt>
      <trkpt lat="47.920974" lon="-117.114469">
        <ele>1785.0</ele>
        <time>2026-08-01T19:49:07Z</time>
      </trkpt>
      <trkpt lat="47.920890" lon="-117.114348">
        <ele>1782.0</ele>
        <time>2026-08-01T19:49:22Z</time>
      </trkpt>
      <trkpt lat="47.920909" lon="-117.114277">
        <ele>1786.0</ele>
        <time>2026-08-01T19:49:29Z</time>
      </trkpt>
      <trkpt lat="47.920962" lon="-117.114215">
        <ele>1785.0</ele>
        <time>2026-08-01T19:49:35Z</time>
      </trkpt>
      <trkpt lat="47.921112" lon="-117.114142">
        <ele>1784.0</ele>
        <time>2026-08-01T19:49:49Z</time>
      </trkpt>
      <trkpt lat="47.921156" lon="-117.114134">
        <ele>1785.0</ele>
        <time>2026-08-01T19:49:56Z</time>
      </trkpt>
      <trkpt lat="47.921471" lon="-117.113878">
        <ele>1786.0</ele>
        <time>2026-08-01T19:50:25Z</time>
      </trkpt>
      <trkpt lat="47.921499" lon="-117.113867">
        <ele>1786.0</ele>
        <time>2026-08-01T19:50:27Z</time>
      </trkpt>
      <trkpt lat="47.921617" lon="-117.113782">
        <ele>1785.0</ele>
        <time>2026-08-01T19:50:38Z</time>
      </trkpt>
      <trkpt lat="47.921709" lon="-117.113671">
        <ele>1788.0</ele>
        <time>2026-08-01T19:50:50Z</time>
      </trkpt>
      <trkpt lat="47.921903" lon="-117.113573">
        <ele>1785.0</ele>
        <time>2026-08-01T19:51:06Z</time>
      </trkpt>
      <trkpt lat="47.922059" lon="-117.113445">
        <ele>1787.0</ele>
        <time>2026-08-01T19:51:20Z</time>
      </trkpt>
      <trkpt lat="47.922543" lon="-117.113174">
        <ele>1783.0</ele>
        <time>2026-08-01T19:52:03Z</time>
      </trkpt>
      <trkpt lat="47.922633" lon="-117.113112">
        <ele>1782.0</ele>
        <time>2026-08-01T19:52:12Z</time>
      </trkpt>
      <trkpt lat="47.922650" lon="-117.113083">
        <ele>1784.0</ele>
        <time>2026-08-01T19:52:14Z</time>
      </trkpt>
      <trkpt lat="47.922709" lon="-117.113036">
        <ele>1782.0</ele>
        <time>2026-08-01T19:52:19Z</time>
      </trkpt>
      <trkpt lat="47.922728" lon="-117.113008">
        <ele>1780.0</ele>
        <time>2026-08-01T19:52:22Z</time>
      </trkpt>
      <trkpt lat="47.922870" lon="-117.112912">
        <ele>1784.0</ele>
        <time>2026-08-01T19:52:35Z</time>
      </trkpt>
      <trkpt lat="47.922900" lon="-117.112899">
        <ele>1779.0</ele>
        <time>2026-08-01T19:52:57Z</time>
      </trkpt>
      <trkpt lat="47.922936" lon="-117.112930">
        <ele>1782.0</ele>
        <time>2026-08-01T19:53:34Z</time>
      </trkpt>
      <trkpt lat="47.922959" lon="-117.112879">
        <ele>1784.0</ele>
        <time>2026-08-01T19:53:45Z</time>
      </trkpt>
      <trkpt lat="47.923000" lon="-117.112835">
        <ele>1783.0</ele>
        <time>2026-08-01T19:53:50Z</time>
      </trkpt>
      <trkpt lat="47.923050" lon="-117.112809">
        <ele>1782.0</ele>
        <time>2026-08-01T19:53:55Z</time>
      </trkpt>
      <trkpt lat="47.923071" lon="-117.112782">
        <ele>1782.0</ele>
        <time>2026-08-01T19:53:58Z</time>
      </trkpt>
      <trkpt lat="47.923128" lon="-117.112748">
        <ele>1782.0</ele>
        <time>2026-08-01T19:54:09Z</time>
      </trkpt>
      <trkpt lat="47.923198" lon="-117.112740">
        <ele>1782.0</ele>
        <time>2026-08-01T19:54:16Z</time>
      </trkpt>
      <trkpt lat="47.923273" lon="-117.112754">
        <ele>1784.0</ele>
        <time>2026-08-01T19:54:23Z</time>
      </trkpt>
      <trkpt lat="47.923351" lon="-117.112756">
        <ele>1784.0</ele>
        <time>2026-08-01T19:54:31Z</time>
      </trkpt>
      <trkpt lat="47.923455" lon="-117.112724">
        <ele>1785.0</ele>
        <time>2026-08-01T19:54:41Z</time>
      </trkpt>
      <trkpt lat="47.923514" lon="-117.112675">
        <ele>1785.0</ele>
        <time>2026-08-01T19:54:49Z</time>
      </trkpt>
      <trkpt lat="47.923588" lon="-117.112522">
        <ele>1788.0</ele>
        <time>2026-08-01T19:55:05Z</time>
      </trkpt>
      <trkpt lat="47.923592" lon="-117.112261">
        <ele>1790.0</ele>
        <time>2026-08-01T19:55:30Z</time>
      </trkpt>
      <trkpt lat="47.923568" lon="-117.112242">
        <ele>1790.0</ele>
        <time>2026-08-01T19:55:40Z</time>
      </trkpt>
      <trkpt lat="47.923595" lon="-117.112259">
        <ele>1790.0</ele>
        <time>2026-08-01T19:55:54Z</time>
      </trkpt>
      <trkpt lat="47.923632" lon="-117.112256">
        <ele>1788.0</ele>
        <time>2026-08-01T19:55:59Z</time>
      </trkpt>
      <trkpt lat="47.923676" lon="-117.112199">
        <ele>1791.0</ele>
        <time>2026-08-01T19:56:26Z</time>
      </trkpt>
      <trkpt lat="47.923660" lon="-117.112194">
        <ele>1791.0</ele>
        <time>2026-08-01T19:56:44Z</time>
      </trkpt>
      <trkpt lat="47.923674" lon="-117.112152">
        <ele>1788.0</ele>
        <time>2026-08-01T19:56:51Z</time>
      </trkpt>
      <trkpt lat="47.923719" lon="-117.112149">
        <ele>1788.0</ele>
        <time>2026-08-01T19:57:18Z</time>
      </trkpt>
      <trkpt lat="47.923663" lon="-117.112225">
        <ele>1790.0</ele>
        <time>2026-08-01T20:00:23Z</time>
      </trkpt>
      <trkpt lat="47.923652" lon="-117.112271">
        <ele>1792.0</ele>
        <time>2026-08-01T20:00:29Z</time>
      </trkpt>
      <trkpt lat="47.923631" lon="-117.112298">
        <ele>1791.0</ele>
        <time>2026-08-01T20:00:33Z</time>
      </trkpt>
      <trkpt lat="47.923631" lon="-117.112344">
        <ele>1791.0</ele>
        <time>2026-08-01T20:00:36Z</time>
      </trkpt>
      <trkpt lat="47.923596" lon="-117.112495">
        <ele>1788.0</ele>
        <time>2026-08-01T20:00:46Z</time>
      </trkpt>
      <trkpt lat="47.923577" lon="-117.112528">
        <ele>1788.0</ele>
        <time>2026-08-01T20:00:49Z</time>
      </trkpt>
      <trkpt lat="47.923548" lon="-117.112631">
        <ele>1786.0</ele>
        <time>2026-08-01T20:00:56Z</time>
      </trkpt>
      <trkpt lat="47.923506" lon="-117.112702">
        <ele>1785.0</ele>
        <time>2026-08-01T20:01:02Z</time>
      </trkpt>
      <trkpt lat="47.923410" lon="-117.112753">
        <ele>1785.0</ele>
        <time>2026-08-01T20:01:10Z</time>
      </trkpt>
      <trkpt lat="47.923363" lon="-117.112768">
        <ele>1786.5</ele>
        <time>2026-08-01T20:01:14Z</time>
      </trkpt>
      <trkpt lat="47.923242" lon="-117.112755">
        <ele>1783.0</ele>
        <time>2026-08-01T20:01:23Z</time>
      </trkpt>
      <trkpt lat="47.923134" lon="-117.112761">
        <ele>1782.0</ele>
        <time>2026-08-01T20:01:32Z</time>
      </trkpt>
      <trkpt lat="47.923068" lon="-117.112795">
        <ele>1784.0</ele>
        <time>2026-08-01T20:01:37Z</time>
      </trkpt>
      <trkpt lat="47.922964" lon="-117.112829">
        <ele>1783.0</ele>
        <time>2026-08-01T20:01:47Z</time>
      </trkpt>
      <trkpt lat="47.922843" lon="-117.112907">
        <ele>1782.0</ele>
        <time>2026-08-01T20:01:58Z</time>
      </trkpt>
      <trkpt lat="47.922727" lon="-117.112906">
        <ele>1782.0</ele>
        <time>2026-08-01T20:02:07Z</time>
      </trkpt>
      <trkpt lat="47.922683" lon="-117.112919">
        <ele>1778.0</ele>
        <time>2026-08-01T20:02:12Z</time>
      </trkpt>
      <trkpt lat="47.922694" lon="-117.112948">
        <ele>1781.0</ele>
        <time>2026-08-01T20:03:12Z</time>
      </trkpt>
      <trkpt lat="47.922644" lon="-117.112935">
        <ele>1782.0</ele>
        <time>2026-08-01T20:03:29Z</time>
      </trkpt>
      <trkpt lat="47.922618" lon="-117.112900">
        <ele>1781.0</ele>
        <time>2026-08-01T20:03:32Z</time>
      </trkpt>
      <trkpt lat="47.922505" lon="-117.112866">
        <ele>1779.0</ele>
        <time>2026-08-01T20:03:43Z</time>
      </trkpt>
      <trkpt lat="47.922426" lon="-117.112860">
        <ele>1779.0</ele>
        <time>2026-08-01T20:03:49Z</time>
      </trkpt>
      <trkpt lat="47.922216" lon="-117.112875">
        <ele>1779.0</ele>
        <time>2026-08-01T20:04:06Z</time>
      </trkpt>
      <trkpt lat="47.922099" lon="-117.112902">
        <ele>1779.0</ele>
        <time>2026-08-01T20:04:15Z</time>
      </trkpt>
      <trkpt lat="47.922024" lon="-117.112907">
        <ele>1779.0</ele>
        <time>2026-08-01T20:04:21Z</time>
      </trkpt>
      <trkpt lat="47.921950" lon="-117.112938">
        <ele>1779.0</ele>
        <time>2026-08-01T20:04:27Z</time>
      </trkpt>
      <trkpt lat="47.921876" lon="-117.112942">
        <ele>1776.0</ele>
        <time>2026-08-01T20:04:33Z</time>
      </trkpt>
      <trkpt lat="47.921424" lon="-117.113044">
        <ele>1774.0</ele>
        <time>2026-08-01T20:05:09Z</time>
      </trkpt>
      <trkpt lat="47.921142" lon="-117.113079">
        <ele>1772.0</ele>
        <time>2026-08-01T20:05:33Z</time>
      </trkpt>
      <trkpt lat="47.921110" lon="-117.113094">
        <ele>1772.0</ele>
        <time>2026-08-01T20:05:35Z</time>
      </trkpt>
      <trkpt lat="47.921045" lon="-117.113089">
        <ele>1771.0</ele>
        <time>2026-08-01T20:05:41Z</time>
      </trkpt>
      <trkpt lat="47.920975" lon="-117.113107">
        <ele>1770.0</ele>
        <time>2026-08-01T20:05:46Z</time>
      </trkpt>
      <trkpt lat="47.920897" lon="-117.113115">
        <ele>1770.0</ele>
        <time>2026-08-01T20:05:53Z</time>
      </trkpt>
      <trkpt lat="47.920600" lon="-117.113206">
        <ele>1770.0</ele>
        <time>2026-08-01T20:06:17Z</time>
      </trkpt>
      <trkpt lat="47.920497" lon="-117.113260">
        <ele>1767.0</ele>
        <time>2026-08-01T20:06:26Z</time>
      </trkpt>
      <trkpt lat="47.920324" lon="-117.113373">
        <ele>1769.4</ele>
        <time>2026-08-01T20:06:41Z</time>
      </trkpt>
      <trkpt lat="47.920144" lon="-117.113593">
        <ele>1768.0</ele>
        <time>2026-08-01T20:06:59Z</time>
      </trkpt>
      <trkpt lat="47.920057" lon="-117.113756">
        <ele>1764.0</ele>
        <time>2026-08-01T20:07:11Z</time>
      </trkpt>
      <trkpt lat="47.919953" lon="-117.113999">
        <ele>1764.0</ele>
        <time>2026-08-01T20:07:26Z</time>
      </trkpt>
      <trkpt lat="47.919903" lon="-117.114149">
        <ele>1763.0</ele>
        <time>2026-08-01T20:07:35Z</time>
      </trkpt>
      <trkpt lat="47.919849" lon="-117.114567">
        <ele>1761.0</ele>
        <time>2026-08-01T20:07:58Z</time>
      </trkpt>
      <trkpt lat="47.919865" lon="-117.115019">
        <ele>1761.0</ele>
        <time>2026-08-01T20:08:22Z</time>
      </trkpt>
      <trkpt lat="47.919883" lon="-117.115092">
        <ele>1760.0</ele>
        <time>2026-08-01T20:08:26Z</time>
      </trkpt>
      <trkpt lat="47.919899" lon="-117.115243">
        <ele>1758.0</ele>
        <time>2026-08-01T20:08:34Z</time>
      </trkpt>
      <trkpt lat="47.920000" lon="-117.115729">
        <ele>1754.0</ele>
        <time>2026-08-01T20:09:00Z</time>
      </trkpt>
      <trkpt lat="47.920125" lon="-117.116097">
        <ele>1754.0</ele>
        <time>2026-08-01T20:09:22Z</time>
      </trkpt>
      <trkpt lat="47.920155" lon="-117.116156">
        <ele>1754.0</ele>
        <time>2026-08-01T20:09:26Z</time>
      </trkpt>
      <trkpt lat="47.920236" lon="-117.116274">
        <ele>1752.0</ele>
        <time>2026-08-01T20:09:35Z</time>
      </trkpt>
      <trkpt lat="47.920349" lon="-117.116413">
        <ele>1752.0</ele>
        <time>2026-08-01T20:09:47Z</time>
      </trkpt>
      <trkpt lat="47.920693" lon="-117.116575">
        <ele>1749.0</ele>
        <time>2026-08-01T20:10:15Z</time>
      </trkpt>
      <trkpt lat="47.920869" lon="-117.116608">
        <ele>1749.0</ele>
        <time>2026-08-01T20:10:30Z</time>
      </trkpt>
      <trkpt lat="47.920961" lon="-117.116639">
        <ele>1748.0</ele>
        <time>2026-08-01T20:10:37Z</time>
      </trkpt>
      <trkpt lat="47.921000" lon="-117.116629">
        <ele>1749.0</ele>
        <time>2026-08-01T20:10:41Z</time>
      </trkpt>
      <trkpt lat="47.921304" lon="-117.116652">
        <ele>1746.0</ele>
        <time>2026-08-01T20:11:04Z</time>
      </trkpt>
      <trkpt lat="47.921486" lon="-117.116624">
        <ele>1746.0</ele>
        <time>2026-08-01T20:11:19Z</time>
      </trkpt>
      <trkpt lat="47.921690" lon="-117.116630">
        <ele>1743.0</ele>
        <time>2026-08-01T20:11:37Z</time>
      </trkpt>
      <trkpt lat="47.921854" lon="-117.116601">
        <ele>1743.0</ele>
        <time>2026-08-01T20:11:52Z</time>
      </trkpt>
      <trkpt lat="47.921926" lon="-117.116605">
        <ele>1743.0</ele>
        <time>2026-08-01T20:11:58Z</time>
      </trkpt>
      <trkpt lat="47.922002" lon="-117.116578">
        <ele>1743.0</ele>
        <time>2026-08-01T20:12:04Z</time>
      </trkpt>
      <trkpt lat="47.922176" lon="-117.116597">
        <ele>1742.0</ele>
        <time>2026-08-01T20:12:18Z</time>
      </trkpt>
      <trkpt lat="47.922328" lon="-117.116584">
        <ele>1742.6</ele>
        <time>2026-08-01T20:12:31Z</time>
      </trkpt>
      <trkpt lat="47.922524" lon="-117.116518">
        <ele>1740.0</ele>
        <time>2026-08-01T20:12:47Z</time>
      </trkpt>
      <trkpt lat="47.922595" lon="-117.116509">
        <ele>1737.0</ele>
        <time>2026-08-01T20:12:53Z</time>
      </trkpt>
      <trkpt lat="47.922749" lon="-117.116449">
        <ele>1735.0</ele>
        <time>2026-08-01T20:13:06Z</time>
      </trkpt>
      <trkpt lat="47.922785" lon="-117.116444">
        <ele>1735.0</ele>
        <time>2026-08-01T20:13:09Z</time>
      </trkpt>
      <trkpt lat="47.922873" lon="-117.116400">
        <ele>1736.0</ele>
        <time>2026-08-01T20:13:16Z</time>
      </trkpt>
      <trkpt lat="47.922997" lon="-117.116364">
        <ele>1734.0</ele>
        <time>2026-08-01T20:13:27Z</time>
      </trkpt>
      <trkpt lat="47.923229" lon="-117.116257">
        <ele>1734.0</ele>
        <time>2026-08-01T20:13:47Z</time>
      </trkpt>
      <trkpt lat="47.923451" lon="-117.116169">
        <ele>1734.0</ele>
        <time>2026-08-01T20:14:06Z</time>
      </trkpt>
      <trkpt lat="47.923505" lon="-117.116157">
        <ele>1731.0</ele>
        <time>2026-08-01T20:14:11Z</time>
      </trkpt>
      <trkpt lat="47.923669" lon="-117.116065">
        <ele>1731.0</ele>
        <time>2026-08-01T20:14:26Z</time>
      </trkpt>
      <trkpt lat="47.923889" lon="-117.115848">
        <ele>1731.0</ele>
        <time>2026-08-01T20:14:48Z</time>
      </trkpt>
      <trkpt lat="47.923956" lon="-117.115729">
        <ele>1732.0</ele>
        <time>2026-08-01T20:14:56Z</time>
      </trkpt>
      <trkpt lat="47.924004" lon="-117.115676">
        <ele>1732.0</ele>
        <time>2026-08-01T20:15:01Z</time>
      </trkpt>
      <trkpt lat="47.924034" lon="-117.115663">
        <ele>1731.0</ele>
        <time>2026-08-01T20:15:04Z</time>
      </trkpt>
      <trkpt lat="47.924067" lon="-117.115685">
        <ele>1730.0</ele>
        <time>2026-08-01T20:15:06Z</time>
      </trkpt>
      <trkpt lat="47.924085" lon="-117.115714">
        <ele>1730.0</ele>
        <time>2026-08-01T20:15:08Z</time>
      </trkpt>
      <trkpt lat="47.924093" lon="-117.115753">
        <ele>1729.0</ele>
        <time>2026-08-01T20:15:10Z</time>
      </trkpt>
      <trkpt lat="47.924065" lon="-117.115877">
        <ele>1727.0</ele>
        <time>2026-08-01T20:15:16Z</time>
      </trkpt>
      <trkpt lat="47.923676" lon="-117.116377">
        <ele>1724.0</ele>
        <time>2026-08-01T20:15:57Z</time>
      </trkpt>
      <trkpt lat="47.923587" lon="-117.116526">
        <ele>1726.0</ele>
        <time>2026-08-01T20:16:08Z</time>
      </trkpt>
      <trkpt lat="47.923503" lon="-117.116629">
        <ele>1724.0</ele>
        <time>2026-08-01T20:16:16Z</time>
      </trkpt>
      <trkpt lat="47.923487" lon="-117.116665">
        <ele>1724.0</ele>
        <time>2026-08-01T20:16:18Z</time>
      </trkpt>
      <trkpt lat="47.923360" lon="-117.116817">
        <ele>1722.0</ele>
        <time>2026-08-01T20:16:31Z</time>
      </trkpt>
      <trkpt lat="47.923308" lon="-117.116861">
        <ele>1720.0</ele>
        <time>2026-08-01T20:16:36Z</time>
      </trkpt>
      <trkpt lat="47.923142" lon="-117.117046">
        <ele>1720.0</ele>
        <time>2026-08-01T20:16:54Z</time>
      </trkpt>
      <trkpt lat="47.923097" lon="-117.117113">
        <ele>1718.0</ele>
        <time>2026-08-01T20:16:59Z</time>
      </trkpt>
      <trkpt lat="47.923039" lon="-117.117161">
        <ele>1716.0</ele>
        <time>2026-08-01T20:17:05Z</time>
      </trkpt>
      <trkpt lat="47.922914" lon="-117.117305">
        <ele>1716.0</ele>
        <time>2026-08-01T20:17:18Z</time>
      </trkpt>
      <trkpt lat="47.922830" lon="-117.117375">
        <ele>1715.0</ele>
        <time>2026-08-01T20:17:26Z</time>
      </trkpt>
      <trkpt lat="47.922549" lon="-117.117652">
        <ele>1715.0</ele>
        <time>2026-08-01T20:17:54Z</time>
      </trkpt>
      <trkpt lat="47.922519" lon="-117.117663">
        <ele>1713.0</ele>
        <time>2026-08-01T20:17:57Z</time>
      </trkpt>
      <trkpt lat="47.922331" lon="-117.117803">
        <ele>1713.0</ele>
        <time>2026-08-01T20:18:14Z</time>
      </trkpt>
      <trkpt lat="47.922170" lon="-117.117883">
        <ele>1710.0</ele>
        <time>2026-08-01T20:18:27Z</time>
      </trkpt>
      <trkpt lat="47.921806" lon="-117.118143">
        <ele>1704.0</ele>
        <time>2026-08-01T20:19:01Z</time>
      </trkpt>
      <trkpt lat="47.921745" lon="-117.118171">
        <ele>1706.0</ele>
        <time>2026-08-01T20:19:06Z</time>
      </trkpt>
      <trkpt lat="47.921630" lon="-117.118281">
        <ele>1704.0</ele>
        <time>2026-08-01T20:19:18Z</time>
      </trkpt>
      <trkpt lat="47.921565" lon="-117.118310">
        <ele>1704.0</ele>
        <time>2026-08-01T20:19:24Z</time>
      </trkpt>
      <trkpt lat="47.921450" lon="-117.118383">
        <ele>1704.0</ele>
        <time>2026-08-01T20:19:38Z</time>
      </trkpt>
      <trkpt lat="47.921373" lon="-117.118407">
        <ele>1704.0</ele>
        <time>2026-08-01T20:19:44Z</time>
      </trkpt>
      <trkpt lat="47.921309" lon="-117.118462">
        <ele>1704.0</ele>
        <time>2026-08-01T20:19:50Z</time>
      </trkpt>
      <trkpt lat="47.921153" lon="-117.118562">
        <ele>1704.0</ele>
        <time>2026-08-01T20:20:04Z</time>
      </trkpt>
      <trkpt lat="47.921044" lon="-117.118607">
        <ele>1704.0</ele>
        <time>2026-08-01T20:20:13Z</time>
      </trkpt>
      <trkpt lat="47.920994" lon="-117.118608">
        <ele>1702.0</ele>
        <time>2026-08-01T20:20:16Z</time>
      </trkpt>
      <trkpt lat="47.920835" lon="-117.118677">
        <ele>1702.0</ele>
        <time>2026-08-01T20:20:30Z</time>
      </trkpt>
      <trkpt lat="47.920802" lon="-117.118670">
        <ele>1701.0</ele>
        <time>2026-08-01T20:20:33Z</time>
      </trkpt>
      <trkpt lat="47.920629" lon="-117.118727">
        <ele>1700.0</ele>
        <time>2026-08-01T20:20:46Z</time>
      </trkpt>
      <trkpt lat="47.920517" lon="-117.118778">
        <ele>1701.0</ele>
        <time>2026-08-01T20:20:56Z</time>
      </trkpt>
      <trkpt lat="47.920480" lon="-117.118771">
        <ele>1698.0</ele>
        <time>2026-08-01T20:20:59Z</time>
      </trkpt>
      <trkpt lat="47.920380" lon="-117.118794">
        <ele>1698.0</ele>
        <time>2026-08-01T20:21:07Z</time>
      </trkpt>
      <trkpt lat="47.920314" lon="-117.118833">
        <ele>1698.0</ele>
        <time>2026-08-01T20:21:12Z</time>
      </trkpt>
      <trkpt lat="47.920114" lon="-117.118844">
        <ele>1694.0</ele>
        <time>2026-08-01T20:21:28Z</time>
      </trkpt>
      <trkpt lat="47.920040" lon="-117.118857">
        <ele>1693.0</ele>
        <time>2026-08-01T20:21:34Z</time>
      </trkpt>
      <trkpt lat="47.920007" lon="-117.118874">
        <ele>1694.0</ele>
        <time>2026-08-01T20:21:36Z</time>
      </trkpt>
      <trkpt lat="47.919953" lon="-117.118868">
        <ele>1692.0</ele>
        <time>2026-08-01T20:21:41Z</time>
      </trkpt>
      <trkpt lat="47.919856" lon="-117.118887">
        <ele>1692.0</ele>
        <time>2026-08-01T20:21:49Z</time>
      </trkpt>
      <trkpt lat="47.919595" lon="-117.118888">
        <ele>1692.0</ele>
        <time>2026-08-01T20:22:10Z</time>
      </trkpt>
      <trkpt lat="47.919408" lon="-117.118806">
        <ele>1690.0</ele>
        <time>2026-08-01T20:22:26Z</time>
      </trkpt>
      <trkpt lat="47.919061" lon="-117.118687">
        <ele>1689.0</ele>
        <time>2026-08-01T20:22:56Z</time>
      </trkpt>
      <trkpt lat="47.919042" lon="-117.118662">
        <ele>1683.0</ele>
        <time>2026-08-01T20:23:02Z</time>
      </trkpt>
      <trkpt lat="47.918775" lon="-117.118508">
        <ele>1686.0</ele>
        <time>2026-08-01T20:23:28Z</time>
      </trkpt>
      <trkpt lat="47.918607" lon="-117.118350">
        <ele>1683.0</ele>
        <time>2026-08-01T20:23:45Z</time>
      </trkpt>
      <trkpt lat="47.918543" lon="-117.118270">
        <ele>1682.0</ele>
        <time>2026-08-01T20:23:51Z</time>
      </trkpt>
      <trkpt lat="47.918418" lon="-117.118054">
        <ele>1682.0</ele>
        <time>2026-08-01T20:24:06Z</time>
      </trkpt>
      <trkpt lat="47.918344" lon="-117.117955">
        <ele>1682.0</ele>
        <time>2026-08-01T20:24:14Z</time>
      </trkpt>
      <trkpt lat="47.918106" lon="-117.117500">
        <ele>1678.0</ele>
        <time>2026-08-01T20:24:46Z</time>
      </trkpt>
      <trkpt lat="47.917913" lon="-117.117005">
        <ele>1678.0</ele>
        <time>2026-08-01T20:25:17Z</time>
      </trkpt>
      <trkpt lat="47.917634" lon="-117.116340">
        <ele>1672.0</ele>
        <time>2026-08-01T20:26:01Z</time>
      </trkpt>
      <trkpt lat="47.917478" lon="-117.115840">
        <ele>1670.0</ele>
        <time>2026-08-01T20:26:31Z</time>
      </trkpt>
      <trkpt lat="47.917420" lon="-117.115583">
        <ele>1670.0</ele>
        <time>2026-08-01T20:26:45Z</time>
      </trkpt>
      <trkpt lat="47.917419" lon="-117.115514">
        <ele>1668.0</ele>
        <time>2026-08-01T20:26:49Z</time>
      </trkpt>
      <trkpt lat="47.917379" lon="-117.115403">
        <ele>1668.0</ele>
        <time>2026-08-01T20:26:55Z</time>
      </trkpt>
      <trkpt lat="47.917229" lon="-117.114511">
        <ele>1664.0</ele>
        <time>2026-08-01T20:27:45Z</time>
      </trkpt>
      <trkpt lat="47.917221" lon="-117.114404">
        <ele>1664.0</ele>
        <time>2026-08-01T20:27:51Z</time>
      </trkpt>
      <trkpt lat="47.917191" lon="-117.114262">
        <ele>1664.0</ele>
        <time>2026-08-01T20:27:59Z</time>
      </trkpt>
      <trkpt lat="47.917171" lon="-117.114231">
        <ele>1664.0</ele>
        <time>2026-08-01T20:28:01Z</time>
      </trkpt>
      <trkpt lat="47.917117" lon="-117.113897">
        <ele>1662.0</ele>
        <time>2026-08-01T20:28:20Z</time>
      </trkpt>
      <trkpt lat="47.917097" lon="-117.113639">
        <ele>1662.0</ele>
        <time>2026-08-01T20:28:34Z</time>
      </trkpt>
      <trkpt lat="47.917111" lon="-117.113067">
        <ele>1658.0</ele>
        <time>2026-08-01T20:29:06Z</time>
      </trkpt>
      <trkpt lat="47.917125" lon="-117.112993">
        <ele>1658.0</ele>
        <time>2026-08-01T20:29:11Z</time>
      </trkpt>
      <trkpt lat="47.917126" lon="-117.112877">
        <ele>1657.0</ele>
        <time>2026-08-01T20:29:17Z</time>
      </trkpt>
      <trkpt lat="47.917144" lon="-117.112734">
        <ele>1655.0</ele>
        <time>2026-08-01T20:29:27Z</time>
      </trkpt>
      <trkpt lat="47.917001" lon="-117.112659">
        <ele>1647.0</ele>
        <time>2026-08-01T20:30:25Z</time>
      </trkpt>
      <trkpt lat="47.916921" lon="-117.112651">
        <ele>1648.0</ele>
        <time>2026-08-01T20:30:32Z</time>
      </trkpt>
      <trkpt lat="47.916893" lon="-117.112630">
        <ele>1648.0</ele>
        <time>2026-08-01T20:30:36Z</time>
      </trkpt>
      <trkpt lat="47.916708" lon="-117.112735">
        <ele>1640.0</ele>
        <time>2026-08-01T20:30:57Z</time>
      </trkpt>
      <trkpt lat="47.916642" lon="-117.112739">
        <ele>1639.0</ele>
        <time>2026-08-01T20:31:06Z</time>
      </trkpt>
      <trkpt lat="47.916517" lon="-117.112695">
        <ele>1630.0</ele>
        <time>2026-08-01T20:31:28Z</time>
      </trkpt>
      <trkpt lat="47.916480" lon="-117.112702">
        <ele>1631.0</ele>
        <time>2026-08-01T20:31:34Z</time>
      </trkpt>
      <trkpt lat="47.916409" lon="-117.112638">
        <ele>1628.0</ele>
        <time>2026-08-01T20:31:48Z</time>
      </trkpt>
      <trkpt lat="47.916358" lon="-117.112610">
        <ele>1627.0</ele>
        <time>2026-08-01T20:31:55Z</time>
      </trkpt>
      <trkpt lat="47.916311" lon="-117.112617">
        <ele>1625.0</ele>
        <time>2026-08-01T20:32:03Z</time>
      </trkpt>
      <trkpt lat="47.916253" lon="-117.112601">
        <ele>1624.0</ele>
        <time>2026-08-01T20:32:12Z</time>
      </trkpt>
      <trkpt lat="47.916229" lon="-117.112653">
        <ele>1625.0</ele>
        <time>2026-08-01T20:32:21Z</time>
      </trkpt>
      <trkpt lat="47.916216" lon="-117.112735">
        <ele>1623.0</ele>
        <time>2026-08-01T20:32:27Z</time>
      </trkpt>
      <trkpt lat="47.916179" lon="-117.112771">
        <ele>1620.0</ele>
        <time>2026-08-01T20:34:43Z</time>
      </trkpt>
      <trkpt lat="47.916207" lon="-117.112721">
        <ele>1620.0</ele>
        <time>2026-08-01T20:36:00Z</time>
      </trkpt>
      <trkpt lat="47.916230" lon="-117.112639">
        <ele>1624.0</ele>
        <time>2026-08-01T20:36:17Z</time>
      </trkpt>
      <trkpt lat="47.916217" lon="-117.112590">
        <ele>1619.0</ele>
        <time>2026-08-01T20:36:52Z</time>
      </trkpt>
      <trkpt lat="47.916131" lon="-117.112584">
        <ele>1620.0</ele>
        <time>2026-08-01T20:37:04Z</time>
      </trkpt>
      <trkpt lat="47.915997" lon="-117.112558">
        <ele>1617.0</ele>
        <time>2026-08-01T20:37:19Z</time>
      </trkpt>
      <trkpt lat="47.915916" lon="-117.112525">
        <ele>1611.0</ele>
        <time>2026-08-01T20:37:29Z</time>
      </trkpt>
      <trkpt lat="47.915863" lon="-117.112473">
        <ele>1611.0</ele>
        <time>2026-08-01T20:37:36Z</time>
      </trkpt>
      <trkpt lat="47.915784" lon="-117.112423">
        <ele>1608.0</ele>
        <time>2026-08-01T20:37:45Z</time>
      </trkpt>
      <trkpt lat="47.915568" lon="-117.112358">
        <ele>1600.0</ele>
        <time>2026-08-01T20:38:09Z</time>
      </trkpt>
      <trkpt lat="47.915528" lon="-117.112315">
        <ele>1601.1</ele>
        <time>2026-08-01T20:38:15Z</time>
      </trkpt>
      <trkpt lat="47.915340" lon="-117.112253">
        <ele>1594.0</ele>
        <time>2026-08-01T20:38:36Z</time>
      </trkpt>
      <trkpt lat="47.915206" lon="-117.112249">
        <ele>1590.0</ele>
        <time>2026-08-01T20:38:52Z</time>
      </trkpt>
      <trkpt lat="47.915154" lon="-117.112227">
        <ele>1590.0</ele>
        <time>2026-08-01T20:38:59Z</time>
      </trkpt>
      <trkpt lat="47.915115" lon="-117.112201">
        <ele>1587.9</ele>
        <time>2026-08-01T20:39:05Z</time>
      </trkpt>
      <trkpt lat="47.915084" lon="-117.112156">
        <ele>1584.0</ele>
        <time>2026-08-01T20:39:11Z</time>
      </trkpt>
      <trkpt lat="47.915023" lon="-117.112116">
        <ele>1584.0</ele>
        <time>2026-08-01T20:39:21Z</time>
      </trkpt>
      <trkpt lat="47.914883" lon="-117.111969">
        <ele>1577.0</ele>
        <time>2026-08-01T20:39:49Z</time>
      </trkpt>
      <trkpt lat="47.914793" lon="-117.111918">
        <ele>1573.0</ele>
        <time>2026-08-01T20:40:22Z</time>
      </trkpt>
      <trkpt lat="47.914706" lon="-117.111846">
        <ele>1573.0</ele>
        <time>2026-08-01T20:40:39Z</time>
      </trkpt>
      <trkpt lat="47.914683" lon="-117.111817">
        <ele>1569.0</ele>
        <time>2026-08-01T20:40:44Z</time>
      </trkpt>
      <trkpt lat="47.914499" lon="-117.111674">
        <ele>1565.0</ele>
        <time>2026-08-01T20:41:31Z</time>
      </trkpt>
      <trkpt lat="47.914390" lon="-117.111563">
        <ele>1563.0</ele>
        <time>2026-08-01T20:41:52Z</time>
      </trkpt>
      <trkpt lat="47.914308" lon="-117.111500">
        <ele>1560.0</ele>
        <time>2026-08-01T20:42:05Z</time>
      </trkpt>
      <trkpt lat="47.914250" lon="-117.111408">
        <ele>1560.0</ele>
        <time>2026-08-01T20:42:17Z</time>
      </trkpt>
      <trkpt lat="47.914155" lon="-117.111366">
        <ele>1558.0</ele>
        <time>2026-08-01T20:42:31Z</time>
      </trkpt>
      <trkpt lat="47.914130" lon="-117.111342">
        <ele>1558.0</ele>
        <time>2026-08-01T20:42:35Z</time>
      </trkpt>
      <trkpt lat="47.914103" lon="-117.111277">
        <ele>1556.0</ele>
        <time>2026-08-01T20:42:42Z</time>
      </trkpt>
      <trkpt lat="47.914066" lon="-117.111275">
        <ele>1551.0</ele>
        <time>2026-08-01T20:42:56Z</time>
      </trkpt>
      <trkpt lat="47.914054" lon="-117.111251">
        <ele>1557.0</ele>
        <time>2026-08-01T20:43:02Z</time>
      </trkpt>
      <trkpt lat="47.913962" lon="-117.111200">
        <ele>1552.0</ele>
        <time>2026-08-01T20:43:17Z</time>
      </trkpt>
      <trkpt lat="47.913888" lon="-117.111197">
        <ele>1548.0</ele>
        <time>2026-08-01T20:43:28Z</time>
      </trkpt>
      <trkpt lat="47.913832" lon="-117.111224">
        <ele>1552.0</ele>
        <time>2026-08-01T20:43:37Z</time>
      </trkpt>
      <trkpt lat="47.913804" lon="-117.111250">
        <ele>1551.0</ele>
        <time>2026-08-01T20:43:41Z</time>
      </trkpt>
      <trkpt lat="47.913790" lon="-117.111279">
        <ele>1552.0</ele>
        <time>2026-08-01T20:43:44Z</time>
      </trkpt>
      <trkpt lat="47.913791" lon="-117.111351">
        <ele>1552.0</ele>
        <time>2026-08-01T20:43:50Z</time>
      </trkpt>
      <trkpt lat="47.913779" lon="-117.111402">
        <ele>1552.0</ele>
        <time>2026-08-01T20:43:55Z</time>
      </trkpt>
      <trkpt lat="47.913676" lon="-117.111656">
        <ele>1550.0</ele>
        <time>2026-08-01T20:44:23Z</time>
      </trkpt>
      <trkpt lat="47.913583" lon="-117.111840">
        <ele>1554.0</ele>
        <time>2026-08-01T20:44:42Z</time>
      </trkpt>
      <trkpt lat="47.913571" lon="-117.111918">
        <ele>1554.0</ele>
        <time>2026-08-01T20:44:47Z</time>
      </trkpt>
      <trkpt lat="47.913593" lon="-117.112043">
        <ele>1554.0</ele>
        <time>2026-08-01T20:44:52Z</time>
      </trkpt>
      <trkpt lat="47.913562" lon="-117.112123">
        <ele>1554.0</ele>
        <time>2026-08-01T20:44:58Z</time>
      </trkpt>
      <trkpt lat="47.913468" lon="-117.112259">
        <ele>1556.0</ele>
        <time>2026-08-01T20:45:11Z</time>
      </trkpt>
      <trkpt lat="47.913455" lon="-117.112297">
        <ele>1556.0</ele>
        <time>2026-08-01T20:45:15Z</time>
      </trkpt>
      <trkpt lat="47.913379" lon="-117.112389">
        <ele>1557.0</ele>
        <time>2026-08-01T20:45:25Z</time>
      </trkpt>
      <trkpt lat="47.913322" lon="-117.112431">
        <ele>1558.0</ele>
        <time>2026-08-01T20:45:30Z</time>
      </trkpt>
      <trkpt lat="47.913246" lon="-117.112466">
        <ele>1556.0</ele>
        <time>2026-08-01T20:45:37Z</time>
      </trkpt>
      <trkpt lat="47.913093" lon="-117.112414">
        <ele>1557.0</ele>
        <time>2026-08-01T20:45:52Z</time>
      </trkpt>
      <trkpt lat="47.913021" lon="-117.112538">
        <ele>1556.0</ele>
        <time>2026-08-01T20:46:06Z</time>
      </trkpt>
      <trkpt lat="47.912967" lon="-117.112596">
        <ele>1556.0</ele>
        <time>2026-08-01T20:46:08Z</time>
      </trkpt>
      <trkpt lat="47.912942" lon="-117.112670">
        <ele>1556.0</ele>
        <time>2026-08-01T20:46:12Z</time>
      </trkpt>
      <trkpt lat="47.912922" lon="-117.112699">
        <ele>1556.0</ele>
        <time>2026-08-01T20:46:15Z</time>
      </trkpt>
      <trkpt lat="47.912852" lon="-117.112709">
        <ele>1556.0</ele>
        <time>2026-08-01T20:46:20Z</time>
      </trkpt>
      <trkpt lat="47.912787" lon="-117.112640">
        <ele>1556.0</ele>
        <time>2026-08-01T20:46:30Z</time>
      </trkpt>
      <trkpt lat="47.912698" lon="-117.112583">
        <ele>1556.0</ele>
        <time>2026-08-01T20:46:35Z</time>
      </trkpt>
      <trkpt lat="47.912652" lon="-117.112484">
        <ele>1554.0</ele>
        <time>2026-08-01T20:46:43Z</time>
      </trkpt>
      <trkpt lat="47.912629" lon="-117.112359">
        <ele>1554.0</ele>
        <time>2026-08-01T20:46:55Z</time>
      </trkpt>
      <trkpt lat="47.912607" lon="-117.112394">
        <ele>1554.0</ele>
        <time>2026-08-01T20:47:09Z</time>
      </trkpt>
      <trkpt lat="47.912577" lon="-117.112398">
        <ele>1556.0</ele>
        <time>2026-08-01T20:47:31Z</time>
      </trkpt>
      <trkpt lat="47.912604" lon="-117.112384">
        <ele>1556.0</ele>
        <time>2026-08-01T20:48:00Z</time>
      </trkpt>
      <trkpt lat="47.912599" lon="-117.112343">
        <ele>1558.0</ele>
        <time>2026-08-01T20:48:10Z</time>
      </trkpt>
      <trkpt lat="47.912545" lon="-117.112374">
        <ele>1553.0</ele>
        <time>2026-08-01T20:49:12Z</time>
      </trkpt>
      <trkpt lat="47.912566" lon="-117.112407">
        <ele>1557.0</ele>
        <time>2026-08-01T20:50:32Z</time>
      </trkpt>
      <trkpt lat="47.912607" lon="-117.112372">
        <ele>1557.0</ele>
        <time>2026-08-01T20:50:50Z</time>
      </trkpt>
      <trkpt lat="47.912615" lon="-117.112329">
        <ele>1557.7</ele>
        <time>2026-08-01T20:50:52Z</time>
      </trkpt>
      <trkpt lat="47.912676" lon="-117.112234">
        <ele>1556.0</ele>
        <time>2026-08-01T20:51:00Z</time>
      </trkpt>
      <trkpt lat="47.912778" lon="-117.112198">
        <ele>1556.0</ele>
        <time>2026-08-01T20:51:10Z</time>
      </trkpt>
      <trkpt lat="47.912817" lon="-117.112212">
        <ele>1553.0</ele>
        <time>2026-08-01T20:51:20Z</time>
      </trkpt>
      <trkpt lat="47.912816" lon="-117.112250">
        <ele>1552.4</ele>
        <time>2026-08-01T20:51:39Z</time>
      </trkpt>
      <trkpt lat="47.912814" lon="-117.112209">
        <ele>1549.0</ele>
        <time>2026-08-01T20:52:05Z</time>
      </trkpt>
      <trkpt lat="47.912722" lon="-117.112167">
        <ele>1554.0</ele>
        <time>2026-08-01T20:52:28Z</time>
      </trkpt>
      <trkpt lat="47.912702" lon="-117.112201">
        <ele>1558.0</ele>
        <time>2026-08-01T20:52:32Z</time>
      </trkpt>
      <trkpt lat="47.912668" lon="-117.112317">
        <ele>1558.5</ele>
        <time>2026-08-01T20:52:38Z</time>
      </trkpt>
      <trkpt lat="47.912656" lon="-117.112408">
        <ele>1556.0</ele>
        <time>2026-08-01T20:52:46Z</time>
      </trkpt>
      <trkpt lat="47.912616" lon="-117.112389">
        <ele>1555.0</ele>
        <time>2026-08-01T20:52:53Z</time>
      </trkpt>
      <trkpt lat="47.912567" lon="-117.112411">
        <ele>1554.0</ele>
        <time>2026-08-01T20:53:04Z</time>
      </trkpt>
      <trkpt lat="47.912588" lon="-117.112371">
        <ele>1554.0</ele>
        <time>2026-08-01T20:55:25Z</time>
      </trkpt>
      <trkpt lat="47.912660" lon="-117.112348">
        <ele>1558.0</ele>
        <time>2026-08-01T20:57:18Z</time>
      </trkpt>
      <trkpt lat="47.912697" lon="-117.112369">
        <ele>1560.0</ele>
        <time>2026-08-01T20:57:28Z</time>
      </trkpt>
      <trkpt lat="47.912791" lon="-117.112578">
        <ele>1560.0</ele>
        <time>2026-08-01T20:57:38Z</time>
      </trkpt>
      <trkpt lat="47.912842" lon="-117.112647">
        <ele>1560.0</ele>
        <time>2026-08-01T20:57:42Z</time>
      </trkpt>
      <trkpt lat="47.912928" lon="-117.112726">
        <ele>1560.0</ele>
        <time>2026-08-01T20:57:49Z</time>
      </trkpt>
      <trkpt lat="47.912942" lon="-117.112765">
        <ele>1560.0</ele>
        <time>2026-08-01T20:57:51Z</time>
      </trkpt>
      <trkpt lat="47.912939" lon="-117.112844">
        <ele>1560.7</ele>
        <time>2026-08-01T20:57:54Z</time>
      </trkpt>
      <trkpt lat="47.912811" lon="-117.113148">
        <ele>1560.4</ele>
        <time>2026-08-01T20:58:01Z</time>
      </trkpt>
      <trkpt lat="47.912664" lon="-117.113585">
        <ele>1559.3</ele>
        <time>2026-08-01T20:58:09Z</time>
      </trkpt>
      <trkpt lat="47.912594" lon="-117.113755">
        <ele>1558.1</ele>
        <time>2026-08-01T20:58:12Z</time>
      </trkpt>
      <trkpt lat="47.912500" lon="-117.113911">
        <ele>1556.9</ele>
        <time>2026-08-01T20:58:15Z</time>
      </trkpt>
      <trkpt lat="47.912335" lon="-117.114106">
        <ele>1555.9</ele>
        <time>2026-08-01T20:58:17Z</time>
      </trkpt>
      <trkpt lat="47.912194" lon="-117.114225">
        <ele>1554.9</ele>
        <time>2026-08-01T20:58:20Z</time>
      </trkpt>
      <trkpt lat="47.911971" lon="-117.114340">
        <ele>1551.6</ele>
        <time>2026-08-01T20:58:24Z</time>
      </trkpt>
      <trkpt lat="47.911721" lon="-117.114431">
        <ele>1548.3</ele>
        <time>2026-08-01T20:58:28Z</time>
      </trkpt>
      <trkpt lat="47.911588" lon="-117.114451">
        <ele>1546.6</ele>
        <time>2026-08-01T20:58:30Z</time>
      </trkpt>
      <trkpt lat="47.911517" lon="-117.114448">
        <ele>1545.9</ele>
        <time>2026-08-01T20:58:31Z</time>
      </trkpt>
      <trkpt lat="47.911383" lon="-117.114402">
        <ele>1544.6</ele>
        <time>2026-08-01T20:58:33Z</time>
      </trkpt>
      <trkpt lat="47.911331" lon="-117.114370">
        <ele>1544.0</ele>
        <time>2026-08-01T20:58:34Z</time>
      </trkpt>
      <trkpt lat="47.911201" lon="-117.114261">
        <ele>1542.6</ele>
        <time>2026-08-01T20:58:36Z</time>
      </trkpt>
      <trkpt lat="47.911081" lon="-117.114123">
        <ele>1540.8</ele>
        <time>2026-08-01T20:58:38Z</time>
      </trkpt>
      <trkpt lat="47.911025" lon="-117.114043">
        <ele>1540.2</ele>
        <time>2026-08-01T20:58:39Z</time>
      </trkpt>
      <trkpt lat="47.910933" lon="-117.113864">
        <ele>1538.0</ele>
        <time>2026-08-01T20:58:41Z</time>
      </trkpt>
      <trkpt lat="47.910876" lon="-117.113655">
        <ele>1536.3</ele>
        <time>2026-08-01T20:58:43Z</time>
      </trkpt>
      <trkpt lat="47.910851" lon="-117.113401">
        <ele>1534.7</ele>
        <time>2026-08-01T20:58:45Z</time>
      </trkpt>
      <trkpt lat="47.910857" lon="-117.113186">
        <ele>1533.3</ele>
        <time>2026-08-01T20:58:47Z</time>
      </trkpt>
      <trkpt lat="47.910870" lon="-117.113067">
        <ele>1532.8</ele>
        <time>2026-08-01T20:58:48Z</time>
      </trkpt>
      <trkpt lat="47.910867" lon="-117.112937">
        <ele>1532.3</ele>
        <time>2026-08-01T20:58:49Z</time>
      </trkpt>
      <trkpt lat="47.910886" lon="-117.112818">
        <ele>1531.7</ele>
        <time>2026-08-01T20:58:50Z</time>
      </trkpt>
      <trkpt lat="47.910917" lon="-117.112711">
        <ele>1531.2</ele>
        <time>2026-08-01T20:58:51Z</time>
      </trkpt>
      <trkpt lat="47.910979" lon="-117.112247">
        <ele>1529.6</ele>
        <time>2026-08-01T20:58:55Z</time>
      </trkpt>
      <trkpt lat="47.910992" lon="-117.112027">
        <ele>1529.0</ele>
        <time>2026-08-01T20:58:57Z</time>
      </trkpt>
      <trkpt lat="47.910980" lon="-117.111807">
        <ele>1528.0</ele>
        <time>2026-08-01T20:58:59Z</time>
      </trkpt>
      <trkpt lat="47.910883" lon="-117.111195">
        <ele>1525.1</ele>
        <time>2026-08-01T20:59:03Z</time>
      </trkpt>
      <trkpt lat="47.910864" lon="-117.110955">
        <ele>1523.7</ele>
        <time>2026-08-01T20:59:05Z</time>
      </trkpt>
      <trkpt lat="47.910873" lon="-117.110562">
        <ele>1521.2</ele>
        <time>2026-08-01T20:59:08Z</time>
      </trkpt>
      <trkpt lat="47.910929" lon="-117.110155">
        <ele>1517.4</ele>
        <time>2026-08-01T20:59:11Z</time>
      </trkpt>
      <trkpt lat="47.911029" lon="-117.109767">
        <ele>1513.4</ele>
        <time>2026-08-01T20:59:14Z</time>
      </trkpt>
      <trkpt lat="47.911119" lon="-117.109530">
        <ele>1511.0</ele>
        <time>2026-08-01T20:59:16Z</time>
      </trkpt>
      <trkpt lat="47.911176" lon="-117.109416">
        <ele>1510.2</ele>
        <time>2026-08-01T20:59:17Z</time>
      </trkpt>
      <trkpt lat="47.911244" lon="-117.109308">
        <ele>1509.6</ele>
        <time>2026-08-01T20:59:18Z</time>
      </trkpt>
      <trkpt lat="47.911464" lon="-117.109043">
        <ele>1507.2</ele>
        <time>2026-08-01T20:59:21Z</time>
      </trkpt>
      <trkpt lat="47.911581" lon="-117.108877">
        <ele>1504.6</ele>
        <time>2026-08-01T20:59:23Z</time>
      </trkpt>
      <trkpt lat="47.911624" lon="-117.108794">
        <ele>1503.6</ele>
        <time>2026-08-01T20:59:24Z</time>
      </trkpt>
      <trkpt lat="47.911656" lon="-117.108701">
        <ele>1502.8</ele>
        <time>2026-08-01T20:59:25Z</time>
      </trkpt>
      <trkpt lat="47.911673" lon="-117.108605">
        <ele>1501.9</ele>
        <time>2026-08-01T20:59:26Z</time>
      </trkpt>
      <trkpt lat="47.911674" lon="-117.108510">
        <ele>1500.6</ele>
        <time>2026-08-01T20:59:27Z</time>
      </trkpt>
      <trkpt lat="47.911655" lon="-117.108402">
        <ele>1499.8</ele>
        <time>2026-08-01T20:59:28Z</time>
      </trkpt>
      <trkpt lat="47.911618" lon="-117.108307">
        <ele>1498.8</ele>
        <time>2026-08-01T20:59:29Z</time>
      </trkpt>
      <trkpt lat="47.911563" lon="-117.108217">
        <ele>1498.1</ele>
        <time>2026-08-01T20:59:30Z</time>
      </trkpt>
      <trkpt lat="47.911489" lon="-117.108156">
        <ele>1497.4</ele>
        <time>2026-08-01T20:59:31Z</time>
      </trkpt>
      <trkpt lat="47.911278" lon="-117.107928">
        <ele>1494.4</ele>
        <time>2026-08-01T20:59:34Z</time>
      </trkpt>
      <trkpt lat="47.911224" lon="-117.107837">
        <ele>1493.7</ele>
        <time>2026-08-01T20:59:35Z</time>
      </trkpt>
      <trkpt lat="47.911173" lon="-117.107780">
        <ele>1493.4</ele>
        <time>2026-08-01T20:59:36Z</time>
      </trkpt>
      <trkpt lat="47.910931" lon="-117.107435">
        <ele>1491.5</ele>
        <time>2026-08-01T20:59:40Z</time>
      </trkpt>
      <trkpt lat="47.910758" lon="-117.107234">
        <ele>1489.8</ele>
        <time>2026-08-01T20:59:43Z</time>
      </trkpt>
      <trkpt lat="47.910554" lon="-117.107044">
        <ele>1487.2</ele>
        <time>2026-08-01T20:59:46Z</time>
      </trkpt>
      <trkpt lat="47.910268" lon="-117.106816">
        <ele>1483.4</ele>
        <time>2026-08-01T20:59:50Z</time>
      </trkpt>
      <trkpt lat="47.910123" lon="-117.106721">
        <ele>1481.8</ele>
        <time>2026-08-01T20:59:52Z</time>
      </trkpt>
      <trkpt lat="47.910044" lon="-117.106705">
        <ele>1481.1</ele>
        <time>2026-08-01T20:59:53Z</time>
      </trkpt>
      <trkpt lat="47.909816" lon="-117.106616">
        <ele>1479.2</ele>
        <time>2026-08-01T20:59:56Z</time>
      </trkpt>
      <trkpt lat="47.909241" lon="-117.106463">
        <ele>1473.6</ele>
        <time>2026-08-01T21:00:03Z</time>
      </trkpt>
      <trkpt lat="47.909161" lon="-117.106415">
        <ele>1472.7</ele>
        <time>2026-08-01T21:00:04Z</time>
      </trkpt>
      <trkpt lat="47.908833" lon="-117.106332">
        <ele>1468.6</ele>
        <time>2026-08-01T21:00:08Z</time>
      </trkpt>
      <trkpt lat="47.908751" lon="-117.106340">
        <ele>1467.8</ele>
        <time>2026-08-01T21:00:09Z</time>
      </trkpt>
      <trkpt lat="47.908226" lon="-117.106239">
        <ele>1464.1</ele>
        <time>2026-08-01T21:00:14Z</time>
      </trkpt>
      <trkpt lat="47.908141" lon="-117.106212">
        <ele>1463.2</ele>
        <time>2026-08-01T21:00:15Z</time>
      </trkpt>
      <trkpt lat="47.908061" lon="-117.106148">
        <ele>1462.2</ele>
        <time>2026-08-01T21:00:16Z</time>
      </trkpt>
      <trkpt lat="47.907893" lon="-117.106051">
        <ele>1459.1</ele>
        <time>2026-08-01T21:00:18Z</time>
      </trkpt>
      <trkpt lat="47.907740" lon="-117.105909">
        <ele>1457.4</ele>
        <time>2026-08-01T21:00:20Z</time>
      </trkpt>
      <trkpt lat="47.907607" lon="-117.105727">
        <ele>1455.7</ele>
        <time>2026-08-01T21:00:22Z</time>
      </trkpt>
      <trkpt lat="47.907441" lon="-117.105435">
        <ele>1452.7</ele>
        <time>2026-08-01T21:00:25Z</time>
      </trkpt>
      <trkpt lat="47.907387" lon="-117.105359">
        <ele>1451.2</ele>
        <time>2026-08-01T21:00:26Z</time>
      </trkpt>
      <trkpt lat="47.907327" lon="-117.105304">
        <ele>1449.7</ele>
        <time>2026-08-01T21:00:27Z</time>
      </trkpt>
      <trkpt lat="47.907259" lon="-117.105311">
        <ele>1448.7</ele>
        <time>2026-08-01T21:00:28Z</time>
      </trkpt>
      <trkpt lat="47.907194" lon="-117.105332">
        <ele>1448.0</ele>
        <time>2026-08-01T21:00:29Z</time>
      </trkpt>
      <trkpt lat="47.907133" lon="-117.105374">
        <ele>1447.2</ele>
        <time>2026-08-01T21:00:30Z</time>
      </trkpt>
      <trkpt lat="47.907075" lon="-117.105430">
        <ele>1446.1</ele>
        <time>2026-08-01T21:00:31Z</time>
      </trkpt>
      <trkpt lat="47.906827" lon="-117.105766">
        <ele>1442.1</ele>
        <time>2026-08-01T21:00:35Z</time>
      </trkpt>
      <trkpt lat="47.906722" lon="-117.105945">
        <ele>1440.3</ele>
        <time>2026-08-01T21:00:37Z</time>
      </trkpt>
      <trkpt lat="47.906611" lon="-117.106104">
        <ele>1438.9</ele>
        <time>2026-08-01T21:00:39Z</time>
      </trkpt>
      <trkpt lat="47.906517" lon="-117.106215">
        <ele>1438.3</ele>
        <time>2026-08-01T21:00:40Z</time>
      </trkpt>
      <trkpt lat="47.906368" lon="-117.106321">
        <ele>1437.1</ele>
        <time>2026-08-01T21:00:42Z</time>
      </trkpt>
      <trkpt lat="47.906276" lon="-117.106368">
        <ele>1436.5</ele>
        <time>2026-08-01T21:00:43Z</time>
      </trkpt>
      <trkpt lat="47.906174" lon="-117.106393">
        <ele>1435.8</ele>
        <time>2026-08-01T21:00:44Z</time>
      </trkpt>
      <trkpt lat="47.905992" lon="-117.106387">
        <ele>1434.0</ele>
        <time>2026-08-01T21:00:46Z</time>
      </trkpt>
      <trkpt lat="47.905898" lon="-117.106372">
        <ele>1432.8</ele>
        <time>2026-08-01T21:00:47Z</time>
      </trkpt>
      <trkpt lat="47.905811" lon="-117.106338">
        <ele>1432.0</ele>
        <time>2026-08-01T21:00:48Z</time>
      </trkpt>
      <trkpt lat="47.905626" lon="-117.106234">
        <ele>1430.3</ele>
        <time>2026-08-01T21:00:50Z</time>
      </trkpt>
      <trkpt lat="47.905495" lon="-117.106098">
        <ele>1429.0</ele>
        <time>2026-08-01T21:00:52Z</time>
      </trkpt>
      <trkpt lat="47.905417" lon="-117.105991">
        <ele>1428.2</ele>
        <time>2026-08-01T21:00:53Z</time>
      </trkpt>
      <trkpt lat="47.905325" lon="-117.105793">
        <ele>1425.8</ele>
        <time>2026-08-01T21:00:55Z</time>
      </trkpt>
      <trkpt lat="47.905196" lon="-117.105424">
        <ele>1421.0</ele>
        <time>2026-08-01T21:00:58Z</time>
      </trkpt>
      <trkpt lat="47.904832" lon="-117.104094">
        <ele>1406.9</ele>
        <time>2026-08-01T21:01:08Z</time>
      </trkpt>
      <trkpt lat="47.904816" lon="-117.103959">
        <ele>1405.1</ele>
        <time>2026-08-01T21:01:09Z</time>
      </trkpt>
      <trkpt lat="47.904606" lon="-117.102889">
        <ele>1392.3</ele>
        <time>2026-08-01T21:01:21Z</time>
      </trkpt>
      <trkpt lat="47.904592" lon="-117.102853">
        <ele>1392.0</ele>
        <time>2026-08-01T21:01:22Z</time>
      </trkpt>
      <trkpt lat="47.904434" lon="-117.102869">
        <ele>1391.2</ele>
        <time>2026-08-01T21:01:24Z</time>
      </trkpt>
      <trkpt lat="47.904347" lon="-117.102986">
        <ele>1390.3</ele>
        <time>2026-08-01T21:01:26Z</time>
      </trkpt>
      <trkpt lat="47.904304" lon="-117.103061">
        <ele>1389.8</ele>
        <time>2026-08-01T21:01:27Z</time>
      </trkpt>
      <trkpt lat="47.904274" lon="-117.103131">
        <ele>1389.2</ele>
        <time>2026-08-01T21:01:28Z</time>
      </trkpt>
      <trkpt lat="47.904246" lon="-117.103233">
        <ele>1388.8</ele>
        <time>2026-08-01T21:01:29Z</time>
      </trkpt>
      <trkpt lat="47.904138" lon="-117.104039">
        <ele>1384.1</ele>
        <time>2026-08-01T21:01:35Z</time>
      </trkpt>
      <trkpt lat="47.903926" lon="-117.105230">
        <ele>1376.9</ele>
        <time>2026-08-01T21:01:43Z</time>
      </trkpt>
      <trkpt lat="47.903885" lon="-117.105383">
        <ele>1376.1</ele>
        <time>2026-08-01T21:01:44Z</time>
      </trkpt>
      <trkpt lat="47.903860" lon="-117.105584">
        <ele>1375.2</ele>
        <time>2026-08-01T21:01:45Z</time>
      </trkpt>
      <trkpt lat="47.903824" lon="-117.106071">
        <ele>1371.7</ele>
        <time>2026-08-01T21:01:48Z</time>
      </trkpt>
      <trkpt lat="47.903819" lon="-117.106413">
        <ele>1369.6</ele>
        <time>2026-08-01T21:01:50Z</time>
      </trkpt>
      <trkpt lat="47.903829" lon="-117.106749">
        <ele>1367.8</ele>
        <time>2026-08-01T21:01:52Z</time>
      </trkpt>
      <trkpt lat="47.903866" lon="-117.107081">
        <ele>1364.8</ele>
        <time>2026-08-01T21:01:54Z</time>
      </trkpt>
      <trkpt lat="47.903931" lon="-117.107358">
        <ele>1363.1</ele>
        <time>2026-08-01T21:01:55Z</time>
      </trkpt>
      <trkpt lat="47.903990" lon="-117.107539">
        <ele>1361.2</ele>
        <time>2026-08-01T21:01:56Z</time>
      </trkpt>
      <trkpt lat="47.904180" lon="-117.107947">
        <ele>1356.1</ele>
        <time>2026-08-01T21:01:59Z</time>
      </trkpt>
      <trkpt lat="47.904535" lon="-117.108641">
        <ele>1350.1</ele>
        <time>2026-08-01T21:02:04Z</time>
      </trkpt>
      <trkpt lat="47.904615" lon="-117.108747">
        <ele>1349.3</ele>
        <time>2026-08-01T21:02:05Z</time>
      </trkpt>
      <trkpt lat="47.904704" lon="-117.108845">
        <ele>1348.6</ele>
        <time>2026-08-01T21:02:06Z</time>
      </trkpt>
      <trkpt lat="47.904797" lon="-117.108921">
        <ele>1348.0</ele>
        <time>2026-08-01T21:02:07Z</time>
      </trkpt>
      <trkpt lat="47.904899" lon="-117.108985">
        <ele>1347.4</ele>
        <time>2026-08-01T21:02:08Z</time>
      </trkpt>
      <trkpt lat="47.905121" lon="-117.109088">
        <ele>1345.6</ele>
        <time>2026-08-01T21:02:10Z</time>
      </trkpt>
      <trkpt lat="47.905221" lon="-117.109148">
        <ele>1344.6</ele>
        <time>2026-08-01T21:02:11Z</time>
      </trkpt>
      <trkpt lat="47.905471" lon="-117.109322">
        <ele>1341.6</ele>
        <time>2026-08-01T21:02:14Z</time>
      </trkpt>
      <trkpt lat="47.905642" lon="-117.109467">
        <ele>1339.4</ele>
        <time>2026-08-01T21:02:16Z</time>
      </trkpt>
      <trkpt lat="47.905721" lon="-117.109574">
        <ele>1338.8</ele>
        <time>2026-08-01T21:02:17Z</time>
      </trkpt>
      <trkpt lat="47.905781" lon="-117.109711">
        <ele>1338.6</ele>
        <time>2026-08-01T21:02:18Z</time>
      </trkpt>
      <trkpt lat="47.905806" lon="-117.109868">
        <ele>1338.4</ele>
        <time>2026-08-01T21:02:19Z</time>
      </trkpt>
      <trkpt lat="47.905800" lon="-117.110031">
        <ele>1337.6</ele>
        <time>2026-08-01T21:02:20Z</time>
      </trkpt>
      <trkpt lat="47.905701" lon="-117.110473">
        <ele>1334.9</ele>
        <time>2026-08-01T21:02:23Z</time>
      </trkpt>
      <trkpt lat="47.905653" lon="-117.110815">
        <ele>1332.1</ele>
        <time>2026-08-01T21:02:25Z</time>
      </trkpt>
      <trkpt lat="47.905677" lon="-117.111281">
        <ele>1329.2</ele>
        <time>2026-08-01T21:02:28Z</time>
      </trkpt>
      <trkpt lat="47.905665" lon="-117.111448">
        <ele>1328.2</ele>
        <time>2026-08-01T21:02:29Z</time>
      </trkpt>
      <trkpt lat="47.905622" lon="-117.111632">
        <ele>1327.2</ele>
        <time>2026-08-01T21:02:30Z</time>
      </trkpt>
      <trkpt lat="47.905575" lon="-117.111749">
        <ele>1326.4</ele>
        <time>2026-08-01T21:02:31Z</time>
      </trkpt>
      <trkpt lat="47.905439" lon="-117.112022">
        <ele>1324.6</ele>
        <time>2026-08-01T21:02:33Z</time>
      </trkpt>
      <trkpt lat="47.905380" lon="-117.112169">
        <ele>1323.8</ele>
        <time>2026-08-01T21:02:34Z</time>
      </trkpt>
      <trkpt lat="47.905327" lon="-117.112352">
        <ele>1323.1</ele>
        <time>2026-08-01T21:02:35Z</time>
      </trkpt>
      <trkpt lat="47.905301" lon="-117.112483">
        <ele>1322.3</ele>
        <time>2026-08-01T21:02:36Z</time>
      </trkpt>
      <trkpt lat="47.905259" lon="-117.112814">
        <ele>1321.2</ele>
        <time>2026-08-01T21:02:38Z</time>
      </trkpt>
      <trkpt lat="47.905186" lon="-117.113144">
        <ele>1319.4</ele>
        <time>2026-08-01T21:02:40Z</time>
      </trkpt>
      <trkpt lat="47.905134" lon="-117.113299">
        <ele>1318.6</ele>
        <time>2026-08-01T21:02:41Z</time>
      </trkpt>
      <trkpt lat="47.905066" lon="-117.113446">
        <ele>1317.8</ele>
        <time>2026-08-01T21:02:42Z</time>
      </trkpt>
      <trkpt lat="47.904986" lon="-117.113579">
        <ele>1317.0</ele>
        <time>2026-08-01T21:02:43Z</time>
      </trkpt>
      <trkpt lat="47.904895" lon="-117.113696">
        <ele>1315.6</ele>
        <time>2026-08-01T21:02:44Z</time>
      </trkpt>
      <trkpt lat="47.904589" lon="-117.113970">
        <ele>1311.7</ele>
        <time>2026-08-01T21:02:47Z</time>
      </trkpt>
      <trkpt lat="47.904491" lon="-117.114072">
        <ele>1310.3</ele>
        <time>2026-08-01T21:02:48Z</time>
      </trkpt>
      <trkpt lat="47.904385" lon="-117.114215">
        <ele>1309.2</ele>
        <time>2026-08-01T21:02:49Z</time>
      </trkpt>
      <trkpt lat="47.904321" lon="-117.114321">
        <ele>1307.7</ele>
        <time>2026-08-01T21:02:50Z</time>
      </trkpt>
      <trkpt lat="47.904125" lon="-117.114763">
        <ele>1304.4</ele>
        <time>2026-08-01T21:02:53Z</time>
      </trkpt>
      <trkpt lat="47.904053" lon="-117.114891">
        <ele>1303.1</ele>
        <time>2026-08-01T21:02:54Z</time>
      </trkpt>
      <trkpt lat="47.903966" lon="-117.114999">
        <ele>1301.3</ele>
        <time>2026-08-01T21:02:55Z</time>
      </trkpt>
      <trkpt lat="47.903865" lon="-117.115075">
        <ele>1299.4</ele>
        <time>2026-08-01T21:02:56Z</time>
      </trkpt>
      <trkpt lat="47.903638" lon="-117.115189">
        <ele>1295.0</ele>
        <time>2026-08-01T21:02:58Z</time>
      </trkpt>
      <trkpt lat="47.903528" lon="-117.115260">
        <ele>1292.6</ele>
        <time>2026-08-01T21:02:59Z</time>
      </trkpt>
      <trkpt lat="47.903422" lon="-117.115346">
        <ele>1291.1</ele>
        <time>2026-08-01T21:03:00Z</time>
      </trkpt>
      <trkpt lat="47.903317" lon="-117.115442">
        <ele>1289.6</ele>
        <time>2026-08-01T21:03:01Z</time>
      </trkpt>
      <trkpt lat="47.903215" lon="-117.115555">
        <ele>1288.0</ele>
        <time>2026-08-01T21:03:02Z</time>
      </trkpt>
      <trkpt lat="47.903126" lon="-117.115675">
        <ele>1286.5</ele>
        <time>2026-08-01T21:03:03Z</time>
      </trkpt>
      <trkpt lat="47.903047" lon="-117.115814">
        <ele>1285.3</ele>
        <time>2026-08-01T21:03:04Z</time>
      </trkpt>
      <trkpt lat="47.903005" lon="-117.115966">
        <ele>1283.8</ele>
        <time>2026-08-01T21:03:05Z</time>
      </trkpt>
      <trkpt lat="47.902979" lon="-117.116111">
        <ele>1282.1</ele>
        <time>2026-08-01T21:03:06Z</time>
      </trkpt>
      <trkpt lat="47.902972" lon="-117.116262">
        <ele>1279.1</ele>
        <time>2026-08-01T21:03:07Z</time>
      </trkpt>
      <trkpt lat="47.902983" lon="-117.116408">
        <ele>1277.0</ele>
        <time>2026-08-01T21:03:08Z</time>
      </trkpt>
      <trkpt lat="47.903011" lon="-117.116559">
        <ele>1275.0</ele>
        <time>2026-08-01T21:03:09Z</time>
      </trkpt>
      <trkpt lat="47.903061" lon="-117.116694">
        <ele>1273.1</ele>
        <time>2026-08-01T21:03:10Z</time>
      </trkpt>
      <trkpt lat="47.903131" lon="-117.116803">
        <ele>1271.4</ele>
        <time>2026-08-01T21:03:11Z</time>
      </trkpt>
      <trkpt lat="47.903305" lon="-117.116986">
        <ele>1268.9</ele>
        <time>2026-08-01T21:03:13Z</time>
      </trkpt>
      <trkpt lat="47.903383" lon="-117.117091">
        <ele>1268.0</ele>
        <time>2026-08-01T21:03:14Z</time>
      </trkpt>
      <trkpt lat="47.903434" lon="-117.117221">
        <ele>1267.1</ele>
        <time>2026-08-01T21:03:15Z</time>
      </trkpt>
      <trkpt lat="47.903458" lon="-117.117347">
        <ele>1266.6</ele>
        <time>2026-08-01T21:03:16Z</time>
      </trkpt>
      <trkpt lat="47.903457" lon="-117.117503">
        <ele>1266.3</ele>
        <time>2026-08-01T21:03:17Z</time>
      </trkpt>
      <trkpt lat="47.903431" lon="-117.117657">
        <ele>1265.8</ele>
        <time>2026-08-01T21:03:18Z</time>
      </trkpt>
      <trkpt lat="47.903354" lon="-117.117819">
        <ele>1265.2</ele>
        <time>2026-08-01T21:03:19Z</time>
      </trkpt>
      <trkpt lat="47.903150" lon="-117.118361">
        <ele>1263.1</ele>
        <time>2026-08-01T21:03:23Z</time>
      </trkpt>
      <trkpt lat="47.903080" lon="-117.118490">
        <ele>1262.3</ele>
        <time>2026-08-01T21:03:24Z</time>
      </trkpt>
      <trkpt lat="47.902978" lon="-117.118608">
        <ele>1261.6</ele>
        <time>2026-08-01T21:03:25Z</time>
      </trkpt>
      <trkpt lat="47.902902" lon="-117.118664">
        <ele>1261.0</ele>
        <time>2026-08-01T21:03:26Z</time>
      </trkpt>
      <trkpt lat="47.902695" lon="-117.118774">
        <ele>1259.7</ele>
        <time>2026-08-01T21:03:28Z</time>
      </trkpt>
      <trkpt lat="47.902601" lon="-117.118843">
        <ele>1258.8</ele>
        <time>2026-08-01T21:03:29Z</time>
      </trkpt>
      <trkpt lat="47.902499" lon="-117.118954">
        <ele>1257.2</ele>
        <time>2026-08-01T21:03:30Z</time>
      </trkpt>
      <trkpt lat="47.902442" lon="-117.119047">
        <ele>1255.3</ele>
        <time>2026-08-01T21:03:31Z</time>
      </trkpt>
      <trkpt lat="47.902386" lon="-117.119182">
        <ele>1254.0</ele>
        <time>2026-08-01T21:03:32Z</time>
      </trkpt>
      <trkpt lat="47.902351" lon="-117.119330">
        <ele>1252.4</ele>
        <time>2026-08-01T21:03:33Z</time>
      </trkpt>
      <trkpt lat="47.902335" lon="-117.119491">
        <ele>1250.7</ele>
        <time>2026-08-01T21:03:34Z</time>
      </trkpt>
      <trkpt lat="47.902341" lon="-117.119843">
        <ele>1248.1</ele>
        <time>2026-08-01T21:03:36Z</time>
      </trkpt>
      <trkpt lat="47.902401" lon="-117.120943">
        <ele>1240.5</ele>
        <time>2026-08-01T21:03:42Z</time>
      </trkpt>
      <trkpt lat="47.902442" lon="-117.121286">
        <ele>1238.1</ele>
        <time>2026-08-01T21:03:44Z</time>
      </trkpt>
      <trkpt lat="47.902485" lon="-117.121451">
        <ele>1236.6</ele>
        <time>2026-08-01T21:03:45Z</time>
      </trkpt>
      <trkpt lat="47.902542" lon="-117.121600">
        <ele>1234.5</ele>
        <time>2026-08-01T21:03:46Z</time>
      </trkpt>
      <trkpt lat="47.902611" lon="-117.121736">
        <ele>1232.5</ele>
        <time>2026-08-01T21:03:47Z</time>
      </trkpt>
      <trkpt lat="47.902698" lon="-117.121853">
        <ele>1230.6</ele>
        <time>2026-08-01T21:03:48Z</time>
      </trkpt>
      <trkpt lat="47.902771" lon="-117.121991">
        <ele>1229.1</ele>
        <time>2026-08-01T21:03:49Z</time>
      </trkpt>
      <trkpt lat="47.902824" lon="-117.122142">
        <ele>1227.5</ele>
        <time>2026-08-01T21:03:50Z</time>
      </trkpt>
      <trkpt lat="47.902890" lon="-117.122280">
        <ele>1226.6</ele>
        <time>2026-08-01T21:03:51Z</time>
      </trkpt>
      <trkpt lat="47.903032" lon="-117.122541">
        <ele>1224.9</ele>
        <time>2026-08-01T21:03:53Z</time>
      </trkpt>
      <trkpt lat="47.903111" lon="-117.122653">
        <ele>1223.9</ele>
        <time>2026-08-01T21:03:54Z</time>
      </trkpt>
      <trkpt lat="47.903201" lon="-117.122752">
        <ele>1223.1</ele>
        <time>2026-08-01T21:03:55Z</time>
      </trkpt>
      <trkpt lat="47.903296" lon="-117.122828">
        <ele>1222.4</ele>
        <time>2026-08-01T21:03:56Z</time>
      </trkpt>
      <trkpt lat="47.903401" lon="-117.122864">
        <ele>1221.5</ele>
        <time>2026-08-01T21:03:57Z</time>
      </trkpt>
      <trkpt lat="47.903504" lon="-117.122920">
        <ele>1220.5</ele>
        <time>2026-08-01T21:03:58Z</time>
      </trkpt>
      <trkpt lat="47.903603" lon="-117.123002">
        <ele>1219.7</ele>
        <time>2026-08-01T21:03:59Z</time>
      </trkpt>
      <trkpt lat="47.903690" lon="-117.123110">
        <ele>1218.9</ele>
        <time>2026-08-01T21:04:00Z</time>
      </trkpt>
      <trkpt lat="47.903752" lon="-117.123258">
        <ele>1218.1</ele>
        <time>2026-08-01T21:04:01Z</time>
      </trkpt>
      <trkpt lat="47.903900" lon="-117.123519">
        <ele>1216.3</ele>
        <time>2026-08-01T21:04:03Z</time>
      </trkpt>
      <trkpt lat="47.903983" lon="-117.123642">
        <ele>1215.7</ele>
        <time>2026-08-01T21:04:04Z</time>
      </trkpt>
      <trkpt lat="47.904152" lon="-117.123833">
        <ele>1214.4</ele>
        <time>2026-08-01T21:04:06Z</time>
      </trkpt>
      <trkpt lat="47.904437" lon="-117.124069">
        <ele>1211.5</ele>
        <time>2026-08-01T21:04:09Z</time>
      </trkpt>
      <trkpt lat="47.904529" lon="-117.124177">
        <ele>1210.4</ele>
        <time>2026-08-01T21:04:10Z</time>
      </trkpt>
      <trkpt lat="47.904568" lon="-117.124259">
        <ele>1209.8</ele>
        <time>2026-08-01T21:04:11Z</time>
      </trkpt>
      <trkpt lat="47.904597" lon="-117.124383">
        <ele>1209.2</ele>
        <time>2026-08-01T21:04:12Z</time>
      </trkpt>
      <trkpt lat="47.904598" lon="-117.124515">
        <ele>1207.8</ele>
        <time>2026-08-01T21:04:13Z</time>
      </trkpt>
      <trkpt lat="47.904569" lon="-117.124639">
        <ele>1207.1</ele>
        <time>2026-08-01T21:04:14Z</time>
      </trkpt>
      <trkpt lat="47.904497" lon="-117.124762">
        <ele>1206.1</ele>
        <time>2026-08-01T21:04:15Z</time>
      </trkpt>
      <trkpt lat="47.904343" lon="-117.124894">
        <ele>1202.9</ele>
        <time>2026-08-01T21:04:17Z</time>
      </trkpt>
      <trkpt lat="47.904237" lon="-117.124884">
        <ele>1201.3</ele>
        <time>2026-08-01T21:04:18Z</time>
      </trkpt>
      <trkpt lat="47.904140" lon="-117.124819">
        <ele>1199.8</ele>
        <time>2026-08-01T21:04:19Z</time>
      </trkpt>
      <trkpt lat="47.904035" lon="-117.124727">
        <ele>1198.4</ele>
        <time>2026-08-01T21:04:20Z</time>
      </trkpt>
      <trkpt lat="47.903958" lon="-117.124657">
        <ele>1197.4</ele>
        <time>2026-08-01T21:04:21Z</time>
      </trkpt>
      <trkpt lat="47.903849" lon="-117.124537">
        <ele>1196.6</ele>
        <time>2026-08-01T21:04:22Z</time>
      </trkpt>
      <trkpt lat="47.903662" lon="-117.124426">
        <ele>1194.5</ele>
        <time>2026-08-01T21:04:24Z</time>
      </trkpt>
      <trkpt lat="47.903554" lon="-117.124376">
        <ele>1193.9</ele>
        <time>2026-08-01T21:04:25Z</time>
      </trkpt>
      <trkpt lat="47.903334" lon="-117.124303">
        <ele>1192.7</ele>
        <time>2026-08-01T21:04:27Z</time>
      </trkpt>
      <trkpt lat="47.903110" lon="-117.124255">
        <ele>1191.3</ele>
        <time>2026-08-01T21:04:29Z</time>
      </trkpt>
      <trkpt lat="47.902880" lon="-117.124241">
        <ele>1190.1</ele>
        <time>2026-08-01T21:04:31Z</time>
      </trkpt>
      <trkpt lat="47.902757" lon="-117.124251">
        <ele>1189.6</ele>
        <time>2026-08-01T21:04:32Z</time>
      </trkpt>
      <trkpt lat="47.902631" lon="-117.124281">
        <ele>1189.0</ele>
        <time>2026-08-01T21:04:33Z</time>
      </trkpt>
      <trkpt lat="47.902509" lon="-117.124335">
        <ele>1188.2</ele>
        <time>2026-08-01T21:04:34Z</time>
      </trkpt>
      <trkpt lat="47.902276" lon="-117.124487">
        <ele>1186.5</ele>
        <time>2026-08-01T21:04:36Z</time>
      </trkpt>
      <trkpt lat="47.902063" lon="-117.124674">
        <ele>1185.1</ele>
        <time>2026-08-01T21:04:38Z</time>
      </trkpt>
      <trkpt lat="47.901858" lon="-117.124902">
        <ele>1183.1</ele>
        <time>2026-08-01T21:04:40Z</time>
      </trkpt>
      <trkpt lat="47.901777" lon="-117.125048">
        <ele>1182.1</ele>
        <time>2026-08-01T21:04:41Z</time>
      </trkpt>
      <trkpt lat="47.901636" lon="-117.125358">
        <ele>1178.7</ele>
        <time>2026-08-01T21:04:43Z</time>
      </trkpt>
      <trkpt lat="47.901468" lon="-117.125838">
        <ele>1173.3</ele>
        <time>2026-08-01T21:04:46Z</time>
      </trkpt>
      <trkpt lat="47.901399" lon="-117.125986">
        <ele>1172.0</ele>
        <time>2026-08-01T21:04:47Z</time>
      </trkpt>
      <trkpt lat="47.901295" lon="-117.126282">
        <ele>1166.8</ele>
        <time>2026-08-01T21:04:49Z</time>
      </trkpt>
      <trkpt lat="47.901230" lon="-117.126415">
        <ele>1166.0</ele>
        <time>2026-08-01T21:04:50Z</time>
      </trkpt>
      <trkpt lat="47.901150" lon="-117.126527">
        <ele>1165.1</ele>
        <time>2026-08-01T21:04:51Z</time>
      </trkpt>
      <trkpt lat="47.901048" lon="-117.126628">
        <ele>1163.6</ele>
        <time>2026-08-01T21:04:52Z</time>
      </trkpt>
      <trkpt lat="47.900923" lon="-117.126685">
        <ele>1162.2</ele>
        <time>2026-08-01T21:04:53Z</time>
      </trkpt>
      <trkpt lat="47.900800" lon="-117.126712">
        <ele>1161.3</ele>
        <time>2026-08-01T21:04:54Z</time>
      </trkpt>
      <trkpt lat="47.900672" lon="-117.126711">
        <ele>1160.5</ele>
        <time>2026-08-01T21:04:55Z</time>
      </trkpt>
      <trkpt lat="47.900545" lon="-117.126680">
        <ele>1159.5</ele>
        <time>2026-08-01T21:04:56Z</time>
      </trkpt>
      <trkpt lat="47.900028" lon="-117.126480">
        <ele>1154.1</ele>
        <time>2026-08-01T21:05:00Z</time>
      </trkpt>
      <trkpt lat="47.899665" lon="-117.126328">
        <ele>1148.9</ele>
        <time>2026-08-01T21:05:03Z</time>
      </trkpt>
      <trkpt lat="47.899523" lon="-117.126248">
        <ele>1147.4</ele>
        <time>2026-08-01T21:05:04Z</time>
      </trkpt>
      <trkpt lat="47.899420" lon="-117.126158">
        <ele>1145.8</ele>
        <time>2026-08-01T21:05:05Z</time>
      </trkpt>
      <trkpt lat="47.899328" lon="-117.126039">
        <ele>1144.4</ele>
        <time>2026-08-01T21:05:06Z</time>
      </trkpt>
      <trkpt lat="47.899265" lon="-117.125927">
        <ele>1142.3</ele>
        <time>2026-08-01T21:05:07Z</time>
      </trkpt>
      <trkpt lat="47.899205" lon="-117.125767">
        <ele>1139.3</ele>
        <time>2026-08-01T21:05:08Z</time>
      </trkpt>
      <trkpt lat="47.899171" lon="-117.125595">
        <ele>1137.0</ele>
        <time>2026-08-01T21:05:09Z</time>
      </trkpt>
      <trkpt lat="47.899166" lon="-117.125374">
        <ele>1134.4</ele>
        <time>2026-08-01T21:05:10Z</time>
      </trkpt>
      <trkpt lat="47.899242" lon="-117.124842">
        <ele>1129.3</ele>
        <time>2026-08-01T21:05:13Z</time>
      </trkpt>
      <trkpt lat="47.899244" lon="-117.124674">
        <ele>1128.6</ele>
        <time>2026-08-01T21:05:14Z</time>
      </trkpt>
      <trkpt lat="47.899220" lon="-117.124503">
        <ele>1128.2</ele>
        <time>2026-08-01T21:05:15Z</time>
      </trkpt>
      <trkpt lat="47.899172" lon="-117.124351">
        <ele>1127.7</ele>
        <time>2026-08-01T21:05:16Z</time>
      </trkpt>
      <trkpt lat="47.899098" lon="-117.124217">
        <ele>1127.4</ele>
        <time>2026-08-01T21:05:17Z</time>
      </trkpt>
      <trkpt lat="47.898894" lon="-117.123991">
        <ele>1126.6</ele>
        <time>2026-08-01T21:05:19Z</time>
      </trkpt>
      <trkpt lat="47.898774" lon="-117.123898">
        <ele>1126.1</ele>
        <time>2026-08-01T21:05:20Z</time>
      </trkpt>
      <trkpt lat="47.898652" lon="-117.123829">
        <ele>1125.6</ele>
        <time>2026-08-01T21:05:21Z</time>
      </trkpt>
      <trkpt lat="47.898500" lon="-117.123780">
        <ele>1124.9</ele>
        <time>2026-08-01T21:05:22Z</time>
      </trkpt>
      <trkpt lat="47.898396" lon="-117.123763">
        <ele>1124.1</ele>
        <time>2026-08-01T21:05:23Z</time>
      </trkpt>
      <trkpt lat="47.898145" lon="-117.123766">
        <ele>1122.7</ele>
        <time>2026-08-01T21:05:25Z</time>
      </trkpt>
      <trkpt lat="47.898018" lon="-117.123758">
        <ele>1121.6</ele>
        <time>2026-08-01T21:05:26Z</time>
      </trkpt>
      <trkpt lat="47.897888" lon="-117.123730">
        <ele>1119.7</ele>
        <time>2026-08-01T21:05:27Z</time>
      </trkpt>
      <trkpt lat="47.897765" lon="-117.123679">
        <ele>1118.4</ele>
        <time>2026-08-01T21:05:28Z</time>
      </trkpt>
      <trkpt lat="47.897648" lon="-117.123604">
        <ele>1116.9</ele>
        <time>2026-08-01T21:05:29Z</time>
      </trkpt>
      <trkpt lat="47.897539" lon="-117.123507">
        <ele>1116.2</ele>
        <time>2026-08-01T21:05:30Z</time>
      </trkpt>
      <trkpt lat="47.897443" lon="-117.123392">
        <ele>1115.1</ele>
        <time>2026-08-01T21:05:31Z</time>
      </trkpt>
      <trkpt lat="47.897277" lon="-117.123147">
        <ele>1113.4</ele>
        <time>2026-08-01T21:05:33Z</time>
      </trkpt>
      <trkpt lat="47.897189" lon="-117.123043">
        <ele>1112.4</ele>
        <time>2026-08-01T21:05:34Z</time>
      </trkpt>
      <trkpt lat="47.897093" lon="-117.122966">
        <ele>1111.6</ele>
        <time>2026-08-01T21:05:35Z</time>
      </trkpt>
      <trkpt lat="47.896984" lon="-117.122920">
        <ele>1110.6</ele>
        <time>2026-08-01T21:05:36Z</time>
      </trkpt>
      <trkpt lat="47.896871" lon="-117.122912">
        <ele>1109.9</ele>
        <time>2026-08-01T21:05:37Z</time>
      </trkpt>
      <trkpt lat="47.896760" lon="-117.122943">
        <ele>1109.3</ele>
        <time>2026-08-01T21:05:38Z</time>
      </trkpt>
      <trkpt lat="47.896656" lon="-117.123006">
        <ele>1108.2</ele>
        <time>2026-08-01T21:05:39Z</time>
      </trkpt>
      <trkpt lat="47.896550" lon="-117.123086">
        <ele>1107.0</ele>
        <time>2026-08-01T21:05:40Z</time>
      </trkpt>
      <trkpt lat="47.896344" lon="-117.123282">
        <ele>1104.0</ele>
        <time>2026-08-01T21:05:42Z</time>
      </trkpt>
      <trkpt lat="47.896234" lon="-117.123362">
        <ele>1103.0</ele>
        <time>2026-08-01T21:05:43Z</time>
      </trkpt>
      <trkpt lat="47.896115" lon="-117.123431">
        <ele>1102.2</ele>
        <time>2026-08-01T21:05:44Z</time>
      </trkpt>
      <trkpt lat="47.895994" lon="-117.123486">
        <ele>1101.7</ele>
        <time>2026-08-01T21:05:45Z</time>
      </trkpt>
      <trkpt lat="47.895869" lon="-117.123524">
        <ele>1101.1</ele>
        <time>2026-08-01T21:05:46Z</time>
      </trkpt>
      <trkpt lat="47.895607" lon="-117.123554">
        <ele>1099.5</ele>
        <time>2026-08-01T21:05:48Z</time>
      </trkpt>
      <trkpt lat="47.895471" lon="-117.123546">
        <ele>1098.0</ele>
        <time>2026-08-01T21:05:49Z</time>
      </trkpt>
      <trkpt lat="47.895337" lon="-117.123512">
        <ele>1096.7</ele>
        <time>2026-08-01T21:05:50Z</time>
      </trkpt>
      <trkpt lat="47.895204" lon="-117.123451">
        <ele>1094.8</ele>
        <time>2026-08-01T21:05:51Z</time>
      </trkpt>
      <trkpt lat="47.894567" lon="-117.123073">
        <ele>1086.4</ele>
        <time>2026-08-01T21:05:56Z</time>
      </trkpt>
      <trkpt lat="47.894475" lon="-117.122987">
        <ele>1084.8</ele>
        <time>2026-08-01T21:05:57Z</time>
      </trkpt>
      <trkpt lat="47.894380" lon="-117.122862">
        <ele>1082.9</ele>
        <time>2026-08-01T21:05:58Z</time>
      </trkpt>
      <trkpt lat="47.894309" lon="-117.122723">
        <ele>1081.0</ele>
        <time>2026-08-01T21:05:59Z</time>
      </trkpt>
      <trkpt lat="47.894252" lon="-117.122530">
        <ele>1077.8</ele>
        <time>2026-08-01T21:06:00Z</time>
      </trkpt>
      <trkpt lat="47.894231" lon="-117.122377">
        <ele>1074.5</ele>
        <time>2026-08-01T21:06:01Z</time>
      </trkpt>
      <trkpt lat="47.894230" lon="-117.122197">
        <ele>1073.1</ele>
        <time>2026-08-01T21:06:02Z</time>
      </trkpt>
      <trkpt lat="47.894250" lon="-117.121999">
        <ele>1071.8</ele>
        <time>2026-08-01T21:06:03Z</time>
      </trkpt>
      <trkpt lat="47.894360" lon="-117.121289">
        <ele>1067.3</ele>
        <time>2026-08-01T21:06:07Z</time>
      </trkpt>
      <trkpt lat="47.894396" lon="-117.121127">
        <ele>1066.1</ele>
        <time>2026-08-01T21:06:08Z</time>
      </trkpt>
      <trkpt lat="47.894388" lon="-117.120960">
        <ele>1064.7</ele>
        <time>2026-08-01T21:06:09Z</time>
      </trkpt>
      <trkpt lat="47.894345" lon="-117.120799">
        <ele>1063.7</ele>
        <time>2026-08-01T21:06:10Z</time>
      </trkpt>
      <trkpt lat="47.894183" lon="-117.120561">
        <ele>1062.1</ele>
        <time>2026-08-01T21:06:12Z</time>
      </trkpt>
      <trkpt lat="47.894083" lon="-117.120482">
        <ele>1061.5</ele>
        <time>2026-08-01T21:06:13Z</time>
      </trkpt>
      <trkpt lat="47.893972" lon="-117.120444">
        <ele>1060.7</ele>
        <time>2026-08-01T21:06:14Z</time>
      </trkpt>
      <trkpt lat="47.893859" lon="-117.120449">
        <ele>1059.8</ele>
        <time>2026-08-01T21:06:15Z</time>
      </trkpt>
      <trkpt lat="47.893757" lon="-117.120523">
        <ele>1058.8</ele>
        <time>2026-08-01T21:06:16Z</time>
      </trkpt>
      <trkpt lat="47.893677" lon="-117.120624">
        <ele>1056.0</ele>
        <time>2026-08-01T21:06:17Z</time>
      </trkpt>
      <trkpt lat="47.893613" lon="-117.120751">
        <ele>1054.8</ele>
        <time>2026-08-01T21:06:18Z</time>
      </trkpt>
      <trkpt lat="47.893439" lon="-117.121224">
        <ele>1051.0</ele>
        <time>2026-08-01T21:06:21Z</time>
      </trkpt>
      <trkpt lat="47.893284" lon="-117.121536">
        <ele>1048.5</ele>
        <time>2026-08-01T21:06:23Z</time>
      </trkpt>
      <trkpt lat="47.893191" lon="-117.121680">
        <ele>1046.8</ele>
        <time>2026-08-01T21:06:24Z</time>
      </trkpt>
      <trkpt lat="47.893087" lon="-117.121790">
        <ele>1045.1</ele>
        <time>2026-08-01T21:06:25Z</time>
      </trkpt>
      <trkpt lat="47.892794" lon="-117.122155">
        <ele>1041.8</ele>
        <time>2026-08-01T21:06:28Z</time>
      </trkpt>
      <trkpt lat="47.892698" lon="-117.122261">
        <ele>1040.9</ele>
        <time>2026-08-01T21:06:29Z</time>
      </trkpt>
      <trkpt lat="47.892593" lon="-117.122350">
        <ele>1039.6</ele>
        <time>2026-08-01T21:06:30Z</time>
      </trkpt>
      <trkpt lat="47.892480" lon="-117.122410">
        <ele>1038.5</ele>
        <time>2026-08-01T21:06:31Z</time>
      </trkpt>
      <trkpt lat="47.892358" lon="-117.122437">
        <ele>1037.7</ele>
        <time>2026-08-01T21:06:32Z</time>
      </trkpt>
      <trkpt lat="47.892231" lon="-117.122434">
        <ele>1036.9</ele>
        <time>2026-08-01T21:06:33Z</time>
      </trkpt>
      <trkpt lat="47.891966" lon="-117.122400">
        <ele>1036.1</ele>
        <time>2026-08-01T21:06:35Z</time>
      </trkpt>
      <trkpt lat="47.891832" lon="-117.122401">
        <ele>1035.7</ele>
        <time>2026-08-01T21:06:36Z</time>
      </trkpt>
      <trkpt lat="47.891698" lon="-117.122423">
        <ele>1035.5</ele>
        <time>2026-08-01T21:06:37Z</time>
      </trkpt>
      <trkpt lat="47.891563" lon="-117.122468">
        <ele>1034.8</ele>
        <time>2026-08-01T21:06:38Z</time>
      </trkpt>
      <trkpt lat="47.891429" lon="-117.122535">
        <ele>1034.3</ele>
        <time>2026-08-01T21:06:39Z</time>
      </trkpt>
      <trkpt lat="47.891302" lon="-117.122617">
        <ele>1033.9</ele>
        <time>2026-08-01T21:06:40Z</time>
      </trkpt>
      <trkpt lat="47.891178" lon="-117.122719">
        <ele>1033.2</ele>
        <time>2026-08-01T21:06:41Z</time>
      </trkpt>
      <trkpt lat="47.891061" lon="-117.122837">
        <ele>1032.8</ele>
        <time>2026-08-01T21:06:42Z</time>
      </trkpt>
      <trkpt lat="47.890507" lon="-117.123522">
        <ele>1029.5</ele>
        <time>2026-08-01T21:06:47Z</time>
      </trkpt>
      <trkpt lat="47.890277" lon="-117.123768">
        <ele>1027.0</ele>
        <time>2026-08-01T21:06:49Z</time>
      </trkpt>
      <trkpt lat="47.890068" lon="-117.123968">
        <ele>1025.1</ele>
        <time>2026-08-01T21:06:51Z</time>
      </trkpt>
      <trkpt lat="47.889901" lon="-117.124055">
        <ele>1024.3</ele>
        <time>2026-08-01T21:06:52Z</time>
      </trkpt>
      <trkpt lat="47.889761" lon="-117.124106">
        <ele>1023.4</ele>
        <time>2026-08-01T21:06:53Z</time>
      </trkpt>
      <trkpt lat="47.889637" lon="-117.124134">
        <ele>1022.5</ele>
        <time>2026-08-01T21:06:54Z</time>
      </trkpt>
      <trkpt lat="47.889472" lon="-117.124165">
        <ele>1021.9</ele>
        <time>2026-08-01T21:06:55Z</time>
      </trkpt>
      <trkpt lat="47.888958" lon="-117.124184">
        <ele>1019.9</ele>
        <time>2026-08-01T21:06:59Z</time>
      </trkpt>
      <trkpt lat="47.888811" lon="-117.124220">
        <ele>1019.6</ele>
        <time>2026-08-01T21:07:00Z</time>
      </trkpt>
      <trkpt lat="47.888721" lon="-117.124267">
        <ele>1019.2</ele>
        <time>2026-08-01T21:07:01Z</time>
      </trkpt>
      <trkpt lat="47.888618" lon="-117.124352">
        <ele>1018.8</ele>
        <time>2026-08-01T21:07:02Z</time>
      </trkpt>
      <trkpt lat="47.888525" lon="-117.124465">
        <ele>1018.2</ele>
        <time>2026-08-01T21:07:03Z</time>
      </trkpt>
      <trkpt lat="47.888444" lon="-117.124598">
        <ele>1017.3</ele>
        <time>2026-08-01T21:07:04Z</time>
      </trkpt>
      <trkpt lat="47.888373" lon="-117.124749">
        <ele>1016.2</ele>
        <time>2026-08-01T21:07:05Z</time>
      </trkpt>
      <trkpt lat="47.888253" lon="-117.125078">
        <ele>1014.0</ele>
        <time>2026-08-01T21:07:07Z</time>
      </trkpt>
      <trkpt lat="47.888058" lon="-117.125808">
        <ele>1007.0</ele>
        <time>2026-08-01T21:07:11Z</time>
      </trkpt>
      <trkpt lat="47.888006" lon="-117.125987">
        <ele>1005.5</ele>
        <time>2026-08-01T21:07:12Z</time>
      </trkpt>
      <trkpt lat="47.887943" lon="-117.126159">
        <ele>1004.3</ele>
        <time>2026-08-01T21:07:13Z</time>
      </trkpt>
      <trkpt lat="47.887793" lon="-117.126473">
        <ele>1001.3</ele>
        <time>2026-08-01T21:07:15Z</time>
      </trkpt>
      <trkpt lat="47.887699" lon="-117.126604">
        <ele>1000.0</ele>
        <time>2026-08-01T21:07:16Z</time>
      </trkpt>
      <trkpt lat="47.887529" lon="-117.126912">
        <ele>997.6</ele>
        <time>2026-08-01T21:07:18Z</time>
      </trkpt>
      <trkpt lat="47.887144" lon="-117.127986">
        <ele>990.8</ele>
        <time>2026-08-01T21:07:24Z</time>
      </trkpt>
      <trkpt lat="47.887033" lon="-117.128321">
        <ele>988.9</ele>
        <time>2026-08-01T21:07:26Z</time>
      </trkpt>
      <trkpt lat="47.886990" lon="-117.128493">
        <ele>988.0</ele>
        <time>2026-08-01T21:07:27Z</time>
      </trkpt>
      <trkpt lat="47.886971" lon="-117.128687">
        <ele>987.1</ele>
        <time>2026-08-01T21:07:28Z</time>
      </trkpt>
      <trkpt lat="47.886961" lon="-117.129424">
        <ele>984.7</ele>
        <time>2026-08-01T21:07:32Z</time>
      </trkpt>
      <trkpt lat="47.886947" lon="-117.129610">
        <ele>984.2</ele>
        <time>2026-08-01T21:07:33Z</time>
      </trkpt>
      <trkpt lat="47.886895" lon="-117.129968">
        <ele>982.7</ele>
        <time>2026-08-01T21:07:35Z</time>
      </trkpt>
      <trkpt lat="47.886808" lon="-117.130283">
        <ele>980.7</ele>
        <time>2026-08-01T21:07:37Z</time>
      </trkpt>
      <trkpt lat="47.886748" lon="-117.130438">
        <ele>979.1</ele>
        <time>2026-08-01T21:07:38Z</time>
      </trkpt>
      <trkpt lat="47.886617" lon="-117.130731">
        <ele>976.7</ele>
        <time>2026-08-01T21:07:40Z</time>
      </trkpt>
      <trkpt lat="47.886539" lon="-117.130870">
        <ele>975.9</ele>
        <time>2026-08-01T21:07:41Z</time>
      </trkpt>
      <trkpt lat="47.886460" lon="-117.130991">
        <ele>974.9</ele>
        <time>2026-08-01T21:07:42Z</time>
      </trkpt>
      <trkpt lat="47.886379" lon="-117.131089">
        <ele>973.6</ele>
        <time>2026-08-01T21:07:43Z</time>
      </trkpt>
      <trkpt lat="47.886278" lon="-117.131177">
        <ele>972.5</ele>
        <time>2026-08-01T21:07:44Z</time>
      </trkpt>
      <trkpt lat="47.886051" lon="-117.131331">
        <ele>971.0</ele>
        <time>2026-08-01T21:07:46Z</time>
      </trkpt>
      <trkpt lat="47.885823" lon="-117.131521">
        <ele>969.0</ele>
        <time>2026-08-01T21:07:48Z</time>
      </trkpt>
      <trkpt lat="47.885539" lon="-117.131658">
        <ele>967.9</ele>
        <time>2026-08-01T21:07:49Z</time>
      </trkpt>
      <trkpt lat="47.885336" lon="-117.131812">
        <ele>966.3</ele>
        <time>2026-08-01T21:07:51Z</time>
      </trkpt>
      <trkpt lat="47.885217" lon="-117.131880">
        <ele>965.8</ele>
        <time>2026-08-01T21:07:52Z</time>
      </trkpt>
      <trkpt lat="47.884825" lon="-117.132049">
        <ele>963.6</ele>
        <time>2026-08-01T21:07:55Z</time>
      </trkpt>
      <trkpt lat="47.884486" lon="-117.132224">
        <ele>962.1</ele>
        <time>2026-08-01T21:07:58Z</time>
      </trkpt>
      <trkpt lat="47.884252" lon="-117.132378">
        <ele>961.3</ele>
        <time>2026-08-01T21:08:00Z</time>
      </trkpt>
      <trkpt lat="47.884132" lon="-117.132469">
        <ele>960.9</ele>
        <time>2026-08-01T21:08:01Z</time>
      </trkpt>
      <trkpt lat="47.883914" lon="-117.132670">
        <ele>960.2</ele>
        <time>2026-08-01T21:08:03Z</time>
      </trkpt>
      <trkpt lat="47.883810" lon="-117.132781">
        <ele>959.7</ele>
        <time>2026-08-01T21:08:04Z</time>
      </trkpt>
      <trkpt lat="47.883610" lon="-117.133025">
        <ele>958.0</ele>
        <time>2026-08-01T21:08:06Z</time>
      </trkpt>
      <trkpt lat="47.883217" lon="-117.133537">
        <ele>954.6</ele>
        <time>2026-08-01T21:08:10Z</time>
      </trkpt>
      <trkpt lat="47.883104" lon="-117.133639">
        <ele>953.7</ele>
        <time>2026-08-01T21:08:11Z</time>
      </trkpt>
      <trkpt lat="47.882908" lon="-117.133898">
        <ele>951.5</ele>
        <time>2026-08-01T21:08:13Z</time>
      </trkpt>
      <trkpt lat="47.882829" lon="-117.134059">
        <ele>950.4</ele>
        <time>2026-08-01T21:08:14Z</time>
      </trkpt>
      <trkpt lat="47.882757" lon="-117.134238">
        <ele>949.1</ele>
        <time>2026-08-01T21:08:15Z</time>
      </trkpt>
      <trkpt lat="47.882560" lon="-117.134792">
        <ele>945.1</ele>
        <time>2026-08-01T21:08:18Z</time>
      </trkpt>
      <trkpt lat="47.882488" lon="-117.134969">
        <ele>944.3</ele>
        <time>2026-08-01T21:08:19Z</time>
      </trkpt>
      <trkpt lat="47.882407" lon="-117.135131">
        <ele>943.8</ele>
        <time>2026-08-01T21:08:20Z</time>
      </trkpt>
      <trkpt lat="47.882314" lon="-117.135279">
        <ele>942.9</ele>
        <time>2026-08-01T21:08:21Z</time>
      </trkpt>
      <trkpt lat="47.882131" lon="-117.135381">
        <ele>941.9</ele>
        <time>2026-08-01T21:08:22Z</time>
      </trkpt>
      <trkpt lat="47.881674" lon="-117.135880">
        <ele>938.4</ele>
        <time>2026-08-01T21:08:26Z</time>
      </trkpt>
      <trkpt lat="47.880969" lon="-117.136586">
        <ele>934.4</ele>
        <time>2026-08-01T21:08:32Z</time>
      </trkpt>
      <trkpt lat="47.880770" lon="-117.136816">
        <ele>933.3</ele>
        <time>2026-08-01T21:08:34Z</time>
      </trkpt>
      <trkpt lat="47.880680" lon="-117.136943">
        <ele>933.3</ele>
        <time>2026-08-01T21:08:35Z</time>
      </trkpt>
      <trkpt lat="47.880598" lon="-117.137083">
        <ele>932.8</ele>
        <time>2026-08-01T21:08:36Z</time>
      </trkpt>
      <trkpt lat="47.880530" lon="-117.137237">
        <ele>932.2</ele>
        <time>2026-08-01T21:08:37Z</time>
      </trkpt>
      <trkpt lat="47.880490" lon="-117.137372">
        <ele>931.7</ele>
        <time>2026-08-01T21:08:38Z</time>
      </trkpt>
      <trkpt lat="47.880459" lon="-117.137545">
        <ele>931.3</ele>
        <time>2026-08-01T21:08:39Z</time>
      </trkpt>
      <trkpt lat="47.880442" lon="-117.137765">
        <ele>930.6</ele>
        <time>2026-08-01T21:08:40Z</time>
      </trkpt>
      <trkpt lat="47.880426" lon="-117.138282">
        <ele>929.6</ele>
        <time>2026-08-01T21:08:43Z</time>
      </trkpt>
      <trkpt lat="47.880409" lon="-117.138465">
        <ele>929.2</ele>
        <time>2026-08-01T21:08:44Z</time>
      </trkpt>
      <trkpt lat="47.880371" lon="-117.138679">
        <ele>928.8</ele>
        <time>2026-08-01T21:08:45Z</time>
      </trkpt>
      <trkpt lat="47.880331" lon="-117.138815">
        <ele>928.2</ele>
        <time>2026-08-01T21:08:46Z</time>
      </trkpt>
      <trkpt lat="47.880266" lon="-117.138972">
        <ele>926.9</ele>
        <time>2026-08-01T21:08:47Z</time>
      </trkpt>
      <trkpt lat="47.880188" lon="-117.139116">
        <ele>926.1</ele>
        <time>2026-08-01T21:08:48Z</time>
      </trkpt>
      <trkpt lat="47.880099" lon="-117.139252">
        <ele>925.7</ele>
        <time>2026-08-01T21:08:49Z</time>
      </trkpt>
      <trkpt lat="47.879982" lon="-117.139398">
        <ele>925.0</ele>
        <time>2026-08-01T21:08:50Z</time>
      </trkpt>
      <trkpt lat="47.879897" lon="-117.139486">
        <ele>924.3</ele>
        <time>2026-08-01T21:08:51Z</time>
      </trkpt>
      <trkpt lat="47.879567" lon="-117.139786">
        <ele>922.3</ele>
        <time>2026-08-01T21:08:54Z</time>
      </trkpt>
      <trkpt lat="47.879463" lon="-117.139888">
        <ele>921.6</ele>
        <time>2026-08-01T21:08:55Z</time>
      </trkpt>
      <trkpt lat="47.879368" lon="-117.139999">
        <ele>920.9</ele>
        <time>2026-08-01T21:08:56Z</time>
      </trkpt>
      <trkpt lat="47.879288" lon="-117.140126">
        <ele>920.2</ele>
        <time>2026-08-01T21:08:57Z</time>
      </trkpt>
      <trkpt lat="47.879222" lon="-117.140282">
        <ele>919.6</ele>
        <time>2026-08-01T21:08:58Z</time>
      </trkpt>
      <trkpt lat="47.879174" lon="-117.140458">
        <ele>918.4</ele>
        <time>2026-08-01T21:08:59Z</time>
      </trkpt>
      <trkpt lat="47.879140" lon="-117.140646">
        <ele>917.5</ele>
        <time>2026-08-01T21:09:00Z</time>
      </trkpt>
      <trkpt lat="47.879089" lon="-117.141045">
        <ele>916.0</ele>
        <time>2026-08-01T21:09:02Z</time>
      </trkpt>
      <trkpt lat="47.878972" lon="-117.142518">
        <ele>911.5</ele>
        <time>2026-08-01T21:09:09Z</time>
      </trkpt>
      <trkpt lat="47.878898" lon="-117.143164">
        <ele>908.9</ele>
        <time>2026-08-01T21:09:12Z</time>
      </trkpt>
      <trkpt lat="47.878811" lon="-117.143587">
        <ele>907.3</ele>
        <time>2026-08-01T21:09:14Z</time>
      </trkpt>
      <trkpt lat="47.878659" lon="-117.144173">
        <ele>905.3</ele>
        <time>2026-08-01T21:09:17Z</time>
      </trkpt>
      <trkpt lat="47.878625" lon="-117.144372">
        <ele>904.6</ele>
        <time>2026-08-01T21:09:18Z</time>
      </trkpt>
      <trkpt lat="47.878607" lon="-117.144571">
        <ele>904.0</ele>
        <time>2026-08-01T21:09:19Z</time>
      </trkpt>
      <trkpt lat="47.878606" lon="-117.144771">
        <ele>903.2</ele>
        <time>2026-08-01T21:09:20Z</time>
      </trkpt>
      <trkpt lat="47.878667" lon="-117.145574">
        <ele>898.4</ele>
        <time>2026-08-01T21:09:24Z</time>
      </trkpt>
      <trkpt lat="47.878670" lon="-117.145986">
        <ele>897.3</ele>
        <time>2026-08-01T21:09:26Z</time>
      </trkpt>
      <trkpt lat="47.878660" lon="-117.146191">
        <ele>896.9</ele>
        <time>2026-08-01T21:09:27Z</time>
      </trkpt>
      <trkpt lat="47.878604" lon="-117.146512">
        <ele>896.4</ele>
        <time>2026-08-01T21:09:28Z</time>
      </trkpt>
      <trkpt lat="47.878548" lon="-117.146921">
        <ele>895.5</ele>
        <time>2026-08-01T21:09:30Z</time>
      </trkpt>
      <trkpt lat="47.878509" lon="-117.147124">
        <ele>895.2</ele>
        <time>2026-08-01T21:09:31Z</time>
      </trkpt>
      <trkpt lat="47.878413" lon="-117.147521">
        <ele>894.3</ele>
        <time>2026-08-01T21:09:33Z</time>
      </trkpt>
      <trkpt lat="47.878297" lon="-117.147895">
        <ele>893.4</ele>
        <time>2026-08-01T21:09:35Z</time>
      </trkpt>
      <trkpt lat="47.878229" lon="-117.148080">
        <ele>892.9</ele>
        <time>2026-08-01T21:09:36Z</time>
      </trkpt>
      <trkpt lat="47.878088" lon="-117.148385">
        <ele>891.7</ele>
        <time>2026-08-01T21:09:38Z</time>
      </trkpt>
      <trkpt lat="47.877995" lon="-117.148531">
        <ele>891.0</ele>
        <time>2026-08-01T21:09:39Z</time>
      </trkpt>
      <trkpt lat="47.877852" lon="-117.148656">
        <ele>890.3</ele>
        <time>2026-08-01T21:09:40Z</time>
      </trkpt>
      <trkpt lat="47.877756" lon="-117.148724">
        <ele>889.7</ele>
        <time>2026-08-01T21:09:41Z</time>
      </trkpt>
      <trkpt lat="47.877626" lon="-117.148789">
        <ele>888.9</ele>
        <time>2026-08-01T21:09:42Z</time>
      </trkpt>
      <trkpt lat="47.877488" lon="-117.148820">
        <ele>888.2</ele>
        <time>2026-08-01T21:09:43Z</time>
      </trkpt>
      <trkpt lat="47.877189" lon="-117.148831">
        <ele>887.8</ele>
        <time>2026-08-01T21:09:45Z</time>
      </trkpt>
      <trkpt lat="47.877089" lon="-117.148791">
        <ele>887.4</ele>
        <time>2026-08-01T21:09:46Z</time>
      </trkpt>
      <trkpt lat="47.876963" lon="-117.148771">
        <ele>887.1</ele>
        <time>2026-08-01T21:09:47Z</time>
      </trkpt>
      <trkpt lat="47.876834" lon="-117.148774">
        <ele>886.4</ele>
        <time>2026-08-01T21:09:48Z</time>
      </trkpt>
      <trkpt lat="47.876707" lon="-117.148811">
        <ele>885.6</ele>
        <time>2026-08-01T21:09:49Z</time>
      </trkpt>
      <trkpt lat="47.876560" lon="-117.148930">
        <ele>884.4</ele>
        <time>2026-08-01T21:09:50Z</time>
      </trkpt>
      <trkpt lat="47.876477" lon="-117.149044">
        <ele>883.4</ele>
        <time>2026-08-01T21:09:51Z</time>
      </trkpt>
      <trkpt lat="47.876390" lon="-117.149203">
        <ele>882.4</ele>
        <time>2026-08-01T21:09:52Z</time>
      </trkpt>
      <trkpt lat="47.876320" lon="-117.149389">
        <ele>881.4</ele>
        <time>2026-08-01T21:09:53Z</time>
      </trkpt>
      <trkpt lat="47.876214" lon="-117.149759">
        <ele>879.3</ele>
        <time>2026-08-01T21:09:55Z</time>
      </trkpt>
      <trkpt lat="47.876102" lon="-117.149903">
        <ele>878.4</ele>
        <time>2026-08-01T21:09:56Z</time>
      </trkpt>
      <trkpt lat="47.875915" lon="-117.150449">
        <ele>875.6</ele>
        <time>2026-08-01T21:09:59Z</time>
      </trkpt>
      <trkpt lat="47.875750" lon="-117.150782">
        <ele>874.0</ele>
        <time>2026-08-01T21:10:01Z</time>
      </trkpt>
      <trkpt lat="47.875661" lon="-117.150938">
        <ele>873.6</ele>
        <time>2026-08-01T21:10:02Z</time>
      </trkpt>
      <trkpt lat="47.875556" lon="-117.151080">
        <ele>873.0</ele>
        <time>2026-08-01T21:10:03Z</time>
      </trkpt>
      <trkpt lat="47.875096" lon="-117.151548">
        <ele>871.3</ele>
        <time>2026-08-01T21:10:07Z</time>
      </trkpt>
      <trkpt lat="47.874872" lon="-117.151799">
        <ele>870.1</ele>
        <time>2026-08-01T21:10:09Z</time>
      </trkpt>
      <trkpt lat="47.874658" lon="-117.152061">
        <ele>868.4</ele>
        <time>2026-08-01T21:10:11Z</time>
      </trkpt>
      <trkpt lat="47.874452" lon="-117.152344">
        <ele>866.6</ele>
        <time>2026-08-01T21:10:13Z</time>
      </trkpt>
      <trkpt lat="47.874255" lon="-117.152642">
        <ele>864.4</ele>
        <time>2026-08-01T21:10:15Z</time>
      </trkpt>
      <trkpt lat="47.874066" lon="-117.152963">
        <ele>862.7</ele>
        <time>2026-08-01T21:10:17Z</time>
      </trkpt>
      <trkpt lat="47.873711" lon="-117.153636">
        <ele>859.9</ele>
        <time>2026-08-01T21:10:21Z</time>
      </trkpt>
      <trkpt lat="47.873160" lon="-117.154615">
        <ele>855.4</ele>
        <time>2026-08-01T21:10:27Z</time>
      </trkpt>
      <trkpt lat="47.873038" lon="-117.154800">
        <ele>855.0</ele>
        <time>2026-08-01T21:10:28Z</time>
      </trkpt>
      <trkpt lat="47.872952" lon="-117.154910">
        <ele>854.4</ele>
        <time>2026-08-01T21:10:29Z</time>
      </trkpt>
      <trkpt lat="47.872805" lon="-117.155059">
        <ele>853.7</ele>
        <time>2026-08-01T21:10:30Z</time>
      </trkpt>
      <trkpt lat="47.872700" lon="-117.155136">
        <ele>852.8</ele>
        <time>2026-08-01T21:10:31Z</time>
      </trkpt>
      <trkpt lat="47.872564" lon="-117.155211">
        <ele>851.8</ele>
        <time>2026-08-01T21:10:32Z</time>
      </trkpt>
      <trkpt lat="47.871852" lon="-117.155522">
        <ele>848.6</ele>
        <time>2026-08-01T21:10:37Z</time>
      </trkpt>
      <trkpt lat="47.871410" lon="-117.155685">
        <ele>846.1</ele>
        <time>2026-08-01T21:10:40Z</time>
      </trkpt>
      <trkpt lat="47.871226" lon="-117.155711">
        <ele>844.9</ele>
        <time>2026-08-01T21:10:41Z</time>
      </trkpt>
      <trkpt lat="47.870909" lon="-117.155859">
        <ele>843.1</ele>
        <time>2026-08-01T21:10:43Z</time>
      </trkpt>
      <trkpt lat="47.870772" lon="-117.155970">
        <ele>842.6</ele>
        <time>2026-08-01T21:10:44Z</time>
      </trkpt>
      <trkpt lat="47.870624" lon="-117.156107">
        <ele>841.2</ele>
        <time>2026-08-01T21:10:45Z</time>
      </trkpt>
      <trkpt lat="47.870473" lon="-117.156302">
        <ele>839.3</ele>
        <time>2026-08-01T21:10:46Z</time>
      </trkpt>
      <trkpt lat="47.870390" lon="-117.156446">
        <ele>838.2</ele>
        <time>2026-08-01T21:10:47Z</time>
      </trkpt>
      <trkpt lat="47.870298" lon="-117.156634">
        <ele>836.8</ele>
        <time>2026-08-01T21:10:48Z</time>
      </trkpt>
      <trkpt lat="47.870200" lon="-117.156879">
        <ele>834.7</ele>
        <time>2026-08-01T21:10:49Z</time>
      </trkpt>
      <trkpt lat="47.870146" lon="-117.157051">
        <ele>832.8</ele>
        <time>2026-08-01T21:10:50Z</time>
      </trkpt>
      <trkpt lat="47.870085" lon="-117.157316">
        <ele>830.9</ele>
        <time>2026-08-01T21:10:51Z</time>
      </trkpt>
      <trkpt lat="47.869951" lon="-117.158158">
        <ele>825.5</ele>
        <time>2026-08-01T21:10:55Z</time>
      </trkpt>
      <trkpt lat="47.869904" lon="-117.158357">
        <ele>824.8</ele>
        <time>2026-08-01T21:10:56Z</time>
      </trkpt>
      <trkpt lat="47.869839" lon="-117.158545">
        <ele>824.1</ele>
        <time>2026-08-01T21:10:57Z</time>
      </trkpt>
      <trkpt lat="47.869756" lon="-117.158716">
        <ele>823.4</ele>
        <time>2026-08-01T21:10:58Z</time>
      </trkpt>
      <trkpt lat="47.869657" lon="-117.158867">
        <ele>822.6</ele>
        <time>2026-08-01T21:10:59Z</time>
      </trkpt>
      <trkpt lat="47.869543" lon="-117.158994">
        <ele>822.2</ele>
        <time>2026-08-01T21:11:00Z</time>
      </trkpt>
      <trkpt lat="47.869021" lon="-117.159433">
        <ele>820.2</ele>
        <time>2026-08-01T21:11:04Z</time>
      </trkpt>
      <trkpt lat="47.868355" lon="-117.160021">
        <ele>819.4</ele>
        <time>2026-08-01T21:11:09Z</time>
      </trkpt>
      <trkpt lat="47.867946" lon="-117.160363">
        <ele>818.5</ele>
        <time>2026-08-01T21:11:12Z</time>
      </trkpt>
      <trkpt lat="47.867800" lon="-117.160450">
        <ele>818.1</ele>
        <time>2026-08-01T21:11:13Z</time>
      </trkpt>
      <trkpt lat="47.866987" lon="-117.161025">
        <ele>816.8</ele>
        <time>2026-08-01T21:11:19Z</time>
      </trkpt>
      <trkpt lat="47.866823" lon="-117.161127">
        <ele>816.6</ele>
        <time>2026-08-01T21:11:20Z</time>
      </trkpt>
      <trkpt lat="47.866275" lon="-117.161380">
        <ele>815.0</ele>
        <time>2026-08-01T21:11:24Z</time>
      </trkpt>
      <trkpt lat="47.865993" lon="-117.161549">
        <ele>814.2</ele>
        <time>2026-08-01T21:11:26Z</time>
      </trkpt>
      <trkpt lat="47.865856" lon="-117.161619">
        <ele>814.0</ele>
        <time>2026-08-01T21:11:27Z</time>
      </trkpt>
      <trkpt lat="47.865148" lon="-117.161923">
        <ele>812.4</ele>
        <time>2026-08-01T21:11:32Z</time>
      </trkpt>
      <trkpt lat="47.865004" lon="-117.161967">
        <ele>811.6</ele>
        <time>2026-08-01T21:11:33Z</time>
      </trkpt>
      <trkpt lat="47.864857" lon="-117.161992">
        <ele>810.8</ele>
        <time>2026-08-01T21:11:34Z</time>
      </trkpt>
      <trkpt lat="47.864558" lon="-117.162019">
        <ele>808.9</ele>
        <time>2026-08-01T21:11:36Z</time>
      </trkpt>
      <trkpt lat="47.864406" lon="-117.162027">
        <ele>808.2</ele>
        <time>2026-08-01T21:11:37Z</time>
      </trkpt>
      <trkpt lat="47.864045" lon="-117.161986">
        <ele>807.5</ele>
        <time>2026-08-01T21:11:38Z</time>
      </trkpt>
      <trkpt lat="47.863897" lon="-117.162031">
        <ele>806.9</ele>
        <time>2026-08-01T21:11:39Z</time>
      </trkpt>
      <trkpt lat="47.863756" lon="-117.162091">
        <ele>806.5</ele>
        <time>2026-08-01T21:11:40Z</time>
      </trkpt>
      <trkpt lat="47.863614" lon="-117.162170">
        <ele>806.0</ele>
        <time>2026-08-01T21:11:41Z</time>
      </trkpt>
      <trkpt lat="47.863207" lon="-117.162452">
        <ele>804.2</ele>
        <time>2026-08-01T21:11:44Z</time>
      </trkpt>
      <trkpt lat="47.863070" lon="-117.162535">
        <ele>803.5</ele>
        <time>2026-08-01T21:11:45Z</time>
      </trkpt>
      <trkpt lat="47.862923" lon="-117.162600">
        <ele>802.7</ele>
        <time>2026-08-01T21:11:46Z</time>
      </trkpt>
      <trkpt lat="47.862615" lon="-117.162663">
        <ele>801.4</ele>
        <time>2026-08-01T21:11:48Z</time>
      </trkpt>
      <trkpt lat="47.862462" lon="-117.162683">
        <ele>800.7</ele>
        <time>2026-08-01T21:11:49Z</time>
      </trkpt>
      <trkpt lat="47.862148" lon="-117.162684">
        <ele>799.8</ele>
        <time>2026-08-01T21:11:51Z</time>
      </trkpt>
      <trkpt lat="47.861229" lon="-117.162615">
        <ele>794.4</ele>
        <time>2026-08-01T21:11:57Z</time>
      </trkpt>
      <trkpt lat="47.860784" lon="-117.162591">
        <ele>792.4</ele>
        <time>2026-08-01T21:12:00Z</time>
      </trkpt>
      <trkpt lat="47.860195" lon="-117.162530">
        <ele>790.3</ele>
        <time>2026-08-01T21:12:04Z</time>
      </trkpt>
      <trkpt lat="47.859904" lon="-117.162516">
        <ele>788.7</ele>
        <time>2026-08-01T21:12:06Z</time>
      </trkpt>
      <trkpt lat="47.859613" lon="-117.162545">
        <ele>787.3</ele>
        <time>2026-08-01T21:12:08Z</time>
      </trkpt>
      <trkpt lat="47.859326" lon="-117.162618">
        <ele>786.1</ele>
        <time>2026-08-01T21:12:10Z</time>
      </trkpt>
      <trkpt lat="47.859185" lon="-117.162672">
        <ele>785.5</ele>
        <time>2026-08-01T21:12:11Z</time>
      </trkpt>
      <trkpt lat="47.858741" lon="-117.162878">
        <ele>783.3</ele>
        <time>2026-08-01T21:12:14Z</time>
      </trkpt>
      <trkpt lat="47.857982" lon="-117.163264">
        <ele>779.9</ele>
        <time>2026-08-01T21:12:19Z</time>
      </trkpt>
      <trkpt lat="47.857824" lon="-117.163322">
        <ele>778.9</ele>
        <time>2026-08-01T21:12:20Z</time>
      </trkpt>
      <trkpt lat="47.857693" lon="-117.163348">
        <ele>777.9</ele>
        <time>2026-08-01T21:12:21Z</time>
      </trkpt>
      <trkpt lat="47.857533" lon="-117.163356">
        <ele>776.8</ele>
        <time>2026-08-01T21:12:22Z</time>
      </trkpt>
      <trkpt lat="47.857018" lon="-117.163205">
        <ele>775.1</ele>
        <time>2026-08-01T21:12:25Z</time>
      </trkpt>
      <trkpt lat="47.856901" lon="-117.163196">
        <ele>775.2</ele>
        <time>2026-08-01T21:12:26Z</time>
      </trkpt>
      <trkpt lat="47.856756" lon="-117.163212">
        <ele>775.1</ele>
        <time>2026-08-01T21:12:27Z</time>
      </trkpt>
      <trkpt lat="47.856618" lon="-117.163262">
        <ele>774.4</ele>
        <time>2026-08-01T21:12:28Z</time>
      </trkpt>
      <trkpt lat="47.856487" lon="-117.163344">
        <ele>774.4</ele>
        <time>2026-08-01T21:12:29Z</time>
      </trkpt>
      <trkpt lat="47.856106" lon="-117.163651">
        <ele>773.8</ele>
        <time>2026-08-01T21:12:32Z</time>
      </trkpt>
      <trkpt lat="47.855970" lon="-117.163744">
        <ele>773.7</ele>
        <time>2026-08-01T21:12:33Z</time>
      </trkpt>
      <trkpt lat="47.855830" lon="-117.163820">
        <ele>773.7</ele>
        <time>2026-08-01T21:12:34Z</time>
      </trkpt>
      <trkpt lat="47.855682" lon="-117.163877">
        <ele>773.7</ele>
        <time>2026-08-01T21:12:35Z</time>
      </trkpt>
      <trkpt lat="47.855528" lon="-117.163919">
        <ele>772.9</ele>
        <time>2026-08-01T21:12:36Z</time>
      </trkpt>
      <trkpt lat="47.855027" lon="-117.163948">
        <ele>770.4</ele>
        <time>2026-08-01T21:12:39Z</time>
      </trkpt>
      <trkpt lat="47.854710" lon="-117.164016">
        <ele>769.9</ele>
        <time>2026-08-01T21:12:41Z</time>
      </trkpt>
      <trkpt lat="47.854550" lon="-117.164065">
        <ele>769.3</ele>
        <time>2026-08-01T21:12:42Z</time>
      </trkpt>
      <trkpt lat="47.854389" lon="-117.164129">
        <ele>769.0</ele>
        <time>2026-08-01T21:12:43Z</time>
      </trkpt>
      <trkpt lat="47.854070" lon="-117.164277">
        <ele>767.4</ele>
        <time>2026-08-01T21:12:45Z</time>
      </trkpt>
      <trkpt lat="47.853738" lon="-117.164402">
        <ele>766.6</ele>
        <time>2026-08-01T21:12:47Z</time>
      </trkpt>
      <trkpt lat="47.853583" lon="-117.164479">
        <ele>765.4</ele>
        <time>2026-08-01T21:12:48Z</time>
      </trkpt>
      <trkpt lat="47.852781" lon="-117.164836">
        <ele>763.4</ele>
        <time>2026-08-01T21:12:53Z</time>
      </trkpt>
      <trkpt lat="47.852457" lon="-117.164959">
        <ele>762.3</ele>
        <time>2026-08-01T21:12:55Z</time>
      </trkpt>
      <trkpt lat="47.851964" lon="-117.165121">
        <ele>762.0</ele>
        <time>2026-08-01T21:12:58Z</time>
      </trkpt>
      <trkpt lat="47.851803" lon="-117.165183">
        <ele>760.5</ele>
        <time>2026-08-01T21:12:59Z</time>
      </trkpt>
      <trkpt lat="47.851643" lon="-117.165262">
        <ele>760.3</ele>
        <time>2026-08-01T21:13:00Z</time>
      </trkpt>
      <trkpt lat="47.851490" lon="-117.165362">
        <ele>759.3</ele>
        <time>2026-08-01T21:13:01Z</time>
      </trkpt>
      <trkpt lat="47.851193" lon="-117.165598">
        <ele>757.2</ele>
        <time>2026-08-01T21:13:03Z</time>
      </trkpt>
      <trkpt lat="47.851038" lon="-117.165702">
        <ele>756.7</ele>
        <time>2026-08-01T21:13:04Z</time>
      </trkpt>
      <trkpt lat="47.850879" lon="-117.165789">
        <ele>756.3</ele>
        <time>2026-08-01T21:13:05Z</time>
      </trkpt>
      <trkpt lat="47.850400" lon="-117.166002">
        <ele>754.2</ele>
        <time>2026-08-01T21:13:08Z</time>
      </trkpt>
      <trkpt lat="47.850093" lon="-117.166183">
        <ele>754.3</ele>
        <time>2026-08-01T21:13:10Z</time>
      </trkpt>
      <trkpt lat="47.849949" lon="-117.166299">
        <ele>754.0</ele>
        <time>2026-08-01T21:13:11Z</time>
      </trkpt>
      <trkpt lat="47.849810" lon="-117.166427">
        <ele>754.0</ele>
        <time>2026-08-01T21:13:12Z</time>
      </trkpt>
      <trkpt lat="47.849567" lon="-117.166666">
        <ele>753.2</ele>
        <time>2026-08-01T21:13:14Z</time>
      </trkpt>
      <trkpt lat="47.849151" lon="-117.167100">
        <ele>751.6</ele>
        <time>2026-08-01T21:13:17Z</time>
      </trkpt>
      <trkpt lat="47.849032" lon="-117.167251">
        <ele>751.1</ele>
        <time>2026-08-01T21:13:18Z</time>
      </trkpt>
      <trkpt lat="47.848925" lon="-117.167420">
        <ele>750.3</ele>
        <time>2026-08-01T21:13:19Z</time>
      </trkpt>
      <trkpt lat="47.848834" lon="-117.167596">
        <ele>749.7</ele>
        <time>2026-08-01T21:13:20Z</time>
      </trkpt>
      <trkpt lat="47.848596" lon="-117.168115">
        <ele>746.9</ele>
        <time>2026-08-01T21:13:23Z</time>
      </trkpt>
      <trkpt lat="47.848507" lon="-117.168287">
        <ele>745.9</ele>
        <time>2026-08-01T21:13:24Z</time>
      </trkpt>
      <trkpt lat="47.848384" lon="-117.168485">
        <ele>744.7</ele>
        <time>2026-08-01T21:13:25Z</time>
      </trkpt>
      <trkpt lat="47.848293" lon="-117.168595">
        <ele>744.2</ele>
        <time>2026-08-01T21:13:26Z</time>
      </trkpt>
      <trkpt lat="47.848167" lon="-117.168702">
        <ele>743.6</ele>
        <time>2026-08-01T21:13:27Z</time>
      </trkpt>
      <trkpt lat="47.848032" lon="-117.168770">
        <ele>743.3</ele>
        <time>2026-08-01T21:13:28Z</time>
      </trkpt>
      <trkpt lat="47.847892" lon="-117.168795">
        <ele>742.9</ele>
        <time>2026-08-01T21:13:29Z</time>
      </trkpt>
      <trkpt lat="47.847750" lon="-117.168779">
        <ele>742.5</ele>
        <time>2026-08-01T21:13:30Z</time>
      </trkpt>
      <trkpt lat="47.847611" lon="-117.168734">
        <ele>741.7</ele>
        <time>2026-08-01T21:13:31Z</time>
      </trkpt>
      <trkpt lat="47.847201" lon="-117.168561">
        <ele>741.6</ele>
        <time>2026-08-01T21:13:34Z</time>
      </trkpt>
      <trkpt lat="47.847064" lon="-117.168522">
        <ele>741.2</ele>
        <time>2026-08-01T21:13:35Z</time>
      </trkpt>
      <trkpt lat="47.846926" lon="-117.168503">
        <ele>741.0</ele>
        <time>2026-08-01T21:13:36Z</time>
      </trkpt>
      <trkpt lat="47.846788" lon="-117.168505">
        <ele>740.6</ele>
        <time>2026-08-01T21:13:37Z</time>
      </trkpt>
      <trkpt lat="47.846650" lon="-117.168531">
        <ele>740.2</ele>
        <time>2026-08-01T21:13:38Z</time>
      </trkpt>
      <trkpt lat="47.846377" lon="-117.168638">
        <ele>739.6</ele>
        <time>2026-08-01T21:13:40Z</time>
      </trkpt>
      <trkpt lat="47.846248" lon="-117.168734">
        <ele>739.0</ele>
        <time>2026-08-01T21:13:41Z</time>
      </trkpt>
      <trkpt lat="47.846135" lon="-117.168862">
        <ele>738.6</ele>
        <time>2026-08-01T21:13:42Z</time>
      </trkpt>
      <trkpt lat="47.846034" lon="-117.169009">
        <ele>737.7</ele>
        <time>2026-08-01T21:13:43Z</time>
      </trkpt>
      <trkpt lat="47.845391" lon="-117.170132">
        <ele>732.7</ele>
        <time>2026-08-01T21:13:50Z</time>
      </trkpt>
      <trkpt lat="47.845306" lon="-117.170299">
        <ele>731.6</ele>
        <time>2026-08-01T21:13:51Z</time>
      </trkpt>
      <trkpt lat="47.845233" lon="-117.170478">
        <ele>730.0</ele>
        <time>2026-08-01T21:13:52Z</time>
      </trkpt>
      <trkpt lat="47.845139" lon="-117.171081">
        <ele>727.6</ele>
        <time>2026-08-01T21:13:55Z</time>
      </trkpt>
      <trkpt lat="47.845062" lon="-117.171482">
        <ele>725.7</ele>
        <time>2026-08-01T21:13:57Z</time>
      </trkpt>
      <trkpt lat="47.844998" lon="-117.171661">
        <ele>725.2</ele>
        <time>2026-08-01T21:13:58Z</time>
      </trkpt>
      <trkpt lat="47.844791" lon="-117.171907">
        <ele>724.5</ele>
        <time>2026-08-01T21:14:00Z</time>
      </trkpt>
      <trkpt lat="47.844674" lon="-117.171984">
        <ele>724.1</ele>
        <time>2026-08-01T21:14:01Z</time>
      </trkpt>
      <trkpt lat="47.844549" lon="-117.172028">
        <ele>723.9</ele>
        <time>2026-08-01T21:14:02Z</time>
      </trkpt>
      <trkpt lat="47.844015" lon="-117.172104">
        <ele>723.4</ele>
        <time>2026-08-01T21:14:06Z</time>
      </trkpt>
      <trkpt lat="47.843885" lon="-117.172128">
        <ele>723.3</ele>
        <time>2026-08-01T21:14:07Z</time>
      </trkpt>
      <trkpt lat="47.843755" lon="-117.172165">
        <ele>723.2</ele>
        <time>2026-08-01T21:14:08Z</time>
      </trkpt>
      <trkpt lat="47.843626" lon="-117.172221">
        <ele>722.7</ele>
        <time>2026-08-01T21:14:09Z</time>
      </trkpt>
      <trkpt lat="47.843497" lon="-117.172297">
        <ele>722.2</ele>
        <time>2026-08-01T21:14:10Z</time>
      </trkpt>
      <trkpt lat="47.843259" lon="-117.172475">
        <ele>721.7</ele>
        <time>2026-08-01T21:14:12Z</time>
      </trkpt>
      <trkpt lat="47.843134" lon="-117.172550">
        <ele>721.1</ele>
        <time>2026-08-01T21:14:13Z</time>
      </trkpt>
      <trkpt lat="47.843030" lon="-117.172587">
        <ele>720.5</ele>
        <time>2026-08-01T21:14:14Z</time>
      </trkpt>
      <trkpt lat="47.842860" lon="-117.172596">
        <ele>720.1</ele>
        <time>2026-08-01T21:14:15Z</time>
      </trkpt>
      <trkpt lat="47.842138" lon="-117.172517">
        <ele>717.7</ele>
        <time>2026-08-01T21:14:20Z</time>
      </trkpt>
      <trkpt lat="47.841880" lon="-117.172510">
        <ele>717.3</ele>
        <time>2026-08-01T21:14:22Z</time>
      </trkpt>
      <trkpt lat="47.841594" lon="-117.172533">
        <ele>716.8</ele>
        <time>2026-08-01T21:14:24Z</time>
      </trkpt>
      <trkpt lat="47.841020" lon="-117.172607">
        <ele>714.8</ele>
        <time>2026-08-01T21:14:28Z</time>
      </trkpt>
      <trkpt lat="47.840722" lon="-117.172612">
        <ele>713.6</ele>
        <time>2026-08-01T21:14:30Z</time>
      </trkpt>
      <trkpt lat="47.840571" lon="-117.172598">
        <ele>713.1</ele>
        <time>2026-08-01T21:14:31Z</time>
      </trkpt>
      <trkpt lat="47.840420" lon="-117.172573">
        <ele>712.5</ele>
        <time>2026-08-01T21:14:32Z</time>
      </trkpt>
      <trkpt lat="47.840270" lon="-117.172533">
        <ele>712.0</ele>
        <time>2026-08-01T21:14:33Z</time>
      </trkpt>
      <trkpt lat="47.840123" lon="-117.172474">
        <ele>711.9</ele>
        <time>2026-08-01T21:14:34Z</time>
      </trkpt>
      <trkpt lat="47.839984" lon="-117.172397">
        <ele>711.3</ele>
        <time>2026-08-01T21:14:35Z</time>
      </trkpt>
      <trkpt lat="47.839715" lon="-117.172222">
        <ele>710.2</ele>
        <time>2026-08-01T21:14:37Z</time>
      </trkpt>
      <trkpt lat="47.839581" lon="-117.172153">
        <ele>709.8</ele>
        <time>2026-08-01T21:14:38Z</time>
      </trkpt>
      <trkpt lat="47.839445" lon="-117.172117">
        <ele>709.2</ele>
        <time>2026-08-01T21:14:39Z</time>
      </trkpt>
      <trkpt lat="47.839308" lon="-117.172112">
        <ele>708.8</ele>
        <time>2026-08-01T21:14:40Z</time>
      </trkpt>
      <trkpt lat="47.839170" lon="-117.172137">
        <ele>708.4</ele>
        <time>2026-08-01T21:14:41Z</time>
      </trkpt>
      <trkpt lat="47.838467" lon="-117.172351">
        <ele>706.7</ele>
        <time>2026-08-01T21:14:46Z</time>
      </trkpt>
      <trkpt lat="47.837900" lon="-117.172548">
        <ele>705.1</ele>
        <time>2026-08-01T21:14:50Z</time>
      </trkpt>
      <trkpt lat="47.837326" lon="-117.172771">
        <ele>703.7</ele>
        <time>2026-08-01T21:14:54Z</time>
      </trkpt>
      <trkpt lat="47.837183" lon="-117.172837">
        <ele>702.8</ele>
        <time>2026-08-01T21:14:55Z</time>
      </trkpt>
      <trkpt lat="47.837041" lon="-117.172918">
        <ele>702.5</ele>
        <time>2026-08-01T21:14:56Z</time>
      </trkpt>
      <trkpt lat="47.836907" lon="-117.173016">
        <ele>701.6</ele>
        <time>2026-08-01T21:14:57Z</time>
      </trkpt>
      <trkpt lat="47.836780" lon="-117.173133">
        <ele>700.2</ele>
        <time>2026-08-01T21:14:58Z</time>
      </trkpt>
      <trkpt lat="47.836660" lon="-117.173273">
        <ele>699.0</ele>
        <time>2026-08-01T21:14:59Z</time>
      </trkpt>
      <trkpt lat="47.836555" lon="-117.173430">
        <ele>698.1</ele>
        <time>2026-08-01T21:15:00Z</time>
      </trkpt>
      <trkpt lat="47.836268" lon="-117.173933">
        <ele>694.3</ele>
        <time>2026-08-01T21:15:03Z</time>
      </trkpt>
      <trkpt lat="47.836182" lon="-117.174052">
        <ele>693.2</ele>
        <time>2026-08-01T21:15:04Z</time>
      </trkpt>
      <trkpt lat="47.836041" lon="-117.174203">
        <ele>693.4</ele>
        <time>2026-08-01T21:15:05Z</time>
      </trkpt>
      <trkpt lat="47.835935" lon="-117.174289">
        <ele>693.3</ele>
        <time>2026-08-01T21:15:06Z</time>
      </trkpt>
      <trkpt lat="47.835801" lon="-117.174374">
        <ele>692.8</ele>
        <time>2026-08-01T21:15:07Z</time>
      </trkpt>
      <trkpt lat="47.835525" lon="-117.174526">
        <ele>692.4</ele>
        <time>2026-08-01T21:15:09Z</time>
      </trkpt>
      <trkpt lat="47.835367" lon="-117.174637">
        <ele>691.8</ele>
        <time>2026-08-01T21:15:10Z</time>
      </trkpt>
      <trkpt lat="47.835271" lon="-117.174727">
        <ele>691.7</ele>
        <time>2026-08-01T21:15:11Z</time>
      </trkpt>
      <trkpt lat="47.835157" lon="-117.174862">
        <ele>691.1</ele>
        <time>2026-08-01T21:15:12Z</time>
      </trkpt>
      <trkpt lat="47.835060" lon="-117.175015">
        <ele>690.2</ele>
        <time>2026-08-01T21:15:13Z</time>
      </trkpt>
      <trkpt lat="47.834880" lon="-117.175408">
        <ele>687.7</ele>
        <time>2026-08-01T21:15:15Z</time>
      </trkpt>
      <trkpt lat="47.834803" lon="-117.175541">
        <ele>686.7</ele>
        <time>2026-08-01T21:15:16Z</time>
      </trkpt>
      <trkpt lat="47.834640" lon="-117.175913">
        <ele>684.3</ele>
        <time>2026-08-01T21:15:18Z</time>
      </trkpt>
      <trkpt lat="47.834594" lon="-117.176131">
        <ele>683.8</ele>
        <time>2026-08-01T21:15:19Z</time>
      </trkpt>
      <trkpt lat="47.834515" lon="-117.176370">
        <ele>682.9</ele>
        <time>2026-08-01T21:15:20Z</time>
      </trkpt>
      <trkpt lat="47.834414" lon="-117.176758">
        <ele>681.1</ele>
        <time>2026-08-01T21:15:22Z</time>
      </trkpt>
      <trkpt lat="47.834373" lon="-117.176979">
        <ele>680.1</ele>
        <time>2026-08-01T21:15:23Z</time>
      </trkpt>
      <trkpt lat="47.834346" lon="-117.177209">
        <ele>679.1</ele>
        <time>2026-08-01T21:15:24Z</time>
      </trkpt>
      <trkpt lat="47.834332" lon="-117.177438">
        <ele>678.2</ele>
        <time>2026-08-01T21:15:25Z</time>
      </trkpt>
      <trkpt lat="47.834335" lon="-117.177672">
        <ele>677.4</ele>
        <time>2026-08-01T21:15:26Z</time>
      </trkpt>
      <trkpt lat="47.834277" lon="-117.178536">
        <ele>673.9</ele>
        <time>2026-08-01T21:15:30Z</time>
      </trkpt>
      <trkpt lat="47.834216" lon="-117.178937">
        <ele>672.8</ele>
        <time>2026-08-01T21:15:32Z</time>
      </trkpt>
      <trkpt lat="47.834210" lon="-117.179141">
        <ele>672.0</ele>
        <time>2026-08-01T21:15:33Z</time>
      </trkpt>
      <trkpt lat="47.834242" lon="-117.179336">
        <ele>671.4</ele>
        <time>2026-08-01T21:15:34Z</time>
      </trkpt>
      <trkpt lat="47.834368" lon="-117.179681">
        <ele>669.3</ele>
        <time>2026-08-01T21:15:36Z</time>
      </trkpt>
      <trkpt lat="47.834819" lon="-117.180764">
        <ele>665.3</ele>
        <time>2026-08-01T21:15:42Z</time>
      </trkpt>
      <trkpt lat="47.834979" lon="-117.181125">
        <ele>663.8</ele>
        <time>2026-08-01T21:15:44Z</time>
      </trkpt>
      <trkpt lat="47.835069" lon="-117.181298">
        <ele>663.2</ele>
        <time>2026-08-01T21:15:45Z</time>
      </trkpt>
      <trkpt lat="47.835170" lon="-117.181456">
        <ele>662.9</ele>
        <time>2026-08-01T21:15:46Z</time>
      </trkpt>
      <trkpt lat="47.835285" lon="-117.181592">
        <ele>662.7</ele>
        <time>2026-08-01T21:15:47Z</time>
      </trkpt>
      <trkpt lat="47.835533" lon="-117.181837">
        <ele>661.6</ele>
        <time>2026-08-01T21:15:49Z</time>
      </trkpt>
      <trkpt lat="47.835657" lon="-117.181973">
        <ele>661.3</ele>
        <time>2026-08-01T21:15:50Z</time>
      </trkpt>
      <trkpt lat="47.835769" lon="-117.182122">
        <ele>661.3</ele>
        <time>2026-08-01T21:15:51Z</time>
      </trkpt>
      <trkpt lat="47.836113" lon="-117.183130">
        <ele>657.0</ele>
        <time>2026-08-01T21:15:56Z</time>
      </trkpt>
      <trkpt lat="47.836216" lon="-117.183303">
        <ele>656.4</ele>
        <time>2026-08-01T21:15:57Z</time>
      </trkpt>
      <trkpt lat="47.836339" lon="-117.183424">
        <ele>655.2</ele>
        <time>2026-08-01T21:15:58Z</time>
      </trkpt>
      <trkpt lat="47.836595" lon="-117.183594">
        <ele>653.9</ele>
        <time>2026-08-01T21:16:00Z</time>
      </trkpt>
      <trkpt lat="47.836733" lon="-117.183655">
        <ele>653.2</ele>
        <time>2026-08-01T21:16:01Z</time>
      </trkpt>
      <trkpt lat="47.837133" lon="-117.183803">
        <ele>651.7</ele>
        <time>2026-08-01T21:16:04Z</time>
      </trkpt>
      <trkpt lat="47.837299" lon="-117.183912">
        <ele>650.6</ele>
        <time>2026-08-01T21:16:05Z</time>
      </trkpt>
      <trkpt lat="47.837402" lon="-117.184000">
        <ele>650.2</ele>
        <time>2026-08-01T21:16:06Z</time>
      </trkpt>
      <trkpt lat="47.837526" lon="-117.184126">
        <ele>649.6</ele>
        <time>2026-08-01T21:16:07Z</time>
      </trkpt>
      <trkpt lat="47.837641" lon="-117.184263">
        <ele>648.7</ele>
        <time>2026-08-01T21:16:08Z</time>
      </trkpt>
      <trkpt lat="47.837743" lon="-117.184417">
        <ele>647.9</ele>
        <time>2026-08-01T21:16:09Z</time>
      </trkpt>
      <trkpt lat="47.837852" lon="-117.184620">
        <ele>646.7</ele>
        <time>2026-08-01T21:16:10Z</time>
      </trkpt>
      <trkpt lat="47.837916" lon="-117.184769">
        <ele>645.3</ele>
        <time>2026-08-01T21:16:11Z</time>
      </trkpt>
      <trkpt lat="47.838155" lon="-117.185378">
        <ele>642.7</ele>
        <time>2026-08-01T21:16:14Z</time>
      </trkpt>
      <trkpt lat="47.838223" lon="-117.185667">
        <ele>642.2</ele>
        <time>2026-08-01T21:16:15Z</time>
      </trkpt>
      <trkpt lat="47.838429" lon="-117.186022">
        <ele>640.6</ele>
        <time>2026-08-01T21:16:17Z</time>
      </trkpt>
      <trkpt lat="47.838774" lon="-117.186549">
        <ele>639.7</ele>
        <time>2026-08-01T21:16:20Z</time>
      </trkpt>
      <trkpt lat="47.838852" lon="-117.186689">
        <ele>639.2</ele>
        <time>2026-08-01T21:16:21Z</time>
      </trkpt>
      <trkpt lat="47.838936" lon="-117.186875">
        <ele>639.1</ele>
        <time>2026-08-01T21:16:22Z</time>
      </trkpt>
      <trkpt lat="47.838999" lon="-117.187072">
        <ele>638.5</ele>
        <time>2026-08-01T21:16:23Z</time>
      </trkpt>
      <trkpt lat="47.839014" lon="-117.187498">
        <ele>636.4</ele>
        <time>2026-08-01T21:16:25Z</time>
      </trkpt>
      <trkpt lat="47.838999" lon="-117.187717">
        <ele>635.5</ele>
        <time>2026-08-01T21:16:26Z</time>
      </trkpt>
      <trkpt lat="47.838965" lon="-117.187973">
        <ele>634.6</ele>
        <time>2026-08-01T21:16:27Z</time>
      </trkpt>
      <trkpt lat="47.838885" lon="-117.188424">
        <ele>632.9</ele>
        <time>2026-08-01T21:16:29Z</time>
      </trkpt>
      <trkpt lat="47.838906" lon="-117.188680">
        <ele>632.5</ele>
        <time>2026-08-01T21:16:30Z</time>
      </trkpt>
      <trkpt lat="47.838876" lon="-117.188916">
        <ele>631.7</ele>
        <time>2026-08-01T21:16:31Z</time>
      </trkpt>
      <trkpt lat="47.838770" lon="-117.189135">
        <ele>631.0</ele>
        <time>2026-08-01T21:16:32Z</time>
      </trkpt>
      <trkpt lat="47.838711" lon="-117.189612">
        <ele>629.4</ele>
        <time>2026-08-01T21:16:34Z</time>
      </trkpt>
      <trkpt lat="47.838674" lon="-117.189834">
        <ele>628.3</ele>
        <time>2026-08-01T21:16:35Z</time>
      </trkpt>
      <trkpt lat="47.838568" lon="-117.190258">
        <ele>627.0</ele>
        <time>2026-08-01T21:16:37Z</time>
      </trkpt>
      <trkpt lat="47.838505" lon="-117.190449">
        <ele>626.5</ele>
        <time>2026-08-01T21:16:38Z</time>
      </trkpt>
      <trkpt lat="47.838423" lon="-117.190609">
        <ele>625.6</ele>
        <time>2026-08-01T21:16:39Z</time>
      </trkpt>
      <trkpt lat="47.838331" lon="-117.190767">
        <ele>625.2</ele>
        <time>2026-08-01T21:16:40Z</time>
      </trkpt>
      <trkpt lat="47.838218" lon="-117.190911">
        <ele>624.7</ele>
        <time>2026-08-01T21:16:41Z</time>
      </trkpt>
      <trkpt lat="47.838106" lon="-117.191022">
        <ele>624.0</ele>
        <time>2026-08-01T21:16:42Z</time>
      </trkpt>
      <trkpt lat="47.838019" lon="-117.191261">
        <ele>623.2</ele>
        <time>2026-08-01T21:16:43Z</time>
      </trkpt>
      <trkpt lat="47.837668" lon="-117.191308">
        <ele>622.7</ele>
        <time>2026-08-01T21:16:44Z</time>
      </trkpt>
      <trkpt lat="47.837121" lon="-117.191721">
        <ele>620.9</ele>
        <time>2026-08-01T21:16:48Z</time>
      </trkpt>
      <trkpt lat="47.836994" lon="-117.191840">
        <ele>620.5</ele>
        <time>2026-08-01T21:16:49Z</time>
      </trkpt>
      <trkpt lat="47.836873" lon="-117.191974">
        <ele>620.3</ele>
        <time>2026-08-01T21:16:50Z</time>
      </trkpt>
      <trkpt lat="47.836758" lon="-117.192127">
        <ele>619.8</ele>
        <time>2026-08-01T21:16:51Z</time>
      </trkpt>
      <trkpt lat="47.836550" lon="-117.192452">
        <ele>619.4</ele>
        <time>2026-08-01T21:16:53Z</time>
      </trkpt>
      <trkpt lat="47.836251" lon="-117.192955">
        <ele>618.4</ele>
        <time>2026-08-01T21:16:56Z</time>
      </trkpt>
      <trkpt lat="47.836141" lon="-117.193103">
        <ele>617.7</ele>
        <time>2026-08-01T21:16:57Z</time>
      </trkpt>
      <trkpt lat="47.836043" lon="-117.193268">
        <ele>617.3</ele>
        <time>2026-08-01T21:16:58Z</time>
      </trkpt>
      <trkpt lat="47.835894" lon="-117.193616">
        <ele>616.7</ele>
        <time>2026-08-01T21:17:00Z</time>
      </trkpt>
      <trkpt lat="47.835839" lon="-117.193790">
        <ele>616.3</ele>
        <time>2026-08-01T21:17:01Z</time>
      </trkpt>
      <trkpt lat="47.835808" lon="-117.193943">
        <ele>615.7</ele>
        <time>2026-08-01T21:17:02Z</time>
      </trkpt>
      <trkpt lat="47.835790" lon="-117.194138">
        <ele>615.1</ele>
        <time>2026-08-01T21:17:03Z</time>
      </trkpt>
      <trkpt lat="47.835791" lon="-117.194345">
        <ele>614.9</ele>
        <time>2026-08-01T21:17:04Z</time>
      </trkpt>
      <trkpt lat="47.835814" lon="-117.194594">
        <ele>614.5</ele>
        <time>2026-08-01T21:17:05Z</time>
      </trkpt>
      <trkpt lat="47.835904" lon="-117.195175">
        <ele>613.7</ele>
        <time>2026-08-01T21:17:08Z</time>
      </trkpt>
      <trkpt lat="47.835934" lon="-117.195782">
        <ele>612.6</ele>
        <time>2026-08-01T21:17:11Z</time>
      </trkpt>
      <trkpt lat="47.835922" lon="-117.195999">
        <ele>611.9</ele>
        <time>2026-08-01T21:17:12Z</time>
      </trkpt>
      <trkpt lat="47.835889" lon="-117.196217">
        <ele>611.1</ele>
        <time>2026-08-01T21:17:13Z</time>
      </trkpt>
      <trkpt lat="47.835840" lon="-117.196429">
        <ele>610.4</ele>
        <time>2026-08-01T21:17:14Z</time>
      </trkpt>
      <trkpt lat="47.835754" lon="-117.196670">
        <ele>609.6</ele>
        <time>2026-08-01T21:17:15Z</time>
      </trkpt>
      <trkpt lat="47.835733" lon="-117.196853">
        <ele>609.0</ele>
        <time>2026-08-01T21:17:16Z</time>
      </trkpt>
      <trkpt lat="47.835684" lon="-117.197065">
        <ele>608.5</ele>
        <time>2026-08-01T21:17:17Z</time>
      </trkpt>
      <trkpt lat="47.835616" lon="-117.197264">
        <ele>607.7</ele>
        <time>2026-08-01T21:17:18Z</time>
      </trkpt>
      <trkpt lat="47.835529" lon="-117.197709">
        <ele>607.1</ele>
        <time>2026-08-01T21:17:20Z</time>
      </trkpt>
      <trkpt lat="47.835489" lon="-117.197860">
        <ele>607.0</ele>
        <time>2026-08-01T21:17:21Z</time>
      </trkpt>
      <trkpt lat="47.835423" lon="-117.198043">
        <ele>606.8</ele>
        <time>2026-08-01T21:17:22Z</time>
      </trkpt>
      <trkpt lat="47.835266" lon="-117.198391">
        <ele>606.8</ele>
        <time>2026-08-01T21:17:24Z</time>
      </trkpt>
      <trkpt lat="47.835171" lon="-117.198552">
        <ele>606.8</ele>
        <time>2026-08-01T21:17:25Z</time>
      </trkpt>
      <trkpt lat="47.834864" lon="-117.199007">
        <ele>607.1</ele>
        <time>2026-08-01T21:17:28Z</time>
      </trkpt>
      <trkpt lat="47.834654" lon="-117.199273">
        <ele>607.3</ele>
        <time>2026-08-01T21:17:30Z</time>
      </trkpt>
      <trkpt lat="47.834411" lon="-117.199465">
        <ele>607.8</ele>
        <time>2026-08-01T21:17:32Z</time>
      </trkpt>
      <trkpt lat="47.834276" lon="-117.199536">
        <ele>607.9</ele>
        <time>2026-08-01T21:17:33Z</time>
      </trkpt>
      <trkpt lat="47.834125" lon="-117.199575">
        <ele>607.7</ele>
        <time>2026-08-01T21:17:34Z</time>
      </trkpt>
      <trkpt lat="47.833968" lon="-117.199592">
        <ele>607.8</ele>
        <time>2026-08-01T21:17:35Z</time>
      </trkpt>
      <trkpt lat="47.833646" lon="-117.199605">
        <ele>607.6</ele>
        <time>2026-08-01T21:17:37Z</time>
      </trkpt>
      <trkpt lat="47.833485" lon="-117.199629">
        <ele>607.5</ele>
        <time>2026-08-01T21:17:38Z</time>
      </trkpt>
      <trkpt lat="47.833163" lon="-117.199702">
        <ele>607.3</ele>
        <time>2026-08-01T21:17:40Z</time>
      </trkpt>
      <trkpt lat="47.833007" lon="-117.199754">
        <ele>607.1</ele>
        <time>2026-08-01T21:17:41Z</time>
      </trkpt>
      <trkpt lat="47.832541" lon="-117.199957">
        <ele>607.1</ele>
        <time>2026-08-01T21:17:44Z</time>
      </trkpt>
      <trkpt lat="47.832385" lon="-117.200056">
        <ele>607.0</ele>
        <time>2026-08-01T21:17:45Z</time>
      </trkpt>
      <trkpt lat="47.832219" lon="-117.200128">
        <ele>607.0</ele>
        <time>2026-08-01T21:17:46Z</time>
      </trkpt>
      <trkpt lat="47.831857" lon="-117.200258">
        <ele>607.2</ele>
        <time>2026-08-01T21:17:48Z</time>
      </trkpt>
      <trkpt lat="47.830841" lon="-117.200654">
        <ele>607.1</ele>
        <time>2026-08-01T21:17:54Z</time>
      </trkpt>
      <trkpt lat="47.830691" lon="-117.200740">
        <ele>607.0</ele>
        <time>2026-08-01T21:17:55Z</time>
      </trkpt>
      <trkpt lat="47.830554" lon="-117.200862">
        <ele>607.1</ele>
        <time>2026-08-01T21:17:56Z</time>
      </trkpt>
      <trkpt lat="47.830455" lon="-117.201041">
        <ele>607.3</ele>
        <time>2026-08-01T21:17:57Z</time>
      </trkpt>
      <trkpt lat="47.830130" lon="-117.201789">
        <ele>607.9</ele>
        <time>2026-08-01T21:18:01Z</time>
      </trkpt>
      <trkpt lat="47.830017" lon="-117.201948">
        <ele>607.7</ele>
        <time>2026-08-01T21:18:02Z</time>
      </trkpt>
      <trkpt lat="47.829725" lon="-117.202492">
        <ele>606.1</ele>
        <time>2026-08-01T21:18:05Z</time>
      </trkpt>
      <trkpt lat="47.829642" lon="-117.202694">
        <ele>606.0</ele>
        <time>2026-08-01T21:18:06Z</time>
      </trkpt>
      <trkpt lat="47.829241" lon="-117.203432">
        <ele>605.2</ele>
        <time>2026-08-01T21:18:10Z</time>
      </trkpt>
      <trkpt lat="47.828490" lon="-117.204753">
        <ele>605.5</ele>
        <time>2026-08-01T21:18:18Z</time>
      </trkpt>
      <trkpt lat="47.828216" lon="-117.205285">
        <ele>605.1</ele>
        <time>2026-08-01T21:18:21Z</time>
      </trkpt>
      <trkpt lat="47.827959" lon="-117.205868">
        <ele>604.4</ele>
        <time>2026-08-01T21:18:24Z</time>
      </trkpt>
      <trkpt lat="47.827238" lon="-117.207745">
        <ele>601.6</ele>
        <time>2026-08-01T21:18:33Z</time>
      </trkpt>
      <trkpt lat="47.826884" lon="-117.208577">
        <ele>599.0</ele>
        <time>2026-08-01T21:18:37Z</time>
      </trkpt>
      <trkpt lat="47.826687" lon="-117.208956">
        <ele>598.4</ele>
        <time>2026-08-01T21:18:39Z</time>
      </trkpt>
      <trkpt lat="47.826457" lon="-117.209272">
        <ele>598.9</ele>
        <time>2026-08-01T21:18:41Z</time>
      </trkpt>
      <trkpt lat="47.826331" lon="-117.209413">
        <ele>599.1</ele>
        <time>2026-08-01T21:18:42Z</time>
      </trkpt>
      <trkpt lat="47.826195" lon="-117.209533">
        <ele>599.4</ele>
        <time>2026-08-01T21:18:43Z</time>
      </trkpt>
      <trkpt lat="47.826049" lon="-117.209636">
        <ele>599.6</ele>
        <time>2026-08-01T21:18:44Z</time>
      </trkpt>
      <trkpt lat="47.825902" lon="-117.209721">
        <ele>599.8</ele>
        <time>2026-08-01T21:18:45Z</time>
      </trkpt>
      <trkpt lat="47.825125" lon="-117.210137">
        <ele>598.1</ele>
        <time>2026-08-01T21:18:50Z</time>
      </trkpt>
      <trkpt lat="47.824334" lon="-117.210600">
        <ele>599.6</ele>
        <time>2026-08-01T21:18:55Z</time>
      </trkpt>
      <trkpt lat="47.823731" lon="-117.210937">
        <ele>598.6</ele>
        <time>2026-08-01T21:18:59Z</time>
      </trkpt>
      <trkpt lat="47.823417" lon="-117.211100">
        <ele>598.8</ele>
        <time>2026-08-01T21:19:01Z</time>
      </trkpt>
      <trkpt lat="47.823096" lon="-117.211234">
        <ele>598.8</ele>
        <time>2026-08-01T21:19:03Z</time>
      </trkpt>
      <trkpt lat="47.822736" lon="-117.211348">
        <ele>598.3</ele>
        <time>2026-08-01T21:19:05Z</time>
      </trkpt>
      <trkpt lat="47.821887" lon="-117.211559">
        <ele>598.3</ele>
        <time>2026-08-01T21:19:10Z</time>
      </trkpt>
      <trkpt lat="47.821592" lon="-117.211625">
        <ele>598.1</ele>
        <time>2026-08-01T21:19:12Z</time>
      </trkpt>
      <trkpt lat="47.820765" lon="-117.211775">
        <ele>596.5</ele>
        <time>2026-08-01T21:19:17Z</time>
      </trkpt>
      <trkpt lat="47.820602" lon="-117.211817">
        <ele>596.1</ele>
        <time>2026-08-01T21:19:18Z</time>
      </trkpt>
      <trkpt lat="47.820445" lon="-117.211870">
        <ele>596.2</ele>
        <time>2026-08-01T21:19:19Z</time>
      </trkpt>
      <trkpt lat="47.820260" lon="-117.211956">
        <ele>596.1</ele>
        <time>2026-08-01T21:19:20Z</time>
      </trkpt>
      <trkpt lat="47.819992" lon="-117.212125">
        <ele>595.9</ele>
        <time>2026-08-01T21:19:22Z</time>
      </trkpt>
      <trkpt lat="47.818986" lon="-117.212844">
        <ele>593.5</ele>
        <time>2026-08-01T21:19:29Z</time>
      </trkpt>
      <trkpt lat="47.818565" lon="-117.213124">
        <ele>592.5</ele>
        <time>2026-08-01T21:19:32Z</time>
      </trkpt>
      <trkpt lat="47.818150" lon="-117.213436">
        <ele>591.3</ele>
        <time>2026-08-01T21:19:35Z</time>
      </trkpt>
      <trkpt lat="47.817879" lon="-117.213675">
        <ele>590.6</ele>
        <time>2026-08-01T21:19:37Z</time>
      </trkpt>
      <trkpt lat="47.817489" lon="-117.214077">
        <ele>589.8</ele>
        <time>2026-08-01T21:19:40Z</time>
      </trkpt>
      <trkpt lat="47.816735" lon="-117.214896">
        <ele>589.0</ele>
        <time>2026-08-01T21:19:46Z</time>
      </trkpt>
      <trkpt lat="47.816610" lon="-117.215016">
        <ele>589.0</ele>
        <time>2026-08-01T21:19:47Z</time>
      </trkpt>
      <trkpt lat="47.816484" lon="-117.215118">
        <ele>588.9</ele>
        <time>2026-08-01T21:19:48Z</time>
      </trkpt>
      <trkpt lat="47.816348" lon="-117.215204">
        <ele>588.9</ele>
        <time>2026-08-01T21:19:49Z</time>
      </trkpt>
      <trkpt lat="47.816207" lon="-117.215268">
        <ele>588.8</ele>
        <time>2026-08-01T21:19:50Z</time>
      </trkpt>
      <trkpt lat="47.816063" lon="-117.215311">
        <ele>588.7</ele>
        <time>2026-08-01T21:19:51Z</time>
      </trkpt>
      <trkpt lat="47.815916" lon="-117.215330">
        <ele>588.4</ele>
        <time>2026-08-01T21:19:52Z</time>
      </trkpt>
      <trkpt lat="47.815769" lon="-117.215324">
        <ele>588.8</ele>
        <time>2026-08-01T21:19:53Z</time>
      </trkpt>
      <trkpt lat="47.815484" lon="-117.215193">
        <ele>588.4</ele>
        <time>2026-08-01T21:19:55Z</time>
      </trkpt>
      <trkpt lat="47.814488" lon="-117.214595">
        <ele>589.0</ele>
        <time>2026-08-01T21:20:02Z</time>
      </trkpt>
      <trkpt lat="47.814322" lon="-117.214426">
        <ele>589.2</ele>
        <time>2026-08-01T21:20:03Z</time>
      </trkpt>
      <trkpt lat="47.812357" lon="-117.213239">
        <ele>589.9</ele>
        <time>2026-08-01T21:20:16Z</time>
      </trkpt>
      <trkpt lat="47.812060" lon="-117.213077">
        <ele>589.7</ele>
        <time>2026-08-01T21:20:18Z</time>
      </trkpt>
      <trkpt lat="47.811909" lon="-117.213008">
        <ele>589.4</ele>
        <time>2026-08-01T21:20:19Z</time>
      </trkpt>
      <trkpt lat="47.811756" lon="-117.212951">
        <ele>589.2</ele>
        <time>2026-08-01T21:20:20Z</time>
      </trkpt>
      <trkpt lat="47.811608" lon="-117.212911">
        <ele>589.1</ele>
        <time>2026-08-01T21:20:21Z</time>
      </trkpt>
      <trkpt lat="47.811450" lon="-117.212888">
        <ele>588.9</ele>
        <time>2026-08-01T21:20:22Z</time>
      </trkpt>
      <trkpt lat="47.810806" lon="-117.212865">
        <ele>588.1</ele>
        <time>2026-08-01T21:20:26Z</time>
      </trkpt>
      <trkpt lat="47.810016" lon="-117.212855">
        <ele>586.9</ele>
        <time>2026-08-01T21:20:31Z</time>
      </trkpt>
      <trkpt lat="47.809140" lon="-117.212866">
        <ele>584.8</ele>
        <time>2026-08-01T21:20:37Z</time>
      </trkpt>
      <trkpt lat="47.807050" lon="-117.212853">
        <ele>582.3</ele>
        <time>2026-08-01T21:20:52Z</time>
      </trkpt>
      <trkpt lat="47.806494" lon="-117.212859">
        <ele>581.8</ele>
        <time>2026-08-01T21:20:56Z</time>
      </trkpt>
      <trkpt lat="47.805121" lon="-117.212842">
        <ele>581.4</ele>
        <time>2026-08-01T21:21:06Z</time>
      </trkpt>
      <trkpt lat="47.804858" lon="-117.212852">
        <ele>581.6</ele>
        <time>2026-08-01T21:21:08Z</time>
      </trkpt>
      <trkpt lat="47.804726" lon="-117.212869">
        <ele>581.6</ele>
        <time>2026-08-01T21:21:09Z</time>
      </trkpt>
      <trkpt lat="47.804594" lon="-117.212900">
        <ele>581.2</ele>
        <time>2026-08-01T21:21:10Z</time>
      </trkpt>
      <trkpt lat="47.804461" lon="-117.212949">
        <ele>580.9</ele>
        <time>2026-08-01T21:21:11Z</time>
      </trkpt>
      <trkpt lat="47.804330" lon="-117.213014">
        <ele>581.1</ele>
        <time>2026-08-01T21:21:12Z</time>
      </trkpt>
      <trkpt lat="47.803984" lon="-117.213341">
        <ele>581.0</ele>
        <time>2026-08-01T21:21:15Z</time>
      </trkpt>
      <trkpt lat="47.803879" lon="-117.213471">
        <ele>580.9</ele>
        <time>2026-08-01T21:21:16Z</time>
      </trkpt>
      <trkpt lat="47.803784" lon="-117.213615">
        <ele>580.7</ele>
        <time>2026-08-01T21:21:17Z</time>
      </trkpt>
      <trkpt lat="47.803620" lon="-117.213939">
        <ele>580.5</ele>
        <time>2026-08-01T21:21:19Z</time>
      </trkpt>
      <trkpt lat="47.803550" lon="-117.214119">
        <ele>580.3</ele>
        <time>2026-08-01T21:21:20Z</time>
      </trkpt>
      <trkpt lat="47.802584" lon="-117.216838">
        <ele>578.8</ele>
        <time>2026-08-01T21:21:34Z</time>
      </trkpt>
      <trkpt lat="47.802471" lon="-117.217246">
        <ele>577.9</ele>
        <time>2026-08-01T21:21:36Z</time>
      </trkpt>
      <trkpt lat="47.802424" lon="-117.217455">
        <ele>577.1</ele>
        <time>2026-08-01T21:21:37Z</time>
      </trkpt>
      <trkpt lat="47.802346" lon="-117.217912">
        <ele>576.5</ele>
        <time>2026-08-01T21:21:39Z</time>
      </trkpt>
      <trkpt lat="47.802305" lon="-117.218383">
        <ele>575.9</ele>
        <time>2026-08-01T21:21:41Z</time>
      </trkpt>
      <trkpt lat="47.802286" lon="-117.218876">
        <ele>575.3</ele>
        <time>2026-08-01T21:21:43Z</time>
      </trkpt>
      <trkpt lat="47.802228" lon="-117.221982">
        <ele>574.3</ele>
        <time>2026-08-01T21:21:56Z</time>
      </trkpt>
      <trkpt lat="47.802208" lon="-117.222219">
        <ele>574.2</ele>
        <time>2026-08-01T21:21:57Z</time>
      </trkpt>
      <trkpt lat="47.802134" lon="-117.227766">
        <ele>574.1</ele>
        <time>2026-08-01T21:22:20Z</time>
      </trkpt>
      <trkpt lat="47.802094" lon="-117.229872">
        <ele>579.0</ele>
        <time>2026-08-01T21:22:29Z</time>
      </trkpt>
      <trkpt lat="47.802075" lon="-117.233514">
        <ele>583.0</ele>
        <time>2026-08-01T21:22:44Z</time>
      </trkpt>
      <trkpt lat="47.802050" lon="-117.233985">
        <ele>584.0</ele>
        <time>2026-08-01T21:22:46Z</time>
      </trkpt>
      <trkpt lat="47.801988" lon="-117.234449">
        <ele>585.2</ele>
        <time>2026-08-01T21:22:48Z</time>
      </trkpt>
      <trkpt lat="47.801898" lon="-117.234897">
        <ele>586.5</ele>
        <time>2026-08-01T21:22:50Z</time>
      </trkpt>
      <trkpt lat="47.801796" lon="-117.235290">
        <ele>587.1</ele>
        <time>2026-08-01T21:22:52Z</time>
      </trkpt>
      <trkpt lat="47.801652" lon="-117.235714">
        <ele>587.0</ele>
        <time>2026-08-01T21:22:54Z</time>
      </trkpt>
      <trkpt lat="47.801344" lon="-117.236275">
        <ele>584.8</ele>
        <time>2026-08-01T21:22:57Z</time>
      </trkpt>
      <trkpt lat="47.800399" lon="-117.237769">
        <ele>580.5</ele>
        <time>2026-08-01T21:23:05Z</time>
      </trkpt>
      <trkpt lat="47.800310" lon="-117.237990">
        <ele>580.3</ele>
        <time>2026-08-01T21:23:06Z</time>
      </trkpt>
      <trkpt lat="47.800193" lon="-117.238170">
        <ele>580.2</ele>
        <time>2026-08-01T21:23:07Z</time>
      </trkpt>
      <trkpt lat="47.800051" lon="-117.238316">
        <ele>580.0</ele>
        <time>2026-08-01T21:23:08Z</time>
      </trkpt>
      <trkpt lat="47.798125" lon="-117.241300">
        <ele>581.5</ele>
        <time>2026-08-01T21:23:25Z</time>
      </trkpt>
      <trkpt lat="47.797951" lon="-117.241454">
        <ele>581.5</ele>
        <time>2026-08-01T21:23:26Z</time>
      </trkpt>
      <trkpt lat="47.794716" lon="-117.246507">
        <ele>573.3</ele>
        <time>2026-08-01T21:23:55Z</time>
      </trkpt>
      <trkpt lat="47.793654" lon="-117.248130">
        <ele>576.8</ele>
        <time>2026-08-01T21:24:05Z</time>
      </trkpt>
      <trkpt lat="47.791585" lon="-117.251367">
        <ele>575.1</ele>
        <time>2026-08-01T21:24:25Z</time>
      </trkpt>
      <trkpt lat="47.789940" lon="-117.253898">
        <ele>576.5</ele>
        <time>2026-08-01T21:24:40Z</time>
      </trkpt>
      <trkpt lat="47.788413" lon="-117.256269">
        <ele>575.6</ele>
        <time>2026-08-01T21:24:54Z</time>
      </trkpt>
      <trkpt lat="47.788104" lon="-117.256798">
        <ele>575.8</ele>
        <time>2026-08-01T21:24:57Z</time>
      </trkpt>
      <trkpt lat="47.787918" lon="-117.257179">
        <ele>576.2</ele>
        <time>2026-08-01T21:24:59Z</time>
      </trkpt>
      <trkpt lat="47.787717" lon="-117.257805">
        <ele>576.7</ele>
        <time>2026-08-01T21:25:02Z</time>
      </trkpt>
      <trkpt lat="47.787619" lon="-117.258010">
        <ele>576.9</ele>
        <time>2026-08-01T21:25:03Z</time>
      </trkpt>
      <trkpt lat="47.787564" lon="-117.258230">
        <ele>577.1</ele>
        <time>2026-08-01T21:25:04Z</time>
      </trkpt>
      <trkpt lat="47.787572" lon="-117.258468">
        <ele>577.4</ele>
        <time>2026-08-01T21:25:05Z</time>
      </trkpt>
      <trkpt lat="47.787515" lon="-117.258920">
        <ele>578.0</ele>
        <time>2026-08-01T21:25:07Z</time>
      </trkpt>
      <trkpt lat="47.787484" lon="-117.259608">
        <ele>578.9</ele>
        <time>2026-08-01T21:25:10Z</time>
      </trkpt>
      <trkpt lat="47.787477" lon="-117.264742">
        <ele>581.0</ele>
        <time>2026-08-01T21:25:31Z</time>
      </trkpt>
      <trkpt lat="47.787497" lon="-117.278738">
        <ele>590.4</ele>
        <time>2026-08-01T21:26:21Z</time>
      </trkpt>
      <trkpt lat="47.787515" lon="-117.281828">
        <ele>585.7</ele>
        <time>2026-08-01T21:26:32Z</time>
      </trkpt>
      <trkpt lat="47.787564" lon="-117.286802">
        <ele>586.8</ele>
        <time>2026-08-01T21:26:50Z</time>
      </trkpt>
      <trkpt lat="47.787604" lon="-117.297776">
        <ele>572.5</ele>
        <time>2026-08-01T21:27:30Z</time>
      </trkpt>
      <trkpt lat="47.787639" lon="-117.301154">
        <ele>570.6</ele>
        <time>2026-08-01T21:27:43Z</time>
      </trkpt>
      <trkpt lat="47.787641" lon="-117.302251">
        <ele>571.6</ele>
        <time>2026-08-01T21:27:48Z</time>
      </trkpt>
      <trkpt lat="47.787653" lon="-117.302640">
        <ele>572.0</ele>
        <time>2026-08-01T21:27:50Z</time>
      </trkpt>
      <trkpt lat="47.787705" lon="-117.303173">
        <ele>572.4</ele>
        <time>2026-08-01T21:27:53Z</time>
      </trkpt>
      <trkpt lat="47.787707" lon="-117.303328">
        <ele>572.5</ele>
        <time>2026-08-01T21:27:54Z</time>
      </trkpt>
      <trkpt lat="47.787688" lon="-117.303703">
        <ele>572.6</ele>
        <time>2026-08-01T21:27:57Z</time>
      </trkpt>
      <trkpt lat="47.787702" lon="-117.303808">
        <ele>572.5</ele>
        <time>2026-08-01T21:27:58Z</time>
      </trkpt>
      <trkpt lat="47.787746" lon="-117.303875">
        <ele>572.6</ele>
        <time>2026-08-01T21:27:59Z</time>
      </trkpt>
      <trkpt lat="47.787768" lon="-117.304065">
        <ele>572.9</ele>
        <time>2026-08-01T21:28:01Z</time>
      </trkpt>
      <trkpt lat="47.787766" lon="-117.304155">
        <ele>572.9</ele>
        <time>2026-08-01T21:28:02Z</time>
      </trkpt>
      <trkpt lat="47.787708" lon="-117.304199">
        <ele>573.1</ele>
        <time>2026-08-01T21:28:03Z</time>
      </trkpt>
      <trkpt lat="47.787672" lon="-117.304325">
        <ele>573.2</ele>
        <time>2026-08-01T21:28:04Z</time>
      </trkpt>
      <trkpt lat="47.787674" lon="-117.304449">
        <ele>573.4</ele>
        <time>2026-08-01T21:28:05Z</time>
      </trkpt>
      <trkpt lat="47.787652" lon="-117.304566">
        <ele>573.5</ele>
        <time>2026-08-01T21:28:06Z</time>
      </trkpt>
      <trkpt lat="47.787639" lon="-117.304842">
        <ele>573.4</ele>
        <time>2026-08-01T21:28:08Z</time>
      </trkpt>
      <trkpt lat="47.787462" lon="-117.318717">
        <ele>574.7</ele>
        <time>2026-08-01T21:29:05Z</time>
      </trkpt>
      <trkpt lat="47.787463" lon="-117.320915">
        <ele>575.2</ele>
        <time>2026-08-01T21:29:13Z</time>
      </trkpt>
      <trkpt lat="47.787432" lon="-117.324151">
        <ele>575.5</ele>
        <time>2026-08-01T21:29:25Z</time>
      </trkpt>
      <trkpt lat="47.787361" lon="-117.327957">
        <ele>576.1</ele>
        <time>2026-08-01T21:29:40Z</time>
      </trkpt>
      <trkpt lat="47.787312" lon="-117.332539">
        <ele>576.1</ele>
        <time>2026-08-01T21:30:00Z</time>
      </trkpt>
      <trkpt lat="47.787262" lon="-117.335777">
        <ele>570.9</ele>
        <time>2026-08-01T21:30:14Z</time>
      </trkpt>
      <trkpt lat="47.787273" lon="-117.336496">
        <ele>570.1</ele>
        <time>2026-08-01T21:30:17Z</time>
      </trkpt>
      <trkpt lat="47.787308" lon="-117.336991">
        <ele>569.8</ele>
        <time>2026-08-01T21:30:19Z</time>
      </trkpt>
      <trkpt lat="47.787372" lon="-117.337472">
        <ele>569.5</ele>
        <time>2026-08-01T21:30:21Z</time>
      </trkpt>
      <trkpt lat="47.787436" lon="-117.337699">
        <ele>569.4</ele>
        <time>2026-08-01T21:30:22Z</time>
      </trkpt>
      <trkpt lat="47.787539" lon="-117.338148">
        <ele>569.3</ele>
        <time>2026-08-01T21:30:24Z</time>
      </trkpt>
      <trkpt lat="47.787579" lon="-117.338376">
        <ele>569.2</ele>
        <time>2026-08-01T21:30:25Z</time>
      </trkpt>
      <trkpt lat="47.787688" lon="-117.338796">
        <ele>569.5</ele>
        <time>2026-08-01T21:30:27Z</time>
      </trkpt>
      <trkpt lat="47.787834" lon="-117.339425">
        <ele>569.4</ele>
        <time>2026-08-01T21:30:30Z</time>
      </trkpt>
      <trkpt lat="47.787905" lon="-117.339860">
        <ele>569.1</ele>
        <time>2026-08-01T21:30:32Z</time>
      </trkpt>
      <trkpt lat="47.787954" lon="-117.340308">
        <ele>568.8</ele>
        <time>2026-08-01T21:30:34Z</time>
      </trkpt>
      <trkpt lat="47.787988" lon="-117.340992">
        <ele>568.3</ele>
        <time>2026-08-01T21:30:37Z</time>
      </trkpt>
      <trkpt lat="47.787996" lon="-117.342646">
        <ele>568.5</ele>
        <time>2026-08-01T21:30:44Z</time>
      </trkpt>
      <trkpt lat="47.787987" lon="-117.343125">
        <ele>568.8</ele>
        <time>2026-08-01T21:30:46Z</time>
      </trkpt>
      <trkpt lat="47.787961" lon="-117.343597">
        <ele>569.4</ele>
        <time>2026-08-01T21:30:48Z</time>
      </trkpt>
      <trkpt lat="47.787912" lon="-117.344055">
        <ele>570.3</ele>
        <time>2026-08-01T21:30:50Z</time>
      </trkpt>
      <trkpt lat="47.787841" lon="-117.344506">
        <ele>571.5</ele>
        <time>2026-08-01T21:30:52Z</time>
      </trkpt>
      <trkpt lat="47.787754" lon="-117.344951">
        <ele>572.1</ele>
        <time>2026-08-01T21:30:54Z</time>
      </trkpt>
      <trkpt lat="47.787479" lon="-117.346220">
        <ele>573.8</ele>
        <time>2026-08-01T21:31:00Z</time>
      </trkpt>
      <trkpt lat="47.787375" lon="-117.346813">
        <ele>574.3</ele>
        <time>2026-08-01T21:31:03Z</time>
      </trkpt>
      <trkpt lat="47.787288" lon="-117.347406">
        <ele>574.6</ele>
        <time>2026-08-01T21:31:06Z</time>
      </trkpt>
      <trkpt lat="47.787226" lon="-117.347957">
        <ele>575.1</ele>
        <time>2026-08-01T21:31:09Z</time>
      </trkpt>
      <trkpt lat="47.787186" lon="-117.348507">
        <ele>575.2</ele>
        <time>2026-08-01T21:31:12Z</time>
      </trkpt>
      <trkpt lat="47.787145" lon="-117.349830">
        <ele>576.0</ele>
        <time>2026-08-01T21:31:20Z</time>
      </trkpt>
      <trkpt lat="47.787115" lon="-117.350482">
        <ele>576.6</ele>
        <time>2026-08-01T21:31:25Z</time>
      </trkpt>
      <trkpt lat="47.787113" lon="-117.351243">
        <ele>577.4</ele>
        <time>2026-08-01T21:31:34Z</time>
      </trkpt>
      <trkpt lat="47.787123" lon="-117.351307">
        <ele>577.7</ele>
        <time>2026-08-01T21:31:35Z</time>
      </trkpt>
      <trkpt lat="47.787062" lon="-117.351226">
        <ele>578.2</ele>
        <time>2026-08-01T21:31:36Z</time>
      </trkpt>
      <trkpt lat="47.786910" lon="-117.351232">
        <ele>578.0</ele>
        <time>2026-08-01T21:31:40Z</time>
      </trkpt>
      <trkpt lat="47.786846" lon="-117.351422">
        <ele>578.8</ele>
        <time>2026-08-01T21:31:42Z</time>
      </trkpt>
      <trkpt lat="47.786868" lon="-117.351464">
        <ele>578.8</ele>
        <time>2026-08-01T21:31:43Z</time>
      </trkpt>
      <trkpt lat="47.786863" lon="-117.351583">
        <ele>578.9</ele>
        <time>2026-08-01T21:31:45Z</time>
      </trkpt>
      <trkpt lat="47.786877" lon="-117.351869">
        <ele>578.7</ele>
        <time>2026-08-01T21:31:50Z</time>
      </trkpt>
      <trkpt lat="47.786842" lon="-117.352020">
        <ele>576.0</ele>
        <time>2026-08-01T21:32:04Z</time>
      </trkpt>
      <trkpt lat="47.786784" lon="-117.352020">
        <ele>551.0</ele>
        <time>2026-08-01T21:39:19Z</time>
      </trkpt>
      <trkpt lat="47.786777" lon="-117.351697">
        <ele>560.0</ele>
        <time>2026-08-01T21:50:21Z</time>
      </trkpt>
      <trkpt lat="47.786842" lon="-117.351771">
        <ele>578.0</ele>
        <time>2026-08-01T22:02:08Z</time>
      </trkpt>
      <trkpt lat="47.786830" lon="-117.351865">
        <ele>575.0</ele>
        <time>2026-08-01T22:02:13Z</time>
      </trkpt>
      <trkpt lat="47.786776" lon="-117.351800">
        <ele>580.0</ele>
        <time>2026-08-01T22:02:19Z</time>
      </trkpt>
      <trkpt lat="47.786714" lon="-117.351752">
        <ele>580.0</ele>
        <time>2026-08-01T22:02:25Z</time>
      </trkpt>
      <trkpt lat="47.786680" lon="-117.351741">
        <ele>576.0</ele>
        <time>2026-08-01T22:02:32Z</time>
      </trkpt>
      <trkpt lat="47.786653" lon="-117.351778">
        <ele>580.0</ele>
        <time>2026-08-01T22:02:39Z</time>
      </trkpt>
      <trkpt lat="47.786644" lon="-117.351826">
        <ele>580.2</ele>
        <time>2026-08-01T22:02:41Z</time>
      </trkpt>
      <trkpt lat="47.786644" lon="-117.351991">
        <ele>580.2</ele>
        <time>2026-08-01T22:02:45Z</time>
      </trkpt>
      <trkpt lat="47.786620" lon="-117.352067">
        <ele>580.2</ele>
        <time>2026-08-01T22:02:47Z</time>
      </trkpt>
      <trkpt lat="47.786596" lon="-117.352089">
        <ele>580.2</ele>
        <time>2026-08-01T22:02:48Z</time>
      </trkpt>
      <trkpt lat="47.786533" lon="-117.352106">
        <ele>580.4</ele>
        <time>2026-08-01T22:02:50Z</time>
      </trkpt>
      <trkpt lat="47.786339" lon="-117.352128">
        <ele>581.1</ele>
        <time>2026-08-01T22:02:56Z</time>
      </trkpt>
      <trkpt lat="47.786283" lon="-117.352160">
        <ele>581.3</ele>
        <time>2026-08-01T22:02:58Z</time>
      </trkpt>
      <trkpt lat="47.786264" lon="-117.352192">
        <ele>581.3</ele>
        <time>2026-08-01T22:02:59Z</time>
      </trkpt>
      <trkpt lat="47.786250" lon="-117.352268">
        <ele>580.0</ele>
        <time>2026-08-01T22:03:01Z</time>
      </trkpt>
      <trkpt lat="47.786266" lon="-117.352348">
        <ele>581.7</ele>
        <time>2026-08-01T22:03:04Z</time>
      </trkpt>
      <trkpt lat="47.786292" lon="-117.352377">
        <ele>581.7</ele>
        <time>2026-08-01T22:03:05Z</time>
      </trkpt>
      <trkpt lat="47.786369" lon="-117.352397">
        <ele>581.7</ele>
        <time>2026-08-01T22:03:07Z</time>
      </trkpt>
      <trkpt lat="47.786577" lon="-117.352408">
        <ele>581.7</ele>
        <time>2026-08-01T22:03:11Z</time>
      </trkpt>
      <trkpt lat="47.786868" lon="-117.352406">
        <ele>581.8</ele>
        <time>2026-08-01T22:03:17Z</time>
      </trkpt>
      <trkpt lat="47.786952" lon="-117.352383">
        <ele>581.9</ele>
        <time>2026-08-01T22:03:19Z</time>
      </trkpt>
      <trkpt lat="47.786985" lon="-117.352351">
        <ele>581.9</ele>
        <time>2026-08-01T22:03:20Z</time>
      </trkpt>
      <trkpt lat="47.787015" lon="-117.352292">
        <ele>581.9</ele>
        <time>2026-08-01T22:03:21Z</time>
      </trkpt>
      <trkpt lat="47.787073" lon="-117.351963">
        <ele>581.8</ele>
        <time>2026-08-01T22:03:23Z</time>
      </trkpt>
      <trkpt lat="47.787108" lon="-117.351481">
        <ele>581.3</ele>
        <time>2026-08-01T22:03:28Z</time>
      </trkpt>
      <trkpt lat="47.787091" lon="-117.351395">
        <ele>581.4</ele>
        <time>2026-08-01T22:03:29Z</time>
      </trkpt>
      <trkpt lat="47.787098" lon="-117.351329">
        <ele>581.4</ele>
        <time>2026-08-01T22:03:30Z</time>
      </trkpt>
      <trkpt lat="47.787212" lon="-117.351225">
        <ele>581.3</ele>
        <time>2026-08-01T22:03:31Z</time>
      </trkpt>
      <trkpt lat="47.787269" lon="-117.351245">
        <ele>581.2</ele>
        <time>2026-08-01T22:03:32Z</time>
      </trkpt>
      <trkpt lat="47.787393" lon="-117.351225">
        <ele>581.0</ele>
        <time>2026-08-01T22:03:34Z</time>
      </trkpt>
      <trkpt lat="47.787756" lon="-117.351221">
        <ele>581.7</ele>
        <time>2026-08-01T22:03:40Z</time>
      </trkpt>
      <trkpt lat="47.787791" lon="-117.351229">
        <ele>581.8</ele>
        <time>2026-08-01T22:03:41Z</time>
      </trkpt>
      <trkpt lat="47.787822" lon="-117.351255">
        <ele>581.7</ele>
        <time>2026-08-01T22:03:42Z</time>
      </trkpt>
      <trkpt lat="47.787844" lon="-117.351297">
        <ele>581.7</ele>
        <time>2026-08-01T22:03:43Z</time>
      </trkpt>
      <trkpt lat="47.787863" lon="-117.351383">
        <ele>581.8</ele>
        <time>2026-08-01T22:03:45Z</time>
      </trkpt>
      <trkpt lat="47.787866" lon="-117.352069">
        <ele>582.1</ele>
        <time>2026-08-01T22:03:56Z</time>
      </trkpt>
      <trkpt lat="47.787873" lon="-117.352170">
        <ele>582.2</ele>
        <time>2026-08-01T22:03:58Z</time>
      </trkpt>
      <trkpt lat="47.787886" lon="-117.352213">
        <ele>582.2</ele>
        <time>2026-08-01T22:03:59Z</time>
      </trkpt>
      <trkpt lat="47.787880" lon="-117.352259">
        <ele>582.3</ele>
        <time>2026-08-01T22:04:00Z</time>
      </trkpt>
      <trkpt lat="47.787996" lon="-117.352285">
        <ele>582.3</ele>
        <time>2026-08-01T22:04:02Z</time>
      </trkpt>
      <trkpt lat="47.788308" lon="-117.352265">
        <ele>582.5</ele>
        <time>2026-08-01T22:04:07Z</time>
      </trkpt>
      <trkpt lat="47.788376" lon="-117.352285">
        <ele>582.5</ele>
        <time>2026-08-01T22:04:08Z</time>
      </trkpt>
      <trkpt lat="47.788676" lon="-117.352294">
        <ele>582.9</ele>
        <time>2026-08-01T22:04:13Z</time>
      </trkpt>
      <trkpt lat="47.788688" lon="-117.352330">
        <ele>583.0</ele>
        <time>2026-08-01T22:04:14Z</time>
      </trkpt>
      <trkpt lat="47.788716" lon="-117.352356">
        <ele>583.1</ele>
        <time>2026-08-01T22:04:15Z</time>
      </trkpt>
      <trkpt lat="47.788833" lon="-117.352579">
        <ele>582.8</ele>
        <time>2026-08-01T22:04:28Z</time>
      </trkpt>
      <trkpt lat="47.788925" lon="-117.352555">
        <ele>582.8</ele>
        <time>2026-08-01T22:04:29Z</time>
      </trkpt>
      <trkpt lat="47.788981" lon="-117.352570">
        <ele>582.8</ele>
        <time>2026-08-01T22:04:30Z</time>
      </trkpt>
      <trkpt lat="47.789117" lon="-117.352559">
        <ele>582.7</ele>
        <time>2026-08-01T22:04:32Z</time>
      </trkpt>
      <trkpt lat="47.789496" lon="-117.352499">
        <ele>582.9</ele>
        <time>2026-08-01T22:04:37Z</time>
      </trkpt>
      <trkpt lat="47.789676" lon="-117.352452">
        <ele>583.1</ele>
        <time>2026-08-01T22:04:41Z</time>
      </trkpt>
      <trkpt lat="47.789710" lon="-117.352424">
        <ele>583.1</ele>
        <time>2026-08-01T22:04:42Z</time>
      </trkpt>
      <trkpt lat="47.789742" lon="-117.352494">
        <ele>583.1</ele>
        <time>2026-08-01T22:04:43Z</time>
      </trkpt>
      <trkpt lat="47.789748" lon="-117.352545">
        <ele>583.0</ele>
        <time>2026-08-01T22:04:44Z</time>
      </trkpt>
      <trkpt lat="47.789730" lon="-117.352603">
        <ele>582.0</ele>
        <time>2026-08-01T22:04:45Z</time>
      </trkpt>
      <trkpt lat="47.789652" lon="-117.352612">
        <ele>583.3</ele>
        <time>2026-08-01T22:04:47Z</time>
      </trkpt>
      <trkpt lat="47.789555" lon="-117.352609">
        <ele>583.4</ele>
        <time>2026-08-01T22:04:49Z</time>
      </trkpt>
      <trkpt lat="47.789335" lon="-117.352658">
        <ele>583.7</ele>
        <time>2026-08-01T22:04:53Z</time>
      </trkpt>
      <trkpt lat="47.788976" lon="-117.352785">
        <ele>583.9</ele>
        <time>2026-08-01T22:04:59Z</time>
      </trkpt>
      <trkpt lat="47.788923" lon="-117.352820">
        <ele>583.9</ele>
        <time>2026-08-01T22:05:00Z</time>
      </trkpt>
      <trkpt lat="47.788882" lon="-117.352886">
        <ele>583.9</ele>
        <time>2026-08-01T22:05:01Z</time>
      </trkpt>
      <trkpt lat="47.788859" lon="-117.353013">
        <ele>584.0</ele>
        <time>2026-08-01T22:05:03Z</time>
      </trkpt>
      <trkpt lat="47.788842" lon="-117.353321">
        <ele>583.9</ele>
        <time>2026-08-01T22:05:07Z</time>
      </trkpt>
      <trkpt lat="47.788774" lon="-117.353800">
        <ele>583.6</ele>
        <time>2026-08-01T22:05:13Z</time>
      </trkpt>
      <trkpt lat="47.788739" lon="-117.354577">
        <ele>583.8</ele>
        <time>2026-08-01T22:05:22Z</time>
      </trkpt>
      <trkpt lat="47.788738" lon="-117.354923">
        <ele>584.4</ele>
        <time>2026-08-01T22:05:29Z</time>
      </trkpt>
      <trkpt lat="47.788631" lon="-117.354962">
        <ele>584.4</ele>
        <time>2026-08-01T22:05:31Z</time>
      </trkpt>
      <trkpt lat="47.788596" lon="-117.354945">
        <ele>584.4</ele>
        <time>2026-08-01T22:05:32Z</time>
      </trkpt>
      <trkpt lat="47.787947" lon="-117.354934">
        <ele>583.9</ele>
        <time>2026-08-01T22:05:48Z</time>
      </trkpt>
      <trkpt lat="47.787904" lon="-117.355111">
        <ele>583.8</ele>
        <time>2026-08-01T22:05:50Z</time>
      </trkpt>
      <trkpt lat="47.787919" lon="-117.355179">
        <ele>583.8</ele>
        <time>2026-08-01T22:05:51Z</time>
      </trkpt>
      <trkpt lat="47.787911" lon="-117.355269">
        <ele>583.8</ele>
        <time>2026-08-01T22:05:53Z</time>
      </trkpt>
      <trkpt lat="47.787934" lon="-117.355310">
        <ele>583.7</ele>
        <time>2026-08-01T22:05:54Z</time>
      </trkpt>
      <trkpt lat="47.787919" lon="-117.355344">
        <ele>583.6</ele>
        <time>2026-08-01T22:05:55Z</time>
      </trkpt>
      <trkpt lat="47.787919" lon="-117.355420">
        <ele>583.0</ele>
        <time>2026-08-01T22:06:25Z</time>
      </trkpt>
      <trkpt lat="47.787919" lon="-117.355350">
        <ele>580.0</ele>
        <time>2026-08-01T22:09:29Z</time>
      </trkpt>
      <trkpt lat="47.788144" lon="-117.355356">
        <ele>580.0</ele>
        <time>2026-08-01T22:09:58Z</time>
      </trkpt>
      <trkpt lat="47.788219" lon="-117.355373">
        <ele>580.0</ele>
        <time>2026-08-01T22:10:09Z</time>
      </trkpt>
      <trkpt lat="47.788331" lon="-117.355355">
        <ele>580.0</ele>
        <time>2026-08-01T22:10:20Z</time>
      </trkpt>
      <trkpt lat="47.788407" lon="-117.355362">
        <ele>579.0</ele>
        <time>2026-08-01T22:10:27Z</time>
      </trkpt>
      <trkpt lat="47.788558" lon="-117.355353">
        <ele>580.0</ele>
        <time>2026-08-01T22:10:41Z</time>
      </trkpt>
      <trkpt lat="47.788588" lon="-117.355367">
        <ele>581.0</ele>
        <time>2026-08-01T22:10:44Z</time>
      </trkpt>
      <trkpt lat="47.788652" lon="-117.355453">
        <ele>580.0</ele>
        <time>2026-08-01T22:10:54Z</time>
      </trkpt>
      <trkpt lat="47.788762" lon="-117.355526">
        <ele>577.0</ele>
        <time>2026-08-01T22:11:06Z</time>
      </trkpt>
      <trkpt lat="47.788802" lon="-117.355535">
        <ele>579.0</ele>
        <time>2026-08-01T22:11:13Z</time>
      </trkpt>
      <trkpt lat="47.788825" lon="-117.355582">
        <ele>582.0</ele>
        <time>2026-08-01T22:11:19Z</time>
      </trkpt>
      <trkpt lat="47.788870" lon="-117.355623">
        <ele>580.0</ele>
        <time>2026-08-01T22:11:21Z</time>
      </trkpt>
      <trkpt lat="47.788896" lon="-117.355599">
        <ele>582.1</ele>
        <time>2026-08-01T22:11:23Z</time>
      </trkpt>
      <trkpt lat="47.788460" lon="-117.355608">
        <ele>582.2</ele>
        <time>2026-08-01T22:11:42Z</time>
      </trkpt>
      <trkpt lat="47.788422" lon="-117.355649">
        <ele>582.0</ele>
        <time>2026-08-01T22:11:43Z</time>
      </trkpt>
      <trkpt lat="47.788278" lon="-117.355616">
        <ele>582.3</ele>
        <time>2026-08-01T22:11:53Z</time>
      </trkpt>
      <trkpt lat="47.788271" lon="-117.355573">
        <ele>582.2</ele>
        <time>2026-08-01T22:11:54Z</time>
      </trkpt>
      <trkpt lat="47.788313" lon="-117.355528">
        <ele>582.2</ele>
        <time>2026-08-01T22:11:55Z</time>
      </trkpt>
      <trkpt lat="47.788308" lon="-117.355473">
        <ele>582.2</ele>
        <time>2026-08-01T22:11:56Z</time>
      </trkpt>
      <trkpt lat="47.788325" lon="-117.355373">
        <ele>582.2</ele>
        <time>2026-08-01T22:12:06Z</time>
      </trkpt>
      <trkpt lat="47.788399" lon="-117.355538">
        <ele>582.1</ele>
        <time>2026-08-01T22:12:09Z</time>
      </trkpt>
      <trkpt lat="47.789769" lon="-117.355773">
        <ele>580.0</ele>
        <time>2026-08-01T22:12:33Z</time>
      </trkpt>
      <trkpt lat="47.789980" lon="-117.356305">
        <ele>580.0</ele>
        <time>2026-08-01T22:12:52Z</time>
      </trkpt>
      <trkpt lat="47.789611" lon="-117.356461">
        <ele>580.9</ele>
        <time>2026-08-01T22:13:17Z</time>
      </trkpt>
      <trkpt lat="47.789578" lon="-117.356467">
        <ele>580.9</ele>
        <time>2026-08-01T22:13:18Z</time>
      </trkpt>
      <trkpt lat="47.789485" lon="-117.356596">
        <ele>580.9</ele>
        <time>2026-08-01T22:13:23Z</time>
      </trkpt>
      <trkpt lat="47.789445" lon="-117.356608">
        <ele>580.9</ele>
        <time>2026-08-01T22:13:24Z</time>
      </trkpt>
      <trkpt lat="47.789415" lon="-117.356652">
        <ele>581.0</ele>
        <time>2026-08-01T22:13:25Z</time>
      </trkpt>
      <trkpt lat="47.789339" lon="-117.356698">
        <ele>580.0</ele>
        <time>2026-08-01T22:13:26Z</time>
      </trkpt>
      <trkpt lat="47.788991" lon="-117.356458">
        <ele>582.3</ele>
        <time>2026-08-01T22:13:59Z</time>
      </trkpt>
      <trkpt lat="47.789009" lon="-117.356504">
        <ele>582.2</ele>
        <time>2026-08-01T22:14:00Z</time>
      </trkpt>
      <trkpt lat="47.789041" lon="-117.356525">
        <ele>582.0</ele>
        <time>2026-08-01T22:14:01Z</time>
      </trkpt>
      <trkpt lat="47.789002" lon="-117.356346">
        <ele>582.0</ele>
        <time>2026-08-01T22:14:16Z</time>
      </trkpt>
      <trkpt lat="47.789022" lon="-117.356207">
        <ele>582.0</ele>
        <time>2026-08-01T22:14:24Z</time>
      </trkpt>
      <trkpt lat="47.789011" lon="-117.356169">
        <ele>582.0</ele>
        <time>2026-08-01T22:14:26Z</time>
      </trkpt>
      <trkpt lat="47.788793" lon="-117.356030">
        <ele>582.0</ele>
        <time>2026-08-01T22:14:52Z</time>
      </trkpt>
      <trkpt lat="47.788760" lon="-117.355933">
        <ele>579.0</ele>
        <time>2026-08-01T22:15:00Z</time>
      </trkpt>
      <trkpt lat="47.788730" lon="-117.355898">
        <ele>580.0</ele>
        <time>2026-08-01T22:15:03Z</time>
      </trkpt>
      <trkpt lat="47.788666" lon="-117.355701">
        <ele>582.0</ele>
        <time>2026-08-01T22:15:17Z</time>
      </trkpt>
      <trkpt lat="47.788632" lon="-117.355655">
        <ele>582.4</ele>
        <time>2026-08-01T22:15:21Z</time>
      </trkpt>
      <trkpt lat="47.788572" lon="-117.355490">
        <ele>582.0</ele>
        <time>2026-08-01T22:15:32Z</time>
      </trkpt>
      <trkpt lat="47.788546" lon="-117.355470">
        <ele>580.0</ele>
        <time>2026-08-01T22:15:35Z</time>
      </trkpt>
      <trkpt lat="47.788406" lon="-117.355476">
        <ele>580.0</ele>
        <time>2026-08-01T22:15:50Z</time>
      </trkpt>
      <trkpt lat="47.788299" lon="-117.355449">
        <ele>580.0</ele>
        <time>2026-08-01T22:16:01Z</time>
      </trkpt>
      <trkpt lat="47.788155" lon="-117.355470">
        <ele>580.0</ele>
        <time>2026-08-01T22:16:15Z</time>
      </trkpt>
      <trkpt lat="47.787965" lon="-117.355441">
        <ele>581.0</ele>
        <time>2026-08-01T22:16:34Z</time>
      </trkpt>
      <trkpt lat="47.787958" lon="-117.355385">
        <ele>580.0</ele>
        <time>2026-08-01T22:16:38Z</time>
      </trkpt>
      <trkpt lat="47.787966" lon="-117.355416">
        <ele>580.0</ele>
        <time>2026-08-01T22:16:57Z</time>
      </trkpt>
      <trkpt lat="47.787970" lon="-117.355350">
        <ele>579.0</ele>
        <time>2026-08-01T22:17:13Z</time>
      </trkpt>
      <trkpt lat="47.787914" lon="-117.355523">
        <ele>579.1</ele>
        <time>2026-08-01T22:17:22Z</time>
      </trkpt>
      <trkpt lat="47.787901" lon="-117.355642">
        <ele>580.3</ele>
        <time>2026-08-01T22:17:24Z</time>
      </trkpt>
      <trkpt lat="47.787921" lon="-117.355860">
        <ele>580.6</ele>
        <time>2026-08-01T22:17:28Z</time>
      </trkpt>
      <trkpt lat="47.787963" lon="-117.355890">
        <ele>580.0</ele>
        <time>2026-08-01T22:17:29Z</time>
      </trkpt>
      <trkpt lat="47.788021" lon="-117.355896">
        <ele>581.3</ele>
        <time>2026-08-01T22:17:31Z</time>
      </trkpt>
      <trkpt lat="47.788064" lon="-117.355922">
        <ele>580.0</ele>
        <time>2026-08-01T22:17:32Z</time>
      </trkpt>
      <trkpt lat="47.788148" lon="-117.355902">
        <ele>581.3</ele>
        <time>2026-08-01T22:17:36Z</time>
      </trkpt>
      <trkpt lat="47.788238" lon="-117.355691">
        <ele>581.0</ele>
        <time>2026-08-01T22:17:44Z</time>
      </trkpt>
      <trkpt lat="47.788193" lon="-117.355660">
        <ele>582.2</ele>
        <time>2026-08-01T22:17:46Z</time>
      </trkpt>
      <trkpt lat="47.788185" lon="-117.355627">
        <ele>582.0</ele>
        <time>2026-08-01T22:17:48Z</time>
      </trkpt>
      <trkpt lat="47.788155" lon="-117.355594">
        <ele>583.2</ele>
        <time>2026-08-01T22:17:50Z</time>
      </trkpt>
      <trkpt lat="47.788124" lon="-117.355589">
        <ele>583.3</ele>
        <time>2026-08-01T22:17:51Z</time>
      </trkpt>
      <trkpt lat="47.788093" lon="-117.355566">
        <ele>583.1</ele>
        <time>2026-08-01T22:17:52Z</time>
      </trkpt>
      <trkpt lat="47.788055" lon="-117.355471">
        <ele>582.9</ele>
        <time>2026-08-01T22:17:54Z</time>
      </trkpt>
      <trkpt lat="47.788032" lon="-117.355368">
        <ele>582.0</ele>
        <time>2026-08-01T22:17:56Z</time>
      </trkpt>
      <trkpt lat="47.788007" lon="-117.355337">
        <ele>582.1</ele>
        <time>2026-08-01T22:17:58Z</time>
      </trkpt>
      <trkpt lat="47.787970" lon="-117.355221">
        <ele>581.7</ele>
        <time>2026-08-01T22:18:00Z</time>
      </trkpt>
      <trkpt lat="47.787961" lon="-117.355144">
        <ele>581.7</ele>
        <time>2026-08-01T22:18:01Z</time>
      </trkpt>
      <trkpt lat="47.787951" lon="-117.354818">
        <ele>581.5</ele>
        <time>2026-08-01T22:18:06Z</time>
      </trkpt>
      <trkpt lat="47.787305" lon="-117.354709">
        <ele>582.0</ele>
        <time>2026-08-01T22:18:50Z</time>
      </trkpt>
      <trkpt lat="47.787286" lon="-117.354365">
        <ele>582.2</ele>
        <time>2026-08-01T22:19:36Z</time>
      </trkpt>
      <trkpt lat="47.787283" lon="-117.354019">
        <ele>581.8</ele>
        <time>2026-08-01T22:19:40Z</time>
      </trkpt>
      <trkpt lat="47.787233" lon="-117.353528">
        <ele>580.4</ele>
        <time>2026-08-01T22:19:44Z</time>
      </trkpt>
      <trkpt lat="47.787041" lon="-117.350856">
        <ele>578.4</ele>
        <time>2026-08-01T22:20:05Z</time>
      </trkpt>
      <trkpt lat="47.787050" lon="-117.349782">
        <ele>577.3</ele>
        <time>2026-08-01T22:20:11Z</time>
      </trkpt>
      <trkpt lat="47.787124" lon="-117.347720">
        <ele>576.7</ele>
        <time>2026-08-01T22:20:21Z</time>
      </trkpt>
      <trkpt lat="47.787145" lon="-117.347494">
        <ele>577.1</ele>
        <time>2026-08-01T22:20:22Z</time>
      </trkpt>
      <trkpt lat="47.787177" lon="-117.347298">
        <ele>576.9</ele>
        <time>2026-08-01T22:20:23Z</time>
      </trkpt>
      <trkpt lat="47.787681" lon="-117.344808">
        <ele>572.5</ele>
        <time>2026-08-01T22:20:34Z</time>
      </trkpt>
      <trkpt lat="47.787855" lon="-117.343859">
        <ele>571.3</ele>
        <time>2026-08-01T22:20:38Z</time>
      </trkpt>
      <trkpt lat="47.787919" lon="-117.343125">
        <ele>570.2</ele>
        <time>2026-08-01T22:20:41Z</time>
      </trkpt>
      <trkpt lat="47.787940" lon="-117.342376">
        <ele>568.4</ele>
        <time>2026-08-01T22:20:44Z</time>
      </trkpt>
      <trkpt lat="47.787938" lon="-117.341137">
        <ele>568.8</ele>
        <time>2026-08-01T22:20:49Z</time>
      </trkpt>
      <trkpt lat="47.787921" lon="-117.340890">
        <ele>568.3</ele>
        <time>2026-08-01T22:20:50Z</time>
      </trkpt>
      <trkpt lat="47.787907" lon="-117.340394">
        <ele>567.8</ele>
        <time>2026-08-01T22:20:52Z</time>
      </trkpt>
      <trkpt lat="47.787875" lon="-117.339896">
        <ele>566.8</ele>
        <time>2026-08-01T22:20:54Z</time>
      </trkpt>
      <trkpt lat="47.787792" lon="-117.339392">
        <ele>566.7</ele>
        <time>2026-08-01T22:20:56Z</time>
      </trkpt>
      <trkpt lat="47.787741" lon="-117.339144">
        <ele>567.0</ele>
        <time>2026-08-01T22:20:57Z</time>
      </trkpt>
      <trkpt lat="47.787573" lon="-117.338399">
        <ele>568.2</ele>
        <time>2026-08-01T22:21:00Z</time>
      </trkpt>
      <trkpt lat="47.787448" lon="-117.337911">
        <ele>568.9</ele>
        <time>2026-08-01T22:21:02Z</time>
      </trkpt>
      <trkpt lat="47.787348" lon="-117.337438">
        <ele>568.7</ele>
        <time>2026-08-01T22:21:04Z</time>
      </trkpt>
      <trkpt lat="47.787307" lon="-117.337168">
        <ele>568.8</ele>
        <time>2026-08-01T22:21:05Z</time>
      </trkpt>
      <trkpt lat="47.787244" lon="-117.336624">
        <ele>569.4</ele>
        <time>2026-08-01T22:21:07Z</time>
      </trkpt>
      <trkpt lat="47.787218" lon="-117.336097">
        <ele>570.2</ele>
        <time>2026-08-01T22:21:09Z</time>
      </trkpt>
      <trkpt lat="47.787215" lon="-117.335844">
        <ele>570.6</ele>
        <time>2026-08-01T22:21:10Z</time>
      </trkpt>
      <trkpt lat="47.787230" lon="-117.335574">
        <ele>571.0</ele>
        <time>2026-08-01T22:21:11Z</time>
      </trkpt>
      <trkpt lat="47.787219" lon="-117.335300">
        <ele>571.1</ele>
        <time>2026-08-01T22:21:12Z</time>
      </trkpt>
      <trkpt lat="47.787221" lon="-117.335033">
        <ele>571.5</ele>
        <time>2026-08-01T22:21:13Z</time>
      </trkpt>
      <trkpt lat="47.787240" lon="-117.334768">
        <ele>572.1</ele>
        <time>2026-08-01T22:21:14Z</time>
      </trkpt>
      <trkpt lat="47.787338" lon="-117.326429">
        <ele>575.4</ele>
        <time>2026-08-01T22:21:46Z</time>
      </trkpt>
      <trkpt lat="47.787361" lon="-117.323361">
        <ele>575.0</ele>
        <time>2026-08-01T22:21:58Z</time>
      </trkpt>
      <trkpt lat="47.787482" lon="-117.313572">
        <ele>574.7</ele>
        <time>2026-08-01T22:22:36Z</time>
      </trkpt>
      <trkpt lat="47.787581" lon="-117.306784">
        <ele>570.2</ele>
        <time>2026-08-01T22:23:02Z</time>
      </trkpt>
      <trkpt lat="47.787587" lon="-117.305443">
        <ele>571.7</ele>
        <time>2026-08-01T22:23:08Z</time>
      </trkpt>
      <trkpt lat="47.787580" lon="-117.305261">
        <ele>571.8</ele>
        <time>2026-08-01T22:23:09Z</time>
      </trkpt>
      <trkpt lat="47.787539" lon="-117.304773">
        <ele>572.9</ele>
        <time>2026-08-01T22:23:12Z</time>
      </trkpt>
      <trkpt lat="47.787551" lon="-117.304245">
        <ele>576.2</ele>
        <time>2026-08-01T22:23:17Z</time>
      </trkpt>
      <trkpt lat="47.787498" lon="-117.303991">
        <ele>576.4</ele>
        <time>2026-08-01T22:23:20Z</time>
      </trkpt>
      <trkpt lat="47.787457" lon="-117.303917">
        <ele>575.6</ele>
        <time>2026-08-01T22:23:21Z</time>
      </trkpt>
      <trkpt lat="47.787378" lon="-117.303814">
        <ele>575.5</ele>
        <time>2026-08-01T22:23:23Z</time>
      </trkpt>
      <trkpt lat="47.787164" lon="-117.303955">
        <ele>573.5</ele>
        <time>2026-08-01T22:23:26Z</time>
      </trkpt>
      <trkpt lat="47.786561" lon="-117.303974">
        <ele>574.1</ele>
        <time>2026-08-01T22:23:31Z</time>
      </trkpt>
      <trkpt lat="47.786436" lon="-117.304000">
        <ele>574.1</ele>
        <time>2026-08-01T22:23:32Z</time>
      </trkpt>
      <trkpt lat="47.785778" lon="-117.303994">
        <ele>575.7</ele>
        <time>2026-08-01T22:23:37Z</time>
      </trkpt>
      <trkpt lat="47.785646" lon="-117.303972">
        <ele>575.8</ele>
        <time>2026-08-01T22:23:38Z</time>
      </trkpt>
      <trkpt lat="47.784712" lon="-117.304002">
        <ele>573.8</ele>
        <time>2026-08-01T22:23:45Z</time>
      </trkpt>
      <trkpt lat="47.784026" lon="-117.304012">
        <ele>571.1</ele>
        <time>2026-08-01T22:23:50Z</time>
      </trkpt>
      <trkpt lat="47.783603" lon="-117.304033">
        <ele>568.7</ele>
        <time>2026-08-01T22:23:53Z</time>
      </trkpt>
      <trkpt lat="47.783313" lon="-117.304064">
        <ele>566.4</ele>
        <time>2026-08-01T22:23:55Z</time>
      </trkpt>
      <trkpt lat="47.781121" lon="-117.304381">
        <ele>555.8</ele>
        <time>2026-08-01T22:24:09Z</time>
      </trkpt>
      <trkpt lat="47.780647" lon="-117.304422">
        <ele>554.9</ele>
        <time>2026-08-01T22:24:12Z</time>
      </trkpt>
      <trkpt lat="47.779176" lon="-117.304449">
        <ele>556.2</ele>
        <time>2026-08-01T22:24:21Z</time>
      </trkpt>
      <trkpt lat="47.778844" lon="-117.304433">
        <ele>556.9</ele>
        <time>2026-08-01T22:24:23Z</time>
      </trkpt>
      <trkpt lat="47.778679" lon="-117.304416">
        <ele>557.5</ele>
        <time>2026-08-01T22:24:24Z</time>
      </trkpt>
      <trkpt lat="47.778513" lon="-117.304385">
        <ele>558.2</ele>
        <time>2026-08-01T22:24:25Z</time>
      </trkpt>
      <trkpt lat="47.778351" lon="-117.304341">
        <ele>559.1</ele>
        <time>2026-08-01T22:24:26Z</time>
      </trkpt>
      <trkpt lat="47.777718" lon="-117.304130">
        <ele>563.9</ele>
        <time>2026-08-01T22:24:30Z</time>
      </trkpt>
      <trkpt lat="47.777242" lon="-117.303996">
        <ele>566.3</ele>
        <time>2026-08-01T22:24:33Z</time>
      </trkpt>
      <trkpt lat="47.777080" lon="-117.303972">
        <ele>567.4</ele>
        <time>2026-08-01T22:24:34Z</time>
      </trkpt>
      <trkpt lat="47.776437" lon="-117.303909">
        <ele>571.2</ele>
        <time>2026-08-01T22:24:38Z</time>
      </trkpt>
      <trkpt lat="47.776287" lon="-117.303924">
        <ele>571.5</ele>
        <time>2026-08-01T22:24:39Z</time>
      </trkpt>
      <trkpt lat="47.775951" lon="-117.303910">
        <ele>571.0</ele>
        <time>2026-08-01T22:24:41Z</time>
      </trkpt>
      <trkpt lat="47.775449" lon="-117.303943">
        <ele>571.1</ele>
        <time>2026-08-01T22:24:44Z</time>
      </trkpt>
      <trkpt lat="47.773778" lon="-117.303968">
        <ele>572.5</ele>
        <time>2026-08-01T22:24:54Z</time>
      </trkpt>
      <trkpt lat="47.772598" lon="-117.303972">
        <ele>573.4</ele>
        <time>2026-08-01T22:25:01Z</time>
      </trkpt>
      <trkpt lat="47.771749" lon="-117.303963">
        <ele>573.4</ele>
        <time>2026-08-01T22:25:06Z</time>
      </trkpt>
      <trkpt lat="47.770756" lon="-117.303975">
        <ele>573.0</ele>
        <time>2026-08-01T22:25:12Z</time>
      </trkpt>
      <trkpt lat="47.767159" lon="-117.303953">
        <ele>574.9</ele>
        <time>2026-08-01T22:25:35Z</time>
      </trkpt>
      <trkpt lat="47.767035" lon="-117.303945">
        <ele>575.4</ele>
        <time>2026-08-01T22:25:36Z</time>
      </trkpt>
      <trkpt lat="47.766677" lon="-117.303949">
        <ele>574.7</ele>
        <time>2026-08-01T22:25:39Z</time>
      </trkpt>
      <trkpt lat="47.766466" lon="-117.303938">
        <ele>573.6</ele>
        <time>2026-08-01T22:25:41Z</time>
      </trkpt>
      <trkpt lat="47.765496" lon="-117.303943">
        <ele>572.0</ele>
        <time>2026-08-01T22:25:57Z</time>
      </trkpt>
      <trkpt lat="47.765340" lon="-117.303928">
        <ele>572.7</ele>
        <time>2026-08-01T22:25:59Z</time>
      </trkpt>
      <trkpt lat="47.765239" lon="-117.303907">
        <ele>573.0</ele>
        <time>2026-08-01T22:26:00Z</time>
      </trkpt>
      <trkpt lat="47.765044" lon="-117.303897">
        <ele>573.1</ele>
        <time>2026-08-01T22:26:02Z</time>
      </trkpt>
      <trkpt lat="47.764938" lon="-117.303903">
        <ele>573.8</ele>
        <time>2026-08-01T22:26:03Z</time>
      </trkpt>
      <trkpt lat="47.764797" lon="-117.303926">
        <ele>573.5</ele>
        <time>2026-08-01T22:26:04Z</time>
      </trkpt>
      <trkpt lat="47.764535" lon="-117.303944">
        <ele>574.0</ele>
        <time>2026-08-01T22:26:06Z</time>
      </trkpt>
      <trkpt lat="47.764399" lon="-117.303934">
        <ele>573.3</ele>
        <time>2026-08-01T22:26:07Z</time>
      </trkpt>
      <trkpt lat="47.762331" lon="-117.303960">
        <ele>575.4</ele>
        <time>2026-08-01T22:26:21Z</time>
      </trkpt>
      <trkpt lat="47.762023" lon="-117.303945">
        <ele>574.9</ele>
        <time>2026-08-01T22:26:23Z</time>
      </trkpt>
      <trkpt lat="47.761364" lon="-117.303946">
        <ele>575.3</ele>
        <time>2026-08-01T22:26:27Z</time>
      </trkpt>
      <trkpt lat="47.759649" lon="-117.303971">
        <ele>574.6</ele>
        <time>2026-08-01T22:26:37Z</time>
      </trkpt>
      <trkpt lat="47.759328" lon="-117.303964">
        <ele>574.4</ele>
        <time>2026-08-01T22:26:39Z</time>
      </trkpt>
      <trkpt lat="47.757785" lon="-117.303972">
        <ele>573.1</ele>
        <time>2026-08-01T22:26:49Z</time>
      </trkpt>
      <trkpt lat="47.756521" lon="-117.303957">
        <ele>572.4</ele>
        <time>2026-08-01T22:26:57Z</time>
      </trkpt>
      <trkpt lat="47.755195" lon="-117.303959">
        <ele>573.2</ele>
        <time>2026-08-01T22:27:05Z</time>
      </trkpt>
      <trkpt lat="47.754872" lon="-117.303943">
        <ele>574.2</ele>
        <time>2026-08-01T22:27:07Z</time>
      </trkpt>
      <trkpt lat="47.754708" lon="-117.303925">
        <ele>574.7</ele>
        <time>2026-08-01T22:27:08Z</time>
      </trkpt>
      <trkpt lat="47.754383" lon="-117.303848">
        <ele>574.9</ele>
        <time>2026-08-01T22:27:10Z</time>
      </trkpt>
      <trkpt lat="47.754219" lon="-117.303789">
        <ele>576.0</ele>
        <time>2026-08-01T22:27:11Z</time>
      </trkpt>
      <trkpt lat="47.754058" lon="-117.303744">
        <ele>576.8</ele>
        <time>2026-08-01T22:27:12Z</time>
      </trkpt>
      <trkpt lat="47.753897" lon="-117.303681">
        <ele>578.4</ele>
        <time>2026-08-01T22:27:13Z</time>
      </trkpt>
      <trkpt lat="47.753741" lon="-117.303604">
        <ele>578.6</ele>
        <time>2026-08-01T22:27:14Z</time>
      </trkpt>
      <trkpt lat="47.753306" lon="-117.303339">
        <ele>578.5</ele>
        <time>2026-08-01T22:27:17Z</time>
      </trkpt>
      <trkpt lat="47.753167" lon="-117.303226">
        <ele>578.4</ele>
        <time>2026-08-01T22:27:18Z</time>
      </trkpt>
      <trkpt lat="47.753034" lon="-117.303099">
        <ele>578.6</ele>
        <time>2026-08-01T22:27:19Z</time>
      </trkpt>
      <trkpt lat="47.752636" lon="-117.302627">
        <ele>579.3</ele>
        <time>2026-08-01T22:27:22Z</time>
      </trkpt>
      <trkpt lat="47.752386" lon="-117.302300">
        <ele>579.4</ele>
        <time>2026-08-01T22:27:24Z</time>
      </trkpt>
      <trkpt lat="47.752272" lon="-117.302132">
        <ele>579.9</ele>
        <time>2026-08-01T22:27:25Z</time>
      </trkpt>
      <trkpt lat="47.752056" lon="-117.301761">
        <ele>580.8</ele>
        <time>2026-08-01T22:27:27Z</time>
      </trkpt>
      <trkpt lat="47.751319" lon="-117.300284">
        <ele>582.1</ele>
        <time>2026-08-01T22:27:34Z</time>
      </trkpt>
      <trkpt lat="47.750975" lon="-117.299633">
        <ele>582.7</ele>
        <time>2026-08-01T22:27:37Z</time>
      </trkpt>
      <trkpt lat="47.750739" lon="-117.299224">
        <ele>582.7</ele>
        <time>2026-08-01T22:27:39Z</time>
      </trkpt>
      <trkpt lat="47.750355" lon="-117.298644">
        <ele>583.9</ele>
        <time>2026-08-01T22:27:42Z</time>
      </trkpt>
      <trkpt lat="47.749956" lon="-117.298111">
        <ele>584.8</ele>
        <time>2026-08-01T22:27:45Z</time>
      </trkpt>
      <trkpt lat="47.749816" lon="-117.297940">
        <ele>585.1</ele>
        <time>2026-08-01T22:27:46Z</time>
      </trkpt>
      <trkpt lat="47.749532" lon="-117.297622">
        <ele>584.9</ele>
        <time>2026-08-01T22:27:48Z</time>
      </trkpt>
      <trkpt lat="47.749082" lon="-117.297168">
        <ele>584.6</ele>
        <time>2026-08-01T22:27:51Z</time>
      </trkpt>
      <trkpt lat="47.748600" lon="-117.296743">
        <ele>586.0</ele>
        <time>2026-08-01T22:27:54Z</time>
      </trkpt>
      <trkpt lat="47.748434" lon="-117.296617">
        <ele>586.5</ele>
        <time>2026-08-01T22:27:55Z</time>
      </trkpt>
      <trkpt lat="47.747764" lon="-117.296183">
        <ele>588.9</ele>
        <time>2026-08-01T22:27:59Z</time>
      </trkpt>
      <trkpt lat="47.747419" lon="-117.295996">
        <ele>590.0</ele>
        <time>2026-08-01T22:28:01Z</time>
      </trkpt>
      <trkpt lat="47.746556" lon="-117.295640">
        <ele>591.6</ele>
        <time>2026-08-01T22:28:06Z</time>
      </trkpt>
      <trkpt lat="47.745845" lon="-117.295479">
        <ele>593.8</ele>
        <time>2026-08-01T22:28:10Z</time>
      </trkpt>
      <trkpt lat="47.742171" lon="-117.294691">
        <ele>607.0</ele>
        <time>2026-08-01T22:28:31Z</time>
      </trkpt>
      <trkpt lat="47.742002" lon="-117.294632">
        <ele>608.5</ele>
        <time>2026-08-01T22:28:32Z</time>
      </trkpt>
      <trkpt lat="47.741294" lon="-117.294498">
        <ele>612.7</ele>
        <time>2026-08-01T22:28:36Z</time>
      </trkpt>
      <trkpt lat="47.740078" lon="-117.294288">
        <ele>619.6</ele>
        <time>2026-08-01T22:28:43Z</time>
      </trkpt>
      <trkpt lat="47.739563" lon="-117.294180">
        <ele>623.1</ele>
        <time>2026-08-01T22:28:46Z</time>
      </trkpt>
      <trkpt lat="47.738227" lon="-117.293602">
        <ele>632.9</ele>
        <time>2026-08-01T22:28:54Z</time>
      </trkpt>
      <trkpt lat="47.738061" lon="-117.293492">
        <ele>633.9</ele>
        <time>2026-08-01T22:28:55Z</time>
      </trkpt>
      <trkpt lat="47.737757" lon="-117.293245">
        <ele>636.4</ele>
        <time>2026-08-01T22:28:57Z</time>
      </trkpt>
      <trkpt lat="47.737161" lon="-117.292709">
        <ele>641.1</ele>
        <time>2026-08-01T22:29:01Z</time>
      </trkpt>
      <trkpt lat="47.737018" lon="-117.292563">
        <ele>642.2</ele>
        <time>2026-08-01T22:29:02Z</time>
      </trkpt>
      <trkpt lat="47.736770" lon="-117.292221">
        <ele>644.3</ele>
        <time>2026-08-01T22:29:04Z</time>
      </trkpt>
      <trkpt lat="47.735941" lon="-117.291003">
        <ele>652.7</ele>
        <time>2026-08-01T22:29:11Z</time>
      </trkpt>
      <trkpt lat="47.735822" lon="-117.290845">
        <ele>653.7</ele>
        <time>2026-08-01T22:29:12Z</time>
      </trkpt>
      <trkpt lat="47.735547" lon="-117.290532">
        <ele>655.6</ele>
        <time>2026-08-01T22:29:14Z</time>
      </trkpt>
      <trkpt lat="47.735399" lon="-117.290385">
        <ele>656.2</ele>
        <time>2026-08-01T22:29:15Z</time>
      </trkpt>
      <trkpt lat="47.735272" lon="-117.290225">
        <ele>657.4</ele>
        <time>2026-08-01T22:29:16Z</time>
      </trkpt>
      <trkpt lat="47.735134" lon="-117.290073">
        <ele>658.7</ele>
        <time>2026-08-01T22:29:17Z</time>
      </trkpt>
      <trkpt lat="47.734721" lon="-117.289639">
        <ele>660.9</ele>
        <time>2026-08-01T22:29:20Z</time>
      </trkpt>
      <trkpt lat="47.734418" lon="-117.289397">
        <ele>662.0</ele>
        <time>2026-08-01T22:29:22Z</time>
      </trkpt>
      <trkpt lat="47.734260" lon="-117.289289">
        <ele>662.8</ele>
        <time>2026-08-01T22:29:23Z</time>
      </trkpt>
      <trkpt lat="47.733600" lon="-117.288928">
        <ele>665.4</ele>
        <time>2026-08-01T22:29:27Z</time>
      </trkpt>
      <trkpt lat="47.733251" lon="-117.288793">
        <ele>667.0</ele>
        <time>2026-08-01T22:29:29Z</time>
      </trkpt>
      <trkpt lat="47.732900" lon="-117.288698">
        <ele>669.0</ele>
        <time>2026-08-01T22:29:31Z</time>
      </trkpt>
      <trkpt lat="47.732535" lon="-117.288621">
        <ele>671.8</ele>
        <time>2026-08-01T22:29:33Z</time>
      </trkpt>
      <trkpt lat="47.732171" lon="-117.288570">
        <ele>674.2</ele>
        <time>2026-08-01T22:29:35Z</time>
      </trkpt>
      <trkpt lat="47.731981" lon="-117.288555">
        <ele>675.6</ele>
        <time>2026-08-01T22:29:36Z</time>
      </trkpt>
      <trkpt lat="47.731615" lon="-117.288557">
        <ele>678.0</ele>
        <time>2026-08-01T22:29:38Z</time>
      </trkpt>
      <trkpt lat="47.731264" lon="-117.288584">
        <ele>680.2</ele>
        <time>2026-08-01T22:29:40Z</time>
      </trkpt>
      <trkpt lat="47.731094" lon="-117.288618">
        <ele>680.8</ele>
        <time>2026-08-01T22:29:41Z</time>
      </trkpt>
      <trkpt lat="47.730565" lon="-117.288752">
        <ele>684.2</ele>
        <time>2026-08-01T22:29:44Z</time>
      </trkpt>
      <trkpt lat="47.728427" lon="-117.289472">
        <ele>696.4</ele>
        <time>2026-08-01T22:29:56Z</time>
      </trkpt>
      <trkpt lat="47.728037" lon="-117.289543">
        <ele>697.4</ele>
        <time>2026-08-01T22:29:58Z</time>
      </trkpt>
      <trkpt lat="47.727666" lon="-117.289489">
        <ele>697.7</ele>
        <time>2026-08-01T22:30:00Z</time>
      </trkpt>
      <trkpt lat="47.727482" lon="-117.289449">
        <ele>697.1</ele>
        <time>2026-08-01T22:30:01Z</time>
      </trkpt>
      <trkpt lat="47.727114" lon="-117.289329">
        <ele>696.2</ele>
        <time>2026-08-01T22:30:03Z</time>
      </trkpt>
      <trkpt lat="47.726935" lon="-117.289252">
        <ele>695.6</ele>
        <time>2026-08-01T22:30:04Z</time>
      </trkpt>
      <trkpt lat="47.726757" lon="-117.289158">
        <ele>695.2</ele>
        <time>2026-08-01T22:30:05Z</time>
      </trkpt>
      <trkpt lat="47.726417" lon="-117.288935">
        <ele>695.0</ele>
        <time>2026-08-01T22:30:07Z</time>
      </trkpt>
      <trkpt lat="47.726093" lon="-117.288669">
        <ele>695.2</ele>
        <time>2026-08-01T22:30:09Z</time>
      </trkpt>
      <trkpt lat="47.725936" lon="-117.288518">
        <ele>695.3</ele>
        <time>2026-08-01T22:30:10Z</time>
      </trkpt>
      <trkpt lat="47.725640" lon="-117.288208">
        <ele>695.7</ele>
        <time>2026-08-01T22:30:12Z</time>
      </trkpt>
      <trkpt lat="47.725392" lon="-117.287805">
        <ele>696.4</ele>
        <time>2026-08-01T22:30:14Z</time>
      </trkpt>
      <trkpt lat="47.724878" lon="-117.286841">
        <ele>697.6</ele>
        <time>2026-08-01T22:30:18Z</time>
      </trkpt>
      <trkpt lat="47.724703" lon="-117.286541">
        <ele>697.5</ele>
        <time>2026-08-01T22:30:19Z</time>
      </trkpt>
      <trkpt lat="47.724337" lon="-117.285774">
        <ele>697.1</ele>
        <time>2026-08-01T22:30:22Z</time>
      </trkpt>
      <trkpt lat="47.724077" lon="-117.285295">
        <ele>697.3</ele>
        <time>2026-08-01T22:30:24Z</time>
      </trkpt>
      <trkpt lat="47.723821" lon="-117.284861">
        <ele>696.9</ele>
        <time>2026-08-01T22:30:26Z</time>
      </trkpt>
      <trkpt lat="47.723695" lon="-117.284688">
        <ele>696.5</ele>
        <time>2026-08-01T22:30:27Z</time>
      </trkpt>
      <trkpt lat="47.723467" lon="-117.284408">
        <ele>695.3</ele>
        <time>2026-08-01T22:30:29Z</time>
      </trkpt>
      <trkpt lat="47.722995" lon="-117.283933">
        <ele>694.2</ele>
        <time>2026-08-01T22:30:35Z</time>
      </trkpt>
      <trkpt lat="47.722970" lon="-117.283896">
        <ele>694.2</ele>
        <time>2026-08-01T22:30:36Z</time>
      </trkpt>
      <trkpt lat="47.722942" lon="-117.283875">
        <ele>694.2</ele>
        <time>2026-08-01T22:30:37Z</time>
      </trkpt>
      <trkpt lat="47.722893" lon="-117.283798">
        <ele>688.0</ele>
        <time>2026-08-01T22:30:42Z</time>
      </trkpt>
      <trkpt lat="47.722549" lon="-117.283556">
        <ele>694.0</ele>
        <time>2026-08-01T22:31:53Z</time>
      </trkpt>
      <trkpt lat="47.722156" lon="-117.283346">
        <ele>692.0</ele>
        <time>2026-08-01T22:32:33Z</time>
      </trkpt>
      <trkpt lat="47.722116" lon="-117.283301">
        <ele>693.3</ele>
        <time>2026-08-01T22:32:35Z</time>
      </trkpt>
      <trkpt lat="47.722091" lon="-117.283208">
        <ele>693.9</ele>
        <time>2026-08-01T22:32:36Z</time>
      </trkpt>
      <trkpt lat="47.722083" lon="-117.283100">
        <ele>694.4</ele>
        <time>2026-08-01T22:32:37Z</time>
      </trkpt>
      <trkpt lat="47.722040" lon="-117.281830">
        <ele>694.7</ele>
        <time>2026-08-01T22:32:44Z</time>
      </trkpt>
      <trkpt lat="47.722030" lon="-117.280262">
        <ele>697.3</ele>
        <time>2026-08-01T22:32:51Z</time>
      </trkpt>
      <trkpt lat="47.721989" lon="-117.277934">
        <ele>706.3</ele>
        <time>2026-08-01T22:33:01Z</time>
      </trkpt>
      <trkpt lat="47.721999" lon="-117.275960">
        <ele>713.5</ele>
        <time>2026-08-01T22:33:09Z</time>
      </trkpt>
      <trkpt lat="47.721986" lon="-117.271809">
        <ele>730.1</ele>
        <time>2026-08-01T22:33:25Z</time>
      </trkpt>
      <trkpt lat="47.721904" lon="-117.268067">
        <ele>739.0</ele>
        <time>2026-08-01T22:33:40Z</time>
      </trkpt>
      <trkpt lat="47.721881" lon="-117.265233">
        <ele>745.4</ele>
        <time>2026-08-01T22:33:51Z</time>
      </trkpt>
      <trkpt lat="47.721895" lon="-117.264963">
        <ele>745.5</ele>
        <time>2026-08-01T22:33:52Z</time>
      </trkpt>
      <trkpt lat="47.721878" lon="-117.264694">
        <ele>745.5</ele>
        <time>2026-08-01T22:33:53Z</time>
      </trkpt>
      <trkpt lat="47.721893" lon="-117.264420">
        <ele>745.4</ele>
        <time>2026-08-01T22:33:54Z</time>
      </trkpt>
      <trkpt lat="47.721876" lon="-117.264145">
        <ele>745.2</ele>
        <time>2026-08-01T22:33:55Z</time>
      </trkpt>
      <trkpt lat="47.721894" lon="-117.263864">
        <ele>745.1</ele>
        <time>2026-08-01T22:33:56Z</time>
      </trkpt>
      <trkpt lat="47.721880" lon="-117.263585">
        <ele>745.1</ele>
        <time>2026-08-01T22:33:57Z</time>
      </trkpt>
      <trkpt lat="47.721897" lon="-117.263310">
        <ele>744.8</ele>
        <time>2026-08-01T22:33:58Z</time>
      </trkpt>
      <trkpt lat="47.721905" lon="-117.261657">
        <ele>741.8</ele>
        <time>2026-08-01T22:34:04Z</time>
      </trkpt>
      <trkpt lat="47.721905" lon="-117.260802">
        <ele>740.3</ele>
        <time>2026-08-01T22:34:07Z</time>
      </trkpt>
      <trkpt lat="47.721891" lon="-117.260509">
        <ele>739.6</ele>
        <time>2026-08-01T22:34:08Z</time>
      </trkpt>
      <trkpt lat="47.721946" lon="-117.254192">
        <ele>737.4</ele>
        <time>2026-08-01T22:34:30Z</time>
      </trkpt>
      <trkpt lat="47.721936" lon="-117.253896">
        <ele>736.6</ele>
        <time>2026-08-01T22:34:31Z</time>
      </trkpt>
      <trkpt lat="47.721949" lon="-117.251881">
        <ele>732.8</ele>
        <time>2026-08-01T22:34:38Z</time>
      </trkpt>
      <trkpt lat="47.721978" lon="-117.249349">
        <ele>728.6</ele>
        <time>2026-08-01T22:34:47Z</time>
      </trkpt>
      <trkpt lat="47.721997" lon="-117.248507">
        <ele>726.6</ele>
        <time>2026-08-01T22:34:50Z</time>
      </trkpt>
      <trkpt lat="47.721994" lon="-117.247653">
        <ele>724.7</ele>
        <time>2026-08-01T22:34:53Z</time>
      </trkpt>
      <trkpt lat="47.722031" lon="-117.242081">
        <ele>723.0</ele>
        <time>2026-08-01T22:35:13Z</time>
      </trkpt>
      <trkpt lat="47.722045" lon="-117.237837">
        <ele>731.2</ele>
        <time>2026-08-01T22:35:28Z</time>
      </trkpt>
      <trkpt lat="47.722033" lon="-117.229781">
        <ele>745.2</ele>
        <time>2026-08-01T22:35:57Z</time>
      </trkpt>
      <trkpt lat="47.722040" lon="-117.227800">
        <ele>746.7</ele>
        <time>2026-08-01T22:36:04Z</time>
      </trkpt>
      <trkpt lat="47.722027" lon="-117.226069">
        <ele>748.7</ele>
        <time>2026-08-01T22:36:10Z</time>
      </trkpt>
      <trkpt lat="47.722051" lon="-117.224094">
        <ele>749.8</ele>
        <time>2026-08-01T22:36:17Z</time>
      </trkpt>
      <trkpt lat="47.722044" lon="-117.218664">
        <ele>742.2</ele>
        <time>2026-08-01T22:36:38Z</time>
      </trkpt>
      <trkpt lat="47.722067" lon="-117.217020">
        <ele>733.8</ele>
        <time>2026-08-01T22:36:44Z</time>
      </trkpt>
      <trkpt lat="47.722057" lon="-117.216175">
        <ele>729.4</ele>
        <time>2026-08-01T22:36:47Z</time>
      </trkpt>
      <trkpt lat="47.722034" lon="-117.215903">
        <ele>727.9</ele>
        <time>2026-08-01T22:36:48Z</time>
      </trkpt>
      <trkpt lat="47.721996" lon="-117.215633">
        <ele>726.3</ele>
        <time>2026-08-01T22:36:49Z</time>
      </trkpt>
      <trkpt lat="47.721883" lon="-117.215145">
        <ele>723.0</ele>
        <time>2026-08-01T22:36:51Z</time>
      </trkpt>
      <trkpt lat="47.721739" lon="-117.214716">
        <ele>722.0</ele>
        <time>2026-08-01T22:36:53Z</time>
      </trkpt>
      <trkpt lat="47.721564" lon="-117.214319">
        <ele>719.6</ele>
        <time>2026-08-01T22:36:55Z</time>
      </trkpt>
      <trkpt lat="47.721335" lon="-117.214008">
        <ele>718.3</ele>
        <time>2026-08-01T22:36:57Z</time>
      </trkpt>
      <trkpt lat="47.721200" lon="-117.213857">
        <ele>717.0</ele>
        <time>2026-08-01T22:36:58Z</time>
      </trkpt>
      <trkpt lat="47.721064" lon="-117.213685">
        <ele>716.9</ele>
        <time>2026-08-01T22:36:59Z</time>
      </trkpt>
      <trkpt lat="47.720913" lon="-117.213545">
        <ele>716.4</ele>
        <time>2026-08-01T22:37:00Z</time>
      </trkpt>
      <trkpt lat="47.720763" lon="-117.213433">
        <ele>715.8</ele>
        <time>2026-08-01T22:37:01Z</time>
      </trkpt>
      <trkpt lat="47.720596" lon="-117.213335">
        <ele>713.2</ele>
        <time>2026-08-01T22:37:02Z</time>
      </trkpt>
      <trkpt lat="47.720380" lon="-117.213229">
        <ele>712.3</ele>
        <time>2026-08-01T22:37:03Z</time>
      </trkpt>
      <trkpt lat="47.719625" lon="-117.212916">
        <ele>709.1</ele>
        <time>2026-08-01T22:37:07Z</time>
      </trkpt>
      <trkpt lat="47.719435" lon="-117.212861">
        <ele>708.0</ele>
        <time>2026-08-01T22:37:08Z</time>
      </trkpt>
      <trkpt lat="47.718729" lon="-117.212559">
        <ele>703.2</ele>
        <time>2026-08-01T22:37:12Z</time>
      </trkpt>
      <trkpt lat="47.718558" lon="-117.212515">
        <ele>702.4</ele>
        <time>2026-08-01T22:37:13Z</time>
      </trkpt>
      <trkpt lat="47.718382" lon="-117.212445">
        <ele>701.4</ele>
        <time>2026-08-01T22:37:14Z</time>
      </trkpt>
      <trkpt lat="47.718206" lon="-117.212364">
        <ele>700.9</ele>
        <time>2026-08-01T22:37:15Z</time>
      </trkpt>
      <trkpt lat="47.718037" lon="-117.212267">
        <ele>699.7</ele>
        <time>2026-08-01T22:37:16Z</time>
      </trkpt>
      <trkpt lat="47.717868" lon="-117.212153">
        <ele>698.7</ele>
        <time>2026-08-01T22:37:17Z</time>
      </trkpt>
      <trkpt lat="47.717704" lon="-117.212019">
        <ele>697.3</ele>
        <time>2026-08-01T22:37:18Z</time>
      </trkpt>
      <trkpt lat="47.717395" lon="-117.211703">
        <ele>694.8</ele>
        <time>2026-08-01T22:37:20Z</time>
      </trkpt>
      <trkpt lat="47.716970" lon="-117.211112">
        <ele>690.5</ele>
        <time>2026-08-01T22:37:23Z</time>
      </trkpt>
      <trkpt lat="47.716758" lon="-117.211015">
        <ele>689.1</ele>
        <time>2026-08-01T22:37:24Z</time>
      </trkpt>
      <trkpt lat="47.716613" lon="-117.210819">
        <ele>688.2</ele>
        <time>2026-08-01T22:37:25Z</time>
      </trkpt>
      <trkpt lat="47.716501" lon="-117.210563">
        <ele>686.9</ele>
        <time>2026-08-01T22:37:26Z</time>
      </trkpt>
      <trkpt lat="47.716362" lon="-117.210355">
        <ele>685.3</ele>
        <time>2026-08-01T22:37:27Z</time>
      </trkpt>
      <trkpt lat="47.716241" lon="-117.210129">
        <ele>683.5</ele>
        <time>2026-08-01T22:37:28Z</time>
      </trkpt>
      <trkpt lat="47.716081" lon="-117.209970">
        <ele>682.3</ele>
        <time>2026-08-01T22:37:29Z</time>
      </trkpt>
      <trkpt lat="47.715912" lon="-117.209851">
        <ele>681.1</ele>
        <time>2026-08-01T22:37:30Z</time>
      </trkpt>
      <trkpt lat="47.715759" lon="-117.209723">
        <ele>679.7</ele>
        <time>2026-08-01T22:37:31Z</time>
      </trkpt>
      <trkpt lat="47.715264" lon="-117.209405">
        <ele>674.3</ele>
        <time>2026-08-01T22:37:34Z</time>
      </trkpt>
      <trkpt lat="47.715085" lon="-117.209321">
        <ele>672.4</ele>
        <time>2026-08-01T22:37:35Z</time>
      </trkpt>
      <trkpt lat="47.714907" lon="-117.209212">
        <ele>670.8</ele>
        <time>2026-08-01T22:37:36Z</time>
      </trkpt>
      <trkpt lat="47.714719" lon="-117.209135">
        <ele>669.4</ele>
        <time>2026-08-01T22:37:37Z</time>
      </trkpt>
      <trkpt lat="47.714541" lon="-117.209033">
        <ele>667.5</ele>
        <time>2026-08-01T22:37:38Z</time>
      </trkpt>
      <trkpt lat="47.714189" lon="-117.208763">
        <ele>663.6</ele>
        <time>2026-08-01T22:37:40Z</time>
      </trkpt>
      <trkpt lat="47.714009" lon="-117.208609">
        <ele>662.3</ele>
        <time>2026-08-01T22:37:41Z</time>
      </trkpt>
      <trkpt lat="47.713692" lon="-117.208287">
        <ele>659.0</ele>
        <time>2026-08-01T22:37:43Z</time>
      </trkpt>
      <trkpt lat="47.713535" lon="-117.208107">
        <ele>657.4</ele>
        <time>2026-08-01T22:37:44Z</time>
      </trkpt>
      <trkpt lat="47.713229" lon="-117.207690">
        <ele>654.1</ele>
        <time>2026-08-01T22:37:46Z</time>
      </trkpt>
      <trkpt lat="47.712509" lon="-117.206636">
        <ele>644.0</ele>
        <time>2026-08-01T22:37:51Z</time>
      </trkpt>
      <trkpt lat="47.711139" lon="-117.204817">
        <ele>637.8</ele>
        <time>2026-08-01T22:38:01Z</time>
      </trkpt>
      <trkpt lat="47.710985" lon="-117.204677">
        <ele>638.2</ele>
        <time>2026-08-01T22:38:02Z</time>
      </trkpt>
      <trkpt lat="47.710648" lon="-117.204429">
        <ele>639.7</ele>
        <time>2026-08-01T22:38:04Z</time>
      </trkpt>
      <trkpt lat="47.710352" lon="-117.204252">
        <ele>642.3</ele>
        <time>2026-08-01T22:38:06Z</time>
      </trkpt>
      <trkpt lat="47.710188" lon="-117.204196">
        <ele>643.7</ele>
        <time>2026-08-01T22:38:07Z</time>
      </trkpt>
      <trkpt lat="47.709853" lon="-117.204053">
        <ele>645.2</ele>
        <time>2026-08-01T22:38:09Z</time>
      </trkpt>
      <trkpt lat="47.709301" lon="-117.203868">
        <ele>646.6</ele>
        <time>2026-08-01T22:38:12Z</time>
      </trkpt>
      <trkpt lat="47.708775" lon="-117.203715">
        <ele>645.9</ele>
        <time>2026-08-01T22:38:15Z</time>
      </trkpt>
      <trkpt lat="47.708096" lon="-117.203532">
        <ele>639.6</ele>
        <time>2026-08-01T22:38:19Z</time>
      </trkpt>
      <trkpt lat="47.707762" lon="-117.203428">
        <ele>635.5</ele>
        <time>2026-08-01T22:38:21Z</time>
      </trkpt>
      <trkpt lat="47.707436" lon="-117.203308">
        <ele>630.5</ele>
        <time>2026-08-01T22:38:23Z</time>
      </trkpt>
      <trkpt lat="47.707110" lon="-117.203153">
        <ele>626.5</ele>
        <time>2026-08-01T22:38:25Z</time>
      </trkpt>
      <trkpt lat="47.706951" lon="-117.203062">
        <ele>624.6</ele>
        <time>2026-08-01T22:38:26Z</time>
      </trkpt>
      <trkpt lat="47.706637" lon="-117.202838">
        <ele>621.9</ele>
        <time>2026-08-01T22:38:28Z</time>
      </trkpt>
      <trkpt lat="47.706199" lon="-117.202405">
        <ele>620.6</ele>
        <time>2026-08-01T22:38:31Z</time>
      </trkpt>
      <trkpt lat="47.705913" lon="-117.202108">
        <ele>620.2</ele>
        <time>2026-08-01T22:38:33Z</time>
      </trkpt>
      <trkpt lat="47.705645" lon="-117.201723">
        <ele>621.1</ele>
        <time>2026-08-01T22:38:35Z</time>
      </trkpt>
      <trkpt lat="47.705295" lon="-117.201096">
        <ele>623.2</ele>
        <time>2026-08-01T22:38:38Z</time>
      </trkpt>
      <trkpt lat="47.704260" lon="-117.198879">
        <ele>625.7</ele>
        <time>2026-08-01T22:38:48Z</time>
      </trkpt>
      <trkpt lat="47.703955" lon="-117.198270">
        <ele>626.0</ele>
        <time>2026-08-01T22:38:51Z</time>
      </trkpt>
      <trkpt lat="47.703843" lon="-117.198086">
        <ele>626.2</ele>
        <time>2026-08-01T22:38:52Z</time>
      </trkpt>
      <trkpt lat="47.703591" lon="-117.197784">
        <ele>626.9</ele>
        <time>2026-08-01T22:38:54Z</time>
      </trkpt>
      <trkpt lat="47.703458" lon="-117.197652">
        <ele>627.6</ele>
        <time>2026-08-01T22:38:55Z</time>
      </trkpt>
      <trkpt lat="47.703176" lon="-117.197428">
        <ele>629.4</ele>
        <time>2026-08-01T22:38:57Z</time>
      </trkpt>
      <trkpt lat="47.703035" lon="-117.197333">
        <ele>630.2</ele>
        <time>2026-08-01T22:38:58Z</time>
      </trkpt>
      <trkpt lat="47.702721" lon="-117.197245">
        <ele>630.0</ele>
        <time>2026-08-01T22:39:00Z</time>
      </trkpt>
      <trkpt lat="47.702411" lon="-117.197201">
        <ele>630.0</ele>
        <time>2026-08-01T22:39:02Z</time>
      </trkpt>
      <trkpt lat="47.701045" lon="-117.197118">
        <ele>625.1</ele>
        <time>2026-08-01T22:39:23Z</time>
      </trkpt>
      <trkpt lat="47.700732" lon="-117.197108">
        <ele>626.8</ele>
        <time>2026-08-01T22:39:27Z</time>
      </trkpt>
      <trkpt lat="47.700638" lon="-117.197090">
        <ele>627.1</ele>
        <time>2026-08-01T22:39:28Z</time>
      </trkpt>
      <trkpt lat="47.700015" lon="-117.197082">
        <ele>627.5</ele>
        <time>2026-08-01T22:39:34Z</time>
      </trkpt>
      <trkpt lat="47.699221" lon="-117.197041">
        <ele>627.2</ele>
        <time>2026-08-01T22:39:41Z</time>
      </trkpt>
      <trkpt lat="47.697441" lon="-117.197012">
        <ele>626.4</ele>
        <time>2026-08-01T22:39:58Z</time>
      </trkpt>
      <trkpt lat="47.696251" lon="-117.196961">
        <ele>628.8</ele>
        <time>2026-08-01T22:40:13Z</time>
      </trkpt>
      <trkpt lat="47.695014" lon="-117.196951">
        <ele>629.7</ele>
        <time>2026-08-01T22:40:26Z</time>
      </trkpt>
      <trkpt lat="47.691804" lon="-117.196951">
        <ele>616.2</ele>
        <time>2026-08-01T22:40:51Z</time>
      </trkpt>
      <trkpt lat="47.690166" lon="-117.196917">
        <ele>616.4</ele>
        <time>2026-08-01T22:41:03Z</time>
      </trkpt>
      <trkpt lat="47.687025" lon="-117.196875">
        <ele>616.3</ele>
        <time>2026-08-01T22:41:27Z</time>
      </trkpt>
      <trkpt lat="47.686255" lon="-117.196817">
        <ele>615.2</ele>
        <time>2026-08-01T22:41:36Z</time>
      </trkpt>
      <trkpt lat="47.686121" lon="-117.196821">
        <ele>614.0</ele>
        <time>2026-08-01T22:41:50Z</time>
      </trkpt>
      <trkpt lat="47.686029" lon="-117.196793">
        <ele>614.0</ele>
        <time>2026-08-01T22:41:53Z</time>
      </trkpt>
      <trkpt lat="47.686002" lon="-117.196335">
        <ele>615.5</ele>
        <time>2026-08-01T22:41:57Z</time>
      </trkpt>
      <trkpt lat="47.685970" lon="-117.193193">
        <ele>615.9</ele>
        <time>2026-08-01T22:42:14Z</time>
      </trkpt>
      <trkpt lat="47.685923" lon="-117.192785">
        <ele>615.9</ele>
        <time>2026-08-01T22:42:16Z</time>
      </trkpt>
      <trkpt lat="47.685890" lon="-117.192583">
        <ele>616.0</ele>
        <time>2026-08-01T22:42:17Z</time>
      </trkpt>
      <trkpt lat="47.685764" lon="-117.191977">
        <ele>616.4</ele>
        <time>2026-08-01T22:42:20Z</time>
      </trkpt>
      <trkpt lat="47.685703" lon="-117.191784">
        <ele>616.4</ele>
        <time>2026-08-01T22:42:21Z</time>
      </trkpt>
      <trkpt lat="47.685550" lon="-117.191425">
        <ele>617.4</ele>
        <time>2026-08-01T22:42:23Z</time>
      </trkpt>
      <trkpt lat="47.685382" lon="-117.191086">
        <ele>617.8</ele>
        <time>2026-08-01T22:42:25Z</time>
      </trkpt>
      <trkpt lat="47.685288" lon="-117.190929">
        <ele>617.9</ele>
        <time>2026-08-01T22:42:26Z</time>
      </trkpt>
      <trkpt lat="47.685084" lon="-117.190644">
        <ele>617.8</ele>
        <time>2026-08-01T22:42:28Z</time>
      </trkpt>
      <trkpt lat="47.684762" lon="-117.190246">
        <ele>617.1</ele>
        <time>2026-08-01T22:42:31Z</time>
      </trkpt>
      <trkpt lat="47.684479" lon="-117.189808">
        <ele>616.9</ele>
        <time>2026-08-01T22:42:34Z</time>
      </trkpt>
      <trkpt lat="47.684399" lon="-117.189651">
        <ele>617.2</ele>
        <time>2026-08-01T22:42:35Z</time>
      </trkpt>
      <trkpt lat="47.684251" lon="-117.189302">
        <ele>617.3</ele>
        <time>2026-08-01T22:42:37Z</time>
      </trkpt>
      <trkpt lat="47.684120" lon="-117.188916">
        <ele>617.3</ele>
        <time>2026-08-01T22:42:39Z</time>
      </trkpt>
      <trkpt lat="47.684018" lon="-117.188495">
        <ele>617.4</ele>
        <time>2026-08-01T22:42:41Z</time>
      </trkpt>
      <trkpt lat="47.683947" lon="-117.188058">
        <ele>617.7</ele>
        <time>2026-08-01T22:42:43Z</time>
      </trkpt>
      <trkpt lat="47.683923" lon="-117.187841">
        <ele>617.6</ele>
        <time>2026-08-01T22:42:44Z</time>
      </trkpt>
      <trkpt lat="47.683893" lon="-117.187406">
        <ele>617.3</ele>
        <time>2026-08-01T22:42:46Z</time>
      </trkpt>
      <trkpt lat="47.683907" lon="-117.187192">
        <ele>617.2</ele>
        <time>2026-08-01T22:42:47Z</time>
      </trkpt>
      <trkpt lat="47.683905" lon="-117.185731">
        <ele>616.4</ele>
        <time>2026-08-01T22:42:54Z</time>
      </trkpt>
      <trkpt lat="47.683893" lon="-117.185530">
        <ele>616.5</ele>
        <time>2026-08-01T22:42:55Z</time>
      </trkpt>
      <trkpt lat="47.683889" lon="-117.185154">
        <ele>616.3</ele>
        <time>2026-08-01T22:42:57Z</time>
      </trkpt>
      <trkpt lat="47.683903" lon="-117.184980">
        <ele>616.1</ele>
        <time>2026-08-01T22:42:58Z</time>
      </trkpt>
      <trkpt lat="47.683901" lon="-117.184475">
        <ele>615.6</ele>
        <time>2026-08-01T22:43:02Z</time>
      </trkpt>
      <trkpt lat="47.683711" lon="-117.184354">
        <ele>616.0</ele>
        <time>2026-08-01T22:43:04Z</time>
      </trkpt>
      <trkpt lat="47.683565" lon="-117.184378">
        <ele>616.8</ele>
        <time>2026-08-01T22:43:06Z</time>
      </trkpt>
      <trkpt lat="47.683386" lon="-117.184423">
        <ele>616.8</ele>
        <time>2026-08-01T22:43:08Z</time>
      </trkpt>
      <trkpt lat="47.683188" lon="-117.184562">
        <ele>617.5</ele>
        <time>2026-08-01T22:43:10Z</time>
      </trkpt>
      <trkpt lat="47.683003" lon="-117.184737">
        <ele>616.7</ele>
        <time>2026-08-01T22:43:12Z</time>
      </trkpt>
      <trkpt lat="47.682849" lon="-117.185007">
        <ele>616.0</ele>
        <time>2026-08-01T22:43:14Z</time>
      </trkpt>
      <trkpt lat="47.682786" lon="-117.185154">
        <ele>616.3</ele>
        <time>2026-08-01T22:43:15Z</time>
      </trkpt>
      <trkpt lat="47.682729" lon="-117.185312">
        <ele>616.3</ele>
        <time>2026-08-01T22:43:16Z</time>
      </trkpt>
      <trkpt lat="47.682683" lon="-117.185476">
        <ele>616.0</ele>
        <time>2026-08-01T22:43:17Z</time>
      </trkpt>
      <trkpt lat="47.682606" lon="-117.185823">
        <ele>615.9</ele>
        <time>2026-08-01T22:43:19Z</time>
      </trkpt>
      <trkpt lat="47.682418" lon="-117.186902">
        <ele>613.8</ele>
        <time>2026-08-01T22:43:25Z</time>
      </trkpt>
      <trkpt lat="47.682118" lon="-117.188513">
        <ele>614.7</ele>
        <time>2026-08-01T22:43:34Z</time>
      </trkpt>
      <trkpt lat="47.681553" lon="-117.191727">
        <ele>615.6</ele>
        <time>2026-08-01T22:43:52Z</time>
      </trkpt>
      <trkpt lat="47.681430" lon="-117.192648">
        <ele>615.6</ele>
        <time>2026-08-01T22:43:57Z</time>
      </trkpt>
      <trkpt lat="47.681429" lon="-117.193432">
        <ele>615.6</ele>
        <time>2026-08-01T22:44:01Z</time>
      </trkpt>
      <trkpt lat="47.681414" lon="-117.193638">
        <ele>615.7</ele>
        <time>2026-08-01T22:44:02Z</time>
      </trkpt>
      <trkpt lat="47.681416" lon="-117.194028">
        <ele>615.8</ele>
        <time>2026-08-01T22:44:04Z</time>
      </trkpt>
      <trkpt lat="47.681430" lon="-117.194404">
        <ele>616.0</ele>
        <time>2026-08-01T22:44:06Z</time>
      </trkpt>
      <trkpt lat="47.681433" lon="-117.195408">
        <ele>615.2</ele>
        <time>2026-08-01T22:44:12Z</time>
      </trkpt>
      <trkpt lat="47.681407" lon="-117.196418">
        <ele>612.0</ele>
        <time>2026-08-01T22:44:28Z</time>
      </trkpt>
      <trkpt lat="47.681418" lon="-117.196621">
        <ele>614.8</ele>
        <time>2026-08-01T22:44:39Z</time>
      </trkpt>
      <trkpt lat="47.681396" lon="-117.196697">
        <ele>615.1</ele>
        <time>2026-08-01T22:44:40Z</time>
      </trkpt>
      <trkpt lat="47.681403" lon="-117.196766">
        <ele>614.9</ele>
        <time>2026-08-01T22:44:41Z</time>
      </trkpt>
      <trkpt lat="47.681289" lon="-117.196811">
        <ele>615.6</ele>
        <time>2026-08-01T22:44:42Z</time>
      </trkpt>
      <trkpt lat="47.681026" lon="-117.196822">
        <ele>614.4</ele>
        <time>2026-08-01T22:44:45Z</time>
      </trkpt>
      <trkpt lat="47.680719" lon="-117.196801">
        <ele>615.0</ele>
        <time>2026-08-01T22:44:48Z</time>
      </trkpt>
      <trkpt lat="47.680085" lon="-117.196787">
        <ele>617.9</ele>
        <time>2026-08-01T22:44:53Z</time>
      </trkpt>
      <trkpt lat="47.679792" lon="-117.196771">
        <ele>618.6</ele>
        <time>2026-08-01T22:44:55Z</time>
      </trkpt>
      <trkpt lat="47.679640" lon="-117.196739">
        <ele>618.8</ele>
        <time>2026-08-01T22:44:56Z</time>
      </trkpt>
      <trkpt lat="47.679487" lon="-117.196732">
        <ele>619.0</ele>
        <time>2026-08-01T22:44:57Z</time>
      </trkpt>
      <trkpt lat="47.679323" lon="-117.196749">
        <ele>618.9</ele>
        <time>2026-08-01T22:44:58Z</time>
      </trkpt>
      <trkpt lat="47.678699" lon="-117.196732">
        <ele>618.7</ele>
        <time>2026-08-01T22:45:02Z</time>
      </trkpt>
      <trkpt lat="47.678544" lon="-117.196708">
        <ele>618.7</ele>
        <time>2026-08-01T22:45:03Z</time>
      </trkpt>
      <trkpt lat="47.678082" lon="-117.196703">
        <ele>617.4</ele>
        <time>2026-08-01T22:45:06Z</time>
      </trkpt>
      <trkpt lat="47.677932" lon="-117.196723">
        <ele>616.4</ele>
        <time>2026-08-01T22:45:07Z</time>
      </trkpt>
      <trkpt lat="47.677612" lon="-117.196710">
        <ele>614.9</ele>
        <time>2026-08-01T22:45:09Z</time>
      </trkpt>
      <trkpt lat="47.676996" lon="-117.196714">
        <ele>612.3</ele>
        <time>2026-08-01T22:45:13Z</time>
      </trkpt>
      <trkpt lat="47.675424" lon="-117.196690">
        <ele>607.8</ele>
        <time>2026-08-01T22:45:23Z</time>
      </trkpt>
      <trkpt lat="47.674170" lon="-117.196638">
        <ele>605.9</ele>
        <time>2026-08-01T22:45:31Z</time>
      </trkpt>
      <trkpt lat="47.673864" lon="-117.196642">
        <ele>606.5</ele>
        <time>2026-08-01T22:45:33Z</time>
      </trkpt>
      <trkpt lat="47.673286" lon="-117.196668">
        <ele>606.0</ele>
        <time>2026-08-01T22:45:37Z</time>
      </trkpt>
      <trkpt lat="47.671768" lon="-117.196628">
        <ele>608.2</ele>
        <time>2026-08-01T22:45:49Z</time>
      </trkpt>
      <trkpt lat="47.671164" lon="-117.196645">
        <ele>607.6</ele>
        <time>2026-08-01T22:45:54Z</time>
      </trkpt>
      <trkpt lat="47.670934" lon="-117.196662">
        <ele>607.0</ele>
        <time>2026-08-01T22:45:56Z</time>
      </trkpt>
      <trkpt lat="47.670397" lon="-117.196670">
        <ele>609.5</ele>
        <time>2026-08-01T22:46:02Z</time>
      </trkpt>
      <trkpt lat="47.669684" lon="-117.196762">
        <ele>614.6</ele>
        <time>2026-08-01T22:46:13Z</time>
      </trkpt>
      <trkpt lat="47.669419" lon="-117.196781">
        <ele>615.8</ele>
        <time>2026-08-01T22:46:18Z</time>
      </trkpt>
      <trkpt lat="47.669211" lon="-117.196781">
        <ele>616.5</ele>
        <time>2026-08-01T22:46:21Z</time>
      </trkpt>
      <trkpt lat="47.669012" lon="-117.196766">
        <ele>617.3</ele>
        <time>2026-08-01T22:46:24Z</time>
      </trkpt>
      <trkpt lat="47.668899" lon="-117.196744">
        <ele>617.4</ele>
        <time>2026-08-01T22:46:26Z</time>
      </trkpt>
      <trkpt lat="47.668811" lon="-117.196706">
        <ele>618.1</ele>
        <time>2026-08-01T22:46:28Z</time>
      </trkpt>
      <trkpt lat="47.668769" lon="-117.196723">
        <ele>618.2</ele>
        <time>2026-08-01T22:46:29Z</time>
      </trkpt>
      <trkpt lat="47.668736" lon="-117.196722">
        <ele>618.3</ele>
        <time>2026-08-01T22:46:30Z</time>
      </trkpt>
      <trkpt lat="47.668699" lon="-117.196704">
        <ele>618.0</ele>
        <time>2026-08-01T22:46:31Z</time>
      </trkpt>
      <trkpt lat="47.668665" lon="-117.196700">
        <ele>616.0</ele>
        <time>2026-08-01T22:46:34Z</time>
      </trkpt>
      <trkpt lat="47.668639" lon="-117.196720">
        <ele>616.0</ele>
        <time>2026-08-01T22:46:39Z</time>
      </trkpt>
      <trkpt lat="47.668418" lon="-117.196714">
        <ele>616.0</ele>
        <time>2026-08-01T22:47:01Z</time>
      </trkpt>
      <trkpt lat="47.668381" lon="-117.196694">
        <ele>616.8</ele>
        <time>2026-08-01T22:47:03Z</time>
      </trkpt>
      <trkpt lat="47.668350" lon="-117.196690">
        <ele>616.0</ele>
        <time>2026-08-01T22:47:05Z</time>
      </trkpt>
      <trkpt lat="47.668324" lon="-117.196711">
        <ele>612.0</ele>
        <time>2026-08-01T22:47:10Z</time>
      </trkpt>
      <trkpt lat="47.668222" lon="-117.196707">
        <ele>618.0</ele>
        <time>2026-08-01T22:47:16Z</time>
      </trkpt>
      <trkpt lat="47.668147" lon="-117.196417">
        <ele>619.0</ele>
        <time>2026-08-01T22:47:19Z</time>
      </trkpt>
      <trkpt lat="47.668170" lon="-117.196314">
        <ele>619.3</ele>
        <time>2026-08-01T22:47:20Z</time>
      </trkpt>
      <trkpt lat="47.668181" lon="-117.196049">
        <ele>619.6</ele>
        <time>2026-08-01T22:47:22Z</time>
      </trkpt>
      <trkpt lat="47.668278" lon="-117.194887">
        <ele>617.7</ele>
        <time>2026-08-01T22:47:28Z</time>
      </trkpt>
      <trkpt lat="47.668299" lon="-117.194415">
        <ele>615.7</ele>
        <time>2026-08-01T22:47:30Z</time>
      </trkpt>
      <trkpt lat="47.668295" lon="-117.193921">
        <ele>614.7</ele>
        <time>2026-08-01T22:47:32Z</time>
      </trkpt>
      <trkpt lat="47.668264" lon="-117.193413">
        <ele>614.0</ele>
        <time>2026-08-01T22:47:34Z</time>
      </trkpt>
      <trkpt lat="47.668207" lon="-117.192882">
        <ele>613.5</ele>
        <time>2026-08-01T22:47:36Z</time>
      </trkpt>
      <trkpt lat="47.668128" lon="-117.192357">
        <ele>614.2</ele>
        <time>2026-08-01T22:47:38Z</time>
      </trkpt>
      <trkpt lat="47.667848" lon="-117.190783">
        <ele>615.7</ele>
        <time>2026-08-01T22:47:44Z</time>
      </trkpt>
      <trkpt lat="47.667822" lon="-117.190513">
        <ele>615.9</ele>
        <time>2026-08-01T22:47:45Z</time>
      </trkpt>
      <trkpt lat="47.667718" lon="-117.189990">
        <ele>616.5</ele>
        <time>2026-08-01T22:47:47Z</time>
      </trkpt>
      <trkpt lat="47.667648" lon="-117.189734">
        <ele>616.5</ele>
        <time>2026-08-01T22:47:48Z</time>
      </trkpt>
      <trkpt lat="47.667389" lon="-117.188396">
        <ele>617.4</ele>
        <time>2026-08-01T22:47:53Z</time>
      </trkpt>
      <trkpt lat="47.667167" lon="-117.187307">
        <ele>617.9</ele>
        <time>2026-08-01T22:47:57Z</time>
      </trkpt>
      <trkpt lat="47.666728" lon="-117.184998">
        <ele>619.0</ele>
        <time>2026-08-01T22:48:05Z</time>
      </trkpt>
      <trkpt lat="47.666120" lon="-117.181986">
        <ele>620.0</ele>
        <time>2026-08-01T22:48:15Z</time>
      </trkpt>
      <trkpt lat="47.665951" lon="-117.181066">
        <ele>619.6</ele>
        <time>2026-08-01T22:48:18Z</time>
      </trkpt>
      <trkpt lat="47.665810" lon="-117.180136">
        <ele>620.0</ele>
        <time>2026-08-01T22:48:21Z</time>
      </trkpt>
      <trkpt lat="47.665657" lon="-117.178879">
        <ele>619.7</ele>
        <time>2026-08-01T22:48:25Z</time>
      </trkpt>
      <trkpt lat="47.665548" lon="-117.177601">
        <ele>619.0</ele>
        <time>2026-08-01T22:48:29Z</time>
      </trkpt>
      <trkpt lat="47.665503" lon="-117.176952">
        <ele>618.7</ele>
        <time>2026-08-01T22:48:31Z</time>
      </trkpt>
      <trkpt lat="47.665473" lon="-117.176305">
        <ele>618.2</ele>
        <time>2026-08-01T22:48:33Z</time>
      </trkpt>
      <trkpt lat="47.665444" lon="-117.175006">
        <ele>618.5</ele>
        <time>2026-08-01T22:48:37Z</time>
      </trkpt>
      <trkpt lat="47.665459" lon="-117.174684">
        <ele>618.6</ele>
        <time>2026-08-01T22:48:38Z</time>
      </trkpt>
      <trkpt lat="47.665459" lon="-117.172428">
        <ele>618.3</ele>
        <time>2026-08-01T22:48:45Z</time>
      </trkpt>
      <trkpt lat="47.665450" lon="-117.172104">
        <ele>618.9</ele>
        <time>2026-08-01T22:48:46Z</time>
      </trkpt>
      <trkpt lat="47.665456" lon="-117.171131">
        <ele>619.3</ele>
        <time>2026-08-01T22:48:49Z</time>
      </trkpt>
      <trkpt lat="47.665445" lon="-117.169837">
        <ele>619.4</ele>
        <time>2026-08-01T22:48:53Z</time>
      </trkpt>
      <trkpt lat="47.665477" lon="-117.166871">
        <ele>622.4</ele>
        <time>2026-08-01T22:49:02Z</time>
      </trkpt>
      <trkpt lat="47.665495" lon="-117.162260">
        <ele>622.9</ele>
        <time>2026-08-01T22:49:16Z</time>
      </trkpt>
      <trkpt lat="47.665490" lon="-117.161291">
        <ele>622.9</ele>
        <time>2026-08-01T22:49:19Z</time>
      </trkpt>
      <trkpt lat="47.665462" lon="-117.160054">
        <ele>622.5</ele>
        <time>2026-08-01T22:49:23Z</time>
      </trkpt>
      <trkpt lat="47.665398" lon="-117.158618">
        <ele>622.0</ele>
        <time>2026-08-01T22:49:28Z</time>
      </trkpt>
      <trkpt lat="47.665311" lon="-117.157819">
        <ele>621.9</ele>
        <time>2026-08-01T22:49:31Z</time>
      </trkpt>
      <trkpt lat="47.665192" lon="-117.157064">
        <ele>622.0</ele>
        <time>2026-08-01T22:49:34Z</time>
      </trkpt>
      <trkpt lat="47.665022" lon="-117.156121">
        <ele>622.8</ele>
        <time>2026-08-01T22:49:38Z</time>
      </trkpt>
      <trkpt lat="47.664930" lon="-117.155684">
        <ele>623.2</ele>
        <time>2026-08-01T22:49:40Z</time>
      </trkpt>
      <trkpt lat="47.664875" lon="-117.155477">
        <ele>623.5</ele>
        <time>2026-08-01T22:49:41Z</time>
      </trkpt>
      <trkpt lat="47.664841" lon="-117.155269">
        <ele>623.6</ele>
        <time>2026-08-01T22:49:42Z</time>
      </trkpt>
      <trkpt lat="47.664764" lon="-117.154903">
        <ele>623.8</ele>
        <time>2026-08-01T22:49:44Z</time>
      </trkpt>
      <trkpt lat="47.664687" lon="-117.154340">
        <ele>623.9</ele>
        <time>2026-08-01T22:49:48Z</time>
      </trkpt>
      <trkpt lat="47.664642" lon="-117.154110">
        <ele>623.9</ele>
        <time>2026-08-01T22:49:52Z</time>
      </trkpt>
      <trkpt lat="47.664638" lon="-117.154004">
        <ele>624.2</ele>
        <time>2026-08-01T22:49:54Z</time>
      </trkpt>
      <trkpt lat="47.664543" lon="-117.153855">
        <ele>624.1</ele>
        <time>2026-08-01T22:49:57Z</time>
      </trkpt>
      <trkpt lat="47.664461" lon="-117.153848">
        <ele>623.6</ele>
        <time>2026-08-01T22:49:58Z</time>
      </trkpt>
      <trkpt lat="47.664323" lon="-117.153776">
        <ele>623.0</ele>
        <time>2026-08-01T22:50:00Z</time>
      </trkpt>
      <trkpt lat="47.664255" lon="-117.153724">
        <ele>622.9</ele>
        <time>2026-08-01T22:50:01Z</time>
      </trkpt>
      <trkpt lat="47.664151" lon="-117.153743">
        <ele>622.6</ele>
        <time>2026-08-01T22:50:02Z</time>
      </trkpt>
      <trkpt lat="47.663731" lon="-117.153756">
        <ele>621.9</ele>
        <time>2026-08-01T22:50:06Z</time>
      </trkpt>
      <trkpt lat="47.661391" lon="-117.153736">
        <ele>622.7</ele>
        <time>2026-08-01T22:50:28Z</time>
      </trkpt>
      <trkpt lat="47.660792" lon="-117.153695">
        <ele>623.9</ele>
        <time>2026-08-01T22:50:37Z</time>
      </trkpt>
      <trkpt lat="47.660757" lon="-117.153722">
        <ele>625.0</ele>
        <time>2026-08-01T22:50:38Z</time>
      </trkpt>
      <trkpt lat="47.660721" lon="-117.153699">
        <ele>624.0</ele>
        <time>2026-08-01T22:51:06Z</time>
      </trkpt>
      <trkpt lat="47.660623" lon="-117.153690">
        <ele>624.6</ele>
        <time>2026-08-01T22:51:32Z</time>
      </trkpt>
      <trkpt lat="47.660586" lon="-117.153672">
        <ele>624.8</ele>
        <time>2026-08-01T22:51:33Z</time>
      </trkpt>
      <trkpt lat="47.660546" lon="-117.153680">
        <ele>625.1</ele>
        <time>2026-08-01T22:51:34Z</time>
      </trkpt>
      <trkpt lat="47.660469" lon="-117.153512">
        <ele>625.4</ele>
        <time>2026-08-01T22:51:36Z</time>
      </trkpt>
      <trkpt lat="47.660450" lon="-117.153423">
        <ele>625.5</ele>
        <time>2026-08-01T22:51:37Z</time>
      </trkpt>
      <trkpt lat="47.660455" lon="-117.153319">
        <ele>625.6</ele>
        <time>2026-08-01T22:51:38Z</time>
      </trkpt>
      <trkpt lat="47.660506" lon="-117.153055">
        <ele>625.6</ele>
        <time>2026-08-01T22:51:40Z</time>
      </trkpt>
      <trkpt lat="47.660746" lon="-117.152021">
        <ele>624.5</ele>
        <time>2026-08-01T22:51:46Z</time>
      </trkpt>
      <trkpt lat="47.661109" lon="-117.150314">
        <ele>624.2</ele>
        <time>2026-08-01T22:51:54Z</time>
      </trkpt>
      <trkpt lat="47.661749" lon="-117.147424">
        <ele>624.5</ele>
        <time>2026-08-01T22:52:07Z</time>
      </trkpt>
      <trkpt lat="47.661795" lon="-117.147163">
        <ele>624.9</ele>
        <time>2026-08-01T22:52:08Z</time>
      </trkpt>
      <trkpt lat="47.662390" lon="-117.144586">
        <ele>623.7</ele>
        <time>2026-08-01T22:52:19Z</time>
      </trkpt>
      <trkpt lat="47.663589" lon="-117.138943">
        <ele>627.5</ele>
        <time>2026-08-01T22:52:43Z</time>
      </trkpt>
      <trkpt lat="47.663628" lon="-117.138707">
        <ele>627.6</ele>
        <time>2026-08-01T22:52:44Z</time>
      </trkpt>
      <trkpt lat="47.663686" lon="-117.137969">
        <ele>627.3</ele>
        <time>2026-08-01T22:52:47Z</time>
      </trkpt>
      <trkpt lat="47.663720" lon="-117.137245">
        <ele>627.4</ele>
        <time>2026-08-01T22:52:50Z</time>
      </trkpt>
      <trkpt lat="47.663783" lon="-117.136233">
        <ele>628.5</ele>
        <time>2026-08-01T22:52:54Z</time>
      </trkpt>
      <trkpt lat="47.663863" lon="-117.134680">
        <ele>628.8</ele>
        <time>2026-08-01T22:53:00Z</time>
      </trkpt>
      <trkpt lat="47.663889" lon="-117.133914">
        <ele>629.2</ele>
        <time>2026-08-01T22:53:03Z</time>
      </trkpt>
      <trkpt lat="47.664087" lon="-117.122108">
        <ele>633.2</ele>
        <time>2026-08-01T22:53:52Z</time>
      </trkpt>
      <trkpt lat="47.664132" lon="-117.121509">
        <ele>633.4</ele>
        <time>2026-08-01T22:53:55Z</time>
      </trkpt>
      <trkpt lat="47.664203" lon="-117.121143">
        <ele>632.7</ele>
        <time>2026-08-01T22:53:57Z</time>
      </trkpt>
      <trkpt lat="47.664288" lon="-117.120781">
        <ele>632.9</ele>
        <time>2026-08-01T22:53:59Z</time>
      </trkpt>
      <trkpt lat="47.664398" lon="-117.120434">
        <ele>632.2</ele>
        <time>2026-08-01T22:54:01Z</time>
      </trkpt>
      <trkpt lat="47.664463" lon="-117.120260">
        <ele>631.8</ele>
        <time>2026-08-01T22:54:02Z</time>
      </trkpt>
      <trkpt lat="47.664610" lon="-117.119931">
        <ele>631.7</ele>
        <time>2026-08-01T22:54:04Z</time>
      </trkpt>
      <trkpt lat="47.664773" lon="-117.119629">
        <ele>631.6</ele>
        <time>2026-08-01T22:54:06Z</time>
      </trkpt>
      <trkpt lat="47.665284" lon="-117.118790">
        <ele>632.3</ele>
        <time>2026-08-01T22:54:12Z</time>
      </trkpt>
      <trkpt lat="47.665441" lon="-117.118499">
        <ele>632.7</ele>
        <time>2026-08-01T22:54:14Z</time>
      </trkpt>
      <trkpt lat="47.665583" lon="-117.118187">
        <ele>632.9</ele>
        <time>2026-08-01T22:54:16Z</time>
      </trkpt>
      <trkpt lat="47.665755" lon="-117.117689">
        <ele>632.8</ele>
        <time>2026-08-01T22:54:19Z</time>
      </trkpt>
      <trkpt lat="47.665844" lon="-117.117324">
        <ele>632.8</ele>
        <time>2026-08-01T22:54:21Z</time>
      </trkpt>
      <trkpt lat="47.665946" lon="-117.116783">
        <ele>633.3</ele>
        <time>2026-08-01T22:54:24Z</time>
      </trkpt>
      <trkpt lat="47.666404" lon="-117.113995">
        <ele>628.9</ele>
        <time>2026-08-01T22:54:39Z</time>
      </trkpt>
      <trkpt lat="47.667443" lon="-117.107924">
        <ele>631.6</ele>
        <time>2026-08-01T22:55:13Z</time>
      </trkpt>
      <trkpt lat="47.667627" lon="-117.107018">
        <ele>630.5</ele>
        <time>2026-08-01T22:55:19Z</time>
      </trkpt>
      <trkpt lat="47.667632" lon="-117.106894">
        <ele>630.0</ele>
        <time>2026-08-01T22:55:20Z</time>
      </trkpt>
      <trkpt lat="47.667688" lon="-117.106596">
        <ele>630.6</ele>
        <time>2026-08-01T22:55:23Z</time>
      </trkpt>
      <trkpt lat="47.667777" lon="-117.106257">
        <ele>627.0</ele>
        <time>2026-08-01T22:55:33Z</time>
      </trkpt>
      <trkpt lat="47.667772" lon="-117.106213">
        <ele>631.3</ele>
        <time>2026-08-01T22:55:39Z</time>
      </trkpt>
      <trkpt lat="47.667788" lon="-117.106144">
        <ele>631.1</ele>
        <time>2026-08-01T22:55:41Z</time>
      </trkpt>
      <trkpt lat="47.667893" lon="-117.106178">
        <ele>630.5</ele>
        <time>2026-08-01T22:55:42Z</time>
      </trkpt>
      <trkpt lat="47.667934" lon="-117.106211">
        <ele>630.6</ele>
        <time>2026-08-01T22:55:43Z</time>
      </trkpt>
      <trkpt lat="47.667971" lon="-117.106220">
        <ele>630.7</ele>
        <time>2026-08-01T22:55:44Z</time>
      </trkpt>
      <trkpt lat="47.668013" lon="-117.106247">
        <ele>630.6</ele>
        <time>2026-08-01T22:55:45Z</time>
      </trkpt>
      <trkpt lat="47.668050" lon="-117.106280">
        <ele>630.7</ele>
        <time>2026-08-01T22:55:46Z</time>
      </trkpt>
      <trkpt lat="47.668128" lon="-117.106385">
        <ele>631.3</ele>
        <time>2026-08-01T22:55:49Z</time>
      </trkpt>
      <trkpt lat="47.668163" lon="-117.106388">
        <ele>631.6</ele>
        <time>2026-08-01T22:55:50Z</time>
      </trkpt>
      <trkpt lat="47.668172" lon="-117.106452">
        <ele>631.8</ele>
        <time>2026-08-01T22:55:51Z</time>
      </trkpt>
      <trkpt lat="47.668243" lon="-117.106587">
        <ele>632.0</ele>
        <time>2026-08-01T22:55:55Z</time>
      </trkpt>
      <trkpt lat="47.668354" lon="-117.106670">
        <ele>632.0</ele>
        <time>2026-08-01T22:56:03Z</time>
      </trkpt>
      <trkpt lat="47.668393" lon="-117.106662">
        <ele>630.0</ele>
        <time>2026-08-01T22:56:07Z</time>
      </trkpt>
      <trkpt lat="47.668413" lon="-117.106430">
        <ele>631.7</ele>
        <time>2026-08-01T22:56:10Z</time>
      </trkpt>
      <trkpt lat="47.668460" lon="-117.106385">
        <ele>631.7</ele>
        <time>2026-08-01T22:56:11Z</time>
      </trkpt>
      <trkpt lat="47.668494" lon="-117.106184">
        <ele>631.4</ele>
        <time>2026-08-01T22:56:14Z</time>
      </trkpt>
      <trkpt lat="47.668479" lon="-117.106116">
        <ele>631.5</ele>
        <time>2026-08-01T22:56:15Z</time>
      </trkpt>
      <trkpt lat="47.668490" lon="-117.106066">
        <ele>631.5</ele>
        <time>2026-08-01T22:56:16Z</time>
      </trkpt>
      <trkpt lat="47.668514" lon="-117.106024">
        <ele>631.7</ele>
        <time>2026-08-01T22:56:17Z</time>
      </trkpt>
      <trkpt lat="47.668510" lon="-117.105970">
        <ele>631.7</ele>
        <time>2026-08-01T22:56:18Z</time>
      </trkpt>
      <trkpt lat="47.668534" lon="-117.105928">
        <ele>631.9</ele>
        <time>2026-08-01T22:56:19Z</time>
      </trkpt>
      <trkpt lat="47.668608" lon="-117.105603">
        <ele>628.0</ele>
        <time>2026-08-01T22:57:24Z</time>
      </trkpt>
      <trkpt lat="47.668592" lon="-117.105664">
        <ele>631.2</ele>
        <time>2026-08-01T22:58:08Z</time>
      </trkpt>
      <trkpt lat="47.668589" lon="-117.105672">
        <ele>627.0</ele>
        <time>2026-08-01T23:04:20Z</time>
      </trkpt>
      <trkpt lat="47.668565" lon="-117.105858">
        <ele>630.0</ele>
        <time>2026-08-01T23:06:19Z</time>
      </trkpt>
      <trkpt lat="47.668574" lon="-117.105991">
        <ele>630.0</ele>
        <time>2026-08-01T23:06:29Z</time>
      </trkpt>
      <trkpt lat="47.668554" lon="-117.106092">
        <ele>630.0</ele>
        <time>2026-08-01T23:06:38Z</time>
      </trkpt>
      <trkpt lat="47.668622" lon="-117.106174">
        <ele>630.0</ele>
        <time>2026-08-01T23:06:46Z</time>
      </trkpt>
      <trkpt lat="47.668642" lon="-117.106277">
        <ele>630.0</ele>
        <time>2026-08-01T23:06:52Z</time>
      </trkpt>
      <trkpt lat="47.668606" lon="-117.106497">
        <ele>630.0</ele>
        <time>2026-08-01T23:07:06Z</time>
      </trkpt>
      <trkpt lat="47.668621" lon="-117.106609">
        <ele>630.0</ele>
        <time>2026-08-01T23:07:13Z</time>
      </trkpt>
      <trkpt lat="47.668639" lon="-117.106631">
        <ele>630.0</ele>
        <time>2026-08-01T23:07:16Z</time>
      </trkpt>
      <trkpt lat="47.668709" lon="-117.106669">
        <ele>630.0</ele>
        <time>2026-08-01T23:07:22Z</time>
      </trkpt>
      <trkpt lat="47.668721" lon="-117.106708">
        <ele>630.0</ele>
        <time>2026-08-01T23:07:25Z</time>
      </trkpt>
      <trkpt lat="47.668741" lon="-117.106914">
        <ele>632.0</ele>
        <time>2026-08-01T23:07:37Z</time>
      </trkpt>
      <trkpt lat="47.668715" lon="-117.107152">
        <ele>630.0</ele>
        <time>2026-08-01T23:08:03Z</time>
      </trkpt>
      <trkpt lat="47.668685" lon="-117.107225">
        <ele>631.3</ele>
        <time>2026-08-01T23:08:11Z</time>
      </trkpt>
      <trkpt lat="47.668668" lon="-117.107155">
        <ele>630.0</ele>
        <time>2026-08-01T23:08:19Z</time>
      </trkpt>
      <trkpt lat="47.668684" lon="-117.107274">
        <ele>631.4</ele>
        <time>2026-08-01T23:08:55Z</time>
      </trkpt>
      <trkpt lat="47.668682" lon="-117.107345">
        <ele>630.0</ele>
        <time>2026-08-01T23:09:01Z</time>
      </trkpt>
      <trkpt lat="47.668664" lon="-117.107237">
        <ele>631.0</ele>
        <time>2026-08-01T23:09:11Z</time>
      </trkpt>
      <trkpt lat="47.668633" lon="-117.107213">
        <ele>631.1</ele>
        <time>2026-08-01T23:09:25Z</time>
      </trkpt>
      <trkpt lat="47.668658" lon="-117.106997">
        <ele>630.7</ele>
        <time>2026-08-01T23:09:45Z</time>
      </trkpt>
      <trkpt lat="47.668681" lon="-117.106933">
        <ele>630.0</ele>
        <time>2026-08-01T23:09:47Z</time>
      </trkpt>
      <trkpt lat="47.668641" lon="-117.107068">
        <ele>631.1</ele>
        <time>2026-08-01T23:09:52Z</time>
      </trkpt>
      <trkpt lat="47.668664" lon="-117.107007">
        <ele>630.0</ele>
        <time>2026-08-01T23:09:54Z</time>
      </trkpt>
      <trkpt lat="47.668705" lon="-117.106968">
        <ele>630.0</ele>
        <time>2026-08-01T23:10:19Z</time>
      </trkpt>
      <trkpt lat="47.668675" lon="-117.107099">
        <ele>630.0</ele>
        <time>2026-08-01T23:10:37Z</time>
      </trkpt>
      <trkpt lat="47.668685" lon="-117.107313">
        <ele>630.0</ele>
        <time>2026-08-01T23:11:16Z</time>
      </trkpt>
      <trkpt lat="47.668740" lon="-117.107320">
        <ele>631.7</ele>
        <time>2026-08-01T23:11:25Z</time>
      </trkpt>
      <trkpt lat="47.668765" lon="-117.107298">
        <ele>630.0</ele>
        <time>2026-08-01T23:11:27Z</time>
      </trkpt>
      <trkpt lat="47.668710" lon="-117.107366">
        <ele>631.8</ele>
        <time>2026-08-01T23:11:54Z</time>
      </trkpt>
      <trkpt lat="47.668741" lon="-117.107324">
        <ele>628.0</ele>
        <time>2026-08-01T23:12:22Z</time>
      </trkpt>
      <trkpt lat="47.668760" lon="-117.107350">
        <ele>631.5</ele>
        <time>2026-08-01T23:12:31Z</time>
      </trkpt>
      <trkpt lat="47.668737" lon="-117.107501">
        <ele>630.0</ele>
        <time>2026-08-01T23:13:07Z</time>
      </trkpt>
      <trkpt lat="47.668755" lon="-117.107564">
        <ele>631.8</ele>
        <time>2026-08-01T23:13:14Z</time>
      </trkpt>
      <trkpt lat="47.668725" lon="-117.107520">
        <ele>632.1</ele>
        <time>2026-08-01T23:13:15Z</time>
      </trkpt>
      <trkpt lat="47.668667" lon="-117.107566">
        <ele>631.0</ele>
        <time>2026-08-01T23:14:16Z</time>
      </trkpt>
      <trkpt lat="47.668703" lon="-117.107497">
        <ele>630.0</ele>
        <time>2026-08-01T23:14:33Z</time>
      </trkpt>
      <trkpt lat="47.668670" lon="-117.107546">
        <ele>630.0</ele>
        <time>2026-08-01T23:14:40Z</time>
      </trkpt>
      <trkpt lat="47.668612" lon="-117.107540">
        <ele>630.0</ele>
        <time>2026-08-01T23:14:47Z</time>
      </trkpt>
      <trkpt lat="47.668524" lon="-117.107438">
        <ele>631.1</ele>
        <time>2026-08-01T23:14:56Z</time>
      </trkpt>
      <trkpt lat="47.668494" lon="-117.107424">
        <ele>630.0</ele>
        <time>2026-08-01T23:14:58Z</time>
      </trkpt>
      <trkpt lat="47.668522" lon="-117.107336">
        <ele>630.0</ele>
        <time>2026-08-01T23:15:01Z</time>
      </trkpt>
      <trkpt lat="47.668575" lon="-117.107256">
        <ele>627.0</ele>
        <time>2026-08-01T23:15:27Z</time>
      </trkpt>
      <trkpt lat="47.668625" lon="-117.106958">
        <ele>628.0</ele>
        <time>2026-08-01T23:16:38Z</time>
      </trkpt>
      <trkpt lat="47.668595" lon="-117.106951">
        <ele>631.6</ele>
        <time>2026-08-01T23:17:26Z</time>
      </trkpt>
      <trkpt lat="47.668594" lon="-117.107005">
        <ele>630.0</ele>
        <time>2026-08-01T23:18:01Z</time>
      </trkpt>
      <trkpt lat="47.668576" lon="-117.106967">
        <ele>631.6</ele>
        <time>2026-08-01T23:18:24Z</time>
      </trkpt>
      <trkpt lat="47.668538" lon="-117.107048">
        <ele>631.6</ele>
        <time>2026-08-01T23:18:37Z</time>
      </trkpt>
      <trkpt lat="47.668547" lon="-117.107003">
        <ele>630.0</ele>
        <time>2026-08-01T23:18:53Z</time>
      </trkpt>
      <trkpt lat="47.668600" lon="-117.106989">
        <ele>630.0</ele>
        <time>2026-08-01T23:19:29Z</time>
      </trkpt>
      <trkpt lat="47.668594" lon="-117.107050">
        <ele>630.0</ele>
        <time>2026-08-01T23:19:52Z</time>
      </trkpt>
      <trkpt lat="47.668622" lon="-117.106973">
        <ele>630.0</ele>
        <time>2026-08-01T23:20:20Z</time>
      </trkpt>
      <trkpt lat="47.668479" lon="-117.107083">
        <ele>631.6</ele>
        <time>2026-08-01T23:21:22Z</time>
      </trkpt>
      <trkpt lat="47.668544" lon="-117.106988">
        <ele>631.6</ele>
        <time>2026-08-01T23:21:49Z</time>
      </trkpt>
      <trkpt lat="47.668528" lon="-117.107045">
        <ele>631.6</ele>
        <time>2026-08-01T23:22:11Z</time>
      </trkpt>
      <trkpt lat="47.668496" lon="-117.107076">
        <ele>631.6</ele>
        <time>2026-08-01T23:22:17Z</time>
      </trkpt>
      <trkpt lat="47.668596" lon="-117.106960">
        <ele>631.6</ele>
        <time>2026-08-01T23:22:24Z</time>
      </trkpt>
      <trkpt lat="47.668507" lon="-117.107029">
        <ele>631.6</ele>
        <time>2026-08-01T23:22:32Z</time>
      </trkpt>
      <trkpt lat="47.668562" lon="-117.106920">
        <ele>631.6</ele>
        <time>2026-08-01T23:22:46Z</time>
      </trkpt>
      <trkpt lat="47.668541" lon="-117.107003">
        <ele>630.0</ele>
        <time>2026-08-01T23:22:59Z</time>
      </trkpt>
      <trkpt lat="47.668557" lon="-117.106928">
        <ele>631.6</ele>
        <time>2026-08-01T23:23:40Z</time>
      </trkpt>
      <trkpt lat="47.668569" lon="-117.106979">
        <ele>631.6</ele>
        <time>2026-08-01T23:24:12Z</time>
      </trkpt>
      <trkpt lat="47.668530" lon="-117.106989">
        <ele>631.6</ele>
        <time>2026-08-01T23:24:19Z</time>
      </trkpt>
      <trkpt lat="47.668490" lon="-117.107058">
        <ele>630.0</ele>
        <time>2026-08-01T23:24:49Z</time>
      </trkpt>
      <trkpt lat="47.668554" lon="-117.106981">
        <ele>631.6</ele>
        <time>2026-08-01T23:25:18Z</time>
      </trkpt>
      <trkpt lat="47.668472" lon="-117.107091">
        <ele>631.6</ele>
        <time>2026-08-01T23:25:43Z</time>
      </trkpt>
      <trkpt lat="47.668486" lon="-117.107040">
        <ele>630.0</ele>
        <time>2026-08-01T23:26:22Z</time>
      </trkpt>
      <trkpt lat="47.668468" lon="-117.107069">
        <ele>630.0</ele>
        <time>2026-08-01T23:27:10Z</time>
      </trkpt>
      <trkpt lat="47.668496" lon="-117.106993">
        <ele>631.6</ele>
        <time>2026-08-01T23:27:46Z</time>
      </trkpt>
      <trkpt lat="47.668522" lon="-117.106963">
        <ele>631.6</ele>
        <time>2026-08-01T23:27:53Z</time>
      </trkpt>
      <trkpt lat="47.668456" lon="-117.107075">
        <ele>630.0</ele>
        <time>2026-08-01T23:28:02Z</time>
      </trkpt>
      <trkpt lat="47.668540" lon="-117.107031">
        <ele>631.6</ele>
        <time>2026-08-01T23:28:16Z</time>
      </trkpt>
      <trkpt lat="47.668518" lon="-117.106988">
        <ele>630.0</ele>
        <time>2026-08-01T23:29:02Z</time>
      </trkpt>
      <trkpt lat="47.668476" lon="-117.107001">
        <ele>631.7</ele>
        <time>2026-08-01T23:29:12Z</time>
      </trkpt>
      <trkpt lat="47.668469" lon="-117.107077">
        <ele>630.0</ele>
        <time>2026-08-01T23:29:36Z</time>
      </trkpt>
      <trkpt lat="47.668495" lon="-117.106983">
        <ele>631.7</ele>
        <time>2026-08-01T23:30:21Z</time>
      </trkpt>
      <trkpt lat="47.668521" lon="-117.106962">
        <ele>631.7</ele>
        <time>2026-08-01T23:30:34Z</time>
      </trkpt>
      <trkpt lat="47.668466" lon="-117.107039">
        <ele>631.7</ele>
        <time>2026-08-01T23:30:58Z</time>
      </trkpt>
      <trkpt lat="47.668489" lon="-117.106959">
        <ele>630.0</ele>
        <time>2026-08-01T23:31:40Z</time>
      </trkpt>
      <trkpt lat="47.668528" lon="-117.106974">
        <ele>631.7</ele>
        <time>2026-08-01T23:31:50Z</time>
      </trkpt>
      <trkpt lat="47.668490" lon="-117.106988">
        <ele>631.7</ele>
        <time>2026-08-01T23:32:21Z</time>
      </trkpt>
      <trkpt lat="47.668515" lon="-117.106959">
        <ele>631.7</ele>
        <time>2026-08-01T23:32:35Z</time>
      </trkpt>
      <trkpt lat="47.668253" lon="-117.107124">
        <ele>630.0</ele>
        <time>2026-08-01T23:33:06Z</time>
      </trkpt>
      <trkpt lat="47.668208" lon="-117.107238">
        <ele>631.2</ele>
        <time>2026-08-01T23:33:12Z</time>
      </trkpt>
      <trkpt lat="47.668286" lon="-117.107286">
        <ele>631.0</ele>
        <time>2026-08-01T23:33:15Z</time>
      </trkpt>
      <trkpt lat="47.668373" lon="-117.107319">
        <ele>630.9</ele>
        <time>2026-08-01T23:33:17Z</time>
      </trkpt>
      <trkpt lat="47.668407" lon="-117.107321">
        <ele>631.0</ele>
        <time>2026-08-01T23:33:18Z</time>
      </trkpt>
      <trkpt lat="47.668464" lon="-117.107304">
        <ele>630.0</ele>
        <time>2026-08-01T23:33:22Z</time>
      </trkpt>
      <trkpt lat="47.668498" lon="-117.107357">
        <ele>631.3</ele>
        <time>2026-08-01T23:33:26Z</time>
      </trkpt>
      <trkpt lat="47.668421" lon="-117.107348">
        <ele>631.3</ele>
        <time>2026-08-01T23:33:28Z</time>
      </trkpt>
      <trkpt lat="47.668374" lon="-117.107310">
        <ele>630.0</ele>
        <time>2026-08-01T23:33:29Z</time>
      </trkpt>
      <trkpt lat="47.668586" lon="-117.107323">
        <ele>630.0</ele>
        <time>2026-08-01T23:33:36Z</time>
      </trkpt>
      <trkpt lat="47.668677" lon="-117.107353">
        <ele>629.0</ele>
        <time>2026-08-01T23:33:39Z</time>
      </trkpt>
      <trkpt lat="47.668746" lon="-117.107353">
        <ele>630.0</ele>
        <time>2026-08-01T23:33:43Z</time>
      </trkpt>
      <trkpt lat="47.668699" lon="-117.107329">
        <ele>630.0</ele>
        <time>2026-08-01T23:33:56Z</time>
      </trkpt>
      <trkpt lat="47.668280" lon="-117.107209">
        <ele>628.0</ele>
        <time>2026-08-01T23:34:05Z</time>
      </trkpt>
      <trkpt lat="47.668348" lon="-117.107048">
        <ele>630.0</ele>
        <time>2026-08-01T23:34:29Z</time>
      </trkpt>
      <trkpt lat="47.668229" lon="-117.107140">
        <ele>630.0</ele>
        <time>2026-08-01T23:34:48Z</time>
      </trkpt>
      <trkpt lat="47.668265" lon="-117.107114">
        <ele>631.9</ele>
        <time>2026-08-01T23:34:57Z</time>
      </trkpt>
      <trkpt lat="47.668328" lon="-117.107131">
        <ele>631.8</ele>
        <time>2026-08-01T23:35:00Z</time>
      </trkpt>
      <trkpt lat="47.668333" lon="-117.107177">
        <ele>629.0</ele>
        <time>2026-08-01T23:35:03Z</time>
      </trkpt>
      <trkpt lat="47.668283" lon="-117.107148">
        <ele>631.6</ele>
        <time>2026-08-01T23:35:06Z</time>
      </trkpt>
      <trkpt lat="47.668238" lon="-117.107151">
        <ele>631.3</ele>
        <time>2026-08-01T23:35:07Z</time>
      </trkpt>
      <trkpt lat="47.668362" lon="-117.107200">
        <ele>631.4</ele>
        <time>2026-08-01T23:35:09Z</time>
      </trkpt>
      <trkpt lat="47.668680" lon="-117.107482">
        <ele>631.4</ele>
        <time>2026-08-01T23:35:14Z</time>
      </trkpt>
      <trkpt lat="47.668881" lon="-117.107715">
        <ele>631.7</ele>
        <time>2026-08-01T23:35:17Z</time>
      </trkpt>
      <trkpt lat="47.668456" lon="-117.107379">
        <ele>628.0</ele>
        <time>2026-08-01T23:35:27Z</time>
      </trkpt>
      <trkpt lat="47.668445" lon="-117.107455">
        <ele>630.0</ele>
        <time>2026-08-01T23:35:32Z</time>
      </trkpt>
      <trkpt lat="47.668423" lon="-117.107519">
        <ele>631.2</ele>
        <time>2026-08-01T23:35:37Z</time>
      </trkpt>
      <trkpt lat="47.668424" lon="-117.107472">
        <ele>631.3</ele>
        <time>2026-08-01T23:35:38Z</time>
      </trkpt>
      <trkpt lat="47.668393" lon="-117.107577">
        <ele>631.4</ele>
        <time>2026-08-01T23:35:47Z</time>
      </trkpt>
      <trkpt lat="47.668406" lon="-117.107546">
        <ele>630.0</ele>
        <time>2026-08-01T23:35:49Z</time>
      </trkpt>
      <trkpt lat="47.668262" lon="-117.107345">
        <ele>631.2</ele>
        <time>2026-08-01T23:35:57Z</time>
      </trkpt>
      <trkpt lat="47.668237" lon="-117.107324">
        <ele>630.0</ele>
        <time>2026-08-01T23:36:00Z</time>
      </trkpt>
      <trkpt lat="47.668197" lon="-117.107316">
        <ele>630.0</ele>
        <time>2026-08-01T23:36:07Z</time>
      </trkpt>
      <trkpt lat="47.668180" lon="-117.107285">
        <ele>630.0</ele>
        <time>2026-08-01T23:36:13Z</time>
      </trkpt>
      <trkpt lat="47.668089" lon="-117.107243">
        <ele>630.0</ele>
        <time>2026-08-01T23:36:26Z</time>
      </trkpt>
      <trkpt lat="47.668126" lon="-117.107175">
        <ele>630.0</ele>
        <time>2026-08-01T23:36:31Z</time>
      </trkpt>
      <trkpt lat="47.668135" lon="-117.107135">
        <ele>630.0</ele>
        <time>2026-08-01T23:36:39Z</time>
      </trkpt>
      <trkpt lat="47.668071" lon="-117.107122">
        <ele>630.0</ele>
        <time>2026-08-01T23:36:55Z</time>
      </trkpt>
      <trkpt lat="47.668099" lon="-117.107058">
        <ele>631.3</ele>
        <time>2026-08-01T23:37:11Z</time>
      </trkpt>
      <trkpt lat="47.668146" lon="-117.107025">
        <ele>630.0</ele>
        <time>2026-08-01T23:37:15Z</time>
      </trkpt>
      <trkpt lat="47.668486" lon="-117.106973">
        <ele>630.0</ele>
        <time>2026-08-01T23:37:36Z</time>
      </trkpt>
      <trkpt lat="47.668481" lon="-117.107040">
        <ele>631.6</ele>
        <time>2026-08-01T23:37:53Z</time>
      </trkpt>
      <trkpt lat="47.668591" lon="-117.106884">
        <ele>631.7</ele>
        <time>2026-08-01T23:40:58Z</time>
      </trkpt>
      <trkpt lat="47.668572" lon="-117.106925">
        <ele>631.7</ele>
        <time>2026-08-01T23:41:02Z</time>
      </trkpt>
      <trkpt lat="47.668607" lon="-117.106923">
        <ele>631.7</ele>
        <time>2026-08-01T23:41:02Z</time>
      </trkpt>
      <trkpt lat="47.668514" lon="-117.106875">
        <ele>630.0</ele>
        <time>2026-08-01T23:41:33Z</time>
      </trkpt>
      <trkpt lat="47.668568" lon="-117.106741">
        <ele>630.0</ele>
        <time>2026-08-01T23:41:45Z</time>
      </trkpt>
      <trkpt lat="47.668688" lon="-117.106739">
        <ele>630.0</ele>
        <time>2026-08-01T23:41:52Z</time>
      </trkpt>
      <trkpt lat="47.668711" lon="-117.106797">
        <ele>630.0</ele>
        <time>2026-08-01T23:42:01Z</time>
      </trkpt>
      <trkpt lat="47.668802" lon="-117.106313">
        <ele>629.0</ele>
        <time>2026-08-01T23:42:36Z</time>
      </trkpt>
      <trkpt lat="47.668721" lon="-117.106243">
        <ele>630.0</ele>
        <time>2026-08-01T23:42:44Z</time>
      </trkpt>
      <trkpt lat="47.668705" lon="-117.106211">
        <ele>630.0</ele>
        <time>2026-08-01T23:42:46Z</time>
      </trkpt>
      <trkpt lat="47.668685" lon="-117.106029">
        <ele>630.0</ele>
        <time>2026-08-01T23:42:56Z</time>
      </trkpt>
      <trkpt lat="47.668638" lon="-117.105936">
        <ele>630.0</ele>
        <time>2026-08-01T23:43:04Z</time>
      </trkpt>
      <trkpt lat="47.668608" lon="-117.105819">
        <ele>630.0</ele>
        <time>2026-08-01T23:43:10Z</time>
      </trkpt>
      <trkpt lat="47.668615" lon="-117.105746">
        <ele>630.0</ele>
        <time>2026-08-01T23:43:14Z</time>
      </trkpt>
      <trkpt lat="47.668596" lon="-117.105662">
        <ele>625.0</ele>
        <time>2026-08-01T23:44:53Z</time>
      </trkpt>
      <trkpt lat="47.668619" lon="-117.105609">
        <ele>630.0</ele>
        <time>2026-08-01T23:46:53Z</time>
      </trkpt>
      <trkpt lat="47.668609" lon="-117.105570">
        <ele>634.0</ele>
        <time>2026-08-01T23:47:44Z</time>
      </trkpt>
      <trkpt lat="47.668597" lon="-117.105635">
        <ele>630.0</ele>
        <time>2026-08-01T23:47:52Z</time>
      </trkpt>
      <trkpt lat="47.668641" lon="-117.105615">
        <ele>631.0</ele>
        <time>2026-08-01T23:48:00Z</time>
      </trkpt>
      <trkpt lat="47.668826" lon="-117.105721">
        <ele>632.9</ele>
        <time>2026-08-01T23:48:11Z</time>
      </trkpt>
      <trkpt lat="47.668892" lon="-117.105746">
        <ele>632.9</ele>
        <time>2026-08-01T23:48:13Z</time>
      </trkpt>
      <trkpt lat="47.668924" lon="-117.105743">
        <ele>632.9</ele>
        <time>2026-08-01T23:48:14Z</time>
      </trkpt>
      <trkpt lat="47.668953" lon="-117.105723">
        <ele>632.9</ele>
        <time>2026-08-01T23:48:15Z</time>
      </trkpt>
      <trkpt lat="47.668975" lon="-117.105688">
        <ele>632.8</ele>
        <time>2026-08-01T23:48:16Z</time>
      </trkpt>
      <trkpt lat="47.669024" lon="-117.105488">
        <ele>632.6</ele>
        <time>2026-08-01T23:48:27Z</time>
      </trkpt>
      <trkpt lat="47.669023" lon="-117.105441">
        <ele>632.6</ele>
        <time>2026-08-01T23:48:28Z</time>
      </trkpt>
      <trkpt lat="47.669009" lon="-117.105392">
        <ele>632.5</ele>
        <time>2026-08-01T23:48:29Z</time>
      </trkpt>
      <trkpt lat="47.668980" lon="-117.105353">
        <ele>632.5</ele>
        <time>2026-08-01T23:48:30Z</time>
      </trkpt>
      <trkpt lat="47.668935" lon="-117.105323">
        <ele>632.4</ele>
        <time>2026-08-01T23:48:31Z</time>
      </trkpt>
      <trkpt lat="47.668689" lon="-117.105202">
        <ele>632.3</ele>
        <time>2026-08-01T23:48:35Z</time>
      </trkpt>
      <trkpt lat="47.668536" lon="-117.105110">
        <ele>632.2</ele>
        <time>2026-08-01T23:48:37Z</time>
      </trkpt>
      <trkpt lat="47.668450" lon="-117.105092">
        <ele>632.1</ele>
        <time>2026-08-01T23:48:38Z</time>
      </trkpt>
      <trkpt lat="47.668187" lon="-117.104962">
        <ele>631.7</ele>
        <time>2026-08-01T23:48:41Z</time>
      </trkpt>
      <trkpt lat="47.668104" lon="-117.104878">
        <ele>631.5</ele>
        <time>2026-08-01T23:48:42Z</time>
      </trkpt>
      <trkpt lat="47.667322" lon="-117.104484">
        <ele>630.9</ele>
        <time>2026-08-01T23:48:50Z</time>
      </trkpt>
      <trkpt lat="47.667032" lon="-117.104345">
        <ele>630.7</ele>
        <time>2026-08-01T23:48:53Z</time>
      </trkpt>
      <trkpt lat="47.666904" lon="-117.104312">
        <ele>630.7</ele>
        <time>2026-08-01T23:48:54Z</time>
      </trkpt>
      <trkpt lat="47.666494" lon="-117.104133">
        <ele>630.1</ele>
        <time>2026-08-01T23:48:58Z</time>
      </trkpt>
      <trkpt lat="47.665359" lon="-117.103576">
        <ele>629.2</ele>
        <time>2026-08-01T23:49:08Z</time>
      </trkpt>
      <trkpt lat="47.664560" lon="-117.103204">
        <ele>629.3</ele>
        <time>2026-08-01T23:49:14Z</time>
      </trkpt>
      <trkpt lat="47.658435" lon="-117.100205">
        <ele>630.1</ele>
        <time>2026-08-01T23:49:59Z</time>
      </trkpt>
      <trkpt lat="47.658172" lon="-117.100062">
        <ele>630.0</ele>
        <time>2026-08-01T23:50:01Z</time>
      </trkpt>
      <trkpt lat="47.657888" lon="-117.099881">
        <ele>630.0</ele>
        <time>2026-08-01T23:50:03Z</time>
      </trkpt>
      <trkpt lat="47.657614" lon="-117.099683">
        <ele>629.8</ele>
        <time>2026-08-01T23:50:05Z</time>
      </trkpt>
      <trkpt lat="47.657450" lon="-117.099552">
        <ele>629.8</ele>
        <time>2026-08-01T23:50:06Z</time>
      </trkpt>
      <trkpt lat="47.657079" lon="-117.099206">
        <ele>629.5</ele>
        <time>2026-08-01T23:50:09Z</time>
      </trkpt>
      <trkpt lat="47.656615" lon="-117.098600">
        <ele>629.0</ele>
        <time>2026-08-01T23:50:13Z</time>
      </trkpt>
      <trkpt lat="47.655991" lon="-117.097671">
        <ele>628.1</ele>
        <time>2026-08-01T23:50:19Z</time>
      </trkpt>
      <trkpt lat="47.654632" lon="-117.095551">
        <ele>629.6</ele>
        <time>2026-08-01T23:50:33Z</time>
      </trkpt>
      <trkpt lat="47.654453" lon="-117.095280">
        <ele>630.0</ele>
        <time>2026-08-01T23:50:35Z</time>
      </trkpt>
      <trkpt lat="47.654358" lon="-117.095161">
        <ele>630.2</ele>
        <time>2026-08-01T23:50:36Z</time>
      </trkpt>
      <trkpt lat="47.654249" lon="-117.095059">
        <ele>630.3</ele>
        <time>2026-08-01T23:50:37Z</time>
      </trkpt>
      <trkpt lat="47.654022" lon="-117.094933">
        <ele>630.3</ele>
        <time>2026-08-01T23:50:39Z</time>
      </trkpt>
      <trkpt lat="47.653908" lon="-117.094890">
        <ele>630.3</ele>
        <time>2026-08-01T23:50:40Z</time>
      </trkpt>
      <trkpt lat="47.653797" lon="-117.094868">
        <ele>630.3</ele>
        <time>2026-08-01T23:50:41Z</time>
      </trkpt>
      <trkpt lat="47.653690" lon="-117.094861">
        <ele>630.2</ele>
        <time>2026-08-01T23:50:42Z</time>
      </trkpt>
      <trkpt lat="47.653169" lon="-117.094855">
        <ele>631.5</ele>
        <time>2026-08-01T23:50:48Z</time>
      </trkpt>
      <trkpt lat="47.653111" lon="-117.094870">
        <ele>631.9</ele>
        <time>2026-08-01T23:50:49Z</time>
      </trkpt>
      <trkpt lat="47.653081" lon="-117.094863">
        <ele>632.1</ele>
        <time>2026-08-01T23:50:50Z</time>
      </trkpt>
      <trkpt lat="47.653058" lon="-117.094728">
        <ele>632.1</ele>
        <time>2026-08-01T23:50:51Z</time>
      </trkpt>
      <trkpt lat="47.653101" lon="-117.094136">
        <ele>631.5</ele>
        <time>2026-08-01T23:50:57Z</time>
      </trkpt>
      <trkpt lat="47.653190" lon="-117.093544">
        <ele>630.5</ele>
        <time>2026-08-01T23:51:03Z</time>
      </trkpt>
      <trkpt lat="47.653256" lon="-117.093248">
        <ele>631.1</ele>
        <time>2026-08-01T23:51:06Z</time>
      </trkpt>
      <trkpt lat="47.653246" lon="-117.093130">
        <ele>631.0</ele>
        <time>2026-08-01T23:51:07Z</time>
      </trkpt>
      <trkpt lat="47.653217" lon="-117.093027">
        <ele>630.9</ele>
        <time>2026-08-01T23:51:08Z</time>
      </trkpt>
      <trkpt lat="47.653166" lon="-117.092940">
        <ele>630.9</ele>
        <time>2026-08-01T23:51:09Z</time>
      </trkpt>
      <trkpt lat="47.653098" lon="-117.092888">
        <ele>630.0</ele>
        <time>2026-08-01T23:51:10Z</time>
      </trkpt>
      <trkpt lat="47.653024" lon="-117.092872">
        <ele>631.0</ele>
        <time>2026-08-01T23:51:11Z</time>
      </trkpt>
      <trkpt lat="47.652895" lon="-117.092791">
        <ele>631.1</ele>
        <time>2026-08-01T23:51:13Z</time>
      </trkpt>
      <trkpt lat="47.652544" lon="-117.092624">
        <ele>631.3</ele>
        <time>2026-08-01T23:51:18Z</time>
      </trkpt>
      <trkpt lat="47.652486" lon="-117.092559">
        <ele>631.4</ele>
        <time>2026-08-01T23:51:19Z</time>
      </trkpt>
      <trkpt lat="47.652367" lon="-117.092454">
        <ele>631.5</ele>
        <time>2026-08-01T23:51:21Z</time>
      </trkpt>
      <trkpt lat="47.652257" lon="-117.092323">
        <ele>631.5</ele>
        <time>2026-08-01T23:51:23Z</time>
      </trkpt>
      <trkpt lat="47.652121" lon="-117.092107">
        <ele>631.1</ele>
        <time>2026-08-01T23:51:26Z</time>
      </trkpt>
      <trkpt lat="47.652053" lon="-117.091947">
        <ele>631.0</ele>
        <time>2026-08-01T23:51:28Z</time>
      </trkpt>
      <trkpt lat="47.652001" lon="-117.091773">
        <ele>631.1</ele>
        <time>2026-08-01T23:51:30Z</time>
      </trkpt>
      <trkpt lat="47.651968" lon="-117.091388">
        <ele>630.1</ele>
        <time>2026-08-01T23:51:34Z</time>
      </trkpt>
      <trkpt lat="47.651937" lon="-117.091270">
        <ele>629.9</ele>
        <time>2026-08-01T23:51:35Z</time>
      </trkpt>
      <trkpt lat="47.651880" lon="-117.091187">
        <ele>629.7</ele>
        <time>2026-08-01T23:51:36Z</time>
      </trkpt>
      <trkpt lat="47.651829" lon="-117.091148">
        <ele>629.6</ele>
        <time>2026-08-01T23:51:37Z</time>
      </trkpt>
      <trkpt lat="47.651766" lon="-117.091122">
        <ele>628.0</ele>
        <time>2026-08-01T23:51:38Z</time>
      </trkpt>
      <trkpt lat="47.651663" lon="-117.091109">
        <ele>629.2</ele>
        <time>2026-08-01T23:51:40Z</time>
      </trkpt>
      <trkpt lat="47.651613" lon="-117.091114">
        <ele>629.2</ele>
        <time>2026-08-01T23:51:41Z</time>
      </trkpt>
      <trkpt lat="47.651487" lon="-117.091302">
        <ele>629.3</ele>
        <time>2026-08-01T23:51:44Z</time>
      </trkpt>
      <trkpt lat="47.651401" lon="-117.091406">
        <ele>629.3</ele>
        <time>2026-08-01T23:51:46Z</time>
      </trkpt>
      <trkpt lat="47.651297" lon="-117.091519">
        <ele>629.6</ele>
        <time>2026-08-01T23:51:48Z</time>
      </trkpt>
      <trkpt lat="47.651181" lon="-117.091614">
        <ele>630.0</ele>
        <time>2026-08-01T23:51:50Z</time>
      </trkpt>
      <trkpt lat="47.651113" lon="-117.091649">
        <ele>630.2</ele>
        <time>2026-08-01T23:51:51Z</time>
      </trkpt>
      <trkpt lat="47.651044" lon="-117.091664">
        <ele>630.4</ele>
        <time>2026-08-01T23:51:52Z</time>
      </trkpt>
      <trkpt lat="47.650921" lon="-117.091724">
        <ele>630.8</ele>
        <time>2026-08-01T23:51:54Z</time>
      </trkpt>
      <trkpt lat="47.650573" lon="-117.091811">
        <ele>631.2</ele>
        <time>2026-08-01T23:52:00Z</time>
      </trkpt>
      <trkpt lat="47.650424" lon="-117.091938">
        <ele>631.5</ele>
        <time>2026-08-01T23:52:03Z</time>
      </trkpt>
      <trkpt lat="47.650353" lon="-117.092065">
        <ele>631.7</ele>
        <time>2026-08-01T23:52:05Z</time>
      </trkpt>
      <trkpt lat="47.650304" lon="-117.092286">
        <ele>631.5</ele>
        <time>2026-08-01T23:52:09Z</time>
      </trkpt>
      <trkpt lat="47.650304" lon="-117.092327">
        <ele>630.0</ele>
        <time>2026-08-01T23:52:10Z</time>
      </trkpt>
      <trkpt lat="47.650353" lon="-117.092358">
        <ele>630.0</ele>
        <time>2026-08-01T23:52:12Z</time>
      </trkpt>
      <trkpt lat="47.650460" lon="-117.092469">
        <ele>631.3</ele>
        <time>2026-08-01T23:52:14Z</time>
      </trkpt>
      <trkpt lat="47.650568" lon="-117.092647">
        <ele>631.5</ele>
        <time>2026-08-01T23:52:16Z</time>
      </trkpt>
      <trkpt lat="47.650648" lon="-117.092868">
        <ele>632.0</ele>
        <time>2026-08-01T23:52:18Z</time>
      </trkpt>
      <trkpt lat="47.650731" lon="-117.093258">
        <ele>633.6</ele>
        <time>2026-08-01T23:52:21Z</time>
      </trkpt>
      <trkpt lat="47.650800" lon="-117.093512">
        <ele>634.0</ele>
        <time>2026-08-01T23:52:23Z</time>
      </trkpt>
      <trkpt lat="47.650890" lon="-117.093737">
        <ele>634.3</ele>
        <time>2026-08-01T23:52:25Z</time>
      </trkpt>
      <trkpt lat="47.650998" lon="-117.093958">
        <ele>635.1</ele>
        <time>2026-08-01T23:52:27Z</time>
      </trkpt>
      <trkpt lat="47.651128" lon="-117.094141">
        <ele>635.6</ele>
        <time>2026-08-01T23:52:29Z</time>
      </trkpt>
      <trkpt lat="47.651263" lon="-117.094293">
        <ele>635.6</ele>
        <time>2026-08-01T23:52:31Z</time>
      </trkpt>
      <trkpt lat="47.651722" lon="-117.094729">
        <ele>636.1</ele>
        <time>2026-08-01T23:52:37Z</time>
      </trkpt>
      <trkpt lat="47.651802" lon="-117.094782">
        <ele>636.0</ele>
        <time>2026-08-01T23:52:38Z</time>
      </trkpt>
      <trkpt lat="47.651915" lon="-117.094823">
        <ele>635.7</ele>
        <time>2026-08-01T23:52:39Z</time>
      </trkpt>
      <trkpt lat="47.651991" lon="-117.094830">
        <ele>635.3</ele>
        <time>2026-08-01T23:52:40Z</time>
      </trkpt>
      <trkpt lat="47.653796" lon="-117.094822">
        <ele>630.7</ele>
        <time>2026-08-01T23:52:56Z</time>
      </trkpt>
      <trkpt lat="47.653903" lon="-117.094832">
        <ele>630.8</ele>
        <time>2026-08-01T23:52:57Z</time>
      </trkpt>
      <trkpt lat="47.653998" lon="-117.094854">
        <ele>630.7</ele>
        <time>2026-08-01T23:52:58Z</time>
      </trkpt>
      <trkpt lat="47.654077" lon="-117.094897">
        <ele>630.6</ele>
        <time>2026-08-01T23:52:59Z</time>
      </trkpt>
      <trkpt lat="47.654146" lon="-117.094902">
        <ele>630.5</ele>
        <time>2026-08-01T23:53:00Z</time>
      </trkpt>
      <trkpt lat="47.654202" lon="-117.094886">
        <ele>630.4</ele>
        <time>2026-08-01T23:53:01Z</time>
      </trkpt>
      <trkpt lat="47.654223" lon="-117.094832">
        <ele>630.2</ele>
        <time>2026-08-01T23:53:02Z</time>
      </trkpt>
      <trkpt lat="47.654574" lon="-117.093245">
        <ele>629.0</ele>
        <time>2026-08-01T23:53:15Z</time>
      </trkpt>
      <trkpt lat="47.654612" lon="-117.093119">
        <ele>628.9</ele>
        <time>2026-08-01T23:53:16Z</time>
      </trkpt>
      <trkpt lat="47.654617" lon="-117.092984">
        <ele>629.0</ele>
        <time>2026-08-01T23:53:17Z</time>
      </trkpt>
      <trkpt lat="47.654606" lon="-117.092858">
        <ele>628.9</ele>
        <time>2026-08-01T23:53:18Z</time>
      </trkpt>
      <trkpt lat="47.654581" lon="-117.092736">
        <ele>628.7</ele>
        <time>2026-08-01T23:53:19Z</time>
      </trkpt>
      <trkpt lat="47.654539" lon="-117.092619">
        <ele>628.5</ele>
        <time>2026-08-01T23:53:20Z</time>
      </trkpt>
      <trkpt lat="47.654435" lon="-117.092404">
        <ele>628.4</ele>
        <time>2026-08-01T23:53:22Z</time>
      </trkpt>
      <trkpt lat="47.654137" lon="-117.091858">
        <ele>627.9</ele>
        <time>2026-08-01T23:53:27Z</time>
      </trkpt>
      <trkpt lat="47.653777" lon="-117.091262">
        <ele>627.9</ele>
        <time>2026-08-01T23:53:33Z</time>
      </trkpt>
      <trkpt lat="47.653725" lon="-117.091123">
        <ele>627.9</ele>
        <time>2026-08-01T23:53:34Z</time>
      </trkpt>
      <trkpt lat="47.653708" lon="-117.091025">
        <ele>627.9</ele>
        <time>2026-08-01T23:53:35Z</time>
      </trkpt>
      <trkpt lat="47.653702" lon="-117.090898">
        <ele>627.6</ele>
        <time>2026-08-01T23:53:36Z</time>
      </trkpt>
      <trkpt lat="47.653717" lon="-117.090778">
        <ele>627.7</ele>
        <time>2026-08-01T23:53:37Z</time>
      </trkpt>
      <trkpt lat="47.653750" lon="-117.090667">
        <ele>627.6</ele>
        <time>2026-08-01T23:53:38Z</time>
      </trkpt>
      <trkpt lat="47.653807" lon="-117.090551">
        <ele>627.8</ele>
        <time>2026-08-01T23:53:39Z</time>
      </trkpt>
      <trkpt lat="47.654231" lon="-117.089852">
        <ele>628.6</ele>
        <time>2026-08-01T23:53:46Z</time>
      </trkpt>
      <trkpt lat="47.654303" lon="-117.089760">
        <ele>628.9</ele>
        <time>2026-08-01T23:53:47Z</time>
      </trkpt>
      <trkpt lat="47.654383" lon="-117.089683">
        <ele>628.9</ele>
        <time>2026-08-01T23:53:48Z</time>
      </trkpt>
      <trkpt lat="47.654470" lon="-117.089625">
        <ele>629.1</ele>
        <time>2026-08-01T23:53:49Z</time>
      </trkpt>
      <trkpt lat="47.654558" lon="-117.089589">
        <ele>628.7</ele>
        <time>2026-08-01T23:53:50Z</time>
      </trkpt>
      <trkpt lat="47.654652" lon="-117.089572">
        <ele>628.7</ele>
        <time>2026-08-01T23:53:51Z</time>
      </trkpt>
      <trkpt lat="47.654747" lon="-117.089571">
        <ele>628.8</ele>
        <time>2026-08-01T23:53:52Z</time>
      </trkpt>
      <trkpt lat="47.655727" lon="-117.089636">
        <ele>632.8</ele>
        <time>2026-08-01T23:54:02Z</time>
      </trkpt>
      <trkpt lat="47.656394" lon="-117.089639">
        <ele>635.6</ele>
        <time>2026-08-01T23:54:09Z</time>
      </trkpt>
      <trkpt lat="47.656631" lon="-117.089619">
        <ele>636.5</ele>
        <time>2026-08-01T23:54:13Z</time>
      </trkpt>
      <trkpt lat="47.656703" lon="-117.089583">
        <ele>636.0</ele>
        <time>2026-08-01T23:54:15Z</time>
      </trkpt>
      <trkpt lat="47.656711" lon="-117.089489">
        <ele>637.4</ele>
        <time>2026-08-01T23:54:17Z</time>
      </trkpt>
      <trkpt lat="47.656691" lon="-117.087943">
        <ele>640.1</ele>
        <time>2026-08-01T23:54:31Z</time>
      </trkpt>
      <trkpt lat="47.656706" lon="-117.087793">
        <ele>640.2</ele>
        <time>2026-08-01T23:54:32Z</time>
      </trkpt>
      <trkpt lat="47.656684" lon="-117.085103">
        <ele>645.6</ele>
        <time>2026-08-01T23:54:49Z</time>
      </trkpt>
      <trkpt lat="47.656683" lon="-117.080996">
        <ele>646.7</ele>
        <time>2026-08-01T23:55:15Z</time>
      </trkpt>
      <trkpt lat="47.656664" lon="-117.077930">
        <ele>647.5</ele>
        <time>2026-08-01T23:55:37Z</time>
      </trkpt>
      <trkpt lat="47.656671" lon="-117.075353">
        <ele>643.7</ele>
        <time>2026-08-01T23:55:58Z</time>
      </trkpt>
      <trkpt lat="47.656661" lon="-117.075210">
        <ele>643.3</ele>
        <time>2026-08-01T23:55:59Z</time>
      </trkpt>
      <trkpt lat="47.656594" lon="-117.074939">
        <ele>641.7</ele>
        <time>2026-08-01T23:56:01Z</time>
      </trkpt>
      <trkpt lat="47.656554" lon="-117.074809">
        <ele>640.6</ele>
        <time>2026-08-01T23:56:02Z</time>
      </trkpt>
      <trkpt lat="47.656502" lon="-117.074697">
        <ele>639.9</ele>
        <time>2026-08-01T23:56:03Z</time>
      </trkpt>
      <trkpt lat="47.656439" lon="-117.074599">
        <ele>639.3</ele>
        <time>2026-08-01T23:56:04Z</time>
      </trkpt>
      <trkpt lat="47.656366" lon="-117.074528">
        <ele>638.7</ele>
        <time>2026-08-01T23:56:05Z</time>
      </trkpt>
      <trkpt lat="47.656203" lon="-117.074425">
        <ele>637.3</ele>
        <time>2026-08-01T23:56:07Z</time>
      </trkpt>
      <trkpt lat="47.654803" lon="-117.073840">
        <ele>633.1</ele>
        <time>2026-08-01T23:56:23Z</time>
      </trkpt>
      <trkpt lat="47.654539" lon="-117.073710">
        <ele>632.0</ele>
        <time>2026-08-01T23:56:26Z</time>
      </trkpt>
      <trkpt lat="47.654456" lon="-117.073653">
        <ele>631.7</ele>
        <time>2026-08-01T23:56:27Z</time>
      </trkpt>
      <trkpt lat="47.654381" lon="-117.073560">
        <ele>631.3</ele>
        <time>2026-08-01T23:56:28Z</time>
      </trkpt>
      <trkpt lat="47.654223" lon="-117.073401">
        <ele>630.8</ele>
        <time>2026-08-01T23:56:30Z</time>
      </trkpt>
      <trkpt lat="47.653897" lon="-117.072994">
        <ele>631.7</ele>
        <time>2026-08-01T23:56:34Z</time>
      </trkpt>
      <trkpt lat="47.653735" lon="-117.072848">
        <ele>631.7</ele>
        <time>2026-08-01T23:56:36Z</time>
      </trkpt>
      <trkpt lat="47.653639" lon="-117.072786">
        <ele>631.8</ele>
        <time>2026-08-01T23:56:37Z</time>
      </trkpt>
      <trkpt lat="47.653436" lon="-117.072754">
        <ele>632.0</ele>
        <time>2026-08-01T23:56:39Z</time>
      </trkpt>
      <trkpt lat="47.653337" lon="-117.072775">
        <ele>631.9</ele>
        <time>2026-08-01T23:56:40Z</time>
      </trkpt>
      <trkpt lat="47.653243" lon="-117.072804">
        <ele>632.3</ele>
        <time>2026-08-01T23:56:41Z</time>
      </trkpt>
      <trkpt lat="47.653151" lon="-117.072847">
        <ele>632.4</ele>
        <time>2026-08-01T23:56:42Z</time>
      </trkpt>
      <trkpt lat="47.653055" lon="-117.072869">
        <ele>632.9</ele>
        <time>2026-08-01T23:56:43Z</time>
      </trkpt>
      <trkpt lat="47.652961" lon="-117.072845">
        <ele>633.2</ele>
        <time>2026-08-01T23:56:44Z</time>
      </trkpt>
      <trkpt lat="47.652769" lon="-117.072845">
        <ele>633.9</ele>
        <time>2026-08-01T23:56:46Z</time>
      </trkpt>
      <trkpt lat="47.652681" lon="-117.072778">
        <ele>634.3</ele>
        <time>2026-08-01T23:56:47Z</time>
      </trkpt>
      <trkpt lat="47.652504" lon="-117.072673">
        <ele>636.5</ele>
        <time>2026-08-01T23:56:49Z</time>
      </trkpt>
      <trkpt lat="47.652328" lon="-117.072543">
        <ele>638.9</ele>
        <time>2026-08-01T23:56:51Z</time>
      </trkpt>
      <trkpt lat="47.652239" lon="-117.072461">
        <ele>639.4</ele>
        <time>2026-08-01T23:56:52Z</time>
      </trkpt>
      <trkpt lat="47.651830" lon="-117.071982">
        <ele>641.5</ele>
        <time>2026-08-01T23:56:57Z</time>
      </trkpt>
      <trkpt lat="47.651744" lon="-117.071903">
        <ele>641.5</ele>
        <time>2026-08-01T23:56:58Z</time>
      </trkpt>
      <trkpt lat="47.651653" lon="-117.071852">
        <ele>642.0</ele>
        <time>2026-08-01T23:56:59Z</time>
      </trkpt>
      <trkpt lat="47.651562" lon="-117.071827">
        <ele>642.0</ele>
        <time>2026-08-01T23:57:00Z</time>
      </trkpt>
      <trkpt lat="47.651461" lon="-117.071820">
        <ele>642.3</ele>
        <time>2026-08-01T23:57:01Z</time>
      </trkpt>
      <trkpt lat="47.651357" lon="-117.071850">
        <ele>642.5</ele>
        <time>2026-08-01T23:57:02Z</time>
      </trkpt>
      <trkpt lat="47.651255" lon="-117.071836">
        <ele>642.9</ele>
        <time>2026-08-01T23:57:03Z</time>
      </trkpt>
      <trkpt lat="47.651050" lon="-117.071855">
        <ele>643.9</ele>
        <time>2026-08-01T23:57:05Z</time>
      </trkpt>
      <trkpt lat="47.650843" lon="-117.071845">
        <ele>644.6</ele>
        <time>2026-08-01T23:57:07Z</time>
      </trkpt>
      <trkpt lat="47.650739" lon="-117.071822">
        <ele>644.9</ele>
        <time>2026-08-01T23:57:08Z</time>
      </trkpt>
      <trkpt lat="47.650633" lon="-117.071785">
        <ele>645.1</ele>
        <time>2026-08-01T23:57:09Z</time>
      </trkpt>
      <trkpt lat="47.650425" lon="-117.071685">
        <ele>645.0</ele>
        <time>2026-08-01T23:57:11Z</time>
      </trkpt>
      <trkpt lat="47.649791" lon="-117.071290">
        <ele>645.9</ele>
        <time>2026-08-01T23:57:17Z</time>
      </trkpt>
      <trkpt lat="47.649662" lon="-117.071183">
        <ele>646.1</ele>
        <time>2026-08-01T23:57:18Z</time>
      </trkpt>
      <trkpt lat="47.649554" lon="-117.071111">
        <ele>646.4</ele>
        <time>2026-08-01T23:57:19Z</time>
      </trkpt>
      <trkpt lat="47.649363" lon="-117.070998">
        <ele>647.4</ele>
        <time>2026-08-01T23:57:21Z</time>
      </trkpt>
      <trkpt lat="47.649254" lon="-117.070963">
        <ele>647.9</ele>
        <time>2026-08-01T23:57:22Z</time>
      </trkpt>
      <trkpt lat="47.649046" lon="-117.070831">
        <ele>648.7</ele>
        <time>2026-08-01T23:57:24Z</time>
      </trkpt>
      <trkpt lat="47.648758" lon="-117.070515">
        <ele>649.7</ele>
        <time>2026-08-01T23:57:28Z</time>
      </trkpt>
      <trkpt lat="47.648642" lon="-117.070310">
        <ele>650.4</ele>
        <time>2026-08-01T23:57:30Z</time>
      </trkpt>
      <trkpt lat="47.648600" lon="-117.070193">
        <ele>651.0</ele>
        <time>2026-08-01T23:57:31Z</time>
      </trkpt>
      <trkpt lat="47.648573" lon="-117.070074">
        <ele>651.1</ele>
        <time>2026-08-01T23:57:32Z</time>
      </trkpt>
      <trkpt lat="47.648561" lon="-117.069819">
        <ele>651.8</ele>
        <time>2026-08-01T23:57:34Z</time>
      </trkpt>
      <trkpt lat="47.648603" lon="-117.069695">
        <ele>652.2</ele>
        <time>2026-08-01T23:57:35Z</time>
      </trkpt>
      <trkpt lat="47.648665" lon="-117.069578">
        <ele>652.6</ele>
        <time>2026-08-01T23:57:36Z</time>
      </trkpt>
      <trkpt lat="47.648748" lon="-117.069464">
        <ele>652.8</ele>
        <time>2026-08-01T23:57:37Z</time>
      </trkpt>
      <trkpt lat="47.649508" lon="-117.068667">
        <ele>659.0</ele>
        <time>2026-08-01T23:57:45Z</time>
      </trkpt>
      <trkpt lat="47.649599" lon="-117.068558">
        <ele>659.2</ele>
        <time>2026-08-01T23:57:46Z</time>
      </trkpt>
      <trkpt lat="47.649683" lon="-117.068438">
        <ele>659.7</ele>
        <time>2026-08-01T23:57:47Z</time>
      </trkpt>
      <trkpt lat="47.649754" lon="-117.068309">
        <ele>660.2</ele>
        <time>2026-08-01T23:57:48Z</time>
      </trkpt>
      <trkpt lat="47.649807" lon="-117.068168">
        <ele>661.0</ele>
        <time>2026-08-01T23:57:49Z</time>
      </trkpt>
      <trkpt lat="47.649835" lon="-117.068015">
        <ele>661.5</ele>
        <time>2026-08-01T23:57:50Z</time>
      </trkpt>
      <trkpt lat="47.649841" lon="-117.067862">
        <ele>661.9</ele>
        <time>2026-08-01T23:57:51Z</time>
      </trkpt>
      <trkpt lat="47.649813" lon="-117.067590">
        <ele>662.4</ele>
        <time>2026-08-01T23:57:53Z</time>
      </trkpt>
      <trkpt lat="47.649766" lon="-117.067376">
        <ele>662.9</ele>
        <time>2026-08-01T23:57:55Z</time>
      </trkpt>
      <trkpt lat="47.649728" lon="-117.067280">
        <ele>663.3</ele>
        <time>2026-08-01T23:57:56Z</time>
      </trkpt>
      <trkpt lat="47.649677" lon="-117.067192">
        <ele>663.4</ele>
        <time>2026-08-01T23:57:57Z</time>
      </trkpt>
      <trkpt lat="47.649601" lon="-117.067139">
        <ele>663.3</ele>
        <time>2026-08-01T23:57:58Z</time>
      </trkpt>
      <trkpt lat="47.649130" lon="-117.066646">
        <ele>664.4</ele>
        <time>2026-08-01T23:58:04Z</time>
      </trkpt>
      <trkpt lat="47.649031" lon="-117.066594">
        <ele>664.4</ele>
        <time>2026-08-01T23:58:05Z</time>
      </trkpt>
      <trkpt lat="47.648842" lon="-117.066588">
        <ele>664.4</ele>
        <time>2026-08-01T23:58:07Z</time>
      </trkpt>
      <trkpt lat="47.647932" lon="-117.066682">
        <ele>663.2</ele>
        <time>2026-08-01T23:58:15Z</time>
      </trkpt>
      <trkpt lat="47.647701" lon="-117.066693">
        <ele>662.8</ele>
        <time>2026-08-01T23:58:17Z</time>
      </trkpt>
      <trkpt lat="47.647584" lon="-117.066669">
        <ele>662.7</ele>
        <time>2026-08-01T23:58:18Z</time>
      </trkpt>
      <trkpt lat="47.647362" lon="-117.066660">
        <ele>662.6</ele>
        <time>2026-08-01T23:58:20Z</time>
      </trkpt>
      <trkpt lat="47.647260" lon="-117.066641">
        <ele>662.4</ele>
        <time>2026-08-01T23:58:21Z</time>
      </trkpt>
      <trkpt lat="47.647164" lon="-117.066610">
        <ele>662.3</ele>
        <time>2026-08-01T23:58:22Z</time>
      </trkpt>
      <trkpt lat="47.647085" lon="-117.066561">
        <ele>662.3</ele>
        <time>2026-08-01T23:58:23Z</time>
      </trkpt>
      <trkpt lat="47.647013" lon="-117.066481">
        <ele>662.6</ele>
        <time>2026-08-01T23:58:24Z</time>
      </trkpt>
      <trkpt lat="47.646957" lon="-117.066378">
        <ele>662.6</ele>
        <time>2026-08-01T23:58:25Z</time>
      </trkpt>
      <trkpt lat="47.646868" lon="-117.066108">
        <ele>662.6</ele>
        <time>2026-08-01T23:58:27Z</time>
      </trkpt>
      <trkpt lat="47.646793" lon="-117.065787">
        <ele>662.7</ele>
        <time>2026-08-01T23:58:29Z</time>
      </trkpt>
      <trkpt lat="47.646629" lon="-117.064959">
        <ele>660.7</ele>
        <time>2026-08-01T23:58:34Z</time>
      </trkpt>
      <trkpt lat="47.646593" lon="-117.064816">
        <ele>660.5</ele>
        <time>2026-08-01T23:58:35Z</time>
      </trkpt>
      <trkpt lat="47.646543" lon="-117.064681">
        <ele>659.9</ele>
        <time>2026-08-01T23:58:36Z</time>
      </trkpt>
      <trkpt lat="47.646482" lon="-117.064570">
        <ele>660.0</ele>
        <time>2026-08-01T23:58:37Z</time>
      </trkpt>
      <trkpt lat="47.646400" lon="-117.064515">
        <ele>659.3</ele>
        <time>2026-08-01T23:58:38Z</time>
      </trkpt>
      <trkpt lat="47.646229" lon="-117.064488">
        <ele>657.7</ele>
        <time>2026-08-01T23:58:40Z</time>
      </trkpt>
      <trkpt lat="47.646131" lon="-117.064458">
        <ele>657.7</ele>
        <time>2026-08-01T23:58:41Z</time>
      </trkpt>
      <trkpt lat="47.645747" lon="-117.064266">
        <ele>656.6</ele>
        <time>2026-08-01T23:58:45Z</time>
      </trkpt>
      <trkpt lat="47.645652" lon="-117.064227">
        <ele>655.8</ele>
        <time>2026-08-01T23:58:46Z</time>
      </trkpt>
      <trkpt lat="47.645549" lon="-117.064211">
        <ele>655.4</ele>
        <time>2026-08-01T23:58:47Z</time>
      </trkpt>
      <trkpt lat="47.645448" lon="-117.064222">
        <ele>654.8</ele>
        <time>2026-08-01T23:58:48Z</time>
      </trkpt>
      <trkpt lat="47.645346" lon="-117.064269">
        <ele>654.1</ele>
        <time>2026-08-01T23:58:49Z</time>
      </trkpt>
      <trkpt lat="47.645148" lon="-117.064410">
        <ele>652.7</ele>
        <time>2026-08-01T23:58:51Z</time>
      </trkpt>
      <trkpt lat="47.644967" lon="-117.064559">
        <ele>651.7</ele>
        <time>2026-08-01T23:58:53Z</time>
      </trkpt>
      <trkpt lat="47.644876" lon="-117.064618">
        <ele>651.4</ele>
        <time>2026-08-01T23:58:54Z</time>
      </trkpt>
      <trkpt lat="47.644772" lon="-117.064657">
        <ele>650.9</ele>
        <time>2026-08-01T23:58:55Z</time>
      </trkpt>
      <trkpt lat="47.644676" lon="-117.064659">
        <ele>651.0</ele>
        <time>2026-08-01T23:58:56Z</time>
      </trkpt>
      <trkpt lat="47.644506" lon="-117.064598">
        <ele>650.8</ele>
        <time>2026-08-01T23:58:58Z</time>
      </trkpt>
      <trkpt lat="47.644397" lon="-117.064534">
        <ele>650.8</ele>
        <time>2026-08-01T23:58:59Z</time>
      </trkpt>
      <trkpt lat="47.644339" lon="-117.064472">
        <ele>650.9</ele>
        <time>2026-08-01T23:59:00Z</time>
      </trkpt>
      <trkpt lat="47.644255" lon="-117.064416">
        <ele>650.8</ele>
        <time>2026-08-01T23:59:01Z</time>
      </trkpt>
      <trkpt lat="47.643978" lon="-117.064197">
        <ele>650.8</ele>
        <time>2026-08-01T23:59:04Z</time>
      </trkpt>
      <trkpt lat="47.643708" lon="-117.064036">
        <ele>651.0</ele>
        <time>2026-08-01T23:59:07Z</time>
      </trkpt>
      <trkpt lat="47.643603" lon="-117.064018">
        <ele>651.3</ele>
        <time>2026-08-01T23:59:08Z</time>
      </trkpt>
      <trkpt lat="47.642904" lon="-117.063803">
        <ele>656.4</ele>
        <time>2026-08-01T23:59:15Z</time>
      </trkpt>
      <trkpt lat="47.642625" lon="-117.063731">
        <ele>658.0</ele>
        <time>2026-08-01T23:59:18Z</time>
      </trkpt>
      <trkpt lat="47.642541" lon="-117.063683">
        <ele>659.3</ele>
        <time>2026-08-01T23:59:19Z</time>
      </trkpt>
      <trkpt lat="47.642412" lon="-117.063498">
        <ele>659.8</ele>
        <time>2026-08-01T23:59:21Z</time>
      </trkpt>
      <trkpt lat="47.642364" lon="-117.063393">
        <ele>660.4</ele>
        <time>2026-08-01T23:59:22Z</time>
      </trkpt>
      <trkpt lat="47.642170" lon="-117.062764">
        <ele>662.3</ele>
        <time>2026-08-01T23:59:27Z</time>
      </trkpt>
      <trkpt lat="47.642121" lon="-117.062647">
        <ele>662.7</ele>
        <time>2026-08-01T23:59:28Z</time>
      </trkpt>
      <trkpt lat="47.642000" lon="-117.062422">
        <ele>663.6</ele>
        <time>2026-08-01T23:59:30Z</time>
      </trkpt>
      <trkpt lat="47.641927" lon="-117.062316">
        <ele>663.9</ele>
        <time>2026-08-01T23:59:31Z</time>
      </trkpt>
      <trkpt lat="47.641691" lon="-117.062017">
        <ele>665.3</ele>
        <time>2026-08-01T23:59:34Z</time>
      </trkpt>
      <trkpt lat="47.641600" lon="-117.061932">
        <ele>665.6</ele>
        <time>2026-08-01T23:59:35Z</time>
      </trkpt>
      <trkpt lat="47.641520" lon="-117.061826">
        <ele>666.0</ele>
        <time>2026-08-01T23:59:36Z</time>
      </trkpt>
      <trkpt lat="47.641456" lon="-117.061704">
        <ele>666.3</ele>
        <time>2026-08-01T23:59:37Z</time>
      </trkpt>
      <trkpt lat="47.641204" lon="-117.061329">
        <ele>668.8</ele>
        <time>2026-08-01T23:59:41Z</time>
      </trkpt>
      <trkpt lat="47.641162" lon="-117.061271">
        <ele>669.4</ele>
        <time>2026-08-01T23:59:42Z</time>
      </trkpt>
      <trkpt lat="47.641119" lon="-117.061232">
        <ele>670.1</ele>
        <time>2026-08-01T23:59:43Z</time>
      </trkpt>
      <trkpt lat="47.641078" lon="-117.061261">
        <ele>670.6</ele>
        <time>2026-08-01T23:59:44Z</time>
      </trkpt>
      <trkpt lat="47.640819" lon="-117.061307">
        <ele>672.1</ele>
        <time>2026-08-01T23:59:48Z</time>
      </trkpt>
      <trkpt lat="47.640641" lon="-117.061360">
        <ele>672.1</ele>
        <time>2026-08-01T23:59:50Z</time>
      </trkpt>
      <trkpt lat="47.640029" lon="-117.061505">
        <ele>671.4</ele>
        <time>2026-08-01T23:59:56Z</time>
      </trkpt>
      <trkpt lat="47.638695" lon="-117.061761">
        <ele>666.4</ele>
        <time>2026-08-02T00:00:09Z</time>
      </trkpt>
      <trkpt lat="47.638599" lon="-117.061770">
        <ele>665.7</ele>
        <time>2026-08-02T00:00:10Z</time>
      </trkpt>
      <trkpt lat="47.638499" lon="-117.061762">
        <ele>665.1</ele>
        <time>2026-08-02T00:00:11Z</time>
      </trkpt>
      <trkpt lat="47.638404" lon="-117.061717">
        <ele>664.5</ele>
        <time>2026-08-02T00:00:12Z</time>
      </trkpt>
      <trkpt lat="47.638307" lon="-117.061691">
        <ele>663.8</ele>
        <time>2026-08-02T00:00:13Z</time>
      </trkpt>
      <trkpt lat="47.638213" lon="-117.061651">
        <ele>662.8</ele>
        <time>2026-08-02T00:00:14Z</time>
      </trkpt>
      <trkpt lat="47.638031" lon="-117.061533">
        <ele>662.2</ele>
        <time>2026-08-02T00:00:16Z</time>
      </trkpt>
      <trkpt lat="47.637863" lon="-117.061381">
        <ele>661.3</ele>
        <time>2026-08-02T00:00:18Z</time>
      </trkpt>
      <trkpt lat="47.637715" lon="-117.061209">
        <ele>660.3</ele>
        <time>2026-08-02T00:00:20Z</time>
      </trkpt>
      <trkpt lat="47.637651" lon="-117.061111">
        <ele>660.0</ele>
        <time>2026-08-02T00:00:21Z</time>
      </trkpt>
      <trkpt lat="47.637602" lon="-117.061017">
        <ele>660.0</ele>
        <time>2026-08-02T00:00:22Z</time>
      </trkpt>
      <trkpt lat="47.637533" lon="-117.060824">
        <ele>658.2</ele>
        <time>2026-08-02T00:00:24Z</time>
      </trkpt>
      <trkpt lat="47.637513" lon="-117.060739">
        <ele>657.5</ele>
        <time>2026-08-02T00:00:25Z</time>
      </trkpt>
      <trkpt lat="47.637517" lon="-117.060656">
        <ele>657.6</ele>
        <time>2026-08-02T00:00:26Z</time>
      </trkpt>
      <trkpt lat="47.637481" lon="-117.060480">
        <ele>657.3</ele>
        <time>2026-08-02T00:00:29Z</time>
      </trkpt>
      <trkpt lat="47.637454" lon="-117.060455">
        <ele>657.2</ele>
        <time>2026-08-02T00:00:30Z</time>
      </trkpt>
      <trkpt lat="47.637400" lon="-117.060328">
        <ele>656.0</ele>
        <time>2026-08-02T00:00:40Z</time>
      </trkpt>
      <trkpt lat="47.637328" lon="-117.060245">
        <ele>658.0</ele>
        <time>2026-08-02T00:01:17Z</time>
      </trkpt>
      <trkpt lat="47.637311" lon="-117.060180">
        <ele>658.7</ele>
        <time>2026-08-02T00:01:19Z</time>
      </trkpt>
      <trkpt lat="47.637257" lon="-117.060103">
        <ele>658.6</ele>
        <time>2026-08-02T00:01:21Z</time>
      </trkpt>
      <trkpt lat="47.637221" lon="-117.060074">
        <ele>658.6</ele>
        <time>2026-08-02T00:01:22Z</time>
      </trkpt>
      <trkpt lat="47.637119" lon="-117.059862">
        <ele>658.5</ele>
        <time>2026-08-02T00:01:26Z</time>
      </trkpt>
      <trkpt lat="47.637079" lon="-117.059841">
        <ele>658.6</ele>
        <time>2026-08-02T00:01:27Z</time>
      </trkpt>
      <trkpt lat="47.636994" lon="-117.059742">
        <ele>658.5</ele>
        <time>2026-08-02T00:01:30Z</time>
      </trkpt>
      <trkpt lat="47.636950" lon="-117.059728">
        <ele>658.0</ele>
        <time>2026-08-02T00:01:31Z</time>
      </trkpt>
      <trkpt lat="47.636902" lon="-117.059730">
        <ele>658.1</ele>
        <time>2026-08-02T00:01:33Z</time>
      </trkpt>
      <trkpt lat="47.636848" lon="-117.059770">
        <ele>657.7</ele>
        <time>2026-08-02T00:01:35Z</time>
      </trkpt>
      <trkpt lat="47.636709" lon="-117.059932">
        <ele>655.7</ele>
        <time>2026-08-02T00:01:39Z</time>
      </trkpt>
      <trkpt lat="47.636310" lon="-117.060466">
        <ele>650.7</ele>
        <time>2026-08-02T00:01:51Z</time>
      </trkpt>
      <trkpt lat="47.636253" lon="-117.060519">
        <ele>650.7</ele>
        <time>2026-08-02T00:01:53Z</time>
      </trkpt>
      <trkpt lat="47.636193" lon="-117.060541">
        <ele>651.0</ele>
        <time>2026-08-02T00:01:55Z</time>
      </trkpt>
      <trkpt lat="47.636110" lon="-117.060524">
        <ele>650.0</ele>
        <time>2026-08-02T00:01:58Z</time>
      </trkpt>
      <trkpt lat="47.636049" lon="-117.060486">
        <ele>648.0</ele>
        <time>2026-08-02T00:02:03Z</time>
      </trkpt>
      <trkpt lat="47.635941" lon="-117.060355">
        <ele>649.4</ele>
        <time>2026-08-02T00:02:12Z</time>
      </trkpt>
      <trkpt lat="47.635618" lon="-117.059837">
        <ele>649.4</ele>
        <time>2026-08-02T00:02:23Z</time>
      </trkpt>
      <trkpt lat="47.635544" lon="-117.059739">
        <ele>649.3</ele>
        <time>2026-08-02T00:02:25Z</time>
      </trkpt>
      <trkpt lat="47.635493" lon="-117.059720">
        <ele>649.4</ele>
        <time>2026-08-02T00:02:26Z</time>
      </trkpt>
      <trkpt lat="47.635447" lon="-117.059682">
        <ele>649.4</ele>
        <time>2026-08-02T00:02:27Z</time>
      </trkpt>
      <trkpt lat="47.635413" lon="-117.059622">
        <ele>649.4</ele>
        <time>2026-08-02T00:02:28Z</time>
      </trkpt>
      <trkpt lat="47.635267" lon="-117.059523">
        <ele>649.6</ele>
        <time>2026-08-02T00:02:31Z</time>
      </trkpt>
      <trkpt lat="47.635208" lon="-117.059516">
        <ele>649.6</ele>
        <time>2026-08-02T00:02:32Z</time>
      </trkpt>
      <trkpt lat="47.635057" lon="-117.059448">
        <ele>649.6</ele>
        <time>2026-08-02T00:02:35Z</time>
      </trkpt>
      <trkpt lat="47.635009" lon="-117.059380">
        <ele>649.5</ele>
        <time>2026-08-02T00:02:36Z</time>
      </trkpt>
      <trkpt lat="47.634855" lon="-117.059273">
        <ele>649.3</ele>
        <time>2026-08-02T00:02:39Z</time>
      </trkpt>
      <trkpt lat="47.634698" lon="-117.059182">
        <ele>648.7</ele>
        <time>2026-08-02T00:02:42Z</time>
      </trkpt>
      <trkpt lat="47.634645" lon="-117.059125">
        <ele>648.7</ele>
        <time>2026-08-02T00:02:43Z</time>
      </trkpt>
      <trkpt lat="47.634081" lon="-117.058694">
        <ele>651.3</ele>
        <time>2026-08-02T00:03:01Z</time>
      </trkpt>
      <trkpt lat="47.633815" lon="-117.058502">
        <ele>652.3</ele>
        <time>2026-08-02T00:03:09Z</time>
      </trkpt>
      <trkpt lat="47.633641" lon="-117.058412">
        <ele>653.0</ele>
        <time>2026-08-02T00:03:15Z</time>
      </trkpt>
      <trkpt lat="47.633343" lon="-117.058335">
        <ele>653.2</ele>
        <time>2026-08-02T00:03:23Z</time>
      </trkpt>
      <trkpt lat="47.633190" lon="-117.058277">
        <ele>653.2</ele>
        <time>2026-08-02T00:03:27Z</time>
      </trkpt>
      <trkpt lat="47.633110" lon="-117.058229">
        <ele>653.3</ele>
        <time>2026-08-02T00:03:29Z</time>
      </trkpt>
      <trkpt lat="47.632818" lon="-117.058004">
        <ele>653.1</ele>
        <time>2026-08-02T00:03:36Z</time>
      </trkpt>
      <trkpt lat="47.632678" lon="-117.057910">
        <ele>653.2</ele>
        <time>2026-08-02T00:03:39Z</time>
      </trkpt>
      <trkpt lat="47.632536" lon="-117.057831">
        <ele>653.1</ele>
        <time>2026-08-02T00:03:42Z</time>
      </trkpt>
      <trkpt lat="47.632211" lon="-117.057686">
        <ele>652.4</ele>
        <time>2026-08-02T00:03:49Z</time>
      </trkpt>
      <trkpt lat="47.632121" lon="-117.057629">
        <ele>652.3</ele>
        <time>2026-08-02T00:03:51Z</time>
      </trkpt>
      <trkpt lat="47.632035" lon="-117.057535">
        <ele>652.3</ele>
        <time>2026-08-02T00:03:53Z</time>
      </trkpt>
      <trkpt lat="47.631977" lon="-117.057384">
        <ele>652.3</ele>
        <time>2026-08-02T00:03:55Z</time>
      </trkpt>
      <trkpt lat="47.631979" lon="-117.057321">
        <ele>652.2</ele>
        <time>2026-08-02T00:03:56Z</time>
      </trkpt>
      <trkpt lat="47.631924" lon="-117.056996">
        <ele>652.2</ele>
        <time>2026-08-02T00:04:01Z</time>
      </trkpt>
      <trkpt lat="47.631859" lon="-117.056918">
        <ele>652.0</ele>
        <time>2026-08-02T00:04:03Z</time>
      </trkpt>
      <trkpt lat="47.631810" lon="-117.056893">
        <ele>652.0</ele>
        <time>2026-08-02T00:04:05Z</time>
      </trkpt>
      <trkpt lat="47.631759" lon="-117.056905">
        <ele>652.3</ele>
        <time>2026-08-02T00:04:08Z</time>
      </trkpt>
      <trkpt lat="47.631688" lon="-117.057006">
        <ele>650.0</ele>
        <time>2026-08-02T00:04:13Z</time>
      </trkpt>
      <trkpt lat="47.631589" lon="-117.057120">
        <ele>651.0</ele>
        <time>2026-08-02T00:04:19Z</time>
      </trkpt>
      <trkpt lat="47.631394" lon="-117.057463">
        <ele>648.0</ele>
        <time>2026-08-02T00:04:37Z</time>
      </trkpt>
      <trkpt lat="47.631310" lon="-117.057664">
        <ele>647.1</ele>
        <time>2026-08-02T00:04:43Z</time>
      </trkpt>
      <trkpt lat="47.631234" lon="-117.058026">
        <ele>646.8</ele>
        <time>2026-08-02T00:04:49Z</time>
      </trkpt>
      <trkpt lat="47.631169" lon="-117.058417">
        <ele>645.1</ele>
        <time>2026-08-02T00:04:55Z</time>
      </trkpt>
      <trkpt lat="47.631160" lon="-117.058457">
        <ele>644.9</ele>
        <time>2026-08-02T00:04:56Z</time>
      </trkpt>
      <trkpt lat="47.631136" lon="-117.058496">
        <ele>644.0</ele>
        <time>2026-08-02T00:04:57Z</time>
      </trkpt>
      <trkpt lat="47.631158" lon="-117.058541">
        <ele>643.0</ele>
        <time>2026-08-02T00:04:59Z</time>
      </trkpt>
      <trkpt lat="47.631211" lon="-117.058156">
        <ele>642.3</ele>
        <time>2026-08-02T00:05:12Z</time>
      </trkpt>
      <trkpt lat="47.631230" lon="-117.058123">
        <ele>642.4</ele>
        <time>2026-08-02T00:05:14Z</time>
      </trkpt>
      <trkpt lat="47.631427" lon="-117.058097">
        <ele>642.0</ele>
        <time>2026-08-02T00:05:20Z</time>
      </trkpt>
      <trkpt lat="47.631396" lon="-117.058126">
        <ele>639.0</ele>
        <time>2026-08-02T00:05:27Z</time>
      </trkpt>
      <trkpt lat="47.631409" lon="-117.058097">
        <ele>642.0</ele>
        <time>2026-08-02T00:05:34Z</time>
      </trkpt>
      <trkpt lat="47.631429" lon="-117.057957">
        <ele>643.8</ele>
        <time>2026-08-02T00:05:39Z</time>
      </trkpt>
      <trkpt lat="47.631447" lon="-117.057380">
        <ele>648.0</ele>
        <time>2026-08-02T00:07:38Z</time>
      </trkpt>
      <trkpt lat="47.631441" lon="-117.057329">
        <ele>652.0</ele>
        <time>2026-08-02T00:08:48Z</time>
      </trkpt>
      <trkpt lat="47.631417" lon="-117.057295">
        <ele>649.0</ele>
        <time>2026-08-02T00:08:59Z</time>
      </trkpt>
      <trkpt lat="47.631460" lon="-117.057232">
        <ele>652.0</ele>
        <time>2026-08-02T00:09:16Z</time>
      </trkpt>
      <trkpt lat="47.631441" lon="-117.057390">
        <ele>652.0</ele>
        <time>2026-08-02T00:09:37Z</time>
      </trkpt>
      <trkpt lat="47.631488" lon="-117.057445">
        <ele>628.0</ele>
        <time>2026-08-02T00:10:24Z</time>
      </trkpt>
      <trkpt lat="47.631478" lon="-117.057405">
        <ele>636.0</ele>
        <time>2026-08-02T00:11:15Z</time>
      </trkpt>
      <trkpt lat="47.631519" lon="-117.057374">
        <ele>636.0</ele>
        <time>2026-08-02T00:20:56Z</time>
      </trkpt>
      <trkpt lat="47.631495" lon="-117.057434">
        <ele>636.0</ele>
        <time>2026-08-02T00:21:34Z</time>
      </trkpt>
      <trkpt lat="47.631505" lon="-117.057579">
        <ele>636.0</ele>
        <time>2026-08-02T00:21:51Z</time>
      </trkpt>
      <trkpt lat="47.631478" lon="-117.057656">
        <ele>629.0</ele>
        <time>2026-08-02T00:22:40Z</time>
      </trkpt>
      <trkpt lat="47.631453" lon="-117.057678">
        <ele>636.0</ele>
        <time>2026-08-02T00:23:03Z</time>
      </trkpt>
      <trkpt lat="47.631473" lon="-117.057637">
        <ele>630.0</ele>
        <time>2026-08-02T00:24:09Z</time>
      </trkpt>
      <trkpt lat="47.631491" lon="-117.057484">
        <ele>633.0</ele>
        <time>2026-08-02T00:24:43Z</time>
      </trkpt>
      <trkpt lat="47.631469" lon="-117.057409">
        <ele>632.0</ele>
        <time>2026-08-02T00:24:52Z</time>
      </trkpt>
      <trkpt lat="47.631443" lon="-117.057433">
        <ele>633.0</ele>
        <time>2026-08-02T00:24:58Z</time>
      </trkpt>
      <trkpt lat="47.631444" lon="-117.057509">
        <ele>634.0</ele>
        <time>2026-08-02T00:25:02Z</time>
      </trkpt>
      <trkpt lat="47.631456" lon="-117.057555">
        <ele>634.0</ele>
        <time>2026-08-02T00:25:04Z</time>
      </trkpt>
      <trkpt lat="47.631506" lon="-117.057655">
        <ele>635.0</ele>
        <time>2026-08-02T00:25:15Z</time>
      </trkpt>
      <trkpt lat="47.631536" lon="-117.057662">
        <ele>635.9</ele>
        <time>2026-08-02T00:25:18Z</time>
      </trkpt>
      <trkpt lat="47.631547" lon="-117.057613">
        <ele>634.0</ele>
        <time>2026-08-02T00:25:19Z</time>
      </trkpt>
      <trkpt lat="47.631537" lon="-117.057634">
        <ele>630.0</ele>
        <time>2026-08-02T00:25:23Z</time>
      </trkpt>
      <trkpt lat="47.631499" lon="-117.057667">
        <ele>632.0</ele>
        <time>2026-08-02T00:25:37Z</time>
      </trkpt>
      <trkpt lat="47.631491" lon="-117.057635">
        <ele>625.0</ele>
        <time>2026-08-02T00:25:53Z</time>
      </trkpt>
      <trkpt lat="47.631467" lon="-117.057613">
        <ele>634.0</ele>
        <time>2026-08-02T00:26:06Z</time>
      </trkpt>
      <trkpt lat="47.631474" lon="-117.057584">
        <ele>634.0</ele>
        <time>2026-08-02T00:26:08Z</time>
      </trkpt>
      <trkpt lat="47.631449" lon="-117.057522">
        <ele>634.2</ele>
        <time>2026-08-02T00:26:12Z</time>
      </trkpt>
      <trkpt lat="47.631452" lon="-117.057421">
        <ele>616.0</ele>
        <time>2026-08-02T00:26:27Z</time>
      </trkpt>
      <trkpt lat="47.631417" lon="-117.057482">
        <ele>633.0</ele>
        <time>2026-08-02T00:26:58Z</time>
      </trkpt>
      <trkpt lat="47.631400" lon="-117.057562">
        <ele>632.0</ele>
        <time>2026-08-02T00:27:11Z</time>
      </trkpt>
      <trkpt lat="47.631440" lon="-117.057638">
        <ele>626.0</ele>
        <time>2026-08-02T00:27:26Z</time>
      </trkpt>
      <trkpt lat="47.631483" lon="-117.057637">
        <ele>630.0</ele>
        <time>2026-08-02T00:33:38Z</time>
      </trkpt>
      <trkpt lat="47.631490" lon="-117.057567">
        <ele>629.0</ele>
        <time>2026-08-02T00:34:37Z</time>
      </trkpt>
      <trkpt lat="47.631478" lon="-117.057569">
        <ele>630.0</ele>
        <time>2026-08-02T00:38:01Z</time>
      </trkpt>
      <trkpt lat="47.631525" lon="-117.057593">
        <ele>633.0</ele>
        <time>2026-08-02T00:38:15Z</time>
      </trkpt>
      <trkpt lat="47.631562" lon="-117.057593">
        <ele>630.0</ele>
        <time>2026-08-02T00:38:19Z</time>
      </trkpt>
      <trkpt lat="47.631595" lon="-117.057574">
        <ele>632.0</ele>
        <time>2026-08-02T00:38:23Z</time>
      </trkpt>
      <trkpt lat="47.631615" lon="-117.057548">
        <ele>632.0</ele>
        <time>2026-08-02T00:38:26Z</time>
      </trkpt>
      <trkpt lat="47.631689" lon="-117.057541">
        <ele>633.0</ele>
        <time>2026-08-02T00:38:34Z</time>
      </trkpt>
      <trkpt lat="47.631877" lon="-117.057854">
        <ele>631.0</ele>
        <time>2026-08-02T00:38:59Z</time>
      </trkpt>
      <trkpt lat="47.631921" lon="-117.057997">
        <ele>630.0</ele>
        <time>2026-08-02T00:39:11Z</time>
      </trkpt>
      <trkpt lat="47.632017" lon="-117.058147">
        <ele>628.0</ele>
        <time>2026-08-02T00:39:32Z</time>
      </trkpt>
      <trkpt lat="47.632013" lon="-117.058221">
        <ele>632.0</ele>
        <time>2026-08-02T00:39:38Z</time>
      </trkpt>
      <trkpt lat="47.631914" lon="-117.058342">
        <ele>631.0</ele>
        <time>2026-08-02T00:39:50Z</time>
      </trkpt>
      <trkpt lat="47.631884" lon="-117.058359">
        <ele>632.0</ele>
        <time>2026-08-02T00:39:53Z</time>
      </trkpt>
      <trkpt lat="47.631844" lon="-117.058312">
        <ele>624.0</ele>
        <time>2026-08-02T00:40:04Z</time>
      </trkpt>
      <trkpt lat="47.631792" lon="-117.058302">
        <ele>630.0</ele>
        <time>2026-08-02T00:40:20Z</time>
      </trkpt>
      <trkpt lat="47.631856" lon="-117.058284">
        <ele>628.0</ele>
        <time>2026-08-02T00:40:30Z</time>
      </trkpt>
      <trkpt lat="47.631838" lon="-117.058227">
        <ele>630.0</ele>
        <time>2026-08-02T00:40:47Z</time>
      </trkpt>
      <trkpt lat="47.631817" lon="-117.058258">
        <ele>630.0</ele>
        <time>2026-08-02T00:40:52Z</time>
      </trkpt>
      <trkpt lat="47.631823" lon="-117.058223">
        <ele>632.0</ele>
        <time>2026-08-02T00:40:56Z</time>
      </trkpt>
      <trkpt lat="47.631840" lon="-117.058257">
        <ele>628.0</ele>
        <time>2026-08-02T00:40:58Z</time>
      </trkpt>
      <trkpt lat="47.631875" lon="-117.058211">
        <ele>632.0</ele>
        <time>2026-08-02T00:41:12Z</time>
      </trkpt>
      <trkpt lat="47.631931" lon="-117.058193">
        <ele>632.4</ele>
        <time>2026-08-02T00:41:16Z</time>
      </trkpt>
      <trkpt lat="47.631920" lon="-117.058152">
        <ele>632.0</ele>
        <time>2026-08-02T00:41:18Z</time>
      </trkpt>
      <trkpt lat="47.631873" lon="-117.058160">
        <ele>631.3</ele>
        <time>2026-08-02T00:41:32Z</time>
      </trkpt>
      <trkpt lat="47.631756" lon="-117.058298">
        <ele>632.0</ele>
        <time>2026-08-02T00:42:05Z</time>
      </trkpt>
      <trkpt lat="47.631751" lon="-117.058248">
        <ele>632.0</ele>
        <time>2026-08-02T00:42:08Z</time>
      </trkpt>
      <trkpt lat="47.631806" lon="-117.058093">
        <ele>630.0</ele>
        <time>2026-08-02T00:42:17Z</time>
      </trkpt>
      <trkpt lat="47.631823" lon="-117.057989">
        <ele>629.0</ele>
        <time>2026-08-02T00:42:24Z</time>
      </trkpt>
      <trkpt lat="47.631813" lon="-117.057871">
        <ele>627.0</ele>
        <time>2026-08-02T00:42:32Z</time>
      </trkpt>
      <trkpt lat="47.631777" lon="-117.057778">
        <ele>632.0</ele>
        <time>2026-08-02T00:42:39Z</time>
      </trkpt>
      <trkpt lat="47.631749" lon="-117.057657">
        <ele>632.0</ele>
        <time>2026-08-02T00:42:48Z</time>
      </trkpt>
      <trkpt lat="47.631721" lon="-117.057586">
        <ele>630.0</ele>
        <time>2026-08-02T00:42:54Z</time>
      </trkpt>
      <trkpt lat="47.631655" lon="-117.057529">
        <ele>630.0</ele>
        <time>2026-08-02T00:43:06Z</time>
      </trkpt>
      <trkpt lat="47.631475" lon="-117.057569">
        <ele>632.0</ele>
        <time>2026-08-02T00:43:18Z</time>
      </trkpt>
      <trkpt lat="47.631393" lon="-117.057544">
        <ele>632.0</ele>
        <time>2026-08-02T00:43:29Z</time>
      </trkpt>
      <trkpt lat="47.631401" lon="-117.057516">
        <ele>635.3</ele>
        <time>2026-08-02T00:43:42Z</time>
      </trkpt>
      <trkpt lat="47.631467" lon="-117.057579">
        <ele>632.0</ele>
        <time>2026-08-02T00:43:45Z</time>
      </trkpt>
      <trkpt lat="47.631498" lon="-117.057574">
        <ele>633.0</ele>
        <time>2026-08-02T00:43:53Z</time>
      </trkpt>
      <trkpt lat="47.631515" lon="-117.057622">
        <ele>630.0</ele>
        <time>2026-08-02T00:44:06Z</time>
      </trkpt>
      <trkpt lat="47.631508" lon="-117.057670">
        <ele>635.0</ele>
        <time>2026-08-02T00:44:16Z</time>
      </trkpt>
      <trkpt lat="47.631479" lon="-117.057670">
        <ele>635.0</ele>
        <time>2026-08-02T00:44:19Z</time>
      </trkpt>
      <trkpt lat="47.631467" lon="-117.057614">
        <ele>634.0</ele>
        <time>2026-08-02T00:44:25Z</time>
      </trkpt>
      <trkpt lat="47.631478" lon="-117.057594">
        <ele>624.0</ele>
        <time>2026-08-02T01:00:58Z</time>
      </trkpt>
      <trkpt lat="47.631451" lon="-117.057526">
        <ele>634.0</ele>
        <time>2026-08-02T01:07:59Z</time>
      </trkpt>
      <trkpt lat="47.631449" lon="-117.057564">
        <ele>630.0</ele>
        <time>2026-08-02T01:11:25Z</time>
      </trkpt>
      <trkpt lat="47.631464" lon="-117.057597">
        <ele>642.0</ele>
        <time>2026-08-02T01:15:05Z</time>
      </trkpt>
      <trkpt lat="47.631460" lon="-117.057573">
        <ele>636.0</ele>
        <time>2026-08-02T01:17:27Z</time>
      </trkpt>
      <trkpt lat="47.631461" lon="-117.057517">
        <ele>632.0</ele>
        <time>2026-08-02T01:29:06Z</time>
      </trkpt>
      <trkpt lat="47.631489" lon="-117.057586">
        <ele>636.0</ele>
        <time>2026-08-02T01:32:34Z</time>
      </trkpt>
      <trkpt lat="47.631467" lon="-117.057595">
        <ele>638.0</ele>
        <time>2026-08-02T01:33:29Z</time>
      </trkpt>
      <trkpt lat="47.631461" lon="-117.057510">
        <ele>637.0</ele>
        <time>2026-08-02T01:33:55Z</time>
      </trkpt>
      <trkpt lat="47.631454" lon="-117.057600">
        <ele>627.0</ele>
        <time>2026-08-02T01:34:51Z</time>
      </trkpt>
      <trkpt lat="47.631465" lon="-117.057599">
        <ele>633.5</ele>
        <time>2026-08-02T02:01:02Z</time>
      </trkpt>
      <trkpt lat="47.631475" lon="-117.057575">
        <ele>631.0</ele>
        <time>2026-08-02T02:01:27Z</time>
      </trkpt>
      <trkpt lat="47.631457" lon="-117.057536">
        <ele>630.0</ele>
        <time>2026-08-02T02:04:23Z</time>
      </trkpt>
      <trkpt lat="47.631449" lon="-117.057574">
        <ele>620.0</ele>
        <time>2026-08-02T02:10:15Z</time>
      </trkpt>
      <trkpt lat="47.631455" lon="-117.057628">
        <ele>630.0</ele>
        <time>2026-08-02T02:16:45Z</time>
      </trkpt>
      <trkpt lat="47.631443" lon="-117.057661">
        <ele>632.0</ele>
        <time>2026-08-02T02:17:29Z</time>
      </trkpt>
      <trkpt lat="47.631467" lon="-117.057679">
        <ele>630.0</ele>
        <time>2026-08-02T02:17:59Z</time>
      </trkpt>
      <trkpt lat="47.631400" lon="-117.057736">
        <ele>632.2</ele>
        <time>2026-08-02T02:18:05Z</time>
      </trkpt>
      <trkpt lat="47.631404" lon="-117.057680">
        <ele>630.0</ele>
        <time>2026-08-02T02:18:06Z</time>
      </trkpt>
      <trkpt lat="47.631427" lon="-117.057648">
        <ele>630.0</ele>
        <time>2026-08-02T02:18:10Z</time>
      </trkpt>
      <trkpt lat="47.631468" lon="-117.057659">
        <ele>630.0</ele>
        <time>2026-08-02T02:18:20Z</time>
      </trkpt>
      <trkpt lat="47.631462" lon="-117.057619">
        <ele>632.7</ele>
        <time>2026-08-02T02:18:29Z</time>
      </trkpt>
      <trkpt lat="47.631500" lon="-117.057638">
        <ele>632.0</ele>
        <time>2026-08-02T02:19:22Z</time>
      </trkpt>
      <trkpt lat="47.631472" lon="-117.057657">
        <ele>633.0</ele>
        <time>2026-08-02T02:19:48Z</time>
      </trkpt>
      <trkpt lat="47.631443" lon="-117.057631">
        <ele>630.0</ele>
        <time>2026-08-02T02:20:08Z</time>
      </trkpt>
      <trkpt lat="47.631458" lon="-117.057594">
        <ele>634.0</ele>
        <time>2026-08-02T02:33:09Z</time>
      </trkpt>
      <trkpt lat="47.631478" lon="-117.057650">
        <ele>631.3</ele>
        <time>2026-08-02T02:33:35Z</time>
      </trkpt>
      <trkpt lat="47.631446" lon="-117.057659">
        <ele>630.0</ele>
        <time>2026-08-02T02:33:36Z</time>
      </trkpt>
      <trkpt lat="47.631427" lon="-117.057496">
        <ele>630.0</ele>
        <time>2026-08-02T02:34:30Z</time>
      </trkpt>
      <trkpt lat="47.631456" lon="-117.057608">
        <ele>632.3</ele>
        <time>2026-08-02T02:35:37Z</time>
      </trkpt>
      <trkpt lat="47.631491" lon="-117.057645">
        <ele>635.6</ele>
        <time>2026-08-02T02:35:38Z</time>
      </trkpt>
      <trkpt lat="47.631460" lon="-117.057614">
        <ele>634.4</ele>
        <time>2026-08-02T02:35:42Z</time>
      </trkpt>
      <trkpt lat="47.631447" lon="-117.057555">
        <ele>630.0</ele>
        <time>2026-08-02T02:41:42Z</time>
      </trkpt>
      <trkpt lat="47.631440" lon="-117.057609">
        <ele>630.0</ele>
        <time>2026-08-02T02:46:51Z</time>
      </trkpt>
      <trkpt lat="47.631486" lon="-117.057636">
        <ele>630.0</ele>
        <time>2026-08-02T02:47:12Z</time>
      </trkpt>
      <trkpt lat="47.631486" lon="-117.057732">
        <ele>628.0</ele>
        <time>2026-08-02T02:49:54Z</time>
      </trkpt>
      <trkpt lat="47.631479" lon="-117.057668">
        <ele>629.0</ele>
        <time>2026-08-02T02:51:42Z</time>
      </trkpt>
      <trkpt lat="47.631475" lon="-117.057655">
        <ele>630.0</ele>
        <time>2026-08-02T02:55:28Z</time>
      </trkpt>
      <trkpt lat="47.631448" lon="-117.057609">
        <ele>630.0</ele>
        <time>2026-08-02T02:55:33Z</time>
      </trkpt>
      <trkpt lat="47.631474" lon="-117.057577">
        <ele>630.0</ele>
        <time>2026-08-02T03:01:10Z</time>
      </trkpt>
      <trkpt lat="47.631460" lon="-117.057611">
        <ele>633.0</ele>
        <time>2026-08-02T03:02:56Z</time>
      </trkpt>
      <trkpt lat="47.631464" lon="-117.057679">
        <ele>629.0</ele>
        <time>2026-08-02T03:03:22Z</time>
      </trkpt>
      <trkpt lat="47.631479" lon="-117.057661">
        <ele>630.0</ele>
        <time>2026-08-02T03:05:33Z</time>
      </trkpt>
      <trkpt lat="47.631438" lon="-117.057609">
        <ele>635.0</ele>
        <time>2026-08-02T03:06:50Z</time>
      </trkpt>
      <trkpt lat="47.631453" lon="-117.057566">
        <ele>632.0</ele>
        <time>2026-08-02T03:08:02Z</time>
      </trkpt>
      <trkpt lat="47.631473" lon="-117.057714">
        <ele>631.0</ele>
        <time>2026-08-02T03:08:37Z</time>
      </trkpt>
      <trkpt lat="47.631397" lon="-117.057887">
        <ele>630.0</ele>
        <time>2026-08-02T03:08:50Z</time>
      </trkpt>
      <trkpt lat="47.631357" lon="-117.057931">
        <ele>630.7</ele>
        <time>2026-08-02T03:08:55Z</time>
      </trkpt>
      <trkpt lat="47.631253" lon="-117.058102">
        <ele>630.0</ele>
        <time>2026-08-02T03:09:09Z</time>
      </trkpt>
      <trkpt lat="47.631197" lon="-117.058298">
        <ele>628.0</ele>
        <time>2026-08-02T03:09:22Z</time>
      </trkpt>
      <trkpt lat="47.631171" lon="-117.058452">
        <ele>627.0</ele>
        <time>2026-08-02T03:09:32Z</time>
      </trkpt>
      <trkpt lat="47.631111" lon="-117.058627">
        <ele>624.0</ele>
        <time>2026-08-02T03:09:47Z</time>
      </trkpt>
      <trkpt lat="47.631028" lon="-117.058573">
        <ele>625.0</ele>
        <time>2026-08-02T03:09:59Z</time>
      </trkpt>
      <trkpt lat="47.630903" lon="-117.058545">
        <ele>624.0</ele>
        <time>2026-08-02T03:10:06Z</time>
      </trkpt>
      <trkpt lat="47.630816" lon="-117.058404">
        <ele>624.0</ele>
        <time>2026-08-02T03:10:18Z</time>
      </trkpt>
      <trkpt lat="47.630619" lon="-117.058278">
        <ele>624.0</ele>
        <time>2026-08-02T03:10:39Z</time>
      </trkpt>
      <trkpt lat="47.630584" lon="-117.058229">
        <ele>624.0</ele>
        <time>2026-08-02T03:10:45Z</time>
      </trkpt>
      <trkpt lat="47.630531" lon="-117.058183">
        <ele>621.0</ele>
        <time>2026-08-02T03:10:51Z</time>
      </trkpt>
      <trkpt lat="47.630402" lon="-117.058104">
        <ele>624.0</ele>
        <time>2026-08-02T03:11:06Z</time>
      </trkpt>
      <trkpt lat="47.629834" lon="-117.057629">
        <ele>624.0</ele>
        <time>2026-08-02T03:12:11Z</time>
      </trkpt>
      <trkpt lat="47.629813" lon="-117.057653">
        <ele>621.0</ele>
        <time>2026-08-02T03:12:46Z</time>
      </trkpt>
      <trkpt lat="47.629776" lon="-117.057634">
        <ele>627.0</ele>
        <time>2026-08-02T03:12:59Z</time>
      </trkpt>
      <trkpt lat="47.629762" lon="-117.057612">
        <ele>627.0</ele>
        <time>2026-08-02T03:13:01Z</time>
      </trkpt>
      <trkpt lat="47.629644" lon="-117.057522">
        <ele>627.0</ele>
        <time>2026-08-02T03:13:17Z</time>
      </trkpt>
      <trkpt lat="47.629604" lon="-117.057469">
        <ele>627.0</ele>
        <time>2026-08-02T03:13:23Z</time>
      </trkpt>
      <trkpt lat="47.629592" lon="-117.057432">
        <ele>624.0</ele>
        <time>2026-08-02T03:13:26Z</time>
      </trkpt>
      <trkpt lat="47.629547" lon="-117.057385">
        <ele>624.0</ele>
        <time>2026-08-02T03:13:32Z</time>
      </trkpt>
      <trkpt lat="47.629341" lon="-117.057251">
        <ele>626.0</ele>
        <time>2026-08-02T03:13:51Z</time>
      </trkpt>
      <trkpt lat="47.629191" lon="-117.057175">
        <ele>627.0</ele>
        <time>2026-08-02T03:14:07Z</time>
      </trkpt>
      <trkpt lat="47.628883" lon="-117.057073">
        <ele>627.0</ele>
        <time>2026-08-02T03:14:36Z</time>
      </trkpt>
      <trkpt lat="47.628399" lon="-117.056956">
        <ele>627.0</ele>
        <time>2026-08-02T03:15:22Z</time>
      </trkpt>
      <trkpt lat="47.628225" lon="-117.056836">
        <ele>627.0</ele>
        <time>2026-08-02T03:15:39Z</time>
      </trkpt>
      <trkpt lat="47.628190" lon="-117.056826">
        <ele>627.0</ele>
        <time>2026-08-02T03:15:42Z</time>
      </trkpt>
      <trkpt lat="47.628119" lon="-117.056828">
        <ele>628.0</ele>
        <time>2026-08-02T03:15:48Z</time>
      </trkpt>
      <trkpt lat="47.628007" lon="-117.056794">
        <ele>628.0</ele>
        <time>2026-08-02T03:15:59Z</time>
      </trkpt>
      <trkpt lat="47.627929" lon="-117.056786">
        <ele>630.0</ele>
        <time>2026-08-02T03:16:06Z</time>
      </trkpt>
      <trkpt lat="47.627783" lon="-117.056680">
        <ele>630.0</ele>
        <time>2026-08-02T03:16:21Z</time>
      </trkpt>
      <trkpt lat="47.627601" lon="-117.056597">
        <ele>628.0</ele>
        <time>2026-08-02T03:16:38Z</time>
      </trkpt>
      <trkpt lat="47.627537" lon="-117.056632">
        <ele>628.0</ele>
        <time>2026-08-02T03:16:45Z</time>
      </trkpt>
      <trkpt lat="47.627456" lon="-117.056659">
        <ele>629.0</ele>
        <time>2026-08-02T03:16:52Z</time>
      </trkpt>
      <trkpt lat="47.627395" lon="-117.056702">
        <ele>627.0</ele>
        <time>2026-08-02T03:17:00Z</time>
      </trkpt>
      <trkpt lat="47.627321" lon="-117.056718">
        <ele>630.0</ele>
        <time>2026-08-02T03:17:11Z</time>
      </trkpt>
      <trkpt lat="47.627170" lon="-117.056782">
        <ele>630.0</ele>
        <time>2026-08-02T03:17:28Z</time>
      </trkpt>
      <trkpt lat="47.627148" lon="-117.056804">
        <ele>628.0</ele>
        <time>2026-08-02T03:17:31Z</time>
      </trkpt>
      <trkpt lat="47.627084" lon="-117.056824">
        <ele>627.0</ele>
        <time>2026-08-02T03:17:39Z</time>
      </trkpt>
      <trkpt lat="47.627068" lon="-117.056853">
        <ele>623.0</ele>
        <time>2026-08-02T03:17:44Z</time>
      </trkpt>
      <trkpt lat="47.626995" lon="-117.056863">
        <ele>628.0</ele>
        <time>2026-08-02T03:17:52Z</time>
      </trkpt>
      <trkpt lat="47.626924" lon="-117.056892">
        <ele>627.0</ele>
        <time>2026-08-02T03:17:59Z</time>
      </trkpt>
      <trkpt lat="47.626852" lon="-117.056881">
        <ele>628.7</ele>
        <time>2026-08-02T03:18:06Z</time>
      </trkpt>
      <trkpt lat="47.626820" lon="-117.056892">
        <ele>628.0</ele>
        <time>2026-08-02T03:18:09Z</time>
      </trkpt>
      <trkpt lat="47.626549" lon="-117.056867">
        <ele>630.0</ele>
        <time>2026-08-02T03:18:36Z</time>
      </trkpt>
      <trkpt lat="47.626429" lon="-117.056905">
        <ele>633.2</ele>
        <time>2026-08-02T03:18:51Z</time>
      </trkpt>
      <trkpt lat="47.626276" lon="-117.056999">
        <ele>630.0</ele>
        <time>2026-08-02T03:19:07Z</time>
      </trkpt>
      <trkpt lat="47.626255" lon="-117.057026">
        <ele>630.0</ele>
        <time>2026-08-02T03:19:10Z</time>
      </trkpt>
      <trkpt lat="47.626126" lon="-117.057086">
        <ele>630.0</ele>
        <time>2026-08-02T03:19:23Z</time>
      </trkpt>
      <trkpt lat="47.626072" lon="-117.057135">
        <ele>630.0</ele>
        <time>2026-08-02T03:19:29Z</time>
      </trkpt>
      <trkpt lat="47.625947" lon="-117.057164">
        <ele>628.0</ele>
        <time>2026-08-02T03:19:41Z</time>
      </trkpt>
      <trkpt lat="47.625893" lon="-117.057165">
        <ele>630.1</ele>
        <time>2026-08-02T03:19:46Z</time>
      </trkpt>
      <trkpt lat="47.625739" lon="-117.057123">
        <ele>627.0</ele>
        <time>2026-08-02T03:20:00Z</time>
      </trkpt>
      <trkpt lat="47.625533" lon="-117.057044">
        <ele>627.0</ele>
        <time>2026-08-02T03:20:20Z</time>
      </trkpt>
      <trkpt lat="47.625431" lon="-117.056987">
        <ele>630.0</ele>
        <time>2026-08-02T03:20:31Z</time>
      </trkpt>
      <trkpt lat="47.625401" lon="-117.056996">
        <ele>631.0</ele>
        <time>2026-08-02T03:20:40Z</time>
      </trkpt>
      <trkpt lat="47.625310" lon="-117.056901">
        <ele>630.0</ele>
        <time>2026-08-02T03:20:50Z</time>
      </trkpt>
      <trkpt lat="47.625232" lon="-117.056835">
        <ele>628.0</ele>
        <time>2026-08-02T03:21:07Z</time>
      </trkpt>
      <trkpt lat="47.625159" lon="-117.056805">
        <ele>628.0</ele>
        <time>2026-08-02T03:21:15Z</time>
      </trkpt>
      <trkpt lat="47.625075" lon="-117.056795">
        <ele>628.0</ele>
        <time>2026-08-02T03:21:23Z</time>
      </trkpt>
      <trkpt lat="47.624991" lon="-117.056826">
        <ele>630.0</ele>
        <time>2026-08-02T03:21:31Z</time>
      </trkpt>
      <trkpt lat="47.624965" lon="-117.056853">
        <ele>628.0</ele>
        <time>2026-08-02T03:21:41Z</time>
      </trkpt>
      <trkpt lat="47.624984" lon="-117.056814">
        <ele>628.0</ele>
        <time>2026-08-02T03:21:52Z</time>
      </trkpt>
      <trkpt lat="47.625013" lon="-117.056793">
        <ele>630.0</ele>
        <time>2026-08-02T03:21:55Z</time>
      </trkpt>
      <trkpt lat="47.625080" lon="-117.056777">
        <ele>630.0</ele>
        <time>2026-08-02T03:22:01Z</time>
      </trkpt>
      <trkpt lat="47.625120" lon="-117.056773">
        <ele>630.0</ele>
        <time>2026-08-02T03:22:04Z</time>
      </trkpt>
      <trkpt lat="47.625205" lon="-117.056798">
        <ele>629.0</ele>
        <time>2026-08-02T03:22:13Z</time>
      </trkpt>
      <trkpt lat="47.625286" lon="-117.056844">
        <ele>628.0</ele>
        <time>2026-08-02T03:22:22Z</time>
      </trkpt>
      <trkpt lat="47.625361" lon="-117.056928">
        <ele>630.0</ele>
        <time>2026-08-02T03:22:30Z</time>
      </trkpt>
      <trkpt lat="47.625372" lon="-117.056958">
        <ele>628.0</ele>
        <time>2026-08-02T03:22:33Z</time>
      </trkpt>
      <trkpt lat="47.625408" lon="-117.056985">
        <ele>627.0</ele>
        <time>2026-08-02T03:22:36Z</time>
      </trkpt>
      <trkpt lat="47.625542" lon="-117.057025">
        <ele>630.0</ele>
        <time>2026-08-02T03:22:49Z</time>
      </trkpt>
      <trkpt lat="47.625658" lon="-117.057094">
        <ele>627.0</ele>
        <time>2026-08-02T03:22:59Z</time>
      </trkpt>
      <trkpt lat="47.625873" lon="-117.057160">
        <ele>628.0</ele>
        <time>2026-08-02T03:23:22Z</time>
      </trkpt>
      <trkpt lat="47.625907" lon="-117.057159">
        <ele>627.0</ele>
        <time>2026-08-02T03:23:26Z</time>
      </trkpt>
      <trkpt lat="47.626016" lon="-117.057135">
        <ele>630.0</ele>
        <time>2026-08-02T03:23:35Z</time>
      </trkpt>
      <trkpt lat="47.626046" lon="-117.057118">
        <ele>628.0</ele>
        <time>2026-08-02T03:23:38Z</time>
      </trkpt>
      <trkpt lat="47.626073" lon="-117.057087">
        <ele>630.0</ele>
        <time>2026-08-02T03:23:41Z</time>
      </trkpt>
      <trkpt lat="47.626130" lon="-117.057071">
        <ele>628.0</ele>
        <time>2026-08-02T03:23:47Z</time>
      </trkpt>
      <trkpt lat="47.626346" lon="-117.056922">
        <ele>630.0</ele>
        <time>2026-08-02T03:24:07Z</time>
      </trkpt>
      <trkpt lat="47.626387" lon="-117.056915">
        <ele>632.0</ele>
        <time>2026-08-02T03:24:10Z</time>
      </trkpt>
      <trkpt lat="47.626443" lon="-117.056878">
        <ele>630.0</ele>
        <time>2026-08-02T03:24:17Z</time>
      </trkpt>
      <trkpt lat="47.626479" lon="-117.056867">
        <ele>629.0</ele>
        <time>2026-08-02T03:24:20Z</time>
      </trkpt>
      <trkpt lat="47.626548" lon="-117.056865">
        <ele>624.0</ele>
        <time>2026-08-02T03:24:25Z</time>
      </trkpt>
      <trkpt lat="47.626627" lon="-117.056887">
        <ele>628.0</ele>
        <time>2026-08-02T03:24:31Z</time>
      </trkpt>
      <trkpt lat="47.626916" lon="-117.056879">
        <ele>628.0</ele>
        <time>2026-08-02T03:24:58Z</time>
      </trkpt>
      <trkpt lat="47.626992" lon="-117.056849">
        <ele>627.0</ele>
        <time>2026-08-02T03:25:06Z</time>
      </trkpt>
      <trkpt lat="47.627046" lon="-117.056811">
        <ele>627.0</ele>
        <time>2026-08-02T03:25:11Z</time>
      </trkpt>
      <trkpt lat="47.627176" lon="-117.056759">
        <ele>627.0</ele>
        <time>2026-08-02T03:25:24Z</time>
      </trkpt>
      <trkpt lat="47.627249" lon="-117.056745">
        <ele>630.0</ele>
        <time>2026-08-02T03:25:31Z</time>
      </trkpt>
      <trkpt lat="47.627356" lon="-117.056690">
        <ele>628.0</ele>
        <time>2026-08-02T03:25:41Z</time>
      </trkpt>
      <trkpt lat="47.627477" lon="-117.056605">
        <ele>630.0</ele>
        <time>2026-08-02T03:25:53Z</time>
      </trkpt>
      <trkpt lat="47.627548" lon="-117.056586">
        <ele>628.0</ele>
        <time>2026-08-02T03:25:59Z</time>
      </trkpt>
      <trkpt lat="47.627647" lon="-117.056601">
        <ele>627.0</ele>
        <time>2026-08-02T03:26:07Z</time>
      </trkpt>
      <trkpt lat="47.627716" lon="-117.056653">
        <ele>627.0</ele>
        <time>2026-08-02T03:26:13Z</time>
      </trkpt>
      <trkpt lat="47.627790" lon="-117.056688">
        <ele>628.0</ele>
        <time>2026-08-02T03:26:19Z</time>
      </trkpt>
      <trkpt lat="47.627873" lon="-117.056770">
        <ele>627.6</ele>
        <time>2026-08-02T03:26:28Z</time>
      </trkpt>
      <trkpt lat="47.628032" lon="-117.056801">
        <ele>627.0</ele>
        <time>2026-08-02T03:26:42Z</time>
      </trkpt>
      <trkpt lat="47.628116" lon="-117.056843">
        <ele>627.0</ele>
        <time>2026-08-02T03:26:51Z</time>
      </trkpt>
      <trkpt lat="47.628320" lon="-117.056890">
        <ele>625.0</ele>
        <time>2026-08-02T03:27:08Z</time>
      </trkpt>
      <trkpt lat="47.628447" lon="-117.056968">
        <ele>624.0</ele>
        <time>2026-08-02T03:27:21Z</time>
      </trkpt>
      <trkpt lat="47.628606" lon="-117.056979">
        <ele>624.0</ele>
        <time>2026-08-02T03:27:35Z</time>
      </trkpt>
      <trkpt lat="47.628995" lon="-117.057121">
        <ele>624.0</ele>
        <time>2026-08-02T03:28:14Z</time>
      </trkpt>
      <trkpt lat="47.629146" lon="-117.057157">
        <ele>627.0</ele>
        <time>2026-08-02T03:28:28Z</time>
      </trkpt>
      <trkpt lat="47.629400" lon="-117.057264">
        <ele>624.0</ele>
        <time>2026-08-02T03:29:05Z</time>
      </trkpt>
      <trkpt lat="47.629510" lon="-117.057364">
        <ele>624.0</ele>
        <time>2026-08-02T03:29:19Z</time>
      </trkpt>
      <trkpt lat="47.629573" lon="-117.057402">
        <ele>627.0</ele>
        <time>2026-08-02T03:29:27Z</time>
      </trkpt>
      <trkpt lat="47.629672" lon="-117.057519">
        <ele>626.1</ele>
        <time>2026-08-02T03:29:51Z</time>
      </trkpt>
      <trkpt lat="47.629728" lon="-117.057547">
        <ele>624.0</ele>
        <time>2026-08-02T03:30:10Z</time>
      </trkpt>
      <trkpt lat="47.629769" lon="-117.057608">
        <ele>626.0</ele>
        <time>2026-08-02T03:30:38Z</time>
      </trkpt>
      <trkpt lat="47.629838" lon="-117.057660">
        <ele>629.0</ele>
        <time>2026-08-02T03:30:49Z</time>
      </trkpt>
      <trkpt lat="47.629855" lon="-117.057682">
        <ele>628.0</ele>
        <time>2026-08-02T03:30:51Z</time>
      </trkpt>
      <trkpt lat="47.629899" lon="-117.057688">
        <ele>627.0</ele>
        <time>2026-08-02T03:30:54Z</time>
      </trkpt>
      <trkpt lat="47.630365" lon="-117.058070">
        <ele>624.0</ele>
        <time>2026-08-02T03:31:50Z</time>
      </trkpt>
      <trkpt lat="47.630382" lon="-117.058097">
        <ele>624.0</ele>
        <time>2026-08-02T03:31:55Z</time>
      </trkpt>
      <trkpt lat="47.630674" lon="-117.058300">
        <ele>626.9</ele>
        <time>2026-08-02T03:32:33Z</time>
      </trkpt>
      <trkpt lat="47.630823" lon="-117.058388">
        <ele>624.0</ele>
        <time>2026-08-02T03:32:48Z</time>
      </trkpt>
      <trkpt lat="47.630872" lon="-117.058430">
        <ele>624.0</ele>
        <time>2026-08-02T03:32:56Z</time>
      </trkpt>
      <trkpt lat="47.630901" lon="-117.058440">
        <ele>624.0</ele>
        <time>2026-08-02T03:32:59Z</time>
      </trkpt>
      <trkpt lat="47.631035" lon="-117.058550">
        <ele>624.0</ele>
        <time>2026-08-02T03:33:24Z</time>
      </trkpt>
      <trkpt lat="47.631116" lon="-117.058584">
        <ele>624.0</ele>
        <time>2026-08-02T03:34:03Z</time>
      </trkpt>
      <trkpt lat="47.631144" lon="-117.058526">
        <ele>625.0</ele>
        <time>2026-08-02T03:34:14Z</time>
      </trkpt>
      <trkpt lat="47.631147" lon="-117.058479">
        <ele>624.0</ele>
        <time>2026-08-02T03:34:20Z</time>
      </trkpt>
      <trkpt lat="47.631180" lon="-117.058355">
        <ele>628.0</ele>
        <time>2026-08-02T03:34:26Z</time>
      </trkpt>
      <trkpt lat="47.631185" lon="-117.058282">
        <ele>627.0</ele>
        <time>2026-08-02T03:34:32Z</time>
      </trkpt>
      <trkpt lat="47.631228" lon="-117.058099">
        <ele>628.0</ele>
        <time>2026-08-02T03:34:46Z</time>
      </trkpt>
      <trkpt lat="47.631265" lon="-117.058000">
        <ele>628.0</ele>
        <time>2026-08-02T03:34:55Z</time>
      </trkpt>
      <trkpt lat="47.631332" lon="-117.057696">
        <ele>632.0</ele>
        <time>2026-08-02T03:35:27Z</time>
      </trkpt>
      <trkpt lat="47.631381" lon="-117.057727">
        <ele>630.0</ele>
        <time>2026-08-02T03:35:35Z</time>
      </trkpt>
      <trkpt lat="47.631418" lon="-117.057731">
        <ele>624.0</ele>
        <time>2026-08-02T03:35:43Z</time>
      </trkpt>
      <trkpt lat="47.631377" lon="-117.057572">
        <ele>634.0</ele>
        <time>2026-08-02T03:36:15Z</time>
      </trkpt>
      <trkpt lat="47.631393" lon="-117.057532">
        <ele>634.0</ele>
        <time>2026-08-02T03:36:37Z</time>
      </trkpt>
      <trkpt lat="47.631467" lon="-117.057565">
        <ele>632.0</ele>
        <time>2026-08-02T03:36:48Z</time>
      </trkpt>
      <trkpt lat="47.631441" lon="-117.057605">
        <ele>630.0</ele>
        <time>2026-08-02T10:11:12Z</time>
      </trkpt>
      <trkpt lat="47.631476" lon="-117.057588">
        <ele>633.0</ele>
        <time>2026-08-02T16:43:35Z</time>
      </trkpt>
      <trkpt lat="47.631486" lon="-117.057549">
        <ele>636.0</ele>
        <time>2026-08-02T16:57:10Z</time>
      </trkpt>
      <trkpt lat="47.631540" lon="-117.057598">
        <ele>636.0</ele>
        <time>2026-08-02T16:57:21Z</time>
      </trkpt>
      <trkpt lat="47.631596" lon="-117.057569">
        <ele>636.0</ele>
        <time>2026-08-02T16:57:26Z</time>
      </trkpt>
      <trkpt lat="47.631631" lon="-117.057577">
        <ele>636.0</ele>
        <time>2026-08-02T16:57:29Z</time>
      </trkpt>
      <trkpt lat="47.631733" lon="-117.057687">
        <ele>633.0</ele>
        <time>2026-08-02T16:57:40Z</time>
      </trkpt>
      <trkpt lat="47.631770" lon="-117.057771">
        <ele>633.0</ele>
        <time>2026-08-02T16:57:45Z</time>
      </trkpt>
      <trkpt lat="47.631815" lon="-117.057839">
        <ele>633.0</ele>
        <time>2026-08-02T16:57:50Z</time>
      </trkpt>
      <trkpt lat="47.631828" lon="-117.057883">
        <ele>633.0</ele>
        <time>2026-08-02T16:57:53Z</time>
      </trkpt>
      <trkpt lat="47.631862" lon="-117.057924">
        <ele>632.0</ele>
        <time>2026-08-02T16:57:59Z</time>
      </trkpt>
      <trkpt lat="47.631853" lon="-117.058060">
        <ele>632.0</ele>
        <time>2026-08-02T16:58:06Z</time>
      </trkpt>
      <trkpt lat="47.631802" lon="-117.058220">
        <ele>632.0</ele>
        <time>2026-08-02T16:58:11Z</time>
      </trkpt>
      <trkpt lat="47.631813" lon="-117.058250">
        <ele>631.0</ele>
        <time>2026-08-02T16:58:14Z</time>
      </trkpt>
      <trkpt lat="47.631862" lon="-117.058274">
        <ele>629.0</ele>
        <time>2026-08-02T16:58:22Z</time>
      </trkpt>
      <trkpt lat="47.631885" lon="-117.058254">
        <ele>628.0</ele>
        <time>2026-08-02T16:58:46Z</time>
      </trkpt>
      <trkpt lat="47.631855" lon="-117.058263">
        <ele>628.0</ele>
        <time>2026-08-02T16:58:57Z</time>
      </trkpt>
      <trkpt lat="47.631828" lon="-117.058296">
        <ele>630.0</ele>
        <time>2026-08-02T16:59:06Z</time>
      </trkpt>
      <trkpt lat="47.631844" lon="-117.058257">
        <ele>630.0</ele>
        <time>2026-08-02T16:59:18Z</time>
      </trkpt>
      <trkpt lat="47.631873" lon="-117.058306">
        <ele>629.0</ele>
        <time>2026-08-02T16:59:25Z</time>
      </trkpt>
      <trkpt lat="47.631867" lon="-117.058387">
        <ele>630.0</ele>
        <time>2026-08-02T16:59:31Z</time>
      </trkpt>
      <trkpt lat="47.631856" lon="-117.058349">
        <ele>631.2</ele>
        <time>2026-08-02T16:59:32Z</time>
      </trkpt>
      <trkpt lat="47.631868" lon="-117.058306">
        <ele>630.0</ele>
        <time>2026-08-02T16:59:34Z</time>
      </trkpt>
      <trkpt lat="47.631831" lon="-117.058317">
        <ele>632.0</ele>
        <time>2026-08-02T16:59:36Z</time>
      </trkpt>
      <trkpt lat="47.631794" lon="-117.058284">
        <ele>632.0</ele>
        <time>2026-08-02T16:59:39Z</time>
      </trkpt>
      <trkpt lat="47.631805" lon="-117.058096">
        <ele>630.0</ele>
        <time>2026-08-02T16:59:48Z</time>
      </trkpt>
      <trkpt lat="47.631831" lon="-117.057978">
        <ele>632.0</ele>
        <time>2026-08-02T16:59:54Z</time>
      </trkpt>
      <trkpt lat="47.631831" lon="-117.057894">
        <ele>630.0</ele>
        <time>2026-08-02T17:00:02Z</time>
      </trkpt>
      <trkpt lat="47.631782" lon="-117.057793">
        <ele>630.0</ele>
        <time>2026-08-02T17:00:11Z</time>
      </trkpt>
      <trkpt lat="47.631765" lon="-117.057671">
        <ele>630.0</ele>
        <time>2026-08-02T17:00:18Z</time>
      </trkpt>
      <trkpt lat="47.631737" lon="-117.057598">
        <ele>630.0</ele>
        <time>2026-08-02T17:00:23Z</time>
      </trkpt>
      <trkpt lat="47.631707" lon="-117.057563">
        <ele>632.0</ele>
        <time>2026-08-02T17:00:26Z</time>
      </trkpt>
      <trkpt lat="47.631603" lon="-117.057562">
        <ele>633.0</ele>
        <time>2026-08-02T17:00:42Z</time>
      </trkpt>
      <trkpt lat="47.631569" lon="-117.057547">
        <ele>634.0</ele>
        <time>2026-08-02T17:00:44Z</time>
      </trkpt>
      <trkpt lat="47.631487" lon="-117.057571">
        <ele>634.0</ele>
        <time>2026-08-02T17:01:50Z</time>
      </trkpt>
      <trkpt lat="47.631413" lon="-117.057519">
        <ele>620.0</ele>
        <time>2026-08-02T17:02:06Z</time>
      </trkpt>
      <trkpt lat="47.631481" lon="-117.057586">
        <ele>629.0</ele>
        <time>2026-08-02T17:05:05Z</time>
      </trkpt>
      <trkpt lat="47.631449" lon="-117.057594">
        <ele>636.0</ele>
        <time>2026-08-02T17:08:24Z</time>
      </trkpt>
      <trkpt lat="47.631490" lon="-117.057580">
        <ele>634.0</ele>
        <time>2026-08-02T17:09:17Z</time>
      </trkpt>
      <trkpt lat="47.631462" lon="-117.057532">
        <ele>632.0</ele>
        <time>2026-08-02T17:24:46Z</time>
      </trkpt>
      <trkpt lat="47.631460" lon="-117.057555">
        <ele>636.0</ele>
        <time>2026-08-02T17:25:04Z</time>
      </trkpt>
      <trkpt lat="47.631471" lon="-117.057598">
        <ele>640.0</ele>
        <time>2026-08-02T17:29:21Z</time>
      </trkpt>
      <trkpt lat="47.631458" lon="-117.057567">
        <ele>641.0</ele>
        <time>2026-08-02T17:30:15Z</time>
      </trkpt>
      <trkpt lat="47.631499" lon="-117.057527">
        <ele>637.0</ele>
        <time>2026-08-02T17:31:31Z</time>
      </trkpt>
      <trkpt lat="47.631469" lon="-117.057528">
        <ele>637.0</ele>
        <time>2026-08-02T17:32:21Z</time>
      </trkpt>
      <trkpt lat="47.631473" lon="-117.057556">
        <ele>632.0</ele>
        <time>2026-08-02T17:33:16Z</time>
      </trkpt>
      <trkpt lat="47.631493" lon="-117.057588">
        <ele>630.0</ele>
        <time>2026-08-02T17:35:42Z</time>
      </trkpt>
      <trkpt lat="47.631441" lon="-117.057564">
        <ele>632.0</ele>
        <time>2026-08-02T17:36:13Z</time>
      </trkpt>
      <trkpt lat="47.631428" lon="-117.057584">
        <ele>632.0</ele>
        <time>2026-08-02T17:36:34Z</time>
      </trkpt>
      <trkpt lat="47.631466" lon="-117.057610">
        <ele>634.0</ele>
        <time>2026-08-02T17:37:56Z</time>
      </trkpt>
      <trkpt lat="47.631500" lon="-117.057610">
        <ele>635.0</ele>
        <time>2026-08-02T17:41:51Z</time>
      </trkpt>
      <trkpt lat="47.631438" lon="-117.057562">
        <ele>634.0</ele>
        <time>2026-08-02T17:42:46Z</time>
      </trkpt>
      <trkpt lat="47.631400" lon="-117.057572">
        <ele>633.0</ele>
        <time>2026-08-02T17:42:54Z</time>
      </trkpt>
      <trkpt lat="47.631361" lon="-117.057625">
        <ele>634.0</ele>
        <time>2026-08-02T17:42:59Z</time>
      </trkpt>
      <trkpt lat="47.631332" lon="-117.057695">
        <ele>635.0</ele>
        <time>2026-08-02T17:43:03Z</time>
      </trkpt>
      <trkpt lat="47.631272" lon="-117.057888">
        <ele>632.0</ele>
        <time>2026-08-02T17:43:15Z</time>
      </trkpt>
      <trkpt lat="47.631273" lon="-117.057964">
        <ele>632.0</ele>
        <time>2026-08-02T17:43:19Z</time>
      </trkpt>
      <trkpt lat="47.631188" lon="-117.058481">
        <ele>630.0</ele>
        <time>2026-08-02T17:43:51Z</time>
      </trkpt>
      <trkpt lat="47.631192" lon="-117.058597">
        <ele>628.0</ele>
        <time>2026-08-02T17:43:58Z</time>
      </trkpt>
      <trkpt lat="47.631215" lon="-117.058667">
        <ele>626.0</ele>
        <time>2026-08-02T17:44:03Z</time>
      </trkpt>
      <trkpt lat="47.631311" lon="-117.058767">
        <ele>626.0</ele>
        <time>2026-08-02T17:44:12Z</time>
      </trkpt>
      <trkpt lat="47.631337" lon="-117.058782">
        <ele>626.0</ele>
        <time>2026-08-02T17:44:15Z</time>
      </trkpt>
      <trkpt lat="47.631382" lon="-117.058785">
        <ele>626.0</ele>
        <time>2026-08-02T17:44:22Z</time>
      </trkpt>
      <trkpt lat="47.631305" lon="-117.058766">
        <ele>624.0</ele>
        <time>2026-08-02T17:44:45Z</time>
      </trkpt>
      <trkpt lat="47.631243" lon="-117.058725">
        <ele>624.0</ele>
        <time>2026-08-02T17:44:53Z</time>
      </trkpt>
      <trkpt lat="47.631190" lon="-117.058671">
        <ele>626.0</ele>
        <time>2026-08-02T17:44:57Z</time>
      </trkpt>
      <trkpt lat="47.631169" lon="-117.058634">
        <ele>626.0</ele>
        <time>2026-08-02T17:44:59Z</time>
      </trkpt>
      <trkpt lat="47.631150" lon="-117.058562">
        <ele>627.0</ele>
        <time>2026-08-02T17:45:04Z</time>
      </trkpt>
      <trkpt lat="47.631176" lon="-117.058528">
        <ele>627.5</ele>
        <time>2026-08-02T17:45:06Z</time>
      </trkpt>
      <trkpt lat="47.631182" lon="-117.058438">
        <ele>628.0</ele>
        <time>2026-08-02T17:45:12Z</time>
      </trkpt>
      <trkpt lat="47.631268" lon="-117.057995">
        <ele>627.0</ele>
        <time>2026-08-02T17:46:15Z</time>
      </trkpt>
      <trkpt lat="47.631319" lon="-117.057989">
        <ele>633.4</ele>
        <time>2026-08-02T17:46:26Z</time>
      </trkpt>
      <trkpt lat="47.631374" lon="-117.057878">
        <ele>630.0</ele>
        <time>2026-08-02T17:47:12Z</time>
      </trkpt>
      <trkpt lat="47.631426" lon="-117.057831">
        <ele>625.0</ele>
        <time>2026-08-02T17:47:30Z</time>
      </trkpt>
      <trkpt lat="47.631443" lon="-117.057794">
        <ele>621.0</ele>
        <time>2026-08-02T17:47:50Z</time>
      </trkpt>
      <trkpt lat="47.631497" lon="-117.057623">
        <ele>630.0</ele>
        <time>2026-08-02T17:48:44Z</time>
      </trkpt>
      <trkpt lat="47.631504" lon="-117.057545">
        <ele>630.0</ele>
        <time>2026-08-02T17:49:03Z</time>
      </trkpt>
      <trkpt lat="47.631482" lon="-117.057567">
        <ele>622.0</ele>
        <time>2026-08-02T17:53:44Z</time>
      </trkpt>
      <trkpt lat="47.631470" lon="-117.057546">
        <ele>634.0</ele>
        <time>2026-08-02T17:58:29Z</time>
      </trkpt>
      <trkpt lat="47.631544" lon="-117.057588">
        <ele>629.0</ele>
        <time>2026-08-02T17:58:59Z</time>
      </trkpt>
      <trkpt lat="47.631486" lon="-117.057568">
        <ele>630.0</ele>
        <time>2026-08-02T18:01:06Z</time>
      </trkpt>
      <trkpt lat="47.631459" lon="-117.057529">
        <ele>632.0</ele>
        <time>2026-08-02T18:09:02Z</time>
      </trkpt>
      <trkpt lat="47.631474" lon="-117.057562">
        <ele>630.0</ele>
        <time>2026-08-02T18:10:47Z</time>
      </trkpt>
      <trkpt lat="47.631454" lon="-117.057599">
        <ele>630.0</ele>
        <time>2026-08-02T18:11:50Z</time>
      </trkpt>
      <trkpt lat="47.631472" lon="-117.057664">
        <ele>629.0</ele>
        <time>2026-08-02T18:12:58Z</time>
      </trkpt>
      <trkpt lat="47.631452" lon="-117.057574">
        <ele>631.8</ele>
        <time>2026-08-02T18:13:12Z</time>
      </trkpt>
      <trkpt lat="47.631475" lon="-117.057581">
        <ele>630.0</ele>
        <time>2026-08-02T18:21:32Z</time>
      </trkpt>
      <trkpt lat="47.631509" lon="-117.057608">
        <ele>625.0</ele>
        <time>2026-08-02T18:22:12Z</time>
      </trkpt>
      <trkpt lat="47.631442" lon="-117.057899">
        <ele>633.0</ele>
        <time>2026-08-02T18:22:54Z</time>
      </trkpt>
      <trkpt lat="47.631451" lon="-117.057966">
        <ele>632.0</ele>
        <time>2026-08-02T18:22:58Z</time>
      </trkpt>
      <trkpt lat="47.631427" lon="-117.058146">
        <ele>630.0</ele>
        <time>2026-08-02T18:23:09Z</time>
      </trkpt>
      <trkpt lat="47.631435" lon="-117.058228">
        <ele>628.0</ele>
        <time>2026-08-02T18:23:15Z</time>
      </trkpt>
      <trkpt lat="47.631477" lon="-117.058339">
        <ele>629.0</ele>
        <time>2026-08-02T18:23:22Z</time>
      </trkpt>
      <trkpt lat="47.631501" lon="-117.058365">
        <ele>630.0</ele>
        <time>2026-08-02T18:23:25Z</time>
      </trkpt>
      <trkpt lat="47.631581" lon="-117.058369">
        <ele>628.0</ele>
        <time>2026-08-02T18:23:31Z</time>
      </trkpt>
      <trkpt lat="47.631653" lon="-117.058348">
        <ele>628.0</ele>
        <time>2026-08-02T18:23:37Z</time>
      </trkpt>
      <trkpt lat="47.631732" lon="-117.058279">
        <ele>630.0</ele>
        <time>2026-08-02T18:23:44Z</time>
      </trkpt>
      <trkpt lat="47.631747" lon="-117.058251">
        <ele>630.0</ele>
        <time>2026-08-02T18:23:46Z</time>
      </trkpt>
      <trkpt lat="47.631777" lon="-117.058231">
        <ele>629.0</ele>
        <time>2026-08-02T18:23:49Z</time>
      </trkpt>
      <trkpt lat="47.631841" lon="-117.058273">
        <ele>627.0</ele>
        <time>2026-08-02T18:23:56Z</time>
      </trkpt>
      <trkpt lat="47.631889" lon="-117.058244">
        <ele>626.0</ele>
        <time>2026-08-02T18:24:05Z</time>
      </trkpt>
      <trkpt lat="47.631924" lon="-117.058281">
        <ele>628.0</ele>
        <time>2026-08-02T18:24:10Z</time>
      </trkpt>
      <trkpt lat="47.631826" lon="-117.058119">
        <ele>630.0</ele>
        <time>2026-08-02T18:24:24Z</time>
      </trkpt>
      <trkpt lat="47.631907" lon="-117.058234">
        <ele>627.0</ele>
        <time>2026-08-02T18:24:27Z</time>
      </trkpt>
      <trkpt lat="47.631945" lon="-117.058235">
        <ele>628.9</ele>
        <time>2026-08-02T18:24:29Z</time>
      </trkpt>
      <trkpt lat="47.632032" lon="-117.058275">
        <ele>628.2</ele>
        <time>2026-08-02T18:24:30Z</time>
      </trkpt>
      <trkpt lat="47.632019" lon="-117.058381">
        <ele>628.0</ele>
        <time>2026-08-02T18:24:31Z</time>
      </trkpt>
      <trkpt lat="47.632028" lon="-117.058284">
        <ele>624.0</ele>
        <time>2026-08-02T18:24:38Z</time>
      </trkpt>
      <trkpt lat="47.632023" lon="-117.058347">
        <ele>630.0</ele>
        <time>2026-08-02T18:24:46Z</time>
      </trkpt>
      <trkpt lat="47.632057" lon="-117.058379">
        <ele>630.0</ele>
        <time>2026-08-02T18:24:51Z</time>
      </trkpt>
      <trkpt lat="47.632027" lon="-117.058365">
        <ele>628.0</ele>
        <time>2026-08-02T18:24:54Z</time>
      </trkpt>
      <trkpt lat="47.631961" lon="-117.058370">
        <ele>630.0</ele>
        <time>2026-08-02T18:25:07Z</time>
      </trkpt>
      <trkpt lat="47.631928" lon="-117.058338">
        <ele>630.0</ele>
        <time>2026-08-02T18:25:10Z</time>
      </trkpt>
      <trkpt lat="47.631821" lon="-117.058273">
        <ele>630.0</ele>
        <time>2026-08-02T18:25:13Z</time>
      </trkpt>
      <trkpt lat="47.631829" lon="-117.058313">
        <ele>630.0</ele>
        <time>2026-08-02T18:25:15Z</time>
      </trkpt>
      <trkpt lat="47.631876" lon="-117.058218">
        <ele>628.0</ele>
        <time>2026-08-02T18:25:18Z</time>
      </trkpt>
      <trkpt lat="47.631913" lon="-117.058230">
        <ele>628.0</ele>
        <time>2026-08-02T18:25:22Z</time>
      </trkpt>
      <trkpt lat="47.631957" lon="-117.058265">
        <ele>630.0</ele>
        <time>2026-08-02T18:25:25Z</time>
      </trkpt>
      <trkpt lat="47.631913" lon="-117.058215">
        <ele>630.0</ele>
        <time>2026-08-02T18:25:30Z</time>
      </trkpt>
      <trkpt lat="47.631976" lon="-117.058328">
        <ele>627.0</ele>
        <time>2026-08-02T18:25:35Z</time>
      </trkpt>
      <trkpt lat="47.631958" lon="-117.058294">
        <ele>628.2</ele>
        <time>2026-08-02T18:25:37Z</time>
      </trkpt>
      <trkpt lat="47.631979" lon="-117.058280">
        <ele>627.0</ele>
        <time>2026-08-02T18:25:39Z</time>
      </trkpt>
      <trkpt lat="47.631933" lon="-117.058310">
        <ele>628.0</ele>
        <time>2026-08-02T18:25:44Z</time>
      </trkpt>
      <trkpt lat="47.632011" lon="-117.058066">
        <ele>627.0</ele>
        <time>2026-08-02T18:25:48Z</time>
      </trkpt>
      <trkpt lat="47.632005" lon="-117.058111">
        <ele>628.0</ele>
        <time>2026-08-02T18:25:50Z</time>
      </trkpt>
      <trkpt lat="47.631962" lon="-117.058115">
        <ele>630.0</ele>
        <time>2026-08-02T18:25:53Z</time>
      </trkpt>
      <trkpt lat="47.631949" lon="-117.058160">
        <ele>631.6</ele>
        <time>2026-08-02T18:25:58Z</time>
      </trkpt>
      <trkpt lat="47.632013" lon="-117.058142">
        <ele>631.9</ele>
        <time>2026-08-02T18:26:02Z</time>
      </trkpt>
      <trkpt lat="47.631853" lon="-117.058266">
        <ele>630.0</ele>
        <time>2026-08-02T18:26:11Z</time>
      </trkpt>
      <trkpt lat="47.632277" lon="-117.057947">
        <ele>633.6</ele>
        <time>2026-08-02T18:26:21Z</time>
      </trkpt>
      <trkpt lat="47.632250" lon="-117.057931">
        <ele>634.0</ele>
        <time>2026-08-02T18:26:22Z</time>
      </trkpt>
      <trkpt lat="47.632125" lon="-117.057936">
        <ele>634.8</ele>
        <time>2026-08-02T18:26:24Z</time>
      </trkpt>
      <trkpt lat="47.632083" lon="-117.057963">
        <ele>634.0</ele>
        <time>2026-08-02T18:26:25Z</time>
      </trkpt>
      <trkpt lat="47.632020" lon="-117.058040">
        <ele>635.3</ele>
        <time>2026-08-02T18:26:27Z</time>
      </trkpt>
      <trkpt lat="47.632007" lon="-117.058069">
        <ele>635.5</ele>
        <time>2026-08-02T18:26:28Z</time>
      </trkpt>
      <trkpt lat="47.631969" lon="-117.058095">
        <ele>635.3</ele>
        <time>2026-08-02T18:26:29Z</time>
      </trkpt>
      <trkpt lat="47.631882" lon="-117.058270">
        <ele>634.5</ele>
        <time>2026-08-02T18:26:33Z</time>
      </trkpt>
      <trkpt lat="47.631893" lon="-117.058222">
        <ele>634.0</ele>
        <time>2026-08-02T18:26:34Z</time>
      </trkpt>
      <trkpt lat="47.631856" lon="-117.058200">
        <ele>632.0</ele>
        <time>2026-08-02T18:26:39Z</time>
      </trkpt>
      <trkpt lat="47.631870" lon="-117.058234">
        <ele>633.3</ele>
        <time>2026-08-02T18:26:42Z</time>
      </trkpt>
      <trkpt lat="47.631830" lon="-117.058286">
        <ele>632.0</ele>
        <time>2026-08-02T18:26:47Z</time>
      </trkpt>
      <trkpt lat="47.631835" lon="-117.058334">
        <ele>632.9</ele>
        <time>2026-08-02T18:26:49Z</time>
      </trkpt>
      <trkpt lat="47.631806" lon="-117.058355">
        <ele>630.0</ele>
        <time>2026-08-02T18:26:51Z</time>
      </trkpt>
      <trkpt lat="47.631796" lon="-117.058448">
        <ele>631.6</ele>
        <time>2026-08-02T18:26:54Z</time>
      </trkpt>
      <trkpt lat="47.631777" lon="-117.058472">
        <ele>630.0</ele>
        <time>2026-08-02T18:26:55Z</time>
      </trkpt>
      <trkpt lat="47.631736" lon="-117.058450">
        <ele>632.1</ele>
        <time>2026-08-02T18:26:57Z</time>
      </trkpt>
      <trkpt lat="47.631717" lon="-117.058423">
        <ele>630.0</ele>
        <time>2026-08-02T18:26:59Z</time>
      </trkpt>
      <trkpt lat="47.631671" lon="-117.058408">
        <ele>631.0</ele>
        <time>2026-08-02T18:27:02Z</time>
      </trkpt>
      <trkpt lat="47.631695" lon="-117.058397">
        <ele>630.0</ele>
        <time>2026-08-02T18:27:07Z</time>
      </trkpt>
      <trkpt lat="47.631791" lon="-117.058437">
        <ele>630.0</ele>
        <time>2026-08-02T18:27:16Z</time>
      </trkpt>
      <trkpt lat="47.631776" lon="-117.058405">
        <ele>631.2</ele>
        <time>2026-08-02T18:27:18Z</time>
      </trkpt>
      <trkpt lat="47.631823" lon="-117.058372">
        <ele>631.0</ele>
        <time>2026-08-02T18:27:25Z</time>
      </trkpt>
      <trkpt lat="47.631784" lon="-117.058284">
        <ele>630.0</ele>
        <time>2026-08-02T18:27:30Z</time>
      </trkpt>
      <trkpt lat="47.631768" lon="-117.058218">
        <ele>628.0</ele>
        <time>2026-08-02T18:27:34Z</time>
      </trkpt>
      <trkpt lat="47.631725" lon="-117.058153">
        <ele>627.0</ele>
        <time>2026-08-02T18:27:39Z</time>
      </trkpt>
      <trkpt lat="47.631697" lon="-117.058081">
        <ele>628.0</ele>
        <time>2026-08-02T18:27:43Z</time>
      </trkpt>
      <trkpt lat="47.631595" lon="-117.057967">
        <ele>627.0</ele>
        <time>2026-08-02T18:27:55Z</time>
      </trkpt>
      <trkpt lat="47.631510" lon="-117.057720">
        <ele>630.0</ele>
        <time>2026-08-02T18:28:12Z</time>
      </trkpt>
      <trkpt lat="47.631499" lon="-117.057594">
        <ele>631.0</ele>
        <time>2026-08-02T18:28:38Z</time>
      </trkpt>
      <trkpt lat="47.631519" lon="-117.057625">
        <ele>633.0</ele>
        <time>2026-08-02T18:28:53Z</time>
      </trkpt>
      <trkpt lat="47.631485" lon="-117.057656">
        <ele>629.0</ele>
        <time>2026-08-02T18:29:08Z</time>
      </trkpt>
      <trkpt lat="47.631470" lon="-117.057635">
        <ele>635.0</ele>
        <time>2026-08-02T18:29:24Z</time>
      </trkpt>
      <trkpt lat="47.631546" lon="-117.057667">
        <ele>630.0</ele>
        <time>2026-08-02T18:30:19Z</time>
      </trkpt>
      <trkpt lat="47.631510" lon="-117.057680">
        <ele>635.0</ele>
        <time>2026-08-02T18:31:15Z</time>
      </trkpt>
      <trkpt lat="47.631482" lon="-117.057649">
        <ele>636.2</ele>
        <time>2026-08-02T18:31:52Z</time>
      </trkpt>
    </trkseg>
  </trk>
</gpx>
